timestamp,pid,ppid,name,cmdline,cpu_percent,memory_percent,read_bytes_per_sec,write_bytes_per_sec,context_switches_per_sec,num_threads,status
2026-09-15T15:08:31,1,0,systemd,/sbin/init,0.0,0.1662,0,0,0,1,sleeping
2026-09-15T15:08:31,2,1,init-systemd(Ub,/init,0.0,0.0278,0,0,0,2,sleeping
2026-09-15T15:08:31,7,2,init,plan9 --control-socket 7 --log-level 4 --server-fd 8 --pipe-fd 10 --log-truncate,0.0,0.0268,0,0,0,2,sleeping
2026-09-15T15:08:31,40,1,systemd-journald,/usr/lib/systemd/systemd-journald,0.0,0.2001,0,0,0,1,sleeping
2026-09-15T15:08:31,96,1,systemd-udevd,/usr/lib/systemd/systemd-udevd,0.0,0.0802,0,0,0,1,sleeping
2026-09-15T15:08:31,154,1,systemd-resolved,/usr/lib/systemd/systemd-resolved,0.0,0.1666,0,0,0,1,sleeping
2026-09-15T15:08:31,155,1,systemd-timesyncd,/usr/lib/systemd/systemd-timesyncd,0.0,0.1,0,0,0,2,sleeping
2026-09-15T15:08:31,165,1,cron,/usr/sbin/cron -f -P,0.0,0.0337,0,0,0,1,sleeping
2026-09-15T15:08:31,166,1,dbus-daemon,@dbus-daemon --system --address=systemd: --nofork --nopidfile --systemd-activation --syslog-only,0.0,0.0684,0,0,0,1,sleeping
2026-09-15T15:08:31,192,1,systemd-logind,/usr/lib/systemd/systemd-logind,0.0,0.1104,0,0,0,1,sleeping
2026-09-15T15:08:31,207,1,rsyslogd,/usr/sbin/rsyslogd -n -iNONE,0.0,0.075,0,0,0,4,sleeping
2026-09-15T15:08:31,218,1,agetty,/sbin/agetty -o -p -- \u --noclear - linux,0.0,0.0248,0,0,0,1,sleeping
2026-09-15T15:08:31,219,1,unattended-upgr,/usr/bin/python3 /usr/share/unattended-upgrades/unattended-upgrade-shutdown --wait-for-signal,0.0,0.2915,0,0,0,2,sleeping
2026-09-15T15:08:31,248,1,apache2,/usr/sbin/apache2 -k start,0.0,0.0643,0,0,0,1,sleeping
2026-09-15T15:08:31,251,248,apache2,/usr/sbin/apache2 -k start,0.0,0.0733,0,0,0,27,sleeping
2026-09-15T15:08:31,252,248,apache2,/usr/sbin/apache2 -k start,0.0,0.0733,0,0,0,27,sleeping
2026-09-15T15:08:31,371,2,SessionLeader,/init,0.0,0.014,0,0,0,1,sleeping
2026-09-15T15:08:31,372,371,Relay(373),/init,0.0,0.0158,0,0,0,1,sleeping
2026-09-15T15:08:31,373,372,bash,-bash,0.0,0.0694,0,0,0,1,sleeping
2026-09-15T15:08:31,374,2,login,/bin/login -f      ,0.0,0.0583,0,0,0,1,sleeping
2026-09-15T15:08:31,418,1,systemd,/usr/lib/systemd/systemd --user,0.0,0.1459,0,0,0,1,sleeping
2026-09-15T15:08:31,419,418,(sd-pam),(sd-pam),0.0,0.0452,0,0,0,1,sleeping
2026-09-15T15:08:31,445,374,bash,-bash,0.0,0.0676,0,0,0,1,sleeping
2026-09-15T15:08:31,3904,1,polkitd,/usr/lib/polkit-1/polkitd --no-debug,0.0,0.1009,0,0,0,4,sleeping
2026-09-15T15:08:31,4103,2,SessionLeader,/init,0.0,0.0141,0,0,0,1,sleeping
2026-09-15T15:08:31,4104,4103,Relay(4106),/init,0.0,0.0159,0,0,0,1,sleeping
2026-09-15T15:08:31,4106,4104,bash,-bash,0.0,0.0692,0,0,0,1,sleeping
2026-09-15T15:08:31,8674,2,SessionLeader,/init,0.0,0.0141,0,0,0,1,sleeping
2026-09-15T15:08:31,8675,8674,Relay(8678),/init,0.0,0.0143,0,0,0,1,sleeping
2026-09-15T15:08:31,8678,8675,bash,-bash,0.0,0.0698,0,0,0,1,sleeping
2026-09-15T15:08:31,8879,2,SessionLeader,/init,0.0,0.0141,0,0,0,1,sleeping
2026-09-15T15:08:31,8880,8879,Relay(8884),/init,0.0,0.0143,0,0,0,1,sleeping
2026-09-15T15:08:31,8884,8880,bash,-bash,0.0,0.0693,0,0,0,1,sleeping
2026-09-15T15:08:31,8988,2,SessionLeader,/init,0.0,0.0141,0,0,0,1,sleeping
2026-09-15T15:08:31,8989,8988,Relay(8993),/init,0.0,0.0159,0,0,0,1,sleeping
2026-09-15T15:08:31,8993,8989,bash,-bash,0.0,0.0696,0,0,0,1,sleeping
2026-09-15T15:08:31,9202,2,SessionLeader,/init,0.0,0.0141,0,0,0,1,sleeping
2026-09-15T15:08:31,9204,9202,Relay(9208),/init,0.0,0.0143,0,0,0,1,sleeping
2026-09-15T15:08:31,9208,9204,bash,-bash,0.0,0.0693,0,0,0,1,sleeping
2026-09-15T15:08:31,9241,373,top,top,0.0,0.0704,0,0,0,1,sleeping
2026-09-15T15:08:31,9652,1,wsl-pro-service,/usr/libexec/wsl-pro-service,0.0,0.1687,0,0,0,8,sleeping
2026-09-15T15:08:31,9795,2,SessionLeader,/init,0.0,0.0141,0,0,0,1,sleeping
2026-09-15T15:08:31,9796,9795,Relay(9803),/init,0.0,0.0143,0,0,0,1,sleeping
2026-09-15T15:08:31,9803,9796,bash,-bash,0.0,0.0695,0,0,0,1,sleeping
2026-09-15T15:08:33,1,0,systemd,/sbin/init,0.0,0.1662,0.0,0.0,0.0,1,sleeping
2026-09-15T15:08:33,2,1,init-systemd(Ub,/init,0.0,0.0278,0.0,0.0,0.0,2,sleeping
2026-09-15T15:08:33,7,2,init,plan9 --control-socket 7 --log-level 4 --server-fd 8 --pipe-fd 10 --log-truncate,0.0,0.0268,0.0,0.0,0.0,2,sleeping
2026-09-15T15:08:33,40,1,systemd-journald,/usr/lib/systemd/systemd-journald,0.0,0.2001,0.0,0.0,0.0,1,sleeping
2026-09-15T15:08:33,96,1,systemd-udevd,/usr/lib/systemd/systemd-udevd,0.0,0.0802,0.0,0.0,0.0,1,sleeping
2026-09-15T15:08:33,154,1,systemd-resolved,/usr/lib/systemd/systemd-resolved,0.0,0.1666,0.0,0.0,0.0,1,sleeping
2026-09-15T15:08:33,155,1,systemd-timesyncd,/usr/lib/systemd/systemd-timesyncd,0.0,0.1,0.0,0.0,0.0,2,sleeping
2026-09-15T15:08:33,165,1,cron,/usr/sbin/cron -f -P,0.0,0.0337,0.0,0.0,0.0,1,sleeping
2026-09-15T15:08:33,166,1,dbus-daemon,@dbus-daemon --system --address=systemd: --nofork --nopidfile --systemd-activation --syslog-only,0.0,0.0684,0.0,0.0,0.0,1,sleeping
2026-09-15T15:08:33,192,1,systemd-logind,/usr/lib/systemd/systemd-logind,0.0,0.1104,0.0,0.0,0.0,1,sleeping
2026-09-15T15:08:33,207,1,rsyslogd,/usr/sbin/rsyslogd -n -iNONE,0.0,0.075,0.0,0.0,0.0,4,sleeping
2026-09-15T15:08:33,218,1,agetty,/sbin/agetty -o -p -- \u --noclear - linux,0.0,0.0248,0.0,0.0,0.0,1,sleeping
2026-09-15T15:08:33,219,1,unattended-upgr,/usr/bin/python3 /usr/share/unattended-upgrades/unattended-upgrade-shutdown --wait-for-signal,0.0,0.2915,0.0,0.0,0.0,2,sleeping
2026-09-15T15:08:33,248,1,apache2,/usr/sbin/apache2 -k start,0.0,0.0643,0.0,0.0,1.0,1,sleeping
2026-09-15T15:08:33,251,248,apache2,/usr/sbin/apache2 -k start,0.0,0.0733,0.0,0.0,0.0,27,sleeping
2026-09-15T15:08:33,252,248,apache2,/usr/sbin/apache2 -k start,0.0,0.0733,0.0,0.0,0.0,27,sleeping
2026-09-15T15:08:33,371,2,SessionLeader,/init,0.0,0.014,0.0,0.0,0.0,1,sleeping
2026-09-15T15:08:33,372,371,Relay(373),/init,0.0,0.0158,0.0,0.0,0.0,1,sleeping
2026-09-15T15:08:33,373,372,bash,-bash,0.0,0.0694,0.0,0.0,0.0,1,sleeping
2026-09-15T15:08:33,374,2,login,/bin/login -f      ,0.0,0.0583,0.0,0.0,0.0,1,sleeping
2026-09-15T15:08:33,418,1,systemd,/usr/lib/systemd/systemd --user,0.0,0.1459,0.0,0.0,0.0,1,sleeping
2026-09-15T15:08:33,419,418,(sd-pam),(sd-pam),0.0,0.0452,0.0,0.0,0.0,1,sleeping
2026-09-15T15:08:33,445,374,bash,-bash,0.0,0.0676,0.0,0.0,0.0,1,sleeping
2026-09-15T15:08:33,3904,1,polkitd,/usr/lib/polkit-1/polkitd --no-debug,0.0,0.1009,0.0,0.0,0.0,4,sleeping
2026-09-15T15:08:33,4103,2,SessionLeader,/init,0.0,0.0141,0.0,0.0,0.0,1,sleeping
2026-09-15T15:08:33,4104,4103,Relay(4106),/init,0.0,0.0159,0.0,0.0,0.5,1,sleeping
2026-09-15T15:08:33,4106,4104,bash,-bash,0.0,0.0692,0.0,0.0,0.0,1,sleeping
2026-09-15T15:08:33,8674,2,SessionLeader,/init,0.0,0.0141,0.0,0.0,0.0,1,sleeping
2026-09-15T15:08:33,8675,8674,Relay(8678),/init,0.0,0.0143,0.0,0.0,0.0,1,sleeping
2026-09-15T15:08:33,8678,8675,bash,-bash,0.0,0.0698,0.0,0.0,0.0,1,sleeping
2026-09-15T15:08:33,8879,2,SessionLeader,/init,0.0,0.0141,0.0,0.0,0.0,1,sleeping
2026-09-15T15:08:33,8880,8879,Relay(8884),/init,0.0,0.0143,0.0,0.0,0.0,1,sleeping
2026-09-15T15:08:33,8884,8880,bash,-bash,0.0,0.0693,0.0,0.0,0.0,1,sleeping
2026-09-15T15:08:33,8988,2,SessionLeader,/init,0.0,0.0141,0.0,0.0,0.0,1,sleeping
2026-09-15T15:08:33,8989,8988,Relay(8993),/init,0.0,0.0159,0.0,0.0,0.0,1,sleeping
2026-09-15T15:08:33,8993,8989,bash,-bash,0.0,0.0696,0.0,0.0,0.0,1,sleeping
2026-09-15T15:08:33,9202,2,SessionLeader,/init,0.0,0.0141,0.0,0.0,0.0,1,sleeping
2026-09-15T15:08:33,9204,9202,Relay(9208),/init,0.0,0.0143,0.0,0.0,0.0,1,sleeping
2026-09-15T15:08:33,9208,9204,bash,-bash,0.0,0.0693,0.0,0.0,0.0,1,sleeping
2026-09-15T15:08:33,9241,373,top,top,0.0,0.0704,0.0,0.0,0.0,1,sleeping
2026-09-15T15:08:33,9652,1,wsl-pro-service,/usr/libexec/wsl-pro-service,0.0,0.1687,0.0,0.0,0.0,8,sleeping
2026-09-15T15:08:33,9795,2,SessionLeader,/init,0.0,0.0141,0.0,0.0,0.0,1,sleeping
2026-09-15T15:08:33,9796,9795,Relay(9803),/init,0.0,0.0143,0.0,0.0,0.0,1,sleeping
2026-09-15T15:08:33,9803,9796,bash,-bash,0.0,0.0695,0.0,0.0,0.0,1,sleeping
2026-09-15T15:08:35,1,0,systemd,/sbin/init,0.0,0.1662,0.0,0.0,0.98,1,sleeping
2026-09-15T15:08:35,2,1,init-systemd(Ub,/init,0.0,0.0278,0.0,0.0,0.0,2,sleeping
2026-09-15T15:08:35,7,2,init,plan9 --control-socket 7 --log-level 4 --server-fd 8 --pipe-fd 10 --log-truncate,0.0,0.0268,0.0,0.0,0.0,2,sleeping
2026-09-15T15:08:35,40,1,systemd-journald,/usr/lib/systemd/systemd-journald,1.5,0.2001,0.0,0.0,5.88,1,sleeping
2026-09-15T15:08:35,96,1,systemd-udevd,/usr/lib/systemd/systemd-udevd,0.0,0.0802,0.0,0.0,0.0,1,sleeping
2026-09-15T15:08:35,154,1,systemd-resolved,/usr/lib/systemd/systemd-resolved,0.0,0.1666,0.0,0.0,0.98,1,sleeping
2026-09-15T15:08:35,155,1,systemd-timesyncd,/usr/lib/systemd/systemd-timesyncd,0.0,0.1,0.0,0.0,0.98,2,sleeping
2026-09-15T15:08:35,165,1,cron,/usr/sbin/cron -f -P,0.0,0.0337,0.0,0.0,0.0,1,sleeping
2026-09-15T15:08:35,166,1,dbus-daemon,@dbus-daemon --system --address=systemd: --nofork --nopidfile --systemd-activation --syslog-only,0.0,0.0684,0.0,0.0,1.47,1,sleeping
2026-09-15T15:08:35,192,1,systemd-logind,/usr/lib/systemd/systemd-logind,0.5,0.1104,0.0,0.0,6.86,1,sleeping
2026-09-15T15:08:35,207,1,rsyslogd,/usr/sbin/rsyslogd -n -iNONE,0.0,0.075,0.0,0.0,0.0,4,sleeping
2026-09-15T15:08:35,218,1,agetty,/sbin/agetty -o -p -- \u --noclear - linux,0.0,0.0248,0.0,0.0,0.0,1,sleeping
2026-09-15T15:08:35,219,1,unattended-upgr,/usr/bin/python3 /usr/share/unattended-upgrades/unattended-upgrade-shutdown --wait-for-signal,0.0,0.2915,0.0,0.0,0.0,2,sleeping
2026-09-15T15:08:35,248,1,apache2,/usr/sbin/apache2 -k start,0.0,0.0643,0.0,0.0,0.98,1,sleeping
2026-09-15T15:08:35,251,248,apache2,/usr/sbin/apache2 -k start,0.0,0.0733,0.0,0.0,0.0,27,sleeping
2026-09-15T15:08:35,252,248,apache2,/usr/sbin/apache2 -k start,0.0,0.0733,0.0,0.0,0.0,27,sleeping
2026-09-15T15:08:35,371,2,SessionLeader,/init,0.0,0.014,0.0,0.0,0.0,1,sleeping
2026-09-15T15:08:35,372,371,Relay(373),/init,0.0,0.0158,0.0,0.0,0.98,1,sleeping
2026-09-15T15:08:35,373,372,bash,-bash,0.0,0.0694,0.0,0.0,0.0,1,sleeping
2026-09-15T15:08:35,374,2,login,/bin/login -f      ,0.0,0.0583,0.0,0.0,0.0,1,sleeping
2026-09-15T15:08:35,418,1,systemd,/usr/lib/systemd/systemd --user,0.0,0.1459,0.0,0.0,0.98,1,sleeping
2026-09-15T15:08:35,419,418,(sd-pam),(sd-pam),0.0,0.0452,0.0,0.0,0.0,1,sleeping
2026-09-15T15:08:35,445,374,bash,-bash,0.0,0.0676,0.0,0.0,0.0,1,sleeping
2026-09-15T15:08:35,3904,1,polkitd,/usr/lib/polkit-1/polkitd --no-debug,0.0,0.1009,0.0,0.0,0.0,4,sleeping
2026-09-15T15:08:35,4103,2,SessionLeader,/init,0.0,0.0141,0.0,0.0,0.0,1,sleeping
2026-09-15T15:08:35,4104,4103,Relay(4106),/init,0.0,0.0159,0.0,0.0,0.49,1,sleeping
2026-09-15T15:08:35,4106,4104,bash,-bash,0.0,0.0692,0.0,0.0,0.0,1,sleeping
2026-09-15T15:08:35,8674,2,SessionLeader,/init,0.0,0.0141,0.0,0.0,0.0,1,sleeping
2026-09-15T15:08:35,8675,8674,Relay(8678),/init,0.0,0.0143,0.0,0.0,0.0,1,sleeping
2026-09-15T15:08:35,8678,8675,bash,-bash,0.0,0.0698,0.0,0.0,0.0,1,sleeping
2026-09-15T15:08:35,8879,2,SessionLeader,/init,0.0,0.0141,0.0,0.0,0.0,1,sleeping
2026-09-15T15:08:35,8880,8879,Relay(8884),/init,0.0,0.0143,0.0,0.0,0.0,1,sleeping
2026-09-15T15:08:35,8884,8880,bash,-bash,0.0,0.0693,0.0,0.0,0.0,1,sleeping
2026-09-15T15:08:35,8988,2,SessionLeader,/init,0.0,0.0141,0.0,0.0,0.0,1,sleeping
2026-09-15T15:08:35,8989,8988,Relay(8993),/init,0.0,0.0159,0.0,0.0,0.0,1,sleeping
2026-09-15T15:08:35,8993,8989,bash,-bash,0.0,0.0696,0.0,0.0,0.0,1,sleeping
2026-09-15T15:08:35,9202,2,SessionLeader,/init,0.0,0.0141,0.0,0.0,0.0,1,sleeping
2026-09-15T15:08:35,9204,9202,Relay(9208),/init,0.0,0.0143,0.0,0.0,0.0,1,sleeping
2026-09-15T15:08:35,9208,9204,bash,-bash,0.0,0.0693,0.0,0.0,0.0,1,sleeping
2026-09-15T15:08:35,9241,373,top,top,0.0,0.0704,0.0,0.0,0.49,1,sleeping
2026-09-15T15:08:35,9652,1,wsl-pro-service,/usr/libexec/wsl-pro-service,0.0,0.1687,0.0,0.0,0.0,8,sleeping
2026-09-15T15:08:35,9795,2,SessionLeader,/init,0.0,0.0141,0.0,0.0,0.0,1,sleeping
2026-09-15T15:08:35,9796,9795,Relay(9803),/init,0.0,0.0143,0.0,0.0,1.47,1,sleeping
2026-09-15T15:08:35,9803,9796,bash,-bash,0.0,0.0695,0.0,0.0,0.49,1,sleeping
2026-09-15T15:08:35,9834,9803,python,python workloads/memory/memory_workload.py,0.0,6.5692,0,0,0,1,running
2026-09-15T15:08:37,1,0,systemd,/sbin/init,0.0,0.1662,0.0,0.0,0.0,1,sleeping
2026-09-15T15:08:37,2,1,init-systemd(Ub,/init,0.0,0.0278,0.0,0.0,0.0,2,sleeping
2026-09-15T15:08:37,7,2,init,plan9 --control-socket 7 --log-level 4 --server-fd 8 --pipe-fd 10 --log-truncate,0.0,0.0268,0.0,0.0,0.0,2,sleeping
2026-09-15T15:08:37,40,1,systemd-journald,/usr/lib/systemd/systemd-journald,0.0,0.2001,0.0,0.0,0.5,1,sleeping
2026-09-15T15:08:37,96,1,systemd-udevd,/usr/lib/systemd/systemd-udevd,0.0,0.0802,0.0,0.0,0.0,1,sleeping
2026-09-15T15:08:37,154,1,systemd-resolved,/usr/lib/systemd/systemd-resolved,0.0,0.1666,0.0,0.0,0.0,1,sleeping
2026-09-15T15:08:37,155,1,systemd-timesyncd,/usr/lib/systemd/systemd-timesyncd,0.0,0.1,0.0,0.0,0.0,2,sleeping
2026-09-15T15:08:37,165,1,cron,/usr/sbin/cron -f -P,0.0,0.0337,0.0,0.0,0.0,1,sleeping
2026-09-15T15:08:37,166,1,dbus-daemon,@dbus-daemon --system --address=systemd: --nofork --nopidfile --systemd-activation --syslog-only,0.0,0.0684,0.0,0.0,0.0,1,sleeping
2026-09-15T15:08:37,192,1,systemd-logind,/usr/lib/systemd/systemd-logind,0.0,0.1104,0.0,0.0,0.0,1,sleeping
2026-09-15T15:08:37,207,1,rsyslogd,/usr/sbin/rsyslogd -n -iNONE,0.0,0.075,0.0,0.0,0.0,4,sleeping
2026-09-15T15:08:37,218,1,agetty,/sbin/agetty -o -p -- \u --noclear - linux,0.0,0.0248,0.0,0.0,0.0,1,sleeping
2026-09-15T15:08:37,219,1,unattended-upgr,/usr/bin/python3 /usr/share/unattended-upgrades/unattended-upgrade-shutdown --wait-for-signal,0.0,0.2915,0.0,0.0,0.0,2,sleeping
2026-09-15T15:08:37,248,1,apache2,/usr/sbin/apache2 -k start,0.0,0.0643,0.0,0.0,1.0,1,sleeping
2026-09-15T15:08:37,251,248,apache2,/usr/sbin/apache2 -k start,0.0,0.0733,0.0,0.0,0.0,27,sleeping
2026-09-15T15:08:37,252,248,apache2,/usr/sbin/apache2 -k start,0.0,0.0733,0.0,0.0,0.0,27,sleeping
2026-09-15T15:08:37,371,2,SessionLeader,/init,0.0,0.014,0.0,0.0,0.0,1,sleeping
2026-09-15T15:08:37,372,371,Relay(373),/init,0.0,0.0158,0.0,0.0,0.5,1,sleeping
2026-09-15T15:08:37,373,372,bash,-bash,0.0,0.0694,0.0,0.0,0.0,1,sleeping
2026-09-15T15:08:37,374,2,login,/bin/login -f      ,0.0,0.0583,0.0,0.0,0.0,1,sleeping
2026-09-15T15:08:37,418,1,systemd,/usr/lib/systemd/systemd --user,0.0,0.1459,0.0,0.0,0.0,1,sleeping
2026-09-15T15:08:37,419,418,(sd-pam),(sd-pam),0.0,0.0452,0.0,0.0,0.0,1,sleeping
2026-09-15T15:08:37,445,374,bash,-bash,0.0,0.0676,0.0,0.0,0.0,1,sleeping
2026-09-15T15:08:37,3904,1,polkitd,/usr/lib/polkit-1/polkitd --no-debug,0.0,0.1009,0.0,0.0,0.0,4,sleeping
2026-09-15T15:08:37,4103,2,SessionLeader,/init,0.0,0.0141,0.0,0.0,0.0,1,sleeping
2026-09-15T15:08:37,4104,4103,Relay(4106),/init,0.0,0.0159,0.0,0.0,0.5,1,sleeping
2026-09-15T15:08:37,4106,4104,bash,-bash,0.0,0.0692,0.0,0.0,0.0,1,sleeping
2026-09-15T15:08:37,8674,2,SessionLeader,/init,0.0,0.0141,0.0,0.0,0.0,1,sleeping
2026-09-15T15:08:37,8675,8674,Relay(8678),/init,0.0,0.0143,0.0,0.0,0.0,1,sleeping
2026-09-15T15:08:37,8678,8675,bash,-bash,0.0,0.0698,0.0,0.0,0.0,1,sleeping
2026-09-15T15:08:37,8879,2,SessionLeader,/init,0.0,0.0141,0.0,0.0,0.0,1,sleeping
2026-09-15T15:08:37,8880,8879,Relay(8884),/init,0.0,0.0143,0.0,0.0,0.0,1,sleeping
2026-09-15T15:08:37,8884,8880,bash,-bash,0.0,0.0693,0.0,0.0,0.0,1,sleeping
2026-09-15T15:08:37,8988,2,SessionLeader,/init,0.0,0.0141,0.0,0.0,0.0,1,sleeping
2026-09-15T15:08:37,8989,8988,Relay(8993),/init,0.0,0.0159,0.0,0.0,0.0,1,sleeping
2026-09-15T15:08:37,8993,8989,bash,-bash,0.0,0.0696,0.0,0.0,0.0,1,sleeping
2026-09-15T15:08:37,9202,2,SessionLeader,/init,0.0,0.0141,0.0,0.0,0.0,1,sleeping
2026-09-15T15:08:37,9204,9202,Relay(9208),/init,0.0,0.0143,0.0,0.0,0.0,1,sleeping
2026-09-15T15:08:37,9208,9204,bash,-bash,0.0,0.0693,0.0,0.0,0.0,1,sleeping
2026-09-15T15:08:37,9241,373,top,top,0.0,0.0704,0.0,0.0,0.5,1,sleeping
2026-09-15T15:08:37,9652,1,wsl-pro-service,/usr/libexec/wsl-pro-service,0.0,0.1687,0.0,0.0,0.0,8,sleeping
2026-09-15T15:08:37,9795,2,SessionLeader,/init,0.0,0.0141,0.0,0.0,0.0,1,sleeping
2026-09-15T15:08:37,9796,9795,Relay(9803),/init,0.0,0.0143,0.0,0.0,0.0,1,sleeping
2026-09-15T15:08:37,9803,9796,bash,-bash,0.0,0.0695,0.0,0.0,0.0,1,sleeping
2026-09-15T15:08:37,9834,9803,python,python workloads/memory/memory_workload.py,100.8,6.5692,0.0,0.0,6.49,1,running
2026-09-15T15:08:44,1,0,systemd,/sbin/init,0.0,0.1662,0.0,0.0,0.13,1,sleeping
2026-09-15T15:08:44,2,1,init-systemd(Ub,/init,0.0,0.0278,0.0,0.0,0.0,2,sleeping
2026-09-15T15:08:44,7,2,init,plan9 --control-socket 7 --log-level 4 --server-fd 8 --pipe-fd 10 --log-truncate,0.0,0.0268,0.0,0.0,0.0,2,sleeping
2026-09-15T15:08:44,40,1,systemd-journald,/usr/lib/systemd/systemd-journald,0.0,0.2001,0.0,0.0,0.4,1,sleeping
2026-09-15T15:08:44,96,1,systemd-udevd,/usr/lib/systemd/systemd-udevd,0.0,0.0802,0.0,0.0,0.0,1,sleeping
2026-09-15T15:08:44,154,1,systemd-resolved,/usr/lib/systemd/systemd-resolved,0.0,0.1666,0.0,0.0,0.13,1,sleeping
2026-09-15T15:08:44,155,1,systemd-timesyncd,/usr/lib/systemd/systemd-timesyncd,0.0,0.1,0.0,0.0,0.13,2,sleeping
2026-09-15T15:08:44,165,1,cron,/usr/sbin/cron -f -P,0.0,0.0337,0.0,0.0,0.0,1,sleeping
2026-09-15T15:08:44,166,1,dbus-daemon,@dbus-daemon --system --address=systemd: --nofork --nopidfile --systemd-activation --syslog-only,0.0,0.0684,0.0,0.0,0.13,1,sleeping
2026-09-15T15:08:44,192,1,systemd-logind,/usr/lib/systemd/systemd-logind,0.0,0.1104,0.0,0.0,0.27,1,sleeping
2026-09-15T15:08:44,207,1,rsyslogd,/usr/sbin/rsyslogd -n -iNONE,0.0,0.075,0.0,0.0,0.0,4,sleeping
2026-09-15T15:08:44,218,1,agetty,/sbin/agetty -o -p -- \u --noclear - linux,0.0,0.0248,0.0,0.0,0.0,1,sleeping
2026-09-15T15:08:44,219,1,unattended-upgr,/usr/bin/python3 /usr/share/unattended-upgrades/unattended-upgrade-shutdown --wait-for-signal,0.0,0.2915,0.0,0.0,0.0,2,sleeping
2026-09-15T15:08:44,248,1,apache2,/usr/sbin/apache2 -k start,0.5,0.0643,0.0,0.0,0.27,1,sleeping
2026-09-15T15:08:44,251,248,apache2,/usr/sbin/apache2 -k start,0.0,0.0733,0.0,0.0,0.0,27,sleeping
2026-09-15T15:08:44,252,248,apache2,/usr/sbin/apache2 -k start,0.0,0.0733,0.0,0.0,0.0,27,sleeping
2026-09-15T15:08:44,371,2,SessionLeader,/init,0.0,0.014,0.0,0.0,0.0,1,sleeping
2026-09-15T15:08:44,372,371,Relay(373),/init,0.0,0.0158,0.0,0.0,0.0,1,sleeping
2026-09-15T15:08:44,373,372,bash,-bash,0.0,0.0694,0.0,0.0,0.0,1,sleeping
2026-09-15T15:08:44,374,2,login,/bin/login -f      ,0.0,0.0583,0.0,0.0,0.0,1,sleeping
2026-09-15T15:08:44,418,1,systemd,/usr/lib/systemd/systemd --user,0.0,0.1459,0.0,0.0,0.13,1,sleeping
2026-09-15T15:08:44,419,418,(sd-pam),(sd-pam),0.0,0.0452,0.0,0.0,0.0,1,sleeping
2026-09-15T15:08:44,445,374,bash,-bash,0.0,0.0676,0.0,0.0,0.0,1,sleeping
2026-09-15T15:08:44,3904,1,polkitd,/usr/lib/polkit-1/polkitd --no-debug,0.0,0.1009,0.0,0.0,0.0,4,sleeping
2026-09-15T15:08:44,4103,2,SessionLeader,/init,0.0,0.0141,0.0,0.0,0.0,1,sleeping
2026-09-15T15:08:44,4104,4103,Relay(4106),/init,0.0,0.0159,0.0,0.0,0.13,1,sleeping
2026-09-15T15:08:44,4106,4104,bash,-bash,0.0,0.0692,0.0,0.0,0.0,1,sleeping
2026-09-15T15:08:44,8674,2,SessionLeader,/init,0.0,0.0141,0.0,0.0,0.0,1,sleeping
2026-09-15T15:08:44,8675,8674,Relay(8678),/init,0.0,0.0143,0.0,0.0,0.0,1,sleeping
2026-09-15T15:08:44,8678,8675,bash,-bash,0.0,0.0698,0.0,0.0,0.0,1,sleeping
2026-09-15T15:08:44,8879,2,SessionLeader,/init,0.0,0.0141,0.0,0.0,0.0,1,sleeping
2026-09-15T15:08:44,8880,8879,Relay(8884),/init,0.0,0.0143,0.0,0.0,0.0,1,sleeping
2026-09-15T15:08:44,8884,8880,bash,-bash,0.0,0.0693,0.0,0.0,0.0,1,sleeping
2026-09-15T15:08:44,8988,2,SessionLeader,/init,0.0,0.0141,0.0,0.0,0.0,1,sleeping
2026-09-15T15:08:44,8989,8988,Relay(8993),/init,0.0,0.0159,0.0,0.0,0.0,1,sleeping
2026-09-15T15:08:44,8993,8989,bash,-bash,0.0,0.0696,0.0,0.0,0.0,1,sleeping
2026-09-15T15:08:44,9202,2,SessionLeader,/init,0.0,0.0141,0.0,0.0,0.0,1,sleeping
2026-09-15T15:08:44,9204,9202,Relay(9208),/init,0.0,0.0143,0.0,0.0,0.0,1,sleeping
2026-09-15T15:08:44,9208,9204,bash,-bash,0.0,0.0693,0.0,0.0,0.0,1,sleeping
2026-09-15T15:08:44,9241,373,top,top,0.0,0.0704,0.0,0.0,0.0,1,sleeping
2026-09-15T15:08:44,9652,1,wsl-pro-service,/usr/libexec/wsl-pro-service,0.0,0.1687,0.0,0.0,0.0,8,sleeping
2026-09-15T15:08:44,9795,2,SessionLeader,/init,0.0,0.0141,0.0,0.0,0.0,1,sleeping
2026-09-15T15:08:44,9796,9795,Relay(9803),/init,0.0,0.0143,0.0,0.0,0.0,1,sleeping
2026-09-15T15:08:44,9803,9796,bash,-bash,0.0,0.0695,0.0,0.0,0.0,1,sleeping
2026-09-15T15:08:44,9834,9803,python,python workloads/memory/memory_workload.py,100.8,6.5692,0.0,0.0,0.67,1,running
2026-09-15T15:08:41,1,0,systemd,/sbin/init,0.0,0.1662,0,0,0,1,sleeping
2026-09-15T15:08:41,2,1,init-systemd(Ub,/init,0.0,0.0278,0,0,0,2,sleeping
2026-09-15T15:08:41,7,2,init,plan9 --control-socket 7 --log-level 4 --server-fd 8 --pipe-fd 10 --log-truncate,0.0,0.0268,0,0,0,2,sleeping
2026-09-15T15:08:41,40,1,systemd-journald,/usr/lib/systemd/systemd-journald,1.5,0.2001,0,0,0,1,sleeping
2026-09-15T15:08:41,96,1,systemd-udevd,/usr/lib/systemd/systemd-udevd,0.0,0.0802,0,0,0,1,sleeping
2026-09-15T15:08:41,154,1,systemd-resolved,/usr/lib/systemd/systemd-resolved,0.0,0.1666,0,0,0,1,sleeping
2026-09-15T15:08:41,155,1,systemd-timesyncd,/usr/lib/systemd/systemd-timesyncd,0.0,0.1,0,0,0,2,sleeping
2026-09-15T15:08:41,165,1,cron,/usr/sbin/cron -f -P,0.0,0.0337,0,0,0,1,sleeping
2026-09-15T15:08:41,166,1,dbus-daemon,@dbus-daemon --system --address=systemd: --nofork --nopidfile --systemd-activation --syslog-only,0.0,0.0684,0,0,0,1,sleeping
2026-09-15T15:08:41,192,1,systemd-logind,/usr/lib/systemd/systemd-logind,0.0,0.1104,0,0,0,1,sleeping
2026-09-15T15:08:41,207,1,rsyslogd,/usr/sbin/rsyslogd -n -iNONE,0.0,0.075,0,0,0,4,sleeping
2026-09-15T15:08:41,218,1,agetty,/sbin/agetty -o -p -- \u --noclear - linux,0.0,0.0248,0,0,0,1,sleeping
2026-09-15T15:08:41,219,1,unattended-upgr,/usr/bin/python3 /usr/share/unattended-upgrades/unattended-upgrade-shutdown --wait-for-signal,0.0,0.2915,0,0,0,2,sleeping
2026-09-15T15:08:41,248,1,apache2,/usr/sbin/apache2 -k start,0.0,0.0643,0,0,0,1,sleeping
2026-09-15T15:08:41,251,248,apache2,/usr/sbin/apache2 -k start,0.0,0.0733,0,0,0,27,sleeping
2026-09-15T15:08:41,252,248,apache2,/usr/sbin/apache2 -k start,0.0,0.0733,0,0,0,27,sleeping
2026-09-15T15:08:41,371,2,SessionLeader,/init,0.0,0.014,0,0,0,1,sleeping
2026-09-15T15:08:41,372,371,Relay(373),/init,0.0,0.0158,0,0,0,1,sleeping
2026-09-15T15:08:41,373,372,bash,-bash,0.0,0.0694,0,0,0,1,sleeping
2026-09-15T15:08:41,374,2,login,/bin/login -f      ,0.0,0.0583,0,0,0,1,sleeping
2026-09-15T15:08:41,418,1,systemd,/usr/lib/systemd/systemd --user,0.0,0.1459,0,0,0,1,sleeping
2026-09-15T15:08:41,419,418,(sd-pam),(sd-pam),0.0,0.0452,0,0,0,1,sleeping
2026-09-15T15:08:41,445,374,bash,-bash,0.0,0.0676,0,0,0,1,sleeping
2026-09-15T15:08:41,3904,1,polkitd,/usr/lib/polkit-1/polkitd --no-debug,0.0,0.1009,0,0,0,4,sleeping
2026-09-15T15:08:41,4103,2,SessionLeader,/init,0.0,0.0141,0,0,0,1,sleeping
2026-09-15T15:08:41,4104,4103,Relay(4106),/init,0.0,0.0159,0,0,0,1,sleeping
2026-09-15T15:08:41,4106,4104,bash,-bash,0.0,0.0692,0,0,0,1,sleeping
2026-09-15T15:08:41,8674,2,SessionLeader,/init,0.0,0.0141,0,0,0,1,sleeping
2026-09-15T15:08:41,8675,8674,Relay(8678),/init,0.0,0.0143,0,0,0,1,sleeping
2026-09-15T15:08:41,8678,8675,bash,-bash,0.0,0.0698,0,0,0,1,sleeping
2026-09-15T15:08:41,8879,2,SessionLeader,/init,0.0,0.0141,0,0,0,1,sleeping
2026-09-15T15:08:41,8880,8879,Relay(8884),/init,0.0,0.0143,0,0,0,1,sleeping
2026-09-15T15:08:41,8884,8880,bash,-bash,0.0,0.0693,0,0,0,1,sleeping
2026-09-15T15:08:41,8988,2,SessionLeader,/init,0.0,0.0141,0,0,0,1,sleeping
2026-09-15T15:08:41,8989,8988,Relay(8993),/init,0.0,0.0159,0,0,0,1,sleeping
2026-09-15T15:08:41,8993,8989,bash,-bash,0.0,0.0696,0,0,0,1,sleeping
2026-09-15T15:08:41,9202,2,SessionLeader,/init,0.0,0.0141,0,0,0,1,sleeping
2026-09-15T15:08:41,9204,9202,Relay(9208),/init,0.0,0.0143,0,0,0,1,sleeping
2026-09-15T15:08:41,9208,9204,bash,-bash,0.0,0.0693,0,0,0,1,sleeping
2026-09-15T15:08:41,9241,373,top,top,0.0,0.0704,0,0,0,1,sleeping
2026-09-15T15:08:41,9652,1,wsl-pro-service,/usr/libexec/wsl-pro-service,0.0,0.1687,0,0,0,8,sleeping
2026-09-15T15:08:41,9795,2,SessionLeader,/init,0.0,0.0141,0,0,0,1,sleeping
2026-09-15T15:08:41,9796,9795,Relay(9803),/init,0.0,0.0143,0,0,0,1,sleeping
2026-09-15T15:08:41,9803,9796,bash,-bash,0.0,0.0695,0,0,0,1,sleeping
2026-09-15T15:08:41,9834,9803,python,python workloads/memory/memory_workload.py,99.8,6.5692,0,0,0,1,running
2026-09-15T15:08:43,1,0,systemd,/sbin/init,0.0,0.1662,0.0,0.0,0.0,1,sleeping
2026-09-15T15:08:43,2,1,init-systemd(Ub,/init,0.0,0.0278,0.0,0.0,0.0,2,sleeping
2026-09-15T15:08:43,7,2,init,plan9 --control-socket 7 --log-level 4 --server-fd 8 --pipe-fd 10 --log-truncate,0.0,0.0268,0.0,0.0,0.0,2,sleeping
2026-09-15T15:08:43,40,1,systemd-journald,/usr/lib/systemd/systemd-journald,0.0,0.2001,0.0,0.0,0.0,1,sleeping
2026-09-15T15:08:43,96,1,systemd-udevd,/usr/lib/systemd/systemd-udevd,0.0,0.0802,0.0,0.0,0.0,1,sleeping
2026-09-15T15:08:43,154,1,systemd-resolved,/usr/lib/systemd/systemd-resolved,0.0,0.1666,0.0,0.0,0.0,1,sleeping
2026-09-15T15:08:43,155,1,systemd-timesyncd,/usr/lib/systemd/systemd-timesyncd,0.0,0.1,0.0,0.0,0.0,2,sleeping
2026-09-15T15:08:43,165,1,cron,/usr/sbin/cron -f -P,0.0,0.0337,0.0,0.0,0.0,1,sleeping
2026-09-15T15:08:43,166,1,dbus-daemon,@dbus-daemon --system --address=systemd: --nofork --nopidfile --systemd-activation --syslog-only,0.0,0.0684,0.0,0.0,0.0,1,sleeping
2026-09-15T15:08:43,192,1,systemd-logind,/usr/lib/systemd/systemd-logind,0.0,0.1104,0.0,0.0,0.0,1,sleeping
2026-09-15T15:08:43,207,1,rsyslogd,/usr/sbin/rsyslogd -n -iNONE,0.0,0.075,0.0,0.0,0.0,4,sleeping
2026-09-15T15:08:43,218,1,agetty,/sbin/agetty -o -p -- \u --noclear - linux,0.0,0.0248,0.0,0.0,0.0,1,sleeping
2026-09-15T15:08:43,219,1,unattended-upgr,/usr/bin/python3 /usr/share/unattended-upgrades/unattended-upgrade-shutdown --wait-for-signal,0.0,0.2915,0.0,0.0,0.0,2,sleeping
2026-09-15T15:08:43,248,1,apache2,/usr/sbin/apache2 -k start,0.0,0.0643,0.0,0.0,1.0,1,sleeping
2026-09-15T15:08:43,251,248,apache2,/usr/sbin/apache2 -k start,0.0,0.0733,0.0,0.0,0.0,27,sleeping
2026-09-15T15:08:43,252,248,apache2,/usr/sbin/apache2 -k start,0.0,0.0733,0.0,0.0,0.0,27,sleeping
2026-09-15T15:08:43,371,2,SessionLeader,/init,0.0,0.014,0.0,0.0,0.0,1,sleeping
2026-09-15T15:08:43,372,371,Relay(373),/init,0.0,0.0158,0.0,0.0,1.0,1,sleeping
2026-09-15T15:08:43,373,372,bash,-bash,0.0,0.0694,0.0,0.0,0.0,1,sleeping
2026-09-15T15:08:43,374,2,login,/bin/login -f      ,0.0,0.0583,0.0,0.0,0.0,1,sleeping
2026-09-15T15:08:43,418,1,systemd,/usr/lib/systemd/systemd --user,0.0,0.1459,0.0,0.0,0.0,1,sleeping
2026-09-15T15:08:43,419,418,(sd-pam),(sd-pam),0.0,0.0452,0.0,0.0,0.0,1,sleeping
2026-09-15T15:08:43,445,374,bash,-bash,0.0,0.0676,0.0,0.0,0.0,1,sleeping
2026-09-15T15:08:43,3904,1,polkitd,/usr/lib/polkit-1/polkitd --no-debug,0.0,0.1009,0.0,0.0,0.0,4,sleeping
2026-09-15T15:08:43,4103,2,SessionLeader,/init,0.0,0.0141,0.0,0.0,0.0,1,sleeping
2026-09-15T15:08:43,4104,4103,Relay(4106),/init,0.0,0.0159,0.0,0.0,0.5,1,sleeping
2026-09-15T15:08:43,4106,4104,bash,-bash,0.0,0.0692,0.0,0.0,0.0,1,sleeping
2026-09-15T15:08:43,8674,2,SessionLeader,/init,0.0,0.0141,0.0,0.0,0.0,1,sleeping
2026-09-15T15:08:43,8675,8674,Relay(8678),/init,0.0,0.0143,0.0,0.0,0.0,1,sleeping
2026-09-15T15:08:43,8678,8675,bash,-bash,0.0,0.0698,0.0,0.0,0.0,1,sleeping
2026-09-15T15:08:43,8879,2,SessionLeader,/init,0.0,0.0141,0.0,0.0,0.0,1,sleeping
2026-09-15T15:08:43,8880,8879,Relay(8884),/init,0.0,0.0143,0.0,0.0,0.0,1,sleeping
2026-09-15T15:08:43,8884,8880,bash,-bash,0.0,0.0693,0.0,0.0,0.0,1,sleeping
2026-09-15T15:08:43,8988,2,SessionLeader,/init,0.0,0.0141,0.0,0.0,0.0,1,sleeping
2026-09-15T15:08:43,8989,8988,Relay(8993),/init,0.0,0.0159,0.0,0.0,0.0,1,sleeping
2026-09-15T15:08:43,8993,8989,bash,-bash,0.0,0.0696,0.0,0.0,0.0,1,sleeping
2026-09-15T15:08:43,9202,2,SessionLeader,/init,0.0,0.0141,0.0,0.0,0.0,1,sleeping
2026-09-15T15:08:43,9204,9202,Relay(9208),/init,0.0,0.0143,0.0,0.0,0.0,1,sleeping
2026-09-15T15:08:43,9208,9204,bash,-bash,0.0,0.0693,0.0,0.0,0.0,1,sleeping
2026-09-15T15:08:43,9241,373,top,top,0.0,0.0704,0.0,0.0,0.5,1,sleeping
2026-09-15T15:08:43,9652,1,wsl-pro-service,/usr/libexec/wsl-pro-service,0.0,0.1687,0.0,0.0,0.0,8,sleeping
2026-09-15T15:08:43,9795,2,SessionLeader,/init,0.0,0.0141,0.0,0.0,0.0,1,sleeping
2026-09-15T15:08:43,9796,9795,Relay(9803),/init,0.0,0.0143,0.0,0.0,0.0,1,sleeping
2026-09-15T15:08:43,9803,9796,bash,-bash,0.0,0.0695,0.0,0.0,0.0,1,sleeping
2026-09-15T15:08:43,9834,9803,python,python workloads/memory/memory_workload.py,100.3,6.5692,0.0,0.0,4.99,1,running
2026-09-15T15:08:45,1,0,systemd,/sbin/init,0.0,0.1662,0.0,0.0,0.99,1,sleeping
2026-09-15T15:08:45,2,1,init-systemd(Ub,/init,0.0,0.0278,0.0,0.0,0.0,2,sleeping
2026-09-15T15:08:45,7,2,init,plan9 --control-socket 7 --log-level 4 --server-fd 8 --pipe-fd 10 --log-truncate,0.0,0.0268,0.0,0.0,0.0,2,sleeping
2026-09-15T15:08:45,40,1,systemd-journald,/usr/lib/systemd/systemd-journald,2.5,0.2001,0.0,0.0,7.46,1,sleeping
2026-09-15T15:08:45,96,1,systemd-udevd,/usr/lib/systemd/systemd-udevd,0.0,0.0802,0.0,0.0,0.0,1,sleeping
2026-09-15T15:08:45,154,1,systemd-resolved,/usr/lib/systemd/systemd-resolved,0.0,0.1666,0.0,0.0,0.99,1,sleeping
2026-09-15T15:08:45,155,1,systemd-timesyncd,/usr/lib/systemd/systemd-timesyncd,0.0,0.1,0.0,0.0,0.99,2,sleeping
2026-09-15T15:08:45,165,1,cron,/usr/sbin/cron -f -P,0.0,0.0337,0.0,0.0,0.0,1,sleeping
2026-09-15T15:08:45,166,1,dbus-daemon,@dbus-daemon --system --address=systemd: --nofork --nopidfile --systemd-activation --syslog-only,0.0,0.0684,0.0,0.0,1.49,1,sleeping
2026-09-15T15:08:45,192,1,systemd-logind,/usr/lib/systemd/systemd-logind,0.0,0.1104,0.0,0.0,2.49,1,sleeping
2026-09-15T15:08:45,207,1,rsyslogd,/usr/sbin/rsyslogd -n -iNONE,0.0,0.075,0.0,0.0,0.0,4,sleeping
2026-09-15T15:08:45,218,1,agetty,/sbin/agetty -o -p -- \u --noclear - linux,0.0,0.0248,0.0,0.0,0.0,1,sleeping
2026-09-15T15:08:45,219,1,unattended-upgr,/usr/bin/python3 /usr/share/unattended-upgrades/unattended-upgrade-shutdown --wait-for-signal,0.0,0.2915,0.0,0.0,0.0,2,sleeping
2026-09-15T15:08:45,248,1,apache2,/usr/sbin/apache2 -k start,0.0,0.0643,0.0,0.0,0.99,1,sleeping
2026-09-15T15:08:45,251,248,apache2,/usr/sbin/apache2 -k start,0.0,0.0733,0.0,0.0,0.0,27,sleeping
2026-09-15T15:08:45,252,248,apache2,/usr/sbin/apache2 -k start,0.0,0.0733,0.0,0.0,0.0,27,sleeping
2026-09-15T15:08:45,371,2,SessionLeader,/init,0.0,0.014,0.0,0.0,0.0,1,sleeping
2026-09-15T15:08:45,372,371,Relay(373),/init,0.0,0.0158,0.0,0.0,0.0,1,sleeping
2026-09-15T15:08:45,373,372,bash,-bash,0.0,0.0694,0.0,0.0,0.0,1,sleeping
2026-09-15T15:08:45,374,2,login,/bin/login -f      ,0.0,0.0583,0.0,0.0,0.0,1,sleeping
2026-09-15T15:08:45,418,1,systemd,/usr/lib/systemd/systemd --user,0.0,0.1459,0.0,0.0,0.99,1,sleeping
2026-09-15T15:08:45,419,418,(sd-pam),(sd-pam),0.0,0.0452,0.0,0.0,0.0,1,sleeping
2026-09-15T15:08:45,445,374,bash,-bash,0.0,0.0676,0.0,0.0,0.0,1,sleeping
2026-09-15T15:08:45,3904,1,polkitd,/usr/lib/polkit-1/polkitd --no-debug,0.0,0.1009,0.0,0.0,0.0,4,sleeping
2026-09-15T15:08:45,4103,2,SessionLeader,/init,0.0,0.0141,0.0,0.0,0.0,1,sleeping
2026-09-15T15:08:45,4104,4103,Relay(4106),/init,0.0,0.0159,0.0,0.0,0.5,1,sleeping
2026-09-15T15:08:45,4106,4104,bash,-bash,0.0,0.0692,0.0,0.0,0.0,1,sleeping
2026-09-15T15:08:45,8674,2,SessionLeader,/init,0.0,0.0141,0.0,0.0,0.0,1,sleeping
2026-09-15T15:08:45,8675,8674,Relay(8678),/init,0.0,0.0143,0.0,0.0,0.0,1,sleeping
2026-09-15T15:08:45,8678,8675,bash,-bash,0.0,0.0698,0.0,0.0,0.0,1,sleeping
2026-09-15T15:08:45,8879,2,SessionLeader,/init,0.0,0.0141,0.0,0.0,0.0,1,sleeping
2026-09-15T15:08:45,8880,8879,Relay(8884),/init,0.0,0.0143,0.0,0.0,0.0,1,sleeping
2026-09-15T15:08:45,8884,8880,bash,-bash,0.0,0.0693,0.0,0.0,0.0,1,sleeping
2026-09-15T15:08:45,8988,2,SessionLeader,/init,0.0,0.0141,0.0,0.0,0.0,1,sleeping
2026-09-15T15:08:45,8989,8988,Relay(8993),/init,0.0,0.0159,0.0,0.0,0.0,1,sleeping
2026-09-15T15:08:45,8993,8989,bash,-bash,0.0,0.0696,0.0,0.0,0.0,1,sleeping
2026-09-15T15:08:45,9202,2,SessionLeader,/init,0.0,0.0141,0.0,0.0,0.0,1,sleeping
2026-09-15T15:08:45,9204,9202,Relay(9208),/init,0.0,0.0143,0.0,0.0,0.0,1,sleeping
2026-09-15T15:08:45,9208,9204,bash,-bash,0.0,0.0693,0.0,0.0,0.0,1,sleeping
2026-09-15T15:08:45,9241,373,top,top,0.0,0.0704,0.0,0.0,0.0,1,sleeping
2026-09-15T15:08:45,9652,1,wsl-pro-service,/usr/libexec/wsl-pro-service,0.0,0.1687,0.0,0.0,0.0,8,sleeping
2026-09-15T15:08:45,9795,2,SessionLeader,/init,0.0,0.0141,0.0,0.0,0.0,1,sleeping
2026-09-15T15:08:45,9796,9795,Relay(9803),/init,0.0,0.0143,0.0,0.0,0.0,1,sleeping
2026-09-15T15:08:45,9803,9796,bash,-bash,0.0,0.0695,0.0,0.0,0.0,1,sleeping
2026-09-15T15:08:45,9834,9803,python,python workloads/memory/memory_workload.py,99.8,6.5692,0.0,0.0,3.98,1,running
2026-09-15T15:08:47,1,0,systemd,/sbin/init,0.0,0.1662,0.0,0.0,0.0,1,sleeping
2026-09-15T15:08:47,2,1,init-systemd(Ub,/init,0.0,0.0278,0.0,0.0,0.0,2,sleeping
2026-09-15T15:08:47,7,2,init,plan9 --control-socket 7 --log-level 4 --server-fd 8 --pipe-fd 10 --log-truncate,0.0,0.0268,0.0,0.0,0.0,2,sleeping
2026-09-15T15:08:47,40,1,systemd-journald,/usr/lib/systemd/systemd-journald,0.0,0.2001,0.0,0.0,0.0,1,sleeping
2026-09-15T15:08:47,96,1,systemd-udevd,/usr/lib/systemd/systemd-udevd,0.0,0.0802,0.0,0.0,0.0,1,sleeping
2026-09-15T15:08:47,154,1,systemd-resolved,/usr/lib/systemd/systemd-resolved,0.0,0.1666,0.0,0.0,0.0,1,sleeping
2026-09-15T15:08:47,155,1,systemd-timesyncd,/usr/lib/systemd/systemd-timesyncd,0.0,0.1,0.0,0.0,0.0,2,sleeping
2026-09-15T15:08:47,165,1,cron,/usr/sbin/cron -f -P,0.0,0.0337,0.0,0.0,0.0,1,sleeping
2026-09-15T15:08:47,166,1,dbus-daemon,@dbus-daemon --system --address=systemd: --nofork --nopidfile --systemd-activation --syslog-only,0.0,0.0684,0.0,0.0,0.0,1,sleeping
2026-09-15T15:08:47,192,1,systemd-logind,/usr/lib/systemd/systemd-logind,0.0,0.1104,0.0,0.0,0.0,1,sleeping
2026-09-15T15:08:47,207,1,rsyslogd,/usr/sbin/rsyslogd -n -iNONE,0.0,0.075,0.0,0.0,0.0,4,sleeping
2026-09-15T15:08:47,218,1,agetty,/sbin/agetty -o -p -- \u --noclear - linux,0.0,0.0248,0.0,0.0,0.0,1,sleeping
2026-09-15T15:08:47,219,1,unattended-upgr,/usr/bin/python3 /usr/share/unattended-upgrades/unattended-upgrade-shutdown --wait-for-signal,0.0,0.2915,0.0,0.0,0.0,2,sleeping
2026-09-15T15:08:47,248,1,apache2,/usr/sbin/apache2 -k start,0.0,0.0643,0.0,0.0,1.0,1,sleeping
2026-09-15T15:08:47,251,248,apache2,/usr/sbin/apache2 -k start,0.0,0.0733,0.0,0.0,0.0,27,sleeping
2026-09-15T15:08:47,252,248,apache2,/usr/sbin/apache2 -k start,0.0,0.0733,0.0,0.0,0.0,27,sleeping
2026-09-15T15:08:47,371,2,SessionLeader,/init,0.0,0.014,0.0,0.0,0.0,1,sleeping
2026-09-15T15:08:47,372,371,Relay(373),/init,0.0,0.0158,0.0,0.0,1.0,1,sleeping
2026-09-15T15:08:47,373,372,bash,-bash,0.0,0.0694,0.0,0.0,0.0,1,sleeping
2026-09-15T15:08:47,374,2,login,/bin/login -f      ,0.0,0.0583,0.0,0.0,0.0,1,sleeping
2026-09-15T15:08:47,418,1,systemd,/usr/lib/systemd/systemd --user,0.0,0.1459,0.0,0.0,0.0,1,sleeping
2026-09-15T15:08:47,419,418,(sd-pam),(sd-pam),0.0,0.0452,0.0,0.0,0.0,1,sleeping
2026-09-15T15:08:47,445,374,bash,-bash,0.0,0.0676,0.0,0.0,0.0,1,sleeping
2026-09-15T15:08:47,3904,1,polkitd,/usr/lib/polkit-1/polkitd --no-debug,0.0,0.1009,0.0,0.0,0.0,4,sleeping
2026-09-15T15:08:47,4103,2,SessionLeader,/init,0.0,0.0141,0.0,0.0,0.0,1,sleeping
2026-09-15T15:08:47,4104,4103,Relay(4106),/init,0.0,0.0159,0.0,0.0,0.5,1,sleeping
2026-09-15T15:08:47,4106,4104,bash,-bash,0.0,0.0692,0.0,0.0,0.0,1,sleeping
2026-09-15T15:08:47,8674,2,SessionLeader,/init,0.0,0.0141,0.0,0.0,0.0,1,sleeping
2026-09-15T15:08:47,8675,8674,Relay(8678),/init,0.0,0.0143,0.0,0.0,0.0,1,sleeping
2026-09-15T15:08:47,8678,8675,bash,-bash,0.0,0.0698,0.0,0.0,0.0,1,sleeping
2026-09-15T15:08:47,8879,2,SessionLeader,/init,0.0,0.0141,0.0,0.0,0.0,1,sleeping
2026-09-15T15:08:47,8880,8879,Relay(8884),/init,0.0,0.0143,0.0,0.0,0.0,1,sleeping
2026-09-15T15:08:47,8884,8880,bash,-bash,0.0,0.0693,0.0,0.0,0.0,1,sleeping
2026-09-15T15:08:47,8988,2,SessionLeader,/init,0.0,0.0141,0.0,0.0,0.0,1,sleeping
2026-09-15T15:08:47,8989,8988,Relay(8993),/init,0.0,0.0159,0.0,0.0,0.0,1,sleeping
2026-09-15T15:08:47,8993,8989,bash,-bash,0.0,0.0696,0.0,0.0,0.0,1,sleeping
2026-09-15T15:08:47,9202,2,SessionLeader,/init,0.0,0.0141,0.0,0.0,0.0,1,sleeping
2026-09-15T15:08:47,9204,9202,Relay(9208),/init,0.0,0.0143,0.0,0.0,0.0,1,sleeping
2026-09-15T15:08:47,9208,9204,bash,-bash,0.0,0.0693,0.0,0.0,0.0,1,sleeping
2026-09-15T15:08:47,9241,373,top,top,0.0,0.0704,0.0,0.0,0.5,1,sleeping
2026-09-15T15:08:47,9652,1,wsl-pro-service,/usr/libexec/wsl-pro-service,0.0,0.1687,0.0,0.0,0.0,8,sleeping
2026-09-15T15:08:47,9795,2,SessionLeader,/init,0.0,0.0141,0.0,0.0,0.0,1,sleeping
2026-09-15T15:08:47,9796,9795,Relay(9803),/init,0.0,0.0143,0.0,0.0,0.0,1,sleeping
2026-09-15T15:08:47,9803,9796,bash,-bash,0.0,0.0695,0.0,0.0,0.0,1,sleeping
2026-09-15T15:08:47,9834,9803,python,python workloads/memory/memory_workload.py,99.8,6.5692,0.0,0.0,6.49,1,running
2026-09-15T15:08:54,1,0,systemd,/sbin/init,0.0,0.1662,0.0,0.0,0.13,1,sleeping
2026-09-15T15:08:54,2,1,init-systemd(Ub,/init,0.0,0.0278,0.0,0.0,0.0,2,sleeping
2026-09-15T15:08:54,7,2,init,plan9 --control-socket 7 --log-level 4 --server-fd 8 --pipe-fd 10 --log-truncate,0.0,0.0268,0.0,0.0,0.0,2,sleeping
2026-09-15T15:08:54,40,1,systemd-journald,/usr/lib/systemd/systemd-journald,0.0,0.2001,0.0,0.0,0.4,1,sleeping
2026-09-15T15:08:54,96,1,systemd-udevd,/usr/lib/systemd/systemd-udevd,0.0,0.0802,0.0,0.0,0.0,1,sleeping
2026-09-15T15:08:54,154,1,systemd-resolved,/usr/lib/systemd/systemd-resolved,0.0,0.1666,0.0,0.0,0.13,1,sleeping
2026-09-15T15:08:54,155,1,systemd-timesyncd,/usr/lib/systemd/systemd-timesyncd,0.0,0.1,0.0,0.0,0.13,2,sleeping
2026-09-15T15:08:54,165,1,cron,/usr/sbin/cron -f -P,0.0,0.0337,0.0,0.0,0.0,1,sleeping
2026-09-15T15:08:54,166,1,dbus-daemon,@dbus-daemon --system --address=systemd: --nofork --nopidfile --systemd-activation --syslog-only,0.0,0.0684,0.0,0.0,0.13,1,sleeping
2026-09-15T15:08:54,192,1,systemd-logind,/usr/lib/systemd/systemd-logind,0.0,0.1104,0.0,0.0,0.27,1,sleeping
2026-09-15T15:08:54,207,1,rsyslogd,/usr/sbin/rsyslogd -n -iNONE,0.0,0.075,0.0,0.0,0.0,4,sleeping
2026-09-15T15:08:54,218,1,agetty,/sbin/agetty -o -p -- \u --noclear - linux,0.0,0.0248,0.0,0.0,0.0,1,sleeping
2026-09-15T15:08:54,219,1,unattended-upgr,/usr/bin/python3 /usr/share/unattended-upgrades/unattended-upgrade-shutdown --wait-for-signal,0.0,0.2915,0.0,0.0,0.0,2,sleeping
2026-09-15T15:08:54,248,1,apache2,/usr/sbin/apache2 -k start,0.0,0.0643,0.0,0.0,0.27,1,sleeping
2026-09-15T15:08:54,251,248,apache2,/usr/sbin/apache2 -k start,0.0,0.0733,0.0,0.0,0.0,27,sleeping
2026-09-15T15:08:54,252,248,apache2,/usr/sbin/apache2 -k start,0.0,0.0733,0.0,0.0,0.0,27,sleeping
2026-09-15T15:08:54,371,2,SessionLeader,/init,0.0,0.014,0.0,0.0,0.0,1,sleeping
2026-09-15T15:08:54,372,371,Relay(373),/init,0.0,0.0158,0.0,0.0,0.27,1,sleeping
2026-09-15T15:08:54,373,372,bash,-bash,0.0,0.0694,0.0,0.0,0.0,1,sleeping
2026-09-15T15:08:54,374,2,login,/bin/login -f      ,0.0,0.0583,0.0,0.0,0.0,1,sleeping
2026-09-15T15:08:54,418,1,systemd,/usr/lib/systemd/systemd --user,0.0,0.1459,0.0,0.0,0.13,1,sleeping
2026-09-15T15:08:54,419,418,(sd-pam),(sd-pam),0.0,0.0452,0.0,0.0,0.0,1,sleeping
2026-09-15T15:08:54,445,374,bash,-bash,0.0,0.0676,0.0,0.0,0.0,1,sleeping
2026-09-15T15:08:54,3904,1,polkitd,/usr/lib/polkit-1/polkitd --no-debug,0.0,0.1009,0.0,0.0,0.0,4,sleeping
2026-09-15T15:08:54,4103,2,SessionLeader,/init,0.0,0.0141,0.0,0.0,0.0,1,sleeping
2026-09-15T15:08:54,4104,4103,Relay(4106),/init,0.0,0.0159,0.0,0.0,0.13,1,sleeping
2026-09-15T15:08:54,4106,4104,bash,-bash,0.0,0.0692,0.0,0.0,0.0,1,sleeping
2026-09-15T15:08:54,8674,2,SessionLeader,/init,0.0,0.0141,0.0,0.0,0.0,1,sleeping
2026-09-15T15:08:54,8675,8674,Relay(8678),/init,0.0,0.0143,0.0,0.0,0.0,1,sleeping
2026-09-15T15:08:54,8678,8675,bash,-bash,0.0,0.0698,0.0,0.0,0.0,1,sleeping
2026-09-15T15:08:54,8879,2,SessionLeader,/init,0.0,0.0141,0.0,0.0,0.0,1,sleeping
2026-09-15T15:08:54,8880,8879,Relay(8884),/init,0.0,0.0143,0.0,0.0,0.0,1,sleeping
2026-09-15T15:08:54,8884,8880,bash,-bash,0.0,0.0693,0.0,0.0,0.0,1,sleeping
2026-09-15T15:08:54,8988,2,SessionLeader,/init,0.0,0.0141,0.0,0.0,0.0,1,sleeping
2026-09-15T15:08:54,8989,8988,Relay(8993),/init,0.0,0.0159,0.0,0.0,0.0,1,sleeping
2026-09-15T15:08:54,8993,8989,bash,-bash,0.0,0.0696,0.0,0.0,0.0,1,sleeping
2026-09-15T15:08:54,9202,2,SessionLeader,/init,0.0,0.0141,0.0,0.0,0.0,1,sleeping
2026-09-15T15:08:54,9204,9202,Relay(9208),/init,0.0,0.0143,0.0,0.0,0.0,1,sleeping
2026-09-15T15:08:54,9208,9204,bash,-bash,0.0,0.0693,0.0,0.0,0.0,1,sleeping
2026-09-15T15:08:54,9241,373,top,top,0.0,0.0704,0.0,0.0,0.13,1,sleeping
2026-09-15T15:08:54,9652,1,wsl-pro-service,/usr/libexec/wsl-pro-service,0.5,0.1687,0.0,0.0,0.0,8,sleeping
2026-09-15T15:08:54,9795,2,SessionLeader,/init,0.0,0.0141,0.0,0.0,0.0,1,sleeping
2026-09-15T15:08:54,9796,9795,Relay(9803),/init,0.0,0.0143,0.0,0.0,0.0,1,sleeping
2026-09-15T15:08:54,9803,9796,bash,-bash,0.0,0.0695,0.0,0.0,0.0,1,sleeping
2026-09-15T15:08:54,9834,9803,python,python workloads/memory/memory_workload.py,99.8,6.5692,0.0,0.0,1.21,1,running
2026-09-15T15:08:51,1,0,systemd,/sbin/init,0.0,0.1662,0,0,0,1,sleeping
2026-09-15T15:08:51,2,1,init-systemd(Ub,/init,0.0,0.0278,0,0,0,2,sleeping
2026-09-15T15:08:51,7,2,init,plan9 --control-socket 7 --log-level 4 --server-fd 8 --pipe-fd 10 --log-truncate,0.0,0.0268,0,0,0,2,sleeping
2026-09-15T15:08:51,40,1,systemd-journald,/usr/lib/systemd/systemd-journald,2.5,0.2,0,0,0,1,sleeping
2026-09-15T15:08:51,96,1,systemd-udevd,/usr/lib/systemd/systemd-udevd,0.0,0.0802,0,0,0,1,sleeping
2026-09-15T15:08:51,154,1,systemd-resolved,/usr/lib/systemd/systemd-resolved,0.0,0.1666,0,0,0,1,sleeping
2026-09-15T15:08:51,155,1,systemd-timesyncd,/usr/lib/systemd/systemd-timesyncd,0.0,0.1,0,0,0,2,sleeping
2026-09-15T15:08:51,165,1,cron,/usr/sbin/cron -f -P,0.0,0.0337,0,0,0,1,sleeping
2026-09-15T15:08:51,166,1,dbus-daemon,@dbus-daemon --system --address=systemd: --nofork --nopidfile --systemd-activation --syslog-only,0.0,0.0684,0,0,0,1,sleeping
2026-09-15T15:08:51,192,1,systemd-logind,/usr/lib/systemd/systemd-logind,0.0,0.1104,0,0,0,1,sleeping
2026-09-15T15:08:51,207,1,rsyslogd,/usr/sbin/rsyslogd -n -iNONE,0.0,0.075,0,0,0,4,sleeping
2026-09-15T15:08:51,218,1,agetty,/sbin/agetty -o -p -- \u --noclear - linux,0.0,0.0248,0,0,0,1,sleeping
2026-09-15T15:08:51,219,1,unattended-upgr,/usr/bin/python3 /usr/share/unattended-upgrades/unattended-upgrade-shutdown --wait-for-signal,0.0,0.2915,0,0,0,2,sleeping
2026-09-15T15:08:51,248,1,apache2,/usr/sbin/apache2 -k start,0.0,0.0643,0,0,0,1,sleeping
2026-09-15T15:08:51,251,248,apache2,/usr/sbin/apache2 -k start,0.0,0.0733,0,0,0,27,sleeping
2026-09-15T15:08:51,252,248,apache2,/usr/sbin/apache2 -k start,0.0,0.0733,0,0,0,27,sleeping
2026-09-15T15:08:51,371,2,SessionLeader,/init,0.0,0.014,0,0,0,1,sleeping
2026-09-15T15:08:51,372,371,Relay(373),/init,0.0,0.0158,0,0,0,1,sleeping
2026-09-15T15:08:51,373,372,bash,-bash,0.0,0.0694,0,0,0,1,sleeping
2026-09-15T15:08:51,374,2,login,/bin/login -f      ,0.0,0.0583,0,0,0,1,sleeping
2026-09-15T15:08:51,418,1,systemd,/usr/lib/systemd/systemd --user,0.0,0.1459,0,0,0,1,sleeping
2026-09-15T15:08:51,419,418,(sd-pam),(sd-pam),0.0,0.0452,0,0,0,1,sleeping
2026-09-15T15:08:51,445,374,bash,-bash,0.0,0.0676,0,0,0,1,sleeping
2026-09-15T15:08:51,3904,1,polkitd,/usr/lib/polkit-1/polkitd --no-debug,0.0,0.1009,0,0,0,4,sleeping
2026-09-15T15:08:51,4103,2,SessionLeader,/init,0.0,0.0141,0,0,0,1,sleeping
2026-09-15T15:08:51,4104,4103,Relay(4106),/init,0.0,0.0159,0,0,0,1,sleeping
2026-09-15T15:08:51,4106,4104,bash,-bash,0.0,0.0692,0,0,0,1,sleeping
2026-09-15T15:08:51,8674,2,SessionLeader,/init,0.0,0.0141,0,0,0,1,sleeping
2026-09-15T15:08:51,8675,8674,Relay(8678),/init,0.0,0.0143,0,0,0,1,sleeping
2026-09-15T15:08:51,8678,8675,bash,-bash,0.0,0.0698,0,0,0,1,sleeping
2026-09-15T15:08:51,8879,2,SessionLeader,/init,0.0,0.0141,0,0,0,1,sleeping
2026-09-15T15:08:51,8880,8879,Relay(8884),/init,0.0,0.0143,0,0,0,1,sleeping
2026-09-15T15:08:51,8884,8880,bash,-bash,0.0,0.0693,0,0,0,1,sleeping
2026-09-15T15:08:51,8988,2,SessionLeader,/init,0.0,0.0141,0,0,0,1,sleeping
2026-09-15T15:08:51,8989,8988,Relay(8993),/init,0.0,0.0159,0,0,0,1,sleeping
2026-09-15T15:08:51,8993,8989,bash,-bash,0.0,0.0696,0,0,0,1,sleeping
2026-09-15T15:08:51,9202,2,SessionLeader,/init,0.0,0.0141,0,0,0,1,sleeping
2026-09-15T15:08:51,9204,9202,Relay(9208),/init,0.0,0.0143,0,0,0,1,sleeping
2026-09-15T15:08:51,9208,9204,bash,-bash,0.0,0.0693,0,0,0,1,sleeping
2026-09-15T15:08:51,9241,373,top,top,0.0,0.0704,0,0,0,1,sleeping
2026-09-15T15:08:51,9652,1,wsl-pro-service,/usr/libexec/wsl-pro-service,0.0,0.1687,0,0,0,8,sleeping
2026-09-15T15:08:51,9795,2,SessionLeader,/init,0.0,0.0141,0,0,0,1,sleeping
2026-09-15T15:08:51,9796,9795,Relay(9803),/init,0.0,0.0143,0,0,0,1,sleeping
2026-09-15T15:08:51,9803,9796,bash,-bash,0.0,0.0695,0,0,0,1,sleeping
2026-09-15T15:08:51,9834,9803,python,python workloads/memory/memory_workload.py,100.3,6.5692,0,0,0,1,running
2026-09-15T15:08:53,1,0,systemd,/sbin/init,0.0,0.1662,0.0,0.0,0.0,1,sleeping
2026-09-15T15:08:53,2,1,init-systemd(Ub,/init,0.0,0.0278,0.0,0.0,0.0,2,sleeping
2026-09-15T15:08:53,7,2,init,plan9 --control-socket 7 --log-level 4 --server-fd 8 --pipe-fd 10 --log-truncate,0.0,0.0268,0.0,0.0,0.0,2,sleeping
2026-09-15T15:08:53,40,1,systemd-journald,/usr/lib/systemd/systemd-journald,0.0,0.2,0.0,0.0,0.0,1,sleeping
2026-09-15T15:08:53,96,1,systemd-udevd,/usr/lib/systemd/systemd-udevd,0.0,0.0802,0.0,0.0,0.0,1,sleeping
2026-09-15T15:08:53,154,1,systemd-resolved,/usr/lib/systemd/systemd-resolved,0.0,0.1666,0.0,0.0,0.0,1,sleeping
2026-09-15T15:08:53,155,1,systemd-timesyncd,/usr/lib/systemd/systemd-timesyncd,0.0,0.1,0.0,0.0,0.0,2,sleeping
2026-09-15T15:08:53,165,1,cron,/usr/sbin/cron -f -P,0.0,0.0337,0.0,0.0,0.0,1,sleeping
2026-09-15T15:08:53,166,1,dbus-daemon,@dbus-daemon --system --address=systemd: --nofork --nopidfile --systemd-activation --syslog-only,0.0,0.0684,0.0,0.0,0.0,1,sleeping
2026-09-15T15:08:53,192,1,systemd-logind,/usr/lib/systemd/systemd-logind,0.0,0.1104,0.0,0.0,0.0,1,sleeping
2026-09-15T15:08:53,207,1,rsyslogd,/usr/sbin/rsyslogd -n -iNONE,0.0,0.075,0.0,0.0,0.0,4,sleeping
2026-09-15T15:08:53,218,1,agetty,/sbin/agetty -o -p -- \u --noclear - linux,0.0,0.0248,0.0,0.0,0.0,1,sleeping
2026-09-15T15:08:53,219,1,unattended-upgr,/usr/bin/python3 /usr/share/unattended-upgrades/unattended-upgrade-shutdown --wait-for-signal,0.0,0.2915,0.0,0.0,0.0,2,sleeping
2026-09-15T15:08:53,248,1,apache2,/usr/sbin/apache2 -k start,0.0,0.0643,0.0,0.0,1.0,1,sleeping
2026-09-15T15:08:53,251,248,apache2,/usr/sbin/apache2 -k start,0.0,0.0733,0.0,0.0,0.0,27,sleeping
2026-09-15T15:08:53,252,248,apache2,/usr/sbin/apache2 -k start,0.0,0.0733,0.0,0.0,0.0,27,sleeping
2026-09-15T15:08:53,371,2,SessionLeader,/init,0.0,0.014,0.0,0.0,0.0,1,sleeping
2026-09-15T15:08:53,372,371,Relay(373),/init,0.0,0.0158,0.0,0.0,1.0,1,sleeping
2026-09-15T15:08:53,373,372,bash,-bash,0.0,0.0694,0.0,0.0,0.0,1,sleeping
2026-09-15T15:08:53,374,2,login,/bin/login -f      ,0.0,0.0583,0.0,0.0,0.0,1,sleeping
2026-09-15T15:08:53,418,1,systemd,/usr/lib/systemd/systemd --user,0.0,0.1459,0.0,0.0,0.0,1,sleeping
2026-09-15T15:08:53,419,418,(sd-pam),(sd-pam),0.0,0.0452,0.0,0.0,0.0,1,sleeping
2026-09-15T15:08:53,445,374,bash,-bash,0.0,0.0676,0.0,0.0,0.0,1,sleeping
2026-09-15T15:08:53,3904,1,polkitd,/usr/lib/polkit-1/polkitd --no-debug,0.0,0.1009,0.0,0.0,0.0,4,sleeping
2026-09-15T15:08:53,4103,2,SessionLeader,/init,0.0,0.0141,0.0,0.0,0.0,1,sleeping
2026-09-15T15:08:53,4104,4103,Relay(4106),/init,0.0,0.0159,0.0,0.0,0.5,1,sleeping
2026-09-15T15:08:53,4106,4104,bash,-bash,0.0,0.0692,0.0,0.0,0.0,1,sleeping
2026-09-15T15:08:53,8674,2,SessionLeader,/init,0.0,0.0141,0.0,0.0,0.0,1,sleeping
2026-09-15T15:08:53,8675,8674,Relay(8678),/init,0.0,0.0143,0.0,0.0,0.0,1,sleeping
2026-09-15T15:08:53,8678,8675,bash,-bash,0.0,0.0698,0.0,0.0,0.0,1,sleeping
2026-09-15T15:08:53,8879,2,SessionLeader,/init,0.0,0.0141,0.0,0.0,0.0,1,sleeping
2026-09-15T15:08:53,8880,8879,Relay(8884),/init,0.0,0.0143,0.0,0.0,0.0,1,sleeping
2026-09-15T15:08:53,8884,8880,bash,-bash,0.0,0.0693,0.0,0.0,0.0,1,sleeping
2026-09-15T15:08:53,8988,2,SessionLeader,/init,0.0,0.0141,0.0,0.0,0.0,1,sleeping
2026-09-15T15:08:53,8989,8988,Relay(8993),/init,0.0,0.0159,0.0,0.0,0.0,1,sleeping
2026-09-15T15:08:53,8993,8989,bash,-bash,0.0,0.0696,0.0,0.0,0.0,1,sleeping
2026-09-15T15:08:53,9202,2,SessionLeader,/init,0.0,0.0141,0.0,0.0,0.0,1,sleeping
2026-09-15T15:08:53,9204,9202,Relay(9208),/init,0.0,0.0143,0.0,0.0,0.0,1,sleeping
2026-09-15T15:08:53,9208,9204,bash,-bash,0.0,0.0693,0.0,0.0,0.0,1,sleeping
2026-09-15T15:08:53,9241,373,top,top,0.0,0.0704,0.0,0.0,0.5,1,sleeping
2026-09-15T15:08:53,9652,1,wsl-pro-service,/usr/libexec/wsl-pro-service,0.0,0.1687,0.0,0.0,0.0,8,sleeping
2026-09-15T15:08:53,9795,2,SessionLeader,/init,0.0,0.0141,0.0,0.0,0.0,1,sleeping
2026-09-15T15:08:53,9796,9795,Relay(9803),/init,0.0,0.0143,0.0,0.0,0.0,1,sleeping
2026-09-15T15:08:53,9803,9796,bash,-bash,0.0,0.0695,0.0,0.0,0.0,1,sleeping
2026-09-15T15:08:53,9834,9803,python,python workloads/memory/memory_workload.py,99.8,6.5692,0.0,0.0,6.99,1,running
2026-09-15T15:08:55,1,0,systemd,/sbin/init,0.0,0.1662,0.0,0.0,0.99,1,sleeping
2026-09-15T15:08:55,2,1,init-systemd(Ub,/init,0.0,0.0278,0.0,0.0,0.0,2,sleeping
2026-09-15T15:08:55,7,2,init,plan9 --control-socket 7 --log-level 4 --server-fd 8 --pipe-fd 10 --log-truncate,0.0,0.0268,0.0,0.0,0.0,2,sleeping
2026-09-15T15:08:55,40,1,systemd-journald,/usr/lib/systemd/systemd-journald,0.5,0.2,0.0,0.0,6.42,1,sleeping
2026-09-15T15:08:55,96,1,systemd-udevd,/usr/lib/systemd/systemd-udevd,0.0,0.0802,0.0,0.0,0.0,1,sleeping
2026-09-15T15:08:55,154,1,systemd-resolved,/usr/lib/systemd/systemd-resolved,0.5,0.1666,0.0,0.0,0.99,1,sleeping
2026-09-15T15:08:55,155,1,systemd-timesyncd,/usr/lib/systemd/systemd-timesyncd,0.0,0.1,0.0,0.0,0.99,2,sleeping
2026-09-15T15:08:55,165,1,cron,/usr/sbin/cron -f -P,0.0,0.0337,0.0,0.0,0.0,1,sleeping
2026-09-15T15:08:55,166,1,dbus-daemon,@dbus-daemon --system --address=systemd: --nofork --nopidfile --systemd-activation --syslog-only,0.5,0.0684,0.0,0.0,1.48,1,sleeping
2026-09-15T15:08:55,192,1,systemd-logind,/usr/lib/systemd/systemd-logind,0.0,0.1104,0.0,0.0,4.44,1,sleeping
2026-09-15T15:08:55,207,1,rsyslogd,/usr/sbin/rsyslogd -n -iNONE,0.0,0.075,0.0,0.0,0.0,4,sleeping
2026-09-15T15:08:55,218,1,agetty,/sbin/agetty -o -p -- \u --noclear - linux,0.0,0.0248,0.0,0.0,0.0,1,sleeping
2026-09-15T15:08:55,219,1,unattended-upgr,/usr/bin/python3 /usr/share/unattended-upgrades/unattended-upgrade-shutdown --wait-for-signal,0.0,0.2915,0.0,0.0,0.0,2,sleeping
2026-09-15T15:08:55,248,1,apache2,/usr/sbin/apache2 -k start,0.0,0.0643,0.0,0.0,0.99,1,sleeping
2026-09-15T15:08:55,251,248,apache2,/usr/sbin/apache2 -k start,0.0,0.0733,0.0,0.0,0.0,27,sleeping
2026-09-15T15:08:55,252,248,apache2,/usr/sbin/apache2 -k start,0.0,0.0733,0.0,0.0,0.0,27,sleeping
2026-09-15T15:08:55,371,2,SessionLeader,/init,0.0,0.014,0.0,0.0,0.0,1,sleeping
2026-09-15T15:08:55,372,371,Relay(373),/init,0.0,0.0158,0.0,0.0,0.99,1,sleeping
2026-09-15T15:08:55,373,372,bash,-bash,0.0,0.0694,0.0,0.0,0.0,1,sleeping
2026-09-15T15:08:55,374,2,login,/bin/login -f      ,0.0,0.0583,0.0,0.0,0.0,1,sleeping
2026-09-15T15:08:55,418,1,systemd,/usr/lib/systemd/systemd --user,0.0,0.1459,0.0,0.0,0.99,1,sleeping
2026-09-15T15:08:55,419,418,(sd-pam),(sd-pam),0.0,0.0452,0.0,0.0,0.0,1,sleeping
2026-09-15T15:08:55,445,374,bash,-bash,0.0,0.0676,0.0,0.0,0.0,1,sleeping
2026-09-15T15:08:55,3904,1,polkitd,/usr/lib/polkit-1/polkitd --no-debug,0.0,0.1009,0.0,0.0,0.0,4,sleeping
2026-09-15T15:08:55,4103,2,SessionLeader,/init,0.0,0.0141,0.0,0.0,0.0,1,sleeping
2026-09-15T15:08:55,4104,4103,Relay(4106),/init,0.0,0.0159,0.0,0.0,0.49,1,sleeping
2026-09-15T15:08:55,4106,4104,bash,-bash,0.0,0.0692,0.0,0.0,0.0,1,sleeping
2026-09-15T15:08:55,8674,2,SessionLeader,/init,0.0,0.0141,0.0,0.0,0.0,1,sleeping
2026-09-15T15:08:55,8675,8674,Relay(8678),/init,0.0,0.0143,0.0,0.0,0.0,1,sleeping
2026-09-15T15:08:55,8678,8675,bash,-bash,0.0,0.0698,0.0,0.0,0.0,1,sleeping
2026-09-15T15:08:55,8879,2,SessionLeader,/init,0.0,0.0141,0.0,0.0,0.0,1,sleeping
2026-09-15T15:08:55,8880,8879,Relay(8884),/init,0.0,0.0143,0.0,0.0,0.0,1,sleeping
2026-09-15T15:08:55,8884,8880,bash,-bash,0.0,0.0693,0.0,0.0,0.0,1,sleeping
2026-09-15T15:08:55,8988,2,SessionLeader,/init,0.0,0.0141,0.0,0.0,0.0,1,sleeping
2026-09-15T15:08:55,8989,8988,Relay(8993),/init,0.0,0.0159,0.0,0.0,0.0,1,sleeping
2026-09-15T15:08:55,8993,8989,bash,-bash,0.0,0.0696,0.0,0.0,0.0,1,sleeping
2026-09-15T15:08:55,9202,2,SessionLeader,/init,0.0,0.0141,0.0,0.0,0.0,1,sleeping
2026-09-15T15:08:55,9204,9202,Relay(9208),/init,0.0,0.0143,0.0,0.0,0.0,1,sleeping
2026-09-15T15:08:55,9208,9204,bash,-bash,0.0,0.0693,0.0,0.0,0.0,1,sleeping
2026-09-15T15:08:55,9241,373,top,top,0.5,0.0704,0.0,0.0,0.49,1,sleeping
2026-09-15T15:08:55,9652,1,wsl-pro-service,/usr/libexec/wsl-pro-service,0.0,0.1687,0.0,0.0,0.0,8,sleeping
2026-09-15T15:08:55,9795,2,SessionLeader,/init,0.0,0.0141,0.0,0.0,0.0,1,sleeping
2026-09-15T15:08:55,9796,9795,Relay(9803),/init,0.0,0.0143,0.0,0.0,0.0,1,sleeping
2026-09-15T15:08:55,9803,9796,bash,-bash,0.0,0.0695,0.0,0.0,0.0,1,sleeping
2026-09-15T15:08:55,9834,9803,python,python workloads/memory/memory_workload.py,99.8,6.5692,0.0,0.0,2.47,1,running
2026-09-15T15:08:57,1,0,systemd,/sbin/init,0.0,0.1662,0.0,0.0,0.0,1,sleeping
2026-09-15T15:08:57,2,1,init-systemd(Ub,/init,0.0,0.0278,0.0,0.0,0.0,2,sleeping
2026-09-15T15:08:57,7,2,init,plan9 --control-socket 7 --log-level 4 --server-fd 8 --pipe-fd 10 --log-truncate,0.0,0.0268,0.0,0.0,0.0,2,sleeping
2026-09-15T15:08:57,40,1,systemd-journald,/usr/lib/systemd/systemd-journald,0.0,0.2,0.0,0.0,0.0,1,sleeping
2026-09-15T15:08:57,96,1,systemd-udevd,/usr/lib/systemd/systemd-udevd,0.0,0.0802,0.0,0.0,0.0,1,sleeping
2026-09-15T15:08:57,154,1,systemd-resolved,/usr/lib/systemd/systemd-resolved,0.0,0.1666,0.0,0.0,0.0,1,sleeping
2026-09-15T15:08:57,155,1,systemd-timesyncd,/usr/lib/systemd/systemd-timesyncd,0.0,0.1,0.0,0.0,0.0,2,sleeping
2026-09-15T15:08:57,165,1,cron,/usr/sbin/cron -f -P,0.0,0.0337,0.0,0.0,0.5,1,sleeping
2026-09-15T15:08:57,166,1,dbus-daemon,@dbus-daemon --system --address=systemd: --nofork --nopidfile --systemd-activation --syslog-only,0.0,0.0684,0.0,0.0,0.0,1,sleeping
2026-09-15T15:08:57,192,1,systemd-logind,/usr/lib/systemd/systemd-logind,0.0,0.1104,0.0,0.0,0.0,1,sleeping
2026-09-15T15:08:57,207,1,rsyslogd,/usr/sbin/rsyslogd -n -iNONE,0.0,0.075,0.0,0.0,0.0,4,sleeping
2026-09-15T15:08:57,218,1,agetty,/sbin/agetty -o -p -- \u --noclear - linux,0.0,0.0248,0.0,0.0,0.0,1,sleeping
2026-09-15T15:08:57,219,1,unattended-upgr,/usr/bin/python3 /usr/share/unattended-upgrades/unattended-upgrade-shutdown --wait-for-signal,0.0,0.2915,0.0,0.0,0.0,2,sleeping
2026-09-15T15:08:57,248,1,apache2,/usr/sbin/apache2 -k start,0.0,0.0643,0.0,0.0,1.0,1,sleeping
2026-09-15T15:08:57,251,248,apache2,/usr/sbin/apache2 -k start,0.0,0.0733,0.0,0.0,0.0,27,sleeping
2026-09-15T15:08:57,252,248,apache2,/usr/sbin/apache2 -k start,0.0,0.0733,0.0,0.0,0.0,27,sleeping
2026-09-15T15:08:57,371,2,SessionLeader,/init,0.0,0.014,0.0,0.0,0.0,1,sleeping
2026-09-15T15:08:57,372,371,Relay(373),/init,0.0,0.0158,0.0,0.0,0.0,1,sleeping
2026-09-15T15:08:57,373,372,bash,-bash,0.0,0.0694,0.0,0.0,0.0,1,sleeping
2026-09-15T15:08:57,374,2,login,/bin/login -f      ,0.0,0.0583,0.0,0.0,0.0,1,sleeping
2026-09-15T15:08:57,418,1,systemd,/usr/lib/systemd/systemd --user,0.0,0.1459,0.0,0.0,0.0,1,sleeping
2026-09-15T15:08:57,419,418,(sd-pam),(sd-pam),0.0,0.0452,0.0,0.0,0.0,1,sleeping
2026-09-15T15:08:57,445,374,bash,-bash,0.0,0.0676,0.0,0.0,0.0,1,sleeping
2026-09-15T15:08:57,3904,1,polkitd,/usr/lib/polkit-1/polkitd --no-debug,0.0,0.1009,0.0,0.0,0.0,4,sleeping
2026-09-15T15:08:57,4103,2,SessionLeader,/init,0.0,0.0141,0.0,0.0,0.0,1,sleeping
2026-09-15T15:08:57,4104,4103,Relay(4106),/init,0.0,0.0159,0.0,0.0,0.5,1,sleeping
2026-09-15T15:08:57,4106,4104,bash,-bash,0.0,0.0692,0.0,0.0,0.0,1,sleeping
2026-09-15T15:08:57,8674,2,SessionLeader,/init,0.0,0.0141,0.0,0.0,0.0,1,sleeping
2026-09-15T15:08:57,8675,8674,Relay(8678),/init,0.0,0.0143,0.0,0.0,0.0,1,sleeping
2026-09-15T15:08:57,8678,8675,bash,-bash,0.0,0.0698,0.0,0.0,0.0,1,sleeping
2026-09-15T15:08:57,8879,2,SessionLeader,/init,0.0,0.0141,0.0,0.0,0.0,1,sleeping
2026-09-15T15:08:57,8880,8879,Relay(8884),/init,0.0,0.0143,0.0,0.0,0.0,1,sleeping
2026-09-15T15:08:57,8884,8880,bash,-bash,0.0,0.0693,0.0,0.0,0.0,1,sleeping
2026-09-15T15:08:57,8988,2,SessionLeader,/init,0.0,0.0141,0.0,0.0,0.0,1,sleeping
2026-09-15T15:08:57,8989,8988,Relay(8993),/init,0.0,0.0159,0.0,0.0,0.0,1,sleeping
2026-09-15T15:08:57,8993,8989,bash,-bash,0.0,0.0696,0.0,0.0,0.0,1,sleeping
2026-09-15T15:08:57,9202,2,SessionLeader,/init,0.0,0.0141,0.0,0.0,0.0,1,sleeping
2026-09-15T15:08:57,9204,9202,Relay(9208),/init,0.0,0.0143,0.0,0.0,0.0,1,sleeping
2026-09-15T15:08:57,9208,9204,bash,-bash,0.0,0.0693,0.0,0.0,0.0,1,sleeping
2026-09-15T15:08:57,9241,373,top,top,0.0,0.0704,0.0,0.0,0.0,1,sleeping
2026-09-15T15:08:57,9652,1,wsl-pro-service,/usr/libexec/wsl-pro-service,0.0,0.1687,0.0,0.0,0.0,8,sleeping
2026-09-15T15:08:57,9795,2,SessionLeader,/init,0.0,0.0141,0.0,0.0,0.0,1,sleeping
2026-09-15T15:08:57,9796,9795,Relay(9803),/init,0.0,0.0143,0.0,0.0,0.0,1,sleeping
2026-09-15T15:08:57,9803,9796,bash,-bash,0.0,0.0695,0.0,0.0,0.0,1,sleeping
2026-09-15T15:08:57,9834,9803,python,python workloads/memory/memory_workload.py,100.3,6.5692,0.0,0.0,5.99,1,running
2026-09-15T15:09:04,1,0,systemd,/sbin/init,0.0,0.1662,0.0,0.0,0.13,1,sleeping
2026-09-15T15:09:04,2,1,init-systemd(Ub,/init,0.0,0.0278,0.0,0.0,0.0,2,sleeping
2026-09-15T15:09:04,7,2,init,plan9 --control-socket 7 --log-level 4 --server-fd 8 --pipe-fd 10 --log-truncate,0.0,0.0268,0.0,0.0,0.0,2,sleeping
2026-09-15T15:09:04,40,1,systemd-journald,/usr/lib/systemd/systemd-journald,0.0,0.2,0.0,0.0,0.13,1,sleeping
2026-09-15T15:09:04,96,1,systemd-udevd,/usr/lib/systemd/systemd-udevd,0.0,0.0802,0.0,0.0,0.0,1,sleeping
2026-09-15T15:09:04,154,1,systemd-resolved,/usr/lib/systemd/systemd-resolved,0.0,0.1666,0.0,0.0,0.13,1,sleeping
2026-09-15T15:09:04,155,1,systemd-timesyncd,/usr/lib/systemd/systemd-timesyncd,0.0,0.1,0.0,0.0,0.13,2,sleeping
2026-09-15T15:09:04,165,1,cron,/usr/sbin/cron -f -P,0.0,0.0337,0.0,0.0,0.0,1,sleeping
2026-09-15T15:09:04,166,1,dbus-daemon,@dbus-daemon --system --address=systemd: --nofork --nopidfile --systemd-activation --syslog-only,0.0,0.0684,0.0,0.0,0.13,1,sleeping
2026-09-15T15:09:04,192,1,systemd-logind,/usr/lib/systemd/systemd-logind,0.0,0.1104,0.0,0.0,1.34,1,sleeping
2026-09-15T15:09:04,207,1,rsyslogd,/usr/sbin/rsyslogd -n -iNONE,0.0,0.075,0.0,0.0,0.0,4,sleeping
2026-09-15T15:09:04,218,1,agetty,/sbin/agetty -o -p -- \u --noclear - linux,0.0,0.0248,0.0,0.0,0.0,1,sleeping
2026-09-15T15:09:04,219,1,unattended-upgr,/usr/bin/python3 /usr/share/unattended-upgrades/unattended-upgrade-shutdown --wait-for-signal,0.0,0.2915,0.0,0.0,0.0,2,sleeping
2026-09-15T15:09:04,248,1,apache2,/usr/sbin/apache2 -k start,0.0,0.0643,0.0,0.0,0.27,1,sleeping
2026-09-15T15:09:04,251,248,apache2,/usr/sbin/apache2 -k start,0.0,0.0733,0.0,0.0,0.0,27,sleeping
2026-09-15T15:09:04,252,248,apache2,/usr/sbin/apache2 -k start,0.0,0.0733,0.0,0.0,0.0,27,sleeping
2026-09-15T15:09:04,371,2,SessionLeader,/init,0.0,0.014,0.0,0.0,0.0,1,sleeping
2026-09-15T15:09:04,372,371,Relay(373),/init,0.0,0.0158,0.0,0.0,0.27,1,sleeping
2026-09-15T15:09:04,373,372,bash,-bash,0.0,0.0694,0.0,0.0,0.0,1,sleeping
2026-09-15T15:09:04,374,2,login,/bin/login -f      ,0.0,0.0583,0.0,0.0,0.0,1,sleeping
2026-09-15T15:09:04,418,1,systemd,/usr/lib/systemd/systemd --user,0.0,0.1459,0.0,0.0,0.13,1,sleeping
2026-09-15T15:09:04,419,418,(sd-pam),(sd-pam),0.0,0.0452,0.0,0.0,0.0,1,sleeping
2026-09-15T15:09:04,445,374,bash,-bash,0.0,0.0676,0.0,0.0,0.0,1,sleeping
2026-09-15T15:09:04,3904,1,polkitd,/usr/lib/polkit-1/polkitd --no-debug,0.0,0.1009,0.0,0.0,0.0,4,sleeping
2026-09-15T15:09:04,4103,2,SessionLeader,/init,0.0,0.0141,0.0,0.0,0.0,1,sleeping
2026-09-15T15:09:04,4104,4103,Relay(4106),/init,0.0,0.0159,0.0,0.0,0.13,1,sleeping
2026-09-15T15:09:04,4106,4104,bash,-bash,0.0,0.0692,0.0,0.0,0.0,1,sleeping
2026-09-15T15:09:04,8674,2,SessionLeader,/init,0.0,0.0141,0.0,0.0,0.0,1,sleeping
2026-09-15T15:09:04,8675,8674,Relay(8678),/init,0.0,0.0143,0.0,0.0,0.0,1,sleeping
2026-09-15T15:09:04,8678,8675,bash,-bash,0.0,0.0698,0.0,0.0,0.0,1,sleeping
2026-09-15T15:09:04,8879,2,SessionLeader,/init,0.0,0.0141,0.0,0.0,0.0,1,sleeping
2026-09-15T15:09:04,8880,8879,Relay(8884),/init,0.0,0.0143,0.0,0.0,0.0,1,sleeping
2026-09-15T15:09:04,8884,8880,bash,-bash,0.0,0.0693,0.0,0.0,0.0,1,sleeping
2026-09-15T15:09:04,8988,2,SessionLeader,/init,0.0,0.0141,0.0,0.0,0.0,1,sleeping
2026-09-15T15:09:04,8989,8988,Relay(8993),/init,0.0,0.0159,0.0,0.0,0.0,1,sleeping
2026-09-15T15:09:04,8993,8989,bash,-bash,0.0,0.0696,0.0,0.0,0.0,1,sleeping
2026-09-15T15:09:04,9202,2,SessionLeader,/init,0.0,0.0141,0.0,0.0,0.0,1,sleeping
2026-09-15T15:09:04,9204,9202,Relay(9208),/init,0.0,0.0143,0.0,0.0,0.0,1,sleeping
2026-09-15T15:09:04,9208,9204,bash,-bash,0.0,0.0693,0.0,0.0,0.0,1,sleeping
2026-09-15T15:09:04,9241,373,top,top,0.0,0.0704,0.0,0.0,0.13,1,sleeping
2026-09-15T15:09:04,9652,1,wsl-pro-service,/usr/libexec/wsl-pro-service,0.0,0.1687,0.0,0.0,0.0,8,sleeping
2026-09-15T15:09:04,9795,2,SessionLeader,/init,0.0,0.0141,0.0,0.0,0.0,1,sleeping
2026-09-15T15:09:04,9796,9795,Relay(9803),/init,0.0,0.0143,0.0,0.0,0.0,1,sleeping
2026-09-15T15:09:04,9803,9796,bash,-bash,0.0,0.0695,0.0,0.0,0.0,1,sleeping
2026-09-15T15:09:04,9834,9803,python,python workloads/memory/memory_workload.py,99.8,6.5692,0.0,0.0,0.81,1,running
2026-09-15T15:09:01,1,0,systemd,/sbin/init,0.0,0.1662,0,0,0,1,sleeping
2026-09-15T15:09:01,2,1,init-systemd(Ub,/init,0.0,0.0278,0,0,0,2,sleeping
2026-09-15T15:09:01,7,2,init,plan9 --control-socket 7 --log-level 4 --server-fd 8 --pipe-fd 10 --log-truncate,0.0,0.0268,0,0,0,2,sleeping
2026-09-15T15:09:01,40,1,systemd-journald,/usr/lib/systemd/systemd-journald,2.5,0.2,0,0,0,1,sleeping
2026-09-15T15:09:01,96,1,systemd-udevd,/usr/lib/systemd/systemd-udevd,0.0,0.0802,0,0,0,1,sleeping
2026-09-15T15:09:01,154,1,systemd-resolved,/usr/lib/systemd/systemd-resolved,0.0,0.1666,0,0,0,1,sleeping
2026-09-15T15:09:01,155,1,systemd-timesyncd,/usr/lib/systemd/systemd-timesyncd,0.0,0.1,0,0,0,2,sleeping
2026-09-15T15:09:01,165,1,cron,/usr/sbin/cron -f -P,0.0,0.0337,0,0,0,1,sleeping
2026-09-15T15:09:01,166,1,dbus-daemon,@dbus-daemon --system --address=systemd: --nofork --nopidfile --systemd-activation --syslog-only,0.0,0.0684,0,0,0,1,sleeping
2026-09-15T15:09:01,192,1,systemd-logind,/usr/lib/systemd/systemd-logind,0.0,0.1104,0,0,0,1,sleeping
2026-09-15T15:09:01,207,1,rsyslogd,/usr/sbin/rsyslogd -n -iNONE,0.0,0.075,0,0,0,4,sleeping
2026-09-15T15:09:01,218,1,agetty,/sbin/agetty -o -p -- \u --noclear - linux,0.0,0.0248,0,0,0,1,sleeping
2026-09-15T15:09:01,219,1,unattended-upgr,/usr/bin/python3 /usr/share/unattended-upgrades/unattended-upgrade-shutdown --wait-for-signal,0.0,0.2915,0,0,0,2,sleeping
2026-09-15T15:09:01,248,1,apache2,/usr/sbin/apache2 -k start,0.0,0.0643,0,0,0,1,sleeping
2026-09-15T15:09:01,251,248,apache2,/usr/sbin/apache2 -k start,0.0,0.0733,0,0,0,27,sleeping
2026-09-15T15:09:01,252,248,apache2,/usr/sbin/apache2 -k start,0.0,0.0733,0,0,0,27,sleeping
2026-09-15T15:09:01,371,2,SessionLeader,/init,0.0,0.014,0,0,0,1,sleeping
2026-09-15T15:09:01,372,371,Relay(373),/init,0.0,0.0158,0,0,0,1,sleeping
2026-09-15T15:09:01,373,372,bash,-bash,0.0,0.0694,0,0,0,1,sleeping
2026-09-15T15:09:01,374,2,login,/bin/login -f      ,0.0,0.0583,0,0,0,1,sleeping
2026-09-15T15:09:01,418,1,systemd,/usr/lib/systemd/systemd --user,0.0,0.1459,0,0,0,1,sleeping
2026-09-15T15:09:01,419,418,(sd-pam),(sd-pam),0.0,0.0452,0,0,0,1,sleeping
2026-09-15T15:09:01,445,374,bash,-bash,0.0,0.0676,0,0,0,1,sleeping
2026-09-15T15:09:01,3904,1,polkitd,/usr/lib/polkit-1/polkitd --no-debug,0.0,0.1009,0,0,0,4,sleeping
2026-09-15T15:09:01,4103,2,SessionLeader,/init,0.0,0.0141,0,0,0,1,sleeping
2026-09-15T15:09:01,4104,4103,Relay(4106),/init,0.0,0.0159,0,0,0,1,sleeping
2026-09-15T15:09:01,4106,4104,bash,-bash,0.0,0.0692,0,0,0,1,sleeping
2026-09-15T15:09:01,8674,2,SessionLeader,/init,0.0,0.0141,0,0,0,1,sleeping
2026-09-15T15:09:01,8675,8674,Relay(8678),/init,0.0,0.0143,0,0,0,1,sleeping
2026-09-15T15:09:01,8678,8675,bash,-bash,0.0,0.0698,0,0,0,1,sleeping
2026-09-15T15:09:01,8879,2,SessionLeader,/init,0.0,0.0141,0,0,0,1,sleeping
2026-09-15T15:09:01,8880,8879,Relay(8884),/init,0.0,0.0143,0,0,0,1,sleeping
2026-09-15T15:09:01,8884,8880,bash,-bash,0.0,0.0693,0,0,0,1,sleeping
2026-09-15T15:09:01,8988,2,SessionLeader,/init,0.0,0.0141,0,0,0,1,sleeping
2026-09-15T15:09:01,8989,8988,Relay(8993),/init,0.0,0.0159,0,0,0,1,sleeping
2026-09-15T15:09:01,8993,8989,bash,-bash,0.0,0.0696,0,0,0,1,sleeping
2026-09-15T15:09:01,9202,2,SessionLeader,/init,0.0,0.0141,0,0,0,1,sleeping
2026-09-15T15:09:01,9204,9202,Relay(9208),/init,0.0,0.0143,0,0,0,1,sleeping
2026-09-15T15:09:01,9208,9204,bash,-bash,0.0,0.0693,0,0,0,1,sleeping
2026-09-15T15:09:01,9241,373,top,top,0.0,0.0704,0,0,0,1,sleeping
2026-09-15T15:09:01,9652,1,wsl-pro-service,/usr/libexec/wsl-pro-service,0.0,0.1687,0,0,0,8,sleeping
2026-09-15T15:09:01,9795,2,SessionLeader,/init,0.0,0.0141,0,0,0,1,sleeping
2026-09-15T15:09:01,9796,9795,Relay(9803),/init,0.0,0.0143,0,0,0,1,sleeping
2026-09-15T15:09:01,9803,9796,bash,-bash,0.0,0.0695,0,0,0,1,sleeping
2026-09-15T15:09:01,9834,9803,python,python workloads/memory/memory_workload.py,99.3,6.5692,0,0,0,1,running
2026-09-15T15:09:03,1,0,systemd,/sbin/init,0.0,0.1662,0.0,0.0,0.0,1,sleeping
2026-09-15T15:09:03,2,1,init-systemd(Ub,/init,0.0,0.0278,0.0,0.0,0.0,2,sleeping
2026-09-15T15:09:03,7,2,init,plan9 --control-socket 7 --log-level 4 --server-fd 8 --pipe-fd 10 --log-truncate,0.0,0.0268,0.0,0.0,0.0,2,sleeping
2026-09-15T15:09:03,40,1,systemd-journald,/usr/lib/systemd/systemd-journald,0.0,0.2,0.0,0.0,0.0,1,sleeping
2026-09-15T15:09:03,96,1,systemd-udevd,/usr/lib/systemd/systemd-udevd,0.0,0.0802,0.0,0.0,0.0,1,sleeping
2026-09-15T15:09:03,154,1,systemd-resolved,/usr/lib/systemd/systemd-resolved,0.0,0.1666,0.0,0.0,0.0,1,sleeping
2026-09-15T15:09:03,155,1,systemd-timesyncd,/usr/lib/systemd/systemd-timesyncd,0.0,0.1,0.0,0.0,0.0,2,sleeping
2026-09-15T15:09:03,165,1,cron,/usr/sbin/cron -f -P,0.0,0.0337,0.0,0.0,0.5,1,sleeping
2026-09-15T15:09:03,166,1,dbus-daemon,@dbus-daemon --system --address=systemd: --nofork --nopidfile --systemd-activation --syslog-only,0.0,0.0684,0.0,0.0,0.0,1,sleeping
2026-09-15T15:09:03,192,1,systemd-logind,/usr/lib/systemd/systemd-logind,0.0,0.1104,0.0,0.0,0.0,1,sleeping
2026-09-15T15:09:03,207,1,rsyslogd,/usr/sbin/rsyslogd -n -iNONE,0.0,0.075,0.0,0.0,0.0,4,sleeping
2026-09-15T15:09:03,218,1,agetty,/sbin/agetty -o -p -- \u --noclear - linux,0.0,0.0248,0.0,0.0,0.0,1,sleeping
2026-09-15T15:09:03,219,1,unattended-upgr,/usr/bin/python3 /usr/share/unattended-upgrades/unattended-upgrade-shutdown --wait-for-signal,0.0,0.2915,0.0,0.0,0.0,2,sleeping
2026-09-15T15:09:03,248,1,apache2,/usr/sbin/apache2 -k start,0.0,0.0643,0.0,0.0,1.0,1,sleeping
2026-09-15T15:09:03,251,248,apache2,/usr/sbin/apache2 -k start,0.0,0.0733,0.0,0.0,0.0,27,sleeping
2026-09-15T15:09:03,252,248,apache2,/usr/sbin/apache2 -k start,0.0,0.0733,0.0,0.0,0.0,27,sleeping
2026-09-15T15:09:03,371,2,SessionLeader,/init,0.0,0.014,0.0,0.0,0.0,1,sleeping
2026-09-15T15:09:03,372,371,Relay(373),/init,0.0,0.0158,0.0,0.0,0.0,1,sleeping
2026-09-15T15:09:03,373,372,bash,-bash,0.0,0.0694,0.0,0.0,0.0,1,sleeping
2026-09-15T15:09:03,374,2,login,/bin/login -f      ,0.0,0.0583,0.0,0.0,0.0,1,sleeping
2026-09-15T15:09:03,418,1,systemd,/usr/lib/systemd/systemd --user,0.0,0.1459,0.0,0.0,0.0,1,sleeping
2026-09-15T15:09:03,419,418,(sd-pam),(sd-pam),0.0,0.0452,0.0,0.0,0.0,1,sleeping
2026-09-15T15:09:03,445,374,bash,-bash,0.0,0.0676,0.0,0.0,0.0,1,sleeping
2026-09-15T15:09:03,3904,1,polkitd,/usr/lib/polkit-1/polkitd --no-debug,0.0,0.1009,0.0,0.0,0.0,4,sleeping
2026-09-15T15:09:03,4103,2,SessionLeader,/init,0.0,0.0141,0.0,0.0,0.0,1,sleeping
2026-09-15T15:09:03,4104,4103,Relay(4106),/init,0.0,0.0159,0.0,0.0,0.5,1,sleeping
2026-09-15T15:09:03,4106,4104,bash,-bash,0.0,0.0692,0.0,0.0,0.0,1,sleeping
2026-09-15T15:09:03,8674,2,SessionLeader,/init,0.0,0.0141,0.0,0.0,0.0,1,sleeping
2026-09-15T15:09:03,8675,8674,Relay(8678),/init,0.0,0.0143,0.0,0.0,0.0,1,sleeping
2026-09-15T15:09:03,8678,8675,bash,-bash,0.0,0.0698,0.0,0.0,0.0,1,sleeping
2026-09-15T15:09:03,8879,2,SessionLeader,/init,0.0,0.0141,0.0,0.0,0.0,1,sleeping
2026-09-15T15:09:03,8880,8879,Relay(8884),/init,0.0,0.0143,0.0,0.0,0.0,1,sleeping
2026-09-15T15:09:03,8884,8880,bash,-bash,0.0,0.0693,0.0,0.0,0.0,1,sleeping
2026-09-15T15:09:03,8988,2,SessionLeader,/init,0.0,0.0141,0.0,0.0,0.0,1,sleeping
2026-09-15T15:09:03,8989,8988,Relay(8993),/init,0.0,0.0159,0.0,0.0,0.0,1,sleeping
2026-09-15T15:09:03,8993,8989,bash,-bash,0.0,0.0696,0.0,0.0,0.0,1,sleeping
2026-09-15T15:09:03,9202,2,SessionLeader,/init,0.0,0.0141,0.0,0.0,0.0,1,sleeping
2026-09-15T15:09:03,9204,9202,Relay(9208),/init,0.0,0.0143,0.0,0.0,0.0,1,sleeping
2026-09-15T15:09:03,9208,9204,bash,-bash,0.0,0.0693,0.0,0.0,0.0,1,sleeping
2026-09-15T15:09:03,9241,373,top,top,0.0,0.0704,0.0,0.0,0.0,1,sleeping
2026-09-15T15:09:03,9652,1,wsl-pro-service,/usr/libexec/wsl-pro-service,0.0,0.1687,0.0,0.0,0.0,8,sleeping
2026-09-15T15:09:03,9795,2,SessionLeader,/init,0.0,0.0141,0.0,0.0,0.0,1,sleeping
2026-09-15T15:09:03,9796,9795,Relay(9803),/init,0.0,0.0143,0.0,0.0,0.0,1,sleeping
2026-09-15T15:09:03,9803,9796,bash,-bash,0.0,0.0695,0.0,0.0,0.0,1,sleeping
2026-09-15T15:09:03,9834,9803,python,python workloads/memory/memory_workload.py,100.3,6.5692,0.0,0.0,3.49,1,running
2026-09-15T15:09:10,1,0,systemd,/sbin/init,0.0,0.1662,0.0,0.0,0.13,1,sleeping
2026-09-15T15:09:10,2,1,init-systemd(Ub,/init,0.0,0.0278,0.0,0.0,0.0,2,sleeping
2026-09-15T15:09:10,7,2,init,plan9 --control-socket 7 --log-level 4 --server-fd 8 --pipe-fd 10 --log-truncate,0.0,0.0268,0.0,0.0,0.0,2,sleeping
2026-09-15T15:09:10,40,1,systemd-journald,/usr/lib/systemd/systemd-journald,0.0,0.2,0.0,0.0,0.27,1,sleeping
2026-09-15T15:09:10,96,1,systemd-udevd,/usr/lib/systemd/systemd-udevd,0.0,0.0802,0.0,0.0,0.0,1,sleeping
2026-09-15T15:09:10,154,1,systemd-resolved,/usr/lib/systemd/systemd-resolved,0.0,0.1666,0.0,0.0,0.13,1,sleeping
2026-09-15T15:09:10,155,1,systemd-timesyncd,/usr/lib/systemd/systemd-timesyncd,0.0,0.1,0.0,0.0,0.13,2,sleeping
2026-09-15T15:09:10,165,1,cron,/usr/sbin/cron -f -P,0.0,0.0337,0.0,0.0,0.0,1,sleeping
2026-09-15T15:09:10,166,1,dbus-daemon,@dbus-daemon --system --address=systemd: --nofork --nopidfile --systemd-activation --syslog-only,0.0,0.0684,0.0,0.0,0.13,1,sleeping
2026-09-15T15:09:10,192,1,systemd-logind,/usr/lib/systemd/systemd-logind,0.0,0.1104,0.0,0.0,0.4,1,sleeping
2026-09-15T15:09:10,207,1,rsyslogd,/usr/sbin/rsyslogd -n -iNONE,0.0,0.075,0.0,0.0,0.0,4,sleeping
2026-09-15T15:09:10,218,1,agetty,/sbin/agetty -o -p -- \u --noclear - linux,0.0,0.0248,0.0,0.0,0.0,1,sleeping
2026-09-15T15:09:10,219,1,unattended-upgr,/usr/bin/python3 /usr/share/unattended-upgrades/unattended-upgrade-shutdown --wait-for-signal,0.0,0.2915,0.0,0.0,0.0,2,sleeping
2026-09-15T15:09:10,248,1,apache2,/usr/sbin/apache2 -k start,0.0,0.0643,0.0,0.0,0.27,1,sleeping
2026-09-15T15:09:10,251,248,apache2,/usr/sbin/apache2 -k start,0.0,0.0733,0.0,0.0,0.0,27,sleeping
2026-09-15T15:09:10,252,248,apache2,/usr/sbin/apache2 -k start,0.0,0.0733,0.0,0.0,0.0,27,sleeping
2026-09-15T15:09:10,371,2,SessionLeader,/init,0.0,0.014,0.0,0.0,0.0,1,sleeping
2026-09-15T15:09:10,372,371,Relay(373),/init,0.0,0.0158,0.0,0.0,0.27,1,sleeping
2026-09-15T15:09:10,373,372,bash,-bash,0.0,0.0694,0.0,0.0,0.0,1,sleeping
2026-09-15T15:09:10,374,2,login,/bin/login -f      ,0.0,0.0583,0.0,0.0,0.0,1,sleeping
2026-09-15T15:09:10,418,1,systemd,/usr/lib/systemd/systemd --user,0.0,0.1459,0.0,0.0,0.13,1,sleeping
2026-09-15T15:09:10,419,418,(sd-pam),(sd-pam),0.0,0.0452,0.0,0.0,0.0,1,sleeping
2026-09-15T15:09:10,445,374,bash,-bash,0.0,0.0676,0.0,0.0,0.0,1,sleeping
2026-09-15T15:09:10,3904,1,polkitd,/usr/lib/polkit-1/polkitd --no-debug,0.0,0.1009,0.0,0.0,0.0,4,sleeping
2026-09-15T15:09:10,4103,2,SessionLeader,/init,0.0,0.0141,0.0,0.0,0.0,1,sleeping
2026-09-15T15:09:10,4104,4103,Relay(4106),/init,0.0,0.0159,0.0,0.0,0.13,1,sleeping
2026-09-15T15:09:10,4106,4104,bash,-bash,0.0,0.0692,0.0,0.0,0.0,1,sleeping
2026-09-15T15:09:10,8674,2,SessionLeader,/init,0.0,0.0141,0.0,0.0,0.0,1,sleeping
2026-09-15T15:09:10,8675,8674,Relay(8678),/init,0.0,0.0143,0.0,0.0,0.0,1,sleeping
2026-09-15T15:09:10,8678,8675,bash,-bash,0.0,0.0698,0.0,0.0,0.0,1,sleeping
2026-09-15T15:09:10,8879,2,SessionLeader,/init,0.0,0.0141,0.0,0.0,0.0,1,sleeping
2026-09-15T15:09:10,8880,8879,Relay(8884),/init,0.0,0.0143,0.0,0.0,0.0,1,sleeping
2026-09-15T15:09:10,8884,8880,bash,-bash,0.0,0.0693,0.0,0.0,0.0,1,sleeping
2026-09-15T15:09:10,8988,2,SessionLeader,/init,0.0,0.0141,0.0,0.0,0.0,1,sleeping
2026-09-15T15:09:10,8989,8988,Relay(8993),/init,0.0,0.0159,0.0,0.0,0.0,1,sleeping
2026-09-15T15:09:10,8993,8989,bash,-bash,0.0,0.0696,0.0,0.0,0.0,1,sleeping
2026-09-15T15:09:10,9202,2,SessionLeader,/init,0.0,0.0141,0.0,0.0,0.0,1,sleeping
2026-09-15T15:09:10,9204,9202,Relay(9208),/init,0.0,0.0143,0.0,0.0,0.0,1,sleeping
2026-09-15T15:09:10,9208,9204,bash,-bash,0.0,0.0693,0.0,0.0,0.0,1,sleeping
2026-09-15T15:09:10,9241,373,top,top,0.0,0.0704,0.0,0.0,0.13,1,sleeping
2026-09-15T15:09:10,9652,1,wsl-pro-service,/usr/libexec/wsl-pro-service,0.0,0.1687,0.0,0.0,0.0,8,sleeping
2026-09-15T15:09:10,9795,2,SessionLeader,/init,0.0,0.0141,0.0,0.0,0.0,1,sleeping
2026-09-15T15:09:10,9796,9795,Relay(9803),/init,0.0,0.0143,0.0,0.0,0.0,1,sleeping
2026-09-15T15:09:10,9803,9796,bash,-bash,0.0,0.0695,0.0,0.0,0.0,1,sleeping
2026-09-15T15:09:10,9834,9803,python,python workloads/memory/memory_workload.py,99.8,6.5692,0.0,0.0,1.08,1,running
2026-09-15T15:09:12,1,0,systemd,/sbin/init,0.0,0.1662,0.0,0.0,0.0,1,sleeping
2026-09-15T15:09:12,2,1,init-systemd(Ub,/init,0.0,0.0278,0.0,0.0,0.0,2,sleeping
2026-09-15T15:09:12,7,2,init,plan9 --control-socket 7 --log-level 4 --server-fd 8 --pipe-fd 10 --log-truncate,0.0,0.0268,0.0,0.0,0.0,2,sleeping
2026-09-15T15:09:12,40,1,systemd-journald,/usr/lib/systemd/systemd-journald,0.0,0.2,0.0,0.0,0.0,1,sleeping
2026-09-15T15:09:12,96,1,systemd-udevd,/usr/lib/systemd/systemd-udevd,0.0,0.0802,0.0,0.0,0.0,1,sleeping
2026-09-15T15:09:12,154,1,systemd-resolved,/usr/lib/systemd/systemd-resolved,0.0,0.1666,0.0,0.0,0.0,1,sleeping
2026-09-15T15:09:12,155,1,systemd-timesyncd,/usr/lib/systemd/systemd-timesyncd,0.0,0.1,0.0,0.0,0.0,2,sleeping
2026-09-15T15:09:12,165,1,cron,/usr/sbin/cron -f -P,0.0,0.0337,0.0,0.0,0.0,1,sleeping
2026-09-15T15:09:12,166,1,dbus-daemon,@dbus-daemon --system --address=systemd: --nofork --nopidfile --systemd-activation --syslog-only,0.0,0.0684,0.0,0.0,0.0,1,sleeping
2026-09-15T15:09:12,192,1,systemd-logind,/usr/lib/systemd/systemd-logind,0.0,0.1104,0.0,0.0,0.0,1,sleeping
2026-09-15T15:09:12,207,1,rsyslogd,/usr/sbin/rsyslogd -n -iNONE,0.0,0.075,0.0,0.0,0.0,4,sleeping
2026-09-15T15:09:12,218,1,agetty,/sbin/agetty -o -p -- \u --noclear - linux,0.0,0.0248,0.0,0.0,0.0,1,sleeping
2026-09-15T15:09:12,219,1,unattended-upgr,/usr/bin/python3 /usr/share/unattended-upgrades/unattended-upgrade-shutdown --wait-for-signal,0.0,0.2915,0.0,0.0,0.0,2,sleeping
2026-09-15T15:09:12,248,1,apache2,/usr/sbin/apache2 -k start,0.0,0.0643,0.0,0.0,1.0,1,sleeping
2026-09-15T15:09:12,251,248,apache2,/usr/sbin/apache2 -k start,0.0,0.0733,0.0,0.0,0.0,27,sleeping
2026-09-15T15:09:12,252,248,apache2,/usr/sbin/apache2 -k start,0.0,0.0733,0.0,0.0,0.0,27,sleeping
2026-09-15T15:09:12,371,2,SessionLeader,/init,0.0,0.014,0.0,0.0,0.0,1,sleeping
2026-09-15T15:09:12,372,371,Relay(373),/init,0.0,0.0158,0.0,0.0,1.0,1,sleeping
2026-09-15T15:09:12,373,372,bash,-bash,0.0,0.0694,0.0,0.0,0.0,1,sleeping
2026-09-15T15:09:12,374,2,login,/bin/login -f      ,0.0,0.0583,0.0,0.0,0.0,1,sleeping
2026-09-15T15:09:12,418,1,systemd,/usr/lib/systemd/systemd --user,0.0,0.1459,0.0,0.0,0.0,1,sleeping
2026-09-15T15:09:12,419,418,(sd-pam),(sd-pam),0.0,0.0452,0.0,0.0,0.0,1,sleeping
2026-09-15T15:09:12,445,374,bash,-bash,0.0,0.0676,0.0,0.0,0.0,1,sleeping
2026-09-15T15:09:12,3904,1,polkitd,/usr/lib/polkit-1/polkitd --no-debug,0.0,0.1009,0.0,0.0,0.0,4,sleeping
2026-09-15T15:09:12,4103,2,SessionLeader,/init,0.0,0.0141,0.0,0.0,0.0,1,sleeping
2026-09-15T15:09:12,4104,4103,Relay(4106),/init,0.0,0.0159,0.0,0.0,0.5,1,sleeping
2026-09-15T15:09:12,4106,4104,bash,-bash,0.0,0.0692,0.0,0.0,0.0,1,sleeping
2026-09-15T15:09:12,8674,2,SessionLeader,/init,0.0,0.0141,0.0,0.0,0.0,1,sleeping
2026-09-15T15:09:12,8675,8674,Relay(8678),/init,0.0,0.0143,0.0,0.0,0.0,1,sleeping
2026-09-15T15:09:12,8678,8675,bash,-bash,0.0,0.0698,0.0,0.0,0.0,1,sleeping
2026-09-15T15:09:12,8879,2,SessionLeader,/init,0.0,0.0141,0.0,0.0,0.0,1,sleeping
2026-09-15T15:09:12,8880,8879,Relay(8884),/init,0.0,0.0143,0.0,0.0,0.0,1,sleeping
2026-09-15T15:09:12,8884,8880,bash,-bash,0.0,0.0693,0.0,0.0,0.0,1,sleeping
2026-09-15T15:09:12,8988,2,SessionLeader,/init,0.0,0.0141,0.0,0.0,0.0,1,sleeping
2026-09-15T15:09:12,8989,8988,Relay(8993),/init,0.0,0.0159,0.0,0.0,0.0,1,sleeping
2026-09-15T15:09:12,8993,8989,bash,-bash,0.0,0.0696,0.0,0.0,0.0,1,sleeping
2026-09-15T15:09:12,9202,2,SessionLeader,/init,0.0,0.0141,0.0,0.0,0.0,1,sleeping
2026-09-15T15:09:12,9204,9202,Relay(9208),/init,0.0,0.0143,0.0,0.0,0.0,1,sleeping
2026-09-15T15:09:12,9208,9204,bash,-bash,0.0,0.0693,0.0,0.0,0.0,1,sleeping
2026-09-15T15:09:12,9241,373,top,top,0.0,0.0704,0.0,0.0,0.5,1,sleeping
2026-09-15T15:09:12,9652,1,wsl-pro-service,/usr/libexec/wsl-pro-service,0.0,0.1687,0.0,0.0,0.0,8,sleeping
2026-09-15T15:09:12,9795,2,SessionLeader,/init,0.0,0.0141,0.0,0.0,0.0,1,sleeping
2026-09-15T15:09:12,9796,9795,Relay(9803),/init,0.0,0.0143,0.0,0.0,0.0,1,sleeping
2026-09-15T15:09:12,9803,9796,bash,-bash,0.0,0.0695,0.0,0.0,0.0,1,sleeping
2026-09-15T15:09:12,9834,9803,python,python workloads/memory/memory_workload.py,99.8,6.5692,0.0,0.0,4.99,1,running
2026-09-15T15:09:14,1,0,systemd,/sbin/init,0.0,0.1662,0.0,0.0,0.0,1,sleeping
2026-09-15T15:09:14,2,1,init-systemd(Ub,/init,0.0,0.0278,0.0,0.0,0.0,2,sleeping
2026-09-15T15:09:14,7,2,init,plan9 --control-socket 7 --log-level 4 --server-fd 8 --pipe-fd 10 --log-truncate,0.0,0.0268,0.0,0.0,0.0,2,sleeping
2026-09-15T15:09:14,40,1,systemd-journald,/usr/lib/systemd/systemd-journald,0.0,0.2,0.0,0.0,0.0,1,sleeping
2026-09-15T15:09:14,96,1,systemd-udevd,/usr/lib/systemd/systemd-udevd,0.0,0.0802,0.0,0.0,0.0,1,sleeping
2026-09-15T15:09:14,154,1,systemd-resolved,/usr/lib/systemd/systemd-resolved,0.0,0.1666,0.0,0.0,0.0,1,sleeping
2026-09-15T15:09:14,155,1,systemd-timesyncd,/usr/lib/systemd/systemd-timesyncd,0.0,0.1,0.0,0.0,0.0,2,sleeping
2026-09-15T15:09:14,165,1,cron,/usr/sbin/cron -f -P,0.0,0.0337,0.0,0.0,0.0,1,sleeping
2026-09-15T15:09:14,166,1,dbus-daemon,@dbus-daemon --system --address=systemd: --nofork --nopidfile --systemd-activation --syslog-only,0.0,0.0684,0.0,0.0,0.0,1,sleeping
2026-09-15T15:09:14,192,1,systemd-logind,/usr/lib/systemd/systemd-logind,0.0,0.1104,0.0,0.0,0.0,1,sleeping
2026-09-15T15:09:14,207,1,rsyslogd,/usr/sbin/rsyslogd -n -iNONE,0.0,0.075,0.0,0.0,0.0,4,sleeping
2026-09-15T15:09:14,218,1,agetty,/sbin/agetty -o -p -- \u --noclear - linux,0.0,0.0248,0.0,0.0,0.0,1,sleeping
2026-09-15T15:09:14,219,1,unattended-upgr,/usr/bin/python3 /usr/share/unattended-upgrades/unattended-upgrade-shutdown --wait-for-signal,0.0,0.2915,0.0,0.0,0.0,2,sleeping
2026-09-15T15:09:14,248,1,apache2,/usr/sbin/apache2 -k start,0.0,0.0643,0.0,0.0,1.0,1,sleeping
2026-09-15T15:09:14,251,248,apache2,/usr/sbin/apache2 -k start,0.0,0.0733,0.0,0.0,0.0,27,sleeping
2026-09-15T15:09:14,252,248,apache2,/usr/sbin/apache2 -k start,0.0,0.0733,0.0,0.0,0.0,27,sleeping
2026-09-15T15:09:14,371,2,SessionLeader,/init,0.0,0.014,0.0,0.0,0.0,1,sleeping
2026-09-15T15:09:14,372,371,Relay(373),/init,0.0,0.0158,0.0,0.0,0.0,1,sleeping
2026-09-15T15:09:14,373,372,bash,-bash,0.0,0.0694,0.0,0.0,0.0,1,sleeping
2026-09-15T15:09:14,374,2,login,/bin/login -f      ,0.0,0.0583,0.0,0.0,0.0,1,sleeping
2026-09-15T15:09:14,418,1,systemd,/usr/lib/systemd/systemd --user,0.0,0.1459,0.0,0.0,0.0,1,sleeping
2026-09-15T15:09:14,419,418,(sd-pam),(sd-pam),0.0,0.0452,0.0,0.0,0.0,1,sleeping
2026-09-15T15:09:14,445,374,bash,-bash,0.0,0.0676,0.0,0.0,0.0,1,sleeping
2026-09-15T15:09:14,3904,1,polkitd,/usr/lib/polkit-1/polkitd --no-debug,0.0,0.1009,0.0,0.0,0.0,4,sleeping
2026-09-15T15:09:14,4103,2,SessionLeader,/init,0.0,0.0141,0.0,0.0,0.0,1,sleeping
2026-09-15T15:09:14,4104,4103,Relay(4106),/init,0.0,0.0159,0.0,0.0,0.5,1,sleeping
2026-09-15T15:09:14,4106,4104,bash,-bash,0.0,0.0692,0.0,0.0,0.0,1,sleeping
2026-09-15T15:09:14,8674,2,SessionLeader,/init,0.0,0.0141,0.0,0.0,0.0,1,sleeping
2026-09-15T15:09:14,8675,8674,Relay(8678),/init,0.0,0.0143,0.0,0.0,0.0,1,sleeping
2026-09-15T15:09:14,8678,8675,bash,-bash,0.0,0.0698,0.0,0.0,0.0,1,sleeping
2026-09-15T15:09:14,8879,2,SessionLeader,/init,0.0,0.0141,0.0,0.0,0.0,1,sleeping
2026-09-15T15:09:14,8880,8879,Relay(8884),/init,0.0,0.0143,0.0,0.0,0.0,1,sleeping
2026-09-15T15:09:14,8884,8880,bash,-bash,0.0,0.0693,0.0,0.0,0.0,1,sleeping
2026-09-15T15:09:14,8988,2,SessionLeader,/init,0.0,0.0141,0.0,0.0,0.0,1,sleeping
2026-09-15T15:09:14,8989,8988,Relay(8993),/init,0.0,0.0159,0.0,0.0,0.0,1,sleeping
2026-09-15T15:09:14,8993,8989,bash,-bash,0.0,0.0696,0.0,0.0,0.0,1,sleeping
2026-09-15T15:09:14,9202,2,SessionLeader,/init,0.0,0.0141,0.0,0.0,0.0,1,sleeping
2026-09-15T15:09:14,9204,9202,Relay(9208),/init,0.0,0.0143,0.0,0.0,0.0,1,sleeping
2026-09-15T15:09:14,9208,9204,bash,-bash,0.0,0.0693,0.0,0.0,0.0,1,sleeping
2026-09-15T15:09:14,9241,373,top,top,0.0,0.0704,0.0,0.0,0.0,1,sleeping
2026-09-15T15:09:14,9652,1,wsl-pro-service,/usr/libexec/wsl-pro-service,0.0,0.1687,0.0,0.0,0.0,8,sleeping
2026-09-15T15:09:14,9795,2,SessionLeader,/init,0.0,0.0141,0.0,0.0,0.0,1,sleeping
2026-09-15T15:09:14,9796,9795,Relay(9803),/init,0.0,0.0143,0.0,0.0,0.0,1,sleeping
2026-09-15T15:09:14,9803,9796,bash,-bash,0.0,0.0695,0.0,0.0,0.0,1,sleeping
2026-09-15T15:09:14,9834,9803,python,python workloads/memory/memory_workload.py,99.8,6.5692,0.0,0.0,3.99,1,running
2026-09-15T15:09:16,1,0,systemd,/sbin/init,0.0,0.1662,0.0,0.0,0.0,1,sleeping
2026-09-15T15:09:16,2,1,init-systemd(Ub,/init,0.0,0.0278,0.0,0.0,0.0,2,sleeping
2026-09-15T15:09:16,7,2,init,plan9 --control-socket 7 --log-level 4 --server-fd 8 --pipe-fd 10 --log-truncate,0.0,0.0268,0.0,0.0,0.0,2,sleeping
2026-09-15T15:09:16,40,1,systemd-journald,/usr/lib/systemd/systemd-journald,0.0,0.2,0.0,0.0,0.0,1,sleeping
2026-09-15T15:09:16,96,1,systemd-udevd,/usr/lib/systemd/systemd-udevd,0.0,0.0802,0.0,0.0,0.0,1,sleeping
2026-09-15T15:09:16,154,1,systemd-resolved,/usr/lib/systemd/systemd-resolved,0.0,0.1666,0.0,0.0,0.0,1,sleeping
2026-09-15T15:09:16,155,1,systemd-timesyncd,/usr/lib/systemd/systemd-timesyncd,0.0,0.1,0.0,0.0,0.0,2,sleeping
2026-09-15T15:09:16,165,1,cron,/usr/sbin/cron -f -P,0.0,0.0337,0.0,0.0,0.0,1,sleeping
2026-09-15T15:09:16,166,1,dbus-daemon,@dbus-daemon --system --address=systemd: --nofork --nopidfile --systemd-activation --syslog-only,0.0,0.0684,0.0,0.0,0.0,1,sleeping
2026-09-15T15:09:16,192,1,systemd-logind,/usr/lib/systemd/systemd-logind,0.0,0.1104,0.0,0.0,0.0,1,sleeping
2026-09-15T15:09:16,207,1,rsyslogd,/usr/sbin/rsyslogd -n -iNONE,0.0,0.075,0.0,0.0,0.0,4,sleeping
2026-09-15T15:09:16,218,1,agetty,/sbin/agetty -o -p -- \u --noclear - linux,0.0,0.0248,0.0,0.0,0.0,1,sleeping
2026-09-15T15:09:16,219,1,unattended-upgr,/usr/bin/python3 /usr/share/unattended-upgrades/unattended-upgrade-shutdown --wait-for-signal,0.0,0.2915,0.0,0.0,0.0,2,sleeping
2026-09-15T15:09:16,248,1,apache2,/usr/sbin/apache2 -k start,0.0,0.0643,0.0,0.0,1.0,1,sleeping
2026-09-15T15:09:16,251,248,apache2,/usr/sbin/apache2 -k start,0.0,0.0733,0.0,0.0,0.0,27,sleeping
2026-09-15T15:09:16,252,248,apache2,/usr/sbin/apache2 -k start,0.0,0.0733,0.0,0.0,0.0,27,sleeping
2026-09-15T15:09:16,371,2,SessionLeader,/init,0.0,0.014,0.0,0.0,0.0,1,sleeping
2026-09-15T15:09:16,372,371,Relay(373),/init,0.0,0.0158,0.0,0.0,1.0,1,sleeping
2026-09-15T15:09:16,373,372,bash,-bash,0.0,0.0694,0.0,0.0,0.0,1,sleeping
2026-09-15T15:09:16,374,2,login,/bin/login -f      ,0.0,0.0583,0.0,0.0,0.0,1,sleeping
2026-09-15T15:09:16,418,1,systemd,/usr/lib/systemd/systemd --user,0.0,0.1459,0.0,0.0,0.0,1,sleeping
2026-09-15T15:09:16,419,418,(sd-pam),(sd-pam),0.0,0.0452,0.0,0.0,0.0,1,sleeping
2026-09-15T15:09:16,445,374,bash,-bash,0.0,0.0676,0.0,0.0,0.0,1,sleeping
2026-09-15T15:09:16,3904,1,polkitd,/usr/lib/polkit-1/polkitd --no-debug,0.0,0.1009,0.0,0.0,0.0,4,sleeping
2026-09-15T15:09:16,4103,2,SessionLeader,/init,0.0,0.0141,0.0,0.0,0.0,1,sleeping
2026-09-15T15:09:16,4104,4103,Relay(4106),/init,0.0,0.0159,0.0,0.0,0.5,1,sleeping
2026-09-15T15:09:16,4106,4104,bash,-bash,0.0,0.0692,0.0,0.0,0.0,1,sleeping
2026-09-15T15:09:16,8674,2,SessionLeader,/init,0.0,0.0141,0.0,0.0,0.0,1,sleeping
2026-09-15T15:09:16,8675,8674,Relay(8678),/init,0.0,0.0143,0.0,0.0,0.0,1,sleeping
2026-09-15T15:09:16,8678,8675,bash,-bash,0.0,0.0698,0.0,0.0,0.0,1,sleeping
2026-09-15T15:09:16,8879,2,SessionLeader,/init,0.0,0.0141,0.0,0.0,0.0,1,sleeping
2026-09-15T15:09:16,8880,8879,Relay(8884),/init,0.0,0.0143,0.0,0.0,0.0,1,sleeping
2026-09-15T15:09:16,8884,8880,bash,-bash,0.0,0.0693,0.0,0.0,0.0,1,sleeping
2026-09-15T15:09:16,8988,2,SessionLeader,/init,0.0,0.0141,0.0,0.0,0.0,1,sleeping
2026-09-15T15:09:16,8989,8988,Relay(8993),/init,0.0,0.0159,0.0,0.0,0.0,1,sleeping
2026-09-15T15:09:16,8993,8989,bash,-bash,0.0,0.0696,0.0,0.0,0.0,1,sleeping
2026-09-15T15:09:16,9202,2,SessionLeader,/init,0.0,0.0141,0.0,0.0,0.0,1,sleeping
2026-09-15T15:09:16,9204,9202,Relay(9208),/init,0.0,0.0143,0.0,0.0,0.0,1,sleeping
2026-09-15T15:09:16,9208,9204,bash,-bash,0.0,0.0693,0.0,0.0,0.0,1,sleeping
2026-09-15T15:09:16,9241,373,top,top,0.0,0.0704,0.0,0.0,0.5,1,sleeping
2026-09-15T15:09:16,9652,1,wsl-pro-service,/usr/libexec/wsl-pro-service,0.0,0.1687,0.0,0.0,0.0,8,sleeping
2026-09-15T15:09:16,9795,2,SessionLeader,/init,0.0,0.0141,0.0,0.0,0.0,1,sleeping
2026-09-15T15:09:16,9796,9795,Relay(9803),/init,0.0,0.0143,0.0,0.0,0.0,1,sleeping
2026-09-15T15:09:16,9803,9796,bash,-bash,0.0,0.0695,0.0,0.0,0.0,1,sleeping
2026-09-15T15:09:16,9834,9803,python,python workloads/memory/memory_workload.py,100.3,6.5692,0.0,0.0,2.5,1,running
2026-09-15T15:09:18,1,0,systemd,/sbin/init,0.0,0.1662,0.0,0.0,0.0,1,sleeping
2026-09-15T15:09:18,2,1,init-systemd(Ub,/init,0.0,0.0278,0.0,0.0,0.0,2,sleeping
2026-09-15T15:09:18,7,2,init,plan9 --control-socket 7 --log-level 4 --server-fd 8 --pipe-fd 10 --log-truncate,0.0,0.0268,0.0,0.0,0.0,2,sleeping
2026-09-15T15:09:18,40,1,systemd-journald,/usr/lib/systemd/systemd-journald,0.0,0.2,0.0,0.0,0.0,1,sleeping
2026-09-15T15:09:18,96,1,systemd-udevd,/usr/lib/systemd/systemd-udevd,0.0,0.0802,0.0,0.0,0.0,1,sleeping
2026-09-15T15:09:18,154,1,systemd-resolved,/usr/lib/systemd/systemd-resolved,0.0,0.1666,0.0,0.0,0.0,1,sleeping
2026-09-15T15:09:18,155,1,systemd-timesyncd,/usr/lib/systemd/systemd-timesyncd,0.0,0.1,0.0,0.0,0.0,2,sleeping
2026-09-15T15:09:18,165,1,cron,/usr/sbin/cron -f -P,0.0,0.0337,0.0,0.0,0.0,1,sleeping
2026-09-15T15:09:18,166,1,dbus-daemon,@dbus-daemon --system --address=systemd: --nofork --nopidfile --systemd-activation --syslog-only,0.0,0.0684,0.0,0.0,0.0,1,sleeping
2026-09-15T15:09:18,192,1,systemd-logind,/usr/lib/systemd/systemd-logind,0.0,0.1104,0.0,0.0,0.0,1,sleeping
2026-09-15T15:09:18,207,1,rsyslogd,/usr/sbin/rsyslogd -n -iNONE,0.0,0.075,0.0,0.0,0.0,4,sleeping
2026-09-15T15:09:18,218,1,agetty,/sbin/agetty -o -p -- \u --noclear - linux,0.0,0.0248,0.0,0.0,0.0,1,sleeping
2026-09-15T15:09:18,219,1,unattended-upgr,/usr/bin/python3 /usr/share/unattended-upgrades/unattended-upgrade-shutdown --wait-for-signal,0.0,0.2915,0.0,0.0,0.0,2,sleeping
2026-09-15T15:09:18,248,1,apache2,/usr/sbin/apache2 -k start,0.0,0.0643,0.0,0.0,1.0,1,sleeping
2026-09-15T15:09:18,251,248,apache2,/usr/sbin/apache2 -k start,0.0,0.0733,0.0,0.0,0.0,27,sleeping
2026-09-15T15:09:18,252,248,apache2,/usr/sbin/apache2 -k start,0.0,0.0733,0.0,0.0,0.0,27,sleeping
2026-09-15T15:09:18,371,2,SessionLeader,/init,0.0,0.014,0.0,0.0,0.0,1,sleeping
2026-09-15T15:09:18,372,371,Relay(373),/init,0.0,0.0158,0.0,0.0,0.5,1,sleeping
2026-09-15T15:09:18,373,372,bash,-bash,0.0,0.0694,0.0,0.0,0.0,1,sleeping
2026-09-15T15:09:18,374,2,login,/bin/login -f      ,0.0,0.0583,0.0,0.0,0.0,1,sleeping
2026-09-15T15:09:18,418,1,systemd,/usr/lib/systemd/systemd --user,0.0,0.1459,0.0,0.0,0.0,1,sleeping
2026-09-15T15:09:18,419,418,(sd-pam),(sd-pam),0.0,0.0452,0.0,0.0,0.0,1,sleeping
2026-09-15T15:09:18,445,374,bash,-bash,0.0,0.0676,0.0,0.0,0.0,1,sleeping
2026-09-15T15:09:18,3904,1,polkitd,/usr/lib/polkit-1/polkitd --no-debug,0.0,0.1009,0.0,0.0,0.0,4,sleeping
2026-09-15T15:09:18,4103,2,SessionLeader,/init,0.0,0.0141,0.0,0.0,0.0,1,sleeping
2026-09-15T15:09:18,4104,4103,Relay(4106),/init,0.0,0.0159,0.0,0.0,0.5,1,sleeping
2026-09-15T15:09:18,4106,4104,bash,-bash,0.0,0.0692,0.0,0.0,0.0,1,sleeping
2026-09-15T15:09:18,8674,2,SessionLeader,/init,0.0,0.0141,0.0,0.0,0.0,1,sleeping
2026-09-15T15:09:18,8675,8674,Relay(8678),/init,0.0,0.0143,0.0,0.0,0.0,1,sleeping
2026-09-15T15:09:18,8678,8675,bash,-bash,0.0,0.0698,0.0,0.0,0.0,1,sleeping
2026-09-15T15:09:18,8879,2,SessionLeader,/init,0.0,0.0141,0.0,0.0,0.0,1,sleeping
2026-09-15T15:09:18,8880,8879,Relay(8884),/init,0.0,0.0143,0.0,0.0,0.0,1,sleeping
2026-09-15T15:09:18,8884,8880,bash,-bash,0.0,0.0693,0.0,0.0,0.0,1,sleeping
2026-09-15T15:09:18,8988,2,SessionLeader,/init,0.0,0.0141,0.0,0.0,0.0,1,sleeping
2026-09-15T15:09:18,8989,8988,Relay(8993),/init,0.0,0.0159,0.0,0.0,0.0,1,sleeping
2026-09-15T15:09:18,8993,8989,bash,-bash,0.0,0.0696,0.0,0.0,0.0,1,sleeping
2026-09-15T15:09:18,9202,2,SessionLeader,/init,0.0,0.0141,0.0,0.0,0.0,1,sleeping
2026-09-15T15:09:18,9204,9202,Relay(9208),/init,0.0,0.0143,0.0,0.0,0.0,1,sleeping
2026-09-15T15:09:18,9208,9204,bash,-bash,0.0,0.0693,0.0,0.0,0.0,1,sleeping
2026-09-15T15:09:18,9241,373,top,top,0.0,0.0704,0.0,0.0,0.5,1,sleeping
2026-09-15T15:09:18,9652,1,wsl-pro-service,/usr/libexec/wsl-pro-service,0.0,0.1687,0.0,0.0,0.0,8,sleeping
2026-09-15T15:09:18,9795,2,SessionLeader,/init,0.0,0.0141,0.0,0.0,0.0,1,sleeping
2026-09-15T15:09:18,9796,9795,Relay(9803),/init,0.0,0.0143,0.0,0.0,0.0,1,sleeping
2026-09-15T15:09:18,9803,9796,bash,-bash,0.0,0.0695,0.0,0.0,0.0,1,sleeping
2026-09-15T15:09:18,9834,9803,python,python workloads/memory/memory_workload.py,99.8,6.5692,0.0,0.0,3.49,1,running
2026-09-15T15:09:20,1,0,systemd,/sbin/init,0.0,0.1662,0.0,0.0,0.0,1,sleeping
2026-09-15T15:09:20,2,1,init-systemd(Ub,/init,0.0,0.0278,0.0,0.0,0.0,2,sleeping
2026-09-15T15:09:20,7,2,init,plan9 --control-socket 7 --log-level 4 --server-fd 8 --pipe-fd 10 --log-truncate,0.0,0.0268,0.0,0.0,0.0,2,sleeping
2026-09-15T15:09:20,40,1,systemd-journald,/usr/lib/systemd/systemd-journald,0.0,0.2,0.0,0.0,0.0,1,sleeping
2026-09-15T15:09:20,96,1,systemd-udevd,/usr/lib/systemd/systemd-udevd,0.0,0.0802,0.0,0.0,0.0,1,sleeping
2026-09-15T15:09:20,154,1,systemd-resolved,/usr/lib/systemd/systemd-resolved,0.0,0.1666,0.0,0.0,0.0,1,sleeping
2026-09-15T15:09:20,155,1,systemd-timesyncd,/usr/lib/systemd/systemd-timesyncd,0.0,0.1,0.0,0.0,0.0,2,sleeping
2026-09-15T15:09:20,165,1,cron,/usr/sbin/cron -f -P,0.0,0.0337,0.0,0.0,0.0,1,sleeping
2026-09-15T15:09:20,166,1,dbus-daemon,@dbus-daemon --system --address=systemd: --nofork --nopidfile --systemd-activation --syslog-only,0.0,0.0684,0.0,0.0,0.0,1,sleeping
2026-09-15T15:09:20,192,1,systemd-logind,/usr/lib/systemd/systemd-logind,0.0,0.1104,0.0,0.0,0.0,1,sleeping
2026-09-15T15:09:20,207,1,rsyslogd,/usr/sbin/rsyslogd -n -iNONE,0.0,0.075,0.0,0.0,0.0,4,sleeping
2026-09-15T15:09:20,218,1,agetty,/sbin/agetty -o -p -- \u --noclear - linux,0.0,0.0248,0.0,0.0,0.0,1,sleeping
2026-09-15T15:09:20,219,1,unattended-upgr,/usr/bin/python3 /usr/share/unattended-upgrades/unattended-upgrade-shutdown --wait-for-signal,0.0,0.2915,0.0,0.0,0.0,2,sleeping
2026-09-15T15:09:20,248,1,apache2,/usr/sbin/apache2 -k start,0.0,0.0643,0.0,0.0,1.0,1,sleeping
2026-09-15T15:09:20,251,248,apache2,/usr/sbin/apache2 -k start,0.0,0.0733,0.0,0.0,0.0,27,sleeping
2026-09-15T15:09:20,252,248,apache2,/usr/sbin/apache2 -k start,0.0,0.0733,0.0,0.0,0.0,27,sleeping
2026-09-15T15:09:20,371,2,SessionLeader,/init,0.0,0.014,0.0,0.0,0.0,1,sleeping
2026-09-15T15:09:20,372,371,Relay(373),/init,0.0,0.0158,0.0,0.0,0.0,1,sleeping
2026-09-15T15:09:20,373,372,bash,-bash,0.0,0.0694,0.0,0.0,0.0,1,sleeping
2026-09-15T15:09:20,374,2,login,/bin/login -f      ,0.0,0.0583,0.0,0.0,0.0,1,sleeping
2026-09-15T15:09:20,418,1,systemd,/usr/lib/systemd/systemd --user,0.0,0.1459,0.0,0.0,0.0,1,sleeping
2026-09-15T15:09:20,419,418,(sd-pam),(sd-pam),0.0,0.0452,0.0,0.0,0.0,1,sleeping
2026-09-15T15:09:20,445,374,bash,-bash,0.0,0.0676,0.0,0.0,0.0,1,sleeping
2026-09-15T15:09:20,3904,1,polkitd,/usr/lib/polkit-1/polkitd --no-debug,0.0,0.1009,0.0,0.0,0.0,4,sleeping
2026-09-15T15:09:20,4103,2,SessionLeader,/init,0.0,0.0141,0.0,0.0,0.0,1,sleeping
2026-09-15T15:09:20,4104,4103,Relay(4106),/init,0.0,0.0159,0.0,0.0,0.5,1,sleeping
2026-09-15T15:09:20,4106,4104,bash,-bash,0.0,0.0692,0.0,0.0,0.0,1,sleeping
2026-09-15T15:09:20,8674,2,SessionLeader,/init,0.0,0.0141,0.0,0.0,0.0,1,sleeping
2026-09-15T15:09:20,8675,8674,Relay(8678),/init,0.0,0.0143,0.0,0.0,0.0,1,sleeping
2026-09-15T15:09:20,8678,8675,bash,-bash,0.0,0.0698,0.0,0.0,0.0,1,sleeping
2026-09-15T15:09:20,8879,2,SessionLeader,/init,0.0,0.0141,0.0,0.0,0.0,1,sleeping
2026-09-15T15:09:20,8880,8879,Relay(8884),/init,0.0,0.0143,0.0,0.0,0.0,1,sleeping
2026-09-15T15:09:20,8884,8880,bash,-bash,0.0,0.0693,0.0,0.0,0.0,1,sleeping
2026-09-15T15:09:20,8988,2,SessionLeader,/init,0.0,0.0141,0.0,0.0,0.0,1,sleeping
2026-09-15T15:09:20,8989,8988,Relay(8993),/init,0.0,0.0159,0.0,0.0,0.0,1,sleeping
2026-09-15T15:09:20,8993,8989,bash,-bash,0.0,0.0696,0.0,0.0,0.0,1,sleeping
2026-09-15T15:09:20,9202,2,SessionLeader,/init,0.0,0.0141,0.0,0.0,0.0,1,sleeping
2026-09-15T15:09:20,9204,9202,Relay(9208),/init,0.0,0.0143,0.0,0.0,0.0,1,sleeping
2026-09-15T15:09:20,9208,9204,bash,-bash,0.0,0.0693,0.0,0.0,0.0,1,sleeping
2026-09-15T15:09:20,9241,373,top,top,0.0,0.0704,0.0,0.0,0.0,1,sleeping
2026-09-15T15:09:20,9652,1,wsl-pro-service,/usr/libexec/wsl-pro-service,0.0,0.1687,0.0,0.0,0.0,8,sleeping
2026-09-15T15:09:20,9795,2,SessionLeader,/init,0.0,0.0141,0.0,0.0,0.0,1,sleeping
2026-09-15T15:09:20,9796,9795,Relay(9803),/init,0.0,0.0143,0.0,0.0,0.0,1,sleeping
2026-09-15T15:09:20,9803,9796,bash,-bash,0.0,0.0695,0.0,0.0,0.0,1,sleeping
2026-09-15T15:09:20,9834,9803,python,python workloads/memory/memory_workload.py,100.3,6.5692,0.0,0.0,2.49,1,running
2026-09-15T15:09:22,1,0,systemd,/sbin/init,0.0,0.1662,0.0,0.0,0.0,1,sleeping
2026-09-15T15:09:22,2,1,init-systemd(Ub,/init,0.0,0.0278,0.0,0.0,0.0,2,sleeping
2026-09-15T15:09:22,7,2,init,plan9 --control-socket 7 --log-level 4 --server-fd 8 --pipe-fd 10 --log-truncate,0.0,0.0268,0.0,0.0,0.0,2,sleeping
2026-09-15T15:09:22,40,1,systemd-journald,/usr/lib/systemd/systemd-journald,0.0,0.2,0.0,0.0,0.0,1,sleeping
2026-09-15T15:09:22,96,1,systemd-udevd,/usr/lib/systemd/systemd-udevd,0.0,0.0802,0.0,0.0,0.0,1,sleeping
2026-09-15T15:09:22,154,1,systemd-resolved,/usr/lib/systemd/systemd-resolved,0.0,0.1666,0.0,0.0,0.0,1,sleeping
2026-09-15T15:09:22,155,1,systemd-timesyncd,/usr/lib/systemd/systemd-timesyncd,0.0,0.1,0.0,0.0,0.0,2,sleeping
2026-09-15T15:09:22,165,1,cron,/usr/sbin/cron -f -P,0.0,0.0337,0.0,0.0,0.0,1,sleeping
2026-09-15T15:09:22,166,1,dbus-daemon,@dbus-daemon --system --address=systemd: --nofork --nopidfile --systemd-activation --syslog-only,0.0,0.0684,0.0,0.0,0.0,1,sleeping
2026-09-15T15:09:22,192,1,systemd-logind,/usr/lib/systemd/systemd-logind,0.0,0.1104,0.0,0.0,0.0,1,sleeping
2026-09-15T15:09:22,207,1,rsyslogd,/usr/sbin/rsyslogd -n -iNONE,0.0,0.075,0.0,0.0,0.0,4,sleeping
2026-09-15T15:09:22,218,1,agetty,/sbin/agetty -o -p -- \u --noclear - linux,0.0,0.0248,0.0,0.0,0.0,1,sleeping
2026-09-15T15:09:22,219,1,unattended-upgr,/usr/bin/python3 /usr/share/unattended-upgrades/unattended-upgrade-shutdown --wait-for-signal,0.0,0.2915,0.0,0.0,0.0,2,sleeping
2026-09-15T15:09:22,248,1,apache2,/usr/sbin/apache2 -k start,0.0,0.0643,0.0,0.0,1.0,1,sleeping
2026-09-15T15:09:22,251,248,apache2,/usr/sbin/apache2 -k start,0.0,0.0733,0.0,0.0,0.0,27,sleeping
2026-09-15T15:09:22,252,248,apache2,/usr/sbin/apache2 -k start,0.0,0.0733,0.0,0.0,0.0,27,sleeping
2026-09-15T15:09:22,371,2,SessionLeader,/init,0.0,0.014,0.0,0.0,0.0,1,sleeping
2026-09-15T15:09:22,372,371,Relay(373),/init,0.0,0.0158,0.0,0.0,0.5,1,sleeping
2026-09-15T15:09:22,373,372,bash,-bash,0.0,0.0694,0.0,0.0,0.0,1,sleeping
2026-09-15T15:09:22,374,2,login,/bin/login -f      ,0.0,0.0583,0.0,0.0,0.0,1,sleeping
2026-09-15T15:09:22,418,1,systemd,/usr/lib/systemd/systemd --user,0.0,0.1459,0.0,0.0,0.0,1,sleeping
2026-09-15T15:09:22,419,418,(sd-pam),(sd-pam),0.0,0.0452,0.0,0.0,0.0,1,sleeping
2026-09-15T15:09:22,445,374,bash,-bash,0.0,0.0676,0.0,0.0,0.0,1,sleeping
2026-09-15T15:09:22,3904,1,polkitd,/usr/lib/polkit-1/polkitd --no-debug,0.0,0.1009,0.0,0.0,0.0,4,sleeping
2026-09-15T15:09:22,4103,2,SessionLeader,/init,0.0,0.0141,0.0,0.0,0.0,1,sleeping
2026-09-15T15:09:22,4104,4103,Relay(4106),/init,0.0,0.0159,0.0,0.0,0.5,1,sleeping
2026-09-15T15:09:22,4106,4104,bash,-bash,0.0,0.0692,0.0,0.0,0.0,1,sleeping
2026-09-15T15:09:22,8674,2,SessionLeader,/init,0.0,0.0141,0.0,0.0,0.0,1,sleeping
2026-09-15T15:09:22,8675,8674,Relay(8678),/init,0.0,0.0143,0.0,0.0,0.0,1,sleeping
2026-09-15T15:09:22,8678,8675,bash,-bash,0.0,0.0698,0.0,0.0,0.0,1,sleeping
2026-09-15T15:09:22,8879,2,SessionLeader,/init,0.0,0.0141,0.0,0.0,0.0,1,sleeping
2026-09-15T15:09:22,8880,8879,Relay(8884),/init,0.0,0.0143,0.0,0.0,0.0,1,sleeping
2026-09-15T15:09:22,8884,8880,bash,-bash,0.0,0.0693,0.0,0.0,0.0,1,sleeping
2026-09-15T15:09:22,8988,2,SessionLeader,/init,0.0,0.0141,0.0,0.0,0.0,1,sleeping
2026-09-15T15:09:22,8989,8988,Relay(8993),/init,0.0,0.0159,0.0,0.0,0.0,1,sleeping
2026-09-15T15:09:22,8993,8989,bash,-bash,0.0,0.0696,0.0,0.0,0.0,1,sleeping
2026-09-15T15:09:22,9202,2,SessionLeader,/init,0.0,0.0141,0.0,0.0,0.0,1,sleeping
2026-09-15T15:09:22,9204,9202,Relay(9208),/init,0.0,0.0143,0.0,0.0,0.0,1,sleeping
2026-09-15T15:09:22,9208,9204,bash,-bash,0.0,0.0693,0.0,0.0,0.0,1,sleeping
2026-09-15T15:09:22,9241,373,top,top,0.0,0.0704,0.0,0.0,0.5,1,sleeping
2026-09-15T15:09:22,9652,1,wsl-pro-service,/usr/libexec/wsl-pro-service,0.0,0.1687,0.0,0.0,0.0,8,sleeping
2026-09-15T15:09:22,9795,2,SessionLeader,/init,0.0,0.0141,0.0,0.0,0.0,1,sleeping
2026-09-15T15:09:22,9796,9795,Relay(9803),/init,0.0,0.0143,0.0,0.0,0.0,1,sleeping
2026-09-15T15:09:22,9803,9796,bash,-bash,0.0,0.0695,0.0,0.0,0.0,1,sleeping
2026-09-15T15:09:22,9834,9803,python,python workloads/memory/memory_workload.py,99.8,6.5692,0.0,0.0,3.49,1,running
2026-09-15T15:09:24,1,0,systemd,/sbin/init,0.0,0.1662,0.0,0.0,0.5,1,sleeping
2026-09-15T15:09:24,2,1,init-systemd(Ub,/init,0.0,0.0278,0.0,0.0,0.0,2,sleeping
2026-09-15T15:09:24,7,2,init,plan9 --control-socket 7 --log-level 4 --server-fd 8 --pipe-fd 10 --log-truncate,0.0,0.0268,0.0,0.0,0.0,2,sleeping
2026-09-15T15:09:24,40,1,systemd-journald,/usr/lib/systemd/systemd-journald,0.0,0.2,0.0,0.0,0.0,1,sleeping
2026-09-15T15:09:24,96,1,systemd-udevd,/usr/lib/systemd/systemd-udevd,0.0,0.0802,0.0,0.0,0.5,1,sleeping
2026-09-15T15:09:24,154,1,systemd-resolved,/usr/lib/systemd/systemd-resolved,0.0,0.1666,0.0,0.0,0.0,1,sleeping
2026-09-15T15:09:24,155,1,systemd-timesyncd,/usr/lib/systemd/systemd-timesyncd,0.0,0.1,0.0,0.0,0.0,2,sleeping
2026-09-15T15:09:24,165,1,cron,/usr/sbin/cron -f -P,0.0,0.0337,0.0,0.0,0.0,1,sleeping
2026-09-15T15:09:24,166,1,dbus-daemon,@dbus-daemon --system --address=systemd: --nofork --nopidfile --systemd-activation --syslog-only,0.0,0.0684,0.0,0.0,0.0,1,sleeping
2026-09-15T15:09:24,192,1,systemd-logind,/usr/lib/systemd/systemd-logind,0.0,0.1104,0.0,0.0,0.0,1,sleeping
2026-09-15T15:09:24,207,1,rsyslogd,/usr/sbin/rsyslogd -n -iNONE,0.0,0.075,0.0,0.0,0.0,4,sleeping
2026-09-15T15:09:24,218,1,agetty,/sbin/agetty -o -p -- \u --noclear - linux,0.0,0.0248,0.0,0.0,0.0,1,sleeping
2026-09-15T15:09:24,219,1,unattended-upgr,/usr/bin/python3 /usr/share/unattended-upgrades/unattended-upgrade-shutdown --wait-for-signal,0.0,0.2915,0.0,0.0,0.0,2,sleeping
2026-09-15T15:09:24,248,1,apache2,/usr/sbin/apache2 -k start,0.0,0.0643,0.0,0.0,1.0,1,sleeping
2026-09-15T15:09:24,251,248,apache2,/usr/sbin/apache2 -k start,0.0,0.0733,0.0,0.0,0.0,27,sleeping
2026-09-15T15:09:24,252,248,apache2,/usr/sbin/apache2 -k start,0.0,0.0733,0.0,0.0,0.0,27,sleeping
2026-09-15T15:09:24,371,2,SessionLeader,/init,0.0,0.014,0.0,0.0,0.0,1,sleeping
2026-09-15T15:09:24,372,371,Relay(373),/init,0.0,0.0158,0.0,0.0,0.5,1,sleeping
2026-09-15T15:09:24,373,372,bash,-bash,0.0,0.0694,0.0,0.0,0.0,1,sleeping
2026-09-15T15:09:24,374,2,login,/bin/login -f      ,0.0,0.0583,0.0,0.0,0.0,1,sleeping
2026-09-15T15:09:24,418,1,systemd,/usr/lib/systemd/systemd --user,0.0,0.1459,0.0,0.0,0.0,1,sleeping
2026-09-15T15:09:24,419,418,(sd-pam),(sd-pam),0.0,0.0452,0.0,0.0,0.0,1,sleeping
2026-09-15T15:09:24,445,374,bash,-bash,0.0,0.0676,0.0,0.0,0.0,1,sleeping
2026-09-15T15:09:24,3904,1,polkitd,/usr/lib/polkit-1/polkitd --no-debug,0.0,0.1009,0.0,0.0,0.0,4,sleeping
2026-09-15T15:09:24,4103,2,SessionLeader,/init,0.0,0.0141,0.0,0.0,0.0,1,sleeping
2026-09-15T15:09:24,4104,4103,Relay(4106),/init,0.0,0.0159,0.0,0.0,0.5,1,sleeping
2026-09-15T15:09:24,4106,4104,bash,-bash,0.0,0.0692,0.0,0.0,0.0,1,sleeping
2026-09-15T15:09:24,8674,2,SessionLeader,/init,0.0,0.0141,0.0,0.0,0.0,1,sleeping
2026-09-15T15:09:24,8675,8674,Relay(8678),/init,0.0,0.0143,0.0,0.0,0.0,1,sleeping
2026-09-15T15:09:24,8678,8675,bash,-bash,0.0,0.0698,0.0,0.0,0.0,1,sleeping
2026-09-15T15:09:24,8879,2,SessionLeader,/init,0.0,0.0141,0.0,0.0,0.0,1,sleeping
2026-09-15T15:09:24,8880,8879,Relay(8884),/init,0.0,0.0143,0.0,0.0,0.0,1,sleeping
2026-09-15T15:09:24,8884,8880,bash,-bash,0.0,0.0693,0.0,0.0,0.0,1,sleeping
2026-09-15T15:09:24,8988,2,SessionLeader,/init,0.0,0.0141,0.0,0.0,0.0,1,sleeping
2026-09-15T15:09:24,8989,8988,Relay(8993),/init,0.0,0.0159,0.0,0.0,0.0,1,sleeping
2026-09-15T15:09:24,8993,8989,bash,-bash,0.0,0.0696,0.0,0.0,0.0,1,sleeping
2026-09-15T15:09:24,9202,2,SessionLeader,/init,0.0,0.0141,0.0,0.0,0.0,1,sleeping
2026-09-15T15:09:24,9204,9202,Relay(9208),/init,0.0,0.0143,0.0,0.0,0.0,1,sleeping
2026-09-15T15:09:24,9208,9204,bash,-bash,0.0,0.0693,0.0,0.0,0.0,1,sleeping
2026-09-15T15:09:24,9241,373,top,top,0.0,0.0704,0.0,0.0,0.5,1,sleeping
2026-09-15T15:09:24,9652,1,wsl-pro-service,/usr/libexec/wsl-pro-service,0.0,0.1687,0.0,0.0,0.0,8,sleeping
2026-09-15T15:09:24,9795,2,SessionLeader,/init,0.0,0.0141,0.0,0.0,0.0,1,sleeping
2026-09-15T15:09:24,9796,9795,Relay(9803),/init,0.0,0.0143,0.0,0.0,0.0,1,sleeping
2026-09-15T15:09:24,9803,9796,bash,-bash,0.0,0.0695,0.0,0.0,0.0,1,sleeping
2026-09-15T15:09:24,9834,9803,python,python workloads/memory/memory_workload.py,99.8,6.5692,0.0,0.0,3.49,1,running
2026-09-15T15:09:21,1,0,systemd,/sbin/init,0.0,0.1662,0,0,0,1,sleeping
2026-09-15T15:09:21,2,1,init-systemd(Ub,/init,0.0,0.0278,0,0,0,2,sleeping
2026-09-15T15:09:21,7,2,init,plan9 --control-socket 7 --log-level 4 --server-fd 8 --pipe-fd 10 --log-truncate,0.0,0.0268,0,0,0,2,sleeping
2026-09-15T15:09:21,40,1,systemd-journald,/usr/lib/systemd/systemd-journald,0.0,0.2001,0,0,0,1,sleeping
2026-09-15T15:09:21,96,1,systemd-udevd,/usr/lib/systemd/systemd-udevd,0.0,0.0802,0,0,0,1,sleeping
2026-09-15T15:09:21,154,1,systemd-resolved,/usr/lib/systemd/systemd-resolved,0.0,0.1666,0,0,0,1,sleeping
2026-09-15T15:09:21,155,1,systemd-timesyncd,/usr/lib/systemd/systemd-timesyncd,0.0,0.1,0,0,0,2,sleeping
2026-09-15T15:09:21,165,1,cron,/usr/sbin/cron -f -P,0.0,0.0337,0,0,0,1,sleeping
2026-09-15T15:09:21,166,1,dbus-daemon,@dbus-daemon --system --address=systemd: --nofork --nopidfile --systemd-activation --syslog-only,0.0,0.0684,0,0,0,1,sleeping
2026-09-15T15:09:21,192,1,systemd-logind,/usr/lib/systemd/systemd-logind,0.0,0.1104,0,0,0,1,sleeping
2026-09-15T15:09:21,207,1,rsyslogd,/usr/sbin/rsyslogd -n -iNONE,0.0,0.075,0,0,0,4,sleeping
2026-09-15T15:09:21,218,1,agetty,/sbin/agetty -o -p -- \u --noclear - linux,0.0,0.0248,0,0,0,1,sleeping
2026-09-15T15:09:21,219,1,unattended-upgr,/usr/bin/python3 /usr/share/unattended-upgrades/unattended-upgrade-shutdown --wait-for-signal,0.0,0.2915,0,0,0,2,sleeping
2026-09-15T15:09:21,248,1,apache2,/usr/sbin/apache2 -k start,0.0,0.0643,0,0,0,1,sleeping
2026-09-15T15:09:21,251,248,apache2,/usr/sbin/apache2 -k start,0.0,0.0733,0,0,0,27,sleeping
2026-09-15T15:09:21,252,248,apache2,/usr/sbin/apache2 -k start,0.0,0.0733,0,0,0,27,sleeping
2026-09-15T15:09:21,371,2,SessionLeader,/init,0.0,0.014,0,0,0,1,sleeping
2026-09-15T15:09:21,372,371,Relay(373),/init,0.0,0.0158,0,0,0,1,sleeping
2026-09-15T15:09:21,373,372,bash,-bash,0.0,0.0694,0,0,0,1,sleeping
2026-09-15T15:09:21,374,2,login,/bin/login -f      ,0.0,0.0583,0,0,0,1,sleeping
2026-09-15T15:09:21,418,1,systemd,/usr/lib/systemd/systemd --user,0.0,0.1459,0,0,0,1,sleeping
2026-09-15T15:09:21,419,418,(sd-pam),(sd-pam),0.0,0.0452,0,0,0,1,sleeping
2026-09-15T15:09:21,445,374,bash,-bash,0.0,0.0676,0,0,0,1,sleeping
2026-09-15T15:09:21,3904,1,polkitd,/usr/lib/polkit-1/polkitd --no-debug,0.0,0.1009,0,0,0,4,sleeping
2026-09-15T15:09:21,4103,2,SessionLeader,/init,0.0,0.0141,0,0,0,1,sleeping
2026-09-15T15:09:21,4104,4103,Relay(4106),/init,0.0,0.0159,0,0,0,1,sleeping
2026-09-15T15:09:21,4106,4104,bash,-bash,0.0,0.0692,0,0,0,1,sleeping
2026-09-15T15:09:21,8674,2,SessionLeader,/init,0.0,0.0141,0,0,0,1,sleeping
2026-09-15T15:09:21,8675,8674,Relay(8678),/init,0.0,0.0143,0,0,0,1,sleeping
2026-09-15T15:09:21,8678,8675,bash,-bash,0.0,0.0698,0,0,0,1,sleeping
2026-09-15T15:09:21,8879,2,SessionLeader,/init,0.0,0.0141,0,0,0,1,sleeping
2026-09-15T15:09:21,8880,8879,Relay(8884),/init,0.0,0.0143,0,0,0,1,sleeping
2026-09-15T15:09:21,8884,8880,bash,-bash,0.0,0.0693,0,0,0,1,sleeping
2026-09-15T15:09:21,8988,2,SessionLeader,/init,0.0,0.0141,0,0,0,1,sleeping
2026-09-15T15:09:21,8989,8988,Relay(8993),/init,0.0,0.0159,0,0,0,1,sleeping
2026-09-15T15:09:21,8993,8989,bash,-bash,0.0,0.0696,0,0,0,1,sleeping
2026-09-15T15:09:21,9202,2,SessionLeader,/init,0.0,0.0141,0,0,0,1,sleeping
2026-09-15T15:09:21,9204,9202,Relay(9208),/init,0.0,0.0143,0,0,0,1,sleeping
2026-09-15T15:09:21,9208,9204,bash,-bash,0.0,0.0693,0,0,0,1,sleeping
2026-09-15T15:09:21,9241,373,top,top,0.0,0.0704,0,0,0,1,sleeping
2026-09-15T15:09:21,9652,1,wsl-pro-service,/usr/libexec/wsl-pro-service,0.0,0.1687,0,0,0,8,sleeping
2026-09-15T15:09:21,9795,2,SessionLeader,/init,0.0,0.0141,0,0,0,1,sleeping
2026-09-15T15:09:21,9796,9795,Relay(9803),/init,0.0,0.0143,0,0,0,1,sleeping
2026-09-15T15:09:21,9803,9796,bash,-bash,0.0,0.0695,0,0,0,1,sleeping
2026-09-15T15:09:21,9834,9803,python,python workloads/memory/memory_workload.py,100.3,6.5692,0,0,0,1,running
2026-09-15T15:09:23,1,0,systemd,/sbin/init,0.0,0.1662,0.0,0.0,0.0,1,sleeping
2026-09-15T15:09:23,2,1,init-systemd(Ub,/init,0.0,0.0278,0.0,0.0,0.0,2,sleeping
2026-09-15T15:09:23,7,2,init,plan9 --control-socket 7 --log-level 4 --server-fd 8 --pipe-fd 10 --log-truncate,0.0,0.0268,0.0,0.0,0.0,2,sleeping
2026-09-15T15:09:23,40,1,systemd-journald,/usr/lib/systemd/systemd-journald,0.0,0.2001,0.0,0.0,0.0,1,sleeping
2026-09-15T15:09:23,96,1,systemd-udevd,/usr/lib/systemd/systemd-udevd,0.0,0.0802,0.0,0.0,0.0,1,sleeping
2026-09-15T15:09:23,154,1,systemd-resolved,/usr/lib/systemd/systemd-resolved,0.0,0.1666,0.0,0.0,0.0,1,sleeping
2026-09-15T15:09:23,155,1,systemd-timesyncd,/usr/lib/systemd/systemd-timesyncd,0.0,0.1,0.0,0.0,0.0,2,sleeping
2026-09-15T15:09:23,165,1,cron,/usr/sbin/cron -f -P,0.0,0.0337,0.0,0.0,0.0,1,sleeping
2026-09-15T15:09:23,166,1,dbus-daemon,@dbus-daemon --system --address=systemd: --nofork --nopidfile --systemd-activation --syslog-only,0.0,0.0684,0.0,0.0,0.0,1,sleeping
2026-09-15T15:09:23,192,1,systemd-logind,/usr/lib/systemd/systemd-logind,0.0,0.1104,0.0,0.0,0.0,1,sleeping
2026-09-15T15:09:23,207,1,rsyslogd,/usr/sbin/rsyslogd -n -iNONE,0.0,0.075,0.0,0.0,0.0,4,sleeping
2026-09-15T15:09:23,218,1,agetty,/sbin/agetty -o -p -- \u --noclear - linux,0.0,0.0248,0.0,0.0,0.0,1,sleeping
2026-09-15T15:09:23,219,1,unattended-upgr,/usr/bin/python3 /usr/share/unattended-upgrades/unattended-upgrade-shutdown --wait-for-signal,0.0,0.2915,0.0,0.0,0.0,2,sleeping
2026-09-15T15:09:23,248,1,apache2,/usr/sbin/apache2 -k start,0.0,0.0643,0.0,0.0,1.0,1,sleeping
2026-09-15T15:09:23,251,248,apache2,/usr/sbin/apache2 -k start,0.0,0.0733,0.0,0.0,0.0,27,sleeping
2026-09-15T15:09:23,252,248,apache2,/usr/sbin/apache2 -k start,0.0,0.0733,0.0,0.0,0.0,27,sleeping
2026-09-15T15:09:23,371,2,SessionLeader,/init,0.0,0.014,0.0,0.0,0.0,1,sleeping
2026-09-15T15:09:23,372,371,Relay(373),/init,0.0,0.0158,0.0,0.0,0.5,1,sleeping
2026-09-15T15:09:23,373,372,bash,-bash,0.0,0.0694,0.0,0.0,0.0,1,sleeping
2026-09-15T15:09:23,374,2,login,/bin/login -f      ,0.0,0.0583,0.0,0.0,0.0,1,sleeping
2026-09-15T15:09:23,418,1,systemd,/usr/lib/systemd/systemd --user,0.0,0.1459,0.0,0.0,0.0,1,sleeping
2026-09-15T15:09:23,419,418,(sd-pam),(sd-pam),0.0,0.0452,0.0,0.0,0.0,1,sleeping
2026-09-15T15:09:23,445,374,bash,-bash,0.0,0.0676,0.0,0.0,0.0,1,sleeping
2026-09-15T15:09:23,3904,1,polkitd,/usr/lib/polkit-1/polkitd --no-debug,0.0,0.1009,0.0,0.0,0.0,4,sleeping
2026-09-15T15:09:23,4103,2,SessionLeader,/init,0.0,0.0141,0.0,0.0,0.0,1,sleeping
2026-09-15T15:09:23,4104,4103,Relay(4106),/init,0.0,0.0159,0.0,0.0,0.5,1,sleeping
2026-09-15T15:09:23,4106,4104,bash,-bash,0.0,0.0692,0.0,0.0,0.0,1,sleeping
2026-09-15T15:09:23,8674,2,SessionLeader,/init,0.0,0.0141,0.0,0.0,0.0,1,sleeping
2026-09-15T15:09:23,8675,8674,Relay(8678),/init,0.0,0.0143,0.0,0.0,0.0,1,sleeping
2026-09-15T15:09:23,8678,8675,bash,-bash,0.0,0.0698,0.0,0.0,0.0,1,sleeping
2026-09-15T15:09:23,8879,2,SessionLeader,/init,0.0,0.0141,0.0,0.0,0.0,1,sleeping
2026-09-15T15:09:23,8880,8879,Relay(8884),/init,0.0,0.0143,0.0,0.0,0.0,1,sleeping
2026-09-15T15:09:23,8884,8880,bash,-bash,0.0,0.0693,0.0,0.0,0.0,1,sleeping
2026-09-15T15:09:23,8988,2,SessionLeader,/init,0.0,0.0141,0.0,0.0,0.0,1,sleeping
2026-09-15T15:09:23,8989,8988,Relay(8993),/init,0.0,0.0159,0.0,0.0,0.0,1,sleeping
2026-09-15T15:09:23,8993,8989,bash,-bash,0.0,0.0696,0.0,0.0,0.0,1,sleeping
2026-09-15T15:09:23,9202,2,SessionLeader,/init,0.0,0.0141,0.0,0.0,0.0,1,sleeping
2026-09-15T15:09:23,9204,9202,Relay(9208),/init,0.0,0.0143,0.0,0.0,0.0,1,sleeping
2026-09-15T15:09:23,9208,9204,bash,-bash,0.0,0.0693,0.0,0.0,0.0,1,sleeping
2026-09-15T15:09:23,9241,373,top,top,0.0,0.0704,0.0,0.0,0.5,1,sleeping
2026-09-15T15:09:23,9652,1,wsl-pro-service,/usr/libexec/wsl-pro-service,0.0,0.1687,0.0,0.0,0.0,8,sleeping
2026-09-15T15:09:23,9795,2,SessionLeader,/init,0.0,0.0141,0.0,0.0,0.0,1,sleeping
2026-09-15T15:09:23,9796,9795,Relay(9803),/init,0.0,0.0143,0.0,0.0,0.0,1,sleeping
2026-09-15T15:09:23,9803,9796,bash,-bash,0.0,0.0695,0.0,0.0,0.0,1,sleeping
2026-09-15T15:09:23,9834,9803,python,python workloads/memory/memory_workload.py,99.8,6.5692,0.0,0.0,6.49,1,running
2026-09-15T15:09:25,1,0,systemd,/sbin/init,0.0,0.1662,0.0,0.0,1.0,1,sleeping
2026-09-15T15:09:25,2,1,init-systemd(Ub,/init,0.0,0.0278,0.0,0.0,0.0,2,sleeping
2026-09-15T15:09:25,7,2,init,plan9 --control-socket 7 --log-level 4 --server-fd 8 --pipe-fd 10 --log-truncate,0.0,0.0268,0.0,0.0,0.0,2,sleeping
2026-09-15T15:09:25,40,1,systemd-journald,/usr/lib/systemd/systemd-journald,1.0,0.2,0.0,0.0,7.48,1,sleeping
2026-09-15T15:09:25,96,1,systemd-udevd,/usr/lib/systemd/systemd-udevd,0.0,0.0802,0.0,0.0,0.0,1,sleeping
2026-09-15T15:09:25,154,1,systemd-resolved,/usr/lib/systemd/systemd-resolved,0.0,0.1666,0.0,0.0,1.0,1,sleeping
2026-09-15T15:09:25,155,1,systemd-timesyncd,/usr/lib/systemd/systemd-timesyncd,0.0,0.1,0.0,0.0,1.0,2,sleeping
2026-09-15T15:09:25,165,1,cron,/usr/sbin/cron -f -P,0.0,0.0337,0.0,0.0,0.0,1,sleeping
2026-09-15T15:09:25,166,1,dbus-daemon,@dbus-daemon --system --address=systemd: --nofork --nopidfile --systemd-activation --syslog-only,0.0,0.0684,0.0,0.0,1.0,1,sleeping
2026-09-15T15:09:25,192,1,systemd-logind,/usr/lib/systemd/systemd-logind,0.0,0.1104,0.0,0.0,5.99,1,sleeping
2026-09-15T15:09:25,207,1,rsyslogd,/usr/sbin/rsyslogd -n -iNONE,0.0,0.075,0.0,0.0,0.0,4,sleeping
2026-09-15T15:09:25,218,1,agetty,/sbin/agetty -o -p -- \u --noclear - linux,0.0,0.0248,0.0,0.0,0.0,1,sleeping
2026-09-15T15:09:25,219,1,unattended-upgr,/usr/bin/python3 /usr/share/unattended-upgrades/unattended-upgrade-shutdown --wait-for-signal,0.0,0.2915,0.0,0.0,0.0,2,sleeping
2026-09-15T15:09:25,248,1,apache2,/usr/sbin/apache2 -k start,0.0,0.0643,0.0,0.0,1.0,1,sleeping
2026-09-15T15:09:25,251,248,apache2,/usr/sbin/apache2 -k start,0.0,0.0733,0.0,0.0,0.0,27,sleeping
2026-09-15T15:09:25,252,248,apache2,/usr/sbin/apache2 -k start,0.0,0.0733,0.0,0.0,0.0,27,sleeping
2026-09-15T15:09:25,371,2,SessionLeader,/init,0.0,0.014,0.0,0.0,0.0,1,sleeping
2026-09-15T15:09:25,372,371,Relay(373),/init,0.0,0.0158,0.0,0.0,0.5,1,sleeping
2026-09-15T15:09:25,373,372,bash,-bash,0.0,0.0694,0.0,0.0,0.0,1,sleeping
2026-09-15T15:09:25,374,2,login,/bin/login -f      ,0.0,0.0583,0.0,0.0,0.0,1,sleeping
2026-09-15T15:09:25,418,1,systemd,/usr/lib/systemd/systemd --user,0.0,0.1459,0.0,0.0,1.0,1,sleeping
2026-09-15T15:09:25,419,418,(sd-pam),(sd-pam),0.0,0.0452,0.0,0.0,0.0,1,sleeping
2026-09-15T15:09:25,445,374,bash,-bash,0.0,0.0676,0.0,0.0,0.0,1,sleeping
2026-09-15T15:09:25,3904,1,polkitd,/usr/lib/polkit-1/polkitd --no-debug,0.0,0.1009,0.0,0.0,0.0,4,sleeping
2026-09-15T15:09:25,4103,2,SessionLeader,/init,0.0,0.0141,0.0,0.0,0.0,1,sleeping
2026-09-15T15:09:25,4104,4103,Relay(4106),/init,0.0,0.0159,0.0,0.0,0.5,1,sleeping
2026-09-15T15:09:25,4106,4104,bash,-bash,0.0,0.0692,0.0,0.0,0.0,1,sleeping
2026-09-15T15:09:25,8674,2,SessionLeader,/init,0.0,0.0141,0.0,0.0,0.0,1,sleeping
2026-09-15T15:09:25,8675,8674,Relay(8678),/init,0.0,0.0143,0.0,0.0,0.0,1,sleeping
2026-09-15T15:09:25,8678,8675,bash,-bash,0.0,0.0698,0.0,0.0,0.0,1,sleeping
2026-09-15T15:09:25,8879,2,SessionLeader,/init,0.0,0.0141,0.0,0.0,0.0,1,sleeping
2026-09-15T15:09:25,8880,8879,Relay(8884),/init,0.0,0.0143,0.0,0.0,0.0,1,sleeping
2026-09-15T15:09:25,8884,8880,bash,-bash,0.0,0.0693,0.0,0.0,0.0,1,sleeping
2026-09-15T15:09:25,8988,2,SessionLeader,/init,0.0,0.0141,0.0,0.0,0.0,1,sleeping
2026-09-15T15:09:25,8989,8988,Relay(8993),/init,0.0,0.0159,0.0,0.0,0.0,1,sleeping
2026-09-15T15:09:25,8993,8989,bash,-bash,0.0,0.0696,0.0,0.0,0.0,1,sleeping
2026-09-15T15:09:25,9202,2,SessionLeader,/init,0.0,0.0141,0.0,0.0,0.0,1,sleeping
2026-09-15T15:09:25,9204,9202,Relay(9208),/init,0.0,0.0143,0.0,0.0,0.0,1,sleeping
2026-09-15T15:09:25,9208,9204,bash,-bash,0.0,0.0693,0.0,0.0,0.0,1,sleeping
2026-09-15T15:09:25,9241,373,top,top,0.0,0.0704,0.0,0.0,0.5,1,sleeping
2026-09-15T15:09:25,9652,1,wsl-pro-service,/usr/libexec/wsl-pro-service,0.0,0.1687,0.0,0.0,0.0,8,sleeping
2026-09-15T15:09:25,9795,2,SessionLeader,/init,0.0,0.0141,0.0,0.0,0.0,1,sleeping
2026-09-15T15:09:25,9796,9795,Relay(9803),/init,0.0,0.0143,0.0,0.0,0.0,1,sleeping
2026-09-15T15:09:25,9803,9796,bash,-bash,0.0,0.0695,0.0,0.0,0.0,1,sleeping
2026-09-15T15:09:25,9834,9803,python,python workloads/memory/memory_workload.py,99.8,6.5692,0.0,0.0,2.99,1,running
2026-09-15T15:09:27,1,0,systemd,/sbin/init,0.0,0.1662,0.0,0.0,0.0,1,sleeping
2026-09-15T15:09:27,2,1,init-systemd(Ub,/init,0.0,0.0278,0.0,0.0,0.0,2,sleeping
2026-09-15T15:09:27,7,2,init,plan9 --control-socket 7 --log-level 4 --server-fd 8 --pipe-fd 10 --log-truncate,0.0,0.0268,0.0,0.0,0.0,2,sleeping
2026-09-15T15:09:27,40,1,systemd-journald,/usr/lib/systemd/systemd-journald,0.0,0.2,0.0,0.0,0.0,1,sleeping
2026-09-15T15:09:27,96,1,systemd-udevd,/usr/lib/systemd/systemd-udevd,0.0,0.0802,0.0,0.0,0.0,1,sleeping
2026-09-15T15:09:27,154,1,systemd-resolved,/usr/lib/systemd/systemd-resolved,0.0,0.1666,0.0,0.0,0.0,1,sleeping
2026-09-15T15:09:27,155,1,systemd-timesyncd,/usr/lib/systemd/systemd-timesyncd,0.0,0.1,0.0,0.0,0.0,2,sleeping
2026-09-15T15:09:27,165,1,cron,/usr/sbin/cron -f -P,0.0,0.0337,0.0,0.0,0.0,1,sleeping
2026-09-15T15:09:27,166,1,dbus-daemon,@dbus-daemon --system --address=systemd: --nofork --nopidfile --systemd-activation --syslog-only,0.0,0.0684,0.0,0.0,0.0,1,sleeping
2026-09-15T15:09:27,192,1,systemd-logind,/usr/lib/systemd/systemd-logind,0.0,0.1104,0.0,0.0,0.0,1,sleeping
2026-09-15T15:09:27,207,1,rsyslogd,/usr/sbin/rsyslogd -n -iNONE,0.0,0.075,0.0,0.0,0.0,4,sleeping
2026-09-15T15:09:27,218,1,agetty,/sbin/agetty -o -p -- \u --noclear - linux,0.0,0.0248,0.0,0.0,0.0,1,sleeping
2026-09-15T15:09:27,219,1,unattended-upgr,/usr/bin/python3 /usr/share/unattended-upgrades/unattended-upgrade-shutdown --wait-for-signal,0.0,0.2915,0.0,0.0,0.0,2,sleeping
2026-09-15T15:09:27,248,1,apache2,/usr/sbin/apache2 -k start,0.0,0.0643,0.0,0.0,1.0,1,sleeping
2026-09-15T15:09:27,251,248,apache2,/usr/sbin/apache2 -k start,0.0,0.0733,0.0,0.0,0.0,27,sleeping
2026-09-15T15:09:27,252,248,apache2,/usr/sbin/apache2 -k start,0.0,0.0733,0.0,0.0,0.0,27,sleeping
2026-09-15T15:09:27,371,2,SessionLeader,/init,0.0,0.014,0.0,0.0,0.0,1,sleeping
2026-09-15T15:09:27,372,371,Relay(373),/init,0.0,0.0158,0.0,0.0,0.0,1,sleeping
2026-09-15T15:09:27,373,372,bash,-bash,0.0,0.0694,0.0,0.0,0.0,1,sleeping
2026-09-15T15:09:27,374,2,login,/bin/login -f      ,0.0,0.0583,0.0,0.0,0.0,1,sleeping
2026-09-15T15:09:27,418,1,systemd,/usr/lib/systemd/systemd --user,0.0,0.1459,0.0,0.0,0.0,1,sleeping
2026-09-15T15:09:27,419,418,(sd-pam),(sd-pam),0.0,0.0452,0.0,0.0,0.0,1,sleeping
2026-09-15T15:09:27,445,374,bash,-bash,0.0,0.0676,0.0,0.0,0.0,1,sleeping
2026-09-15T15:09:27,3904,1,polkitd,/usr/lib/polkit-1/polkitd --no-debug,0.0,0.1009,0.0,0.0,0.0,4,sleeping
2026-09-15T15:09:27,4103,2,SessionLeader,/init,0.0,0.0141,0.0,0.0,0.0,1,sleeping
2026-09-15T15:09:27,4104,4103,Relay(4106),/init,0.0,0.0159,0.0,0.0,0.5,1,sleeping
2026-09-15T15:09:27,4106,4104,bash,-bash,0.0,0.0692,0.0,0.0,0.0,1,sleeping
2026-09-15T15:09:27,8674,2,SessionLeader,/init,0.0,0.0141,0.0,0.0,0.0,1,sleeping
2026-09-15T15:09:27,8675,8674,Relay(8678),/init,0.0,0.0143,0.0,0.0,0.0,1,sleeping
2026-09-15T15:09:27,8678,8675,bash,-bash,0.0,0.0698,0.0,0.0,0.0,1,sleeping
2026-09-15T15:09:27,8879,2,SessionLeader,/init,0.0,0.0141,0.0,0.0,0.0,1,sleeping
2026-09-15T15:09:27,8880,8879,Relay(8884),/init,0.0,0.0143,0.0,0.0,0.0,1,sleeping
2026-09-15T15:09:27,8884,8880,bash,-bash,0.0,0.0693,0.0,0.0,0.0,1,sleeping
2026-09-15T15:09:27,8988,2,SessionLeader,/init,0.0,0.0141,0.0,0.0,0.0,1,sleeping
2026-09-15T15:09:27,8989,8988,Relay(8993),/init,0.0,0.0159,0.0,0.0,0.0,1,sleeping
2026-09-15T15:09:27,8993,8989,bash,-bash,0.0,0.0696,0.0,0.0,0.0,1,sleeping
2026-09-15T15:09:27,9202,2,SessionLeader,/init,0.0,0.0141,0.0,0.0,0.0,1,sleeping
2026-09-15T15:09:27,9204,9202,Relay(9208),/init,0.0,0.0143,0.0,0.0,0.0,1,sleeping
2026-09-15T15:09:27,9208,9204,bash,-bash,0.0,0.0693,0.0,0.0,0.0,1,sleeping
2026-09-15T15:09:27,9241,373,top,top,0.0,0.0704,0.0,0.0,0.0,1,sleeping
2026-09-15T15:09:27,9652,1,wsl-pro-service,/usr/libexec/wsl-pro-service,0.0,0.1687,0.0,0.0,0.0,8,sleeping
2026-09-15T15:09:27,9795,2,SessionLeader,/init,0.0,0.0141,0.0,0.0,0.0,1,sleeping
2026-09-15T15:09:27,9796,9795,Relay(9803),/init,0.0,0.0143,0.0,0.0,0.0,1,sleeping
2026-09-15T15:09:27,9803,9796,bash,-bash,0.0,0.0695,0.0,0.0,0.0,1,sleeping
2026-09-15T15:09:27,9834,9803,python,python workloads/memory/memory_workload.py,100.3,6.5692,0.0,0.0,6.49,1,running
2026-09-15T15:09:34,1,0,systemd,/sbin/init,0.0,0.1662,0.0,0.0,0.13,1,sleeping
2026-09-15T15:09:34,2,1,init-systemd(Ub,/init,0.0,0.0278,0.0,0.0,0.0,2,sleeping
2026-09-15T15:09:34,7,2,init,plan9 --control-socket 7 --log-level 4 --server-fd 8 --pipe-fd 10 --log-truncate,0.0,0.0268,0.0,0.0,0.0,2,sleeping
2026-09-15T15:09:34,40,1,systemd-journald,/usr/lib/systemd/systemd-journald,0.0,0.2,0.0,0.0,0.13,1,sleeping
2026-09-15T15:09:34,96,1,systemd-udevd,/usr/lib/systemd/systemd-udevd,0.0,0.0802,0.0,0.0,0.0,1,sleeping
2026-09-15T15:09:34,154,1,systemd-resolved,/usr/lib/systemd/systemd-resolved,0.0,0.1666,0.0,0.0,0.13,1,sleeping
2026-09-15T15:09:34,155,1,systemd-timesyncd,/usr/lib/systemd/systemd-timesyncd,0.0,0.1,0.0,0.0,0.13,2,sleeping
2026-09-15T15:09:34,165,1,cron,/usr/sbin/cron -f -P,0.0,0.0337,0.0,0.0,0.0,1,sleeping
2026-09-15T15:09:34,166,1,dbus-daemon,@dbus-daemon --system --address=systemd: --nofork --nopidfile --systemd-activation --syslog-only,0.0,0.0684,0.0,0.0,0.13,1,sleeping
2026-09-15T15:09:34,192,1,systemd-logind,/usr/lib/systemd/systemd-logind,0.0,0.1104,0.0,0.0,0.4,1,sleeping
2026-09-15T15:09:34,207,1,rsyslogd,/usr/sbin/rsyslogd -n -iNONE,0.0,0.075,0.0,0.0,0.0,4,sleeping
2026-09-15T15:09:34,218,1,agetty,/sbin/agetty -o -p -- \u --noclear - linux,0.0,0.0248,0.0,0.0,0.0,1,sleeping
2026-09-15T15:09:34,219,1,unattended-upgr,/usr/bin/python3 /usr/share/unattended-upgrades/unattended-upgrade-shutdown --wait-for-signal,0.0,0.2915,0.0,0.0,0.0,2,sleeping
2026-09-15T15:09:34,248,1,apache2,/usr/sbin/apache2 -k start,0.0,0.0643,0.0,0.0,0.27,1,sleeping
2026-09-15T15:09:34,251,248,apache2,/usr/sbin/apache2 -k start,0.0,0.0733,0.0,0.0,0.0,27,sleeping
2026-09-15T15:09:34,252,248,apache2,/usr/sbin/apache2 -k start,0.0,0.0733,0.0,0.0,0.0,27,sleeping
2026-09-15T15:09:34,371,2,SessionLeader,/init,0.0,0.014,0.0,0.0,0.0,1,sleeping
2026-09-15T15:09:34,372,371,Relay(373),/init,0.0,0.0158,0.0,0.0,0.27,1,sleeping
2026-09-15T15:09:34,373,372,bash,-bash,0.0,0.0694,0.0,0.0,0.0,1,sleeping
2026-09-15T15:09:34,374,2,login,/bin/login -f      ,0.0,0.0583,0.0,0.0,0.0,1,sleeping
2026-09-15T15:09:34,418,1,systemd,/usr/lib/systemd/systemd --user,0.0,0.1459,0.0,0.0,0.13,1,sleeping
2026-09-15T15:09:34,419,418,(sd-pam),(sd-pam),0.0,0.0452,0.0,0.0,0.0,1,sleeping
2026-09-15T15:09:34,445,374,bash,-bash,0.0,0.0676,0.0,0.0,0.0,1,sleeping
2026-09-15T15:09:34,3904,1,polkitd,/usr/lib/polkit-1/polkitd --no-debug,0.0,0.1009,0.0,0.0,0.0,4,sleeping
2026-09-15T15:09:34,4103,2,SessionLeader,/init,0.0,0.0141,0.0,0.0,0.0,1,sleeping
2026-09-15T15:09:34,4104,4103,Relay(4106),/init,0.0,0.0159,0.0,0.0,0.13,1,sleeping
2026-09-15T15:09:34,4106,4104,bash,-bash,0.0,0.0692,0.0,0.0,0.0,1,sleeping
2026-09-15T15:09:34,8674,2,SessionLeader,/init,0.0,0.0141,0.0,0.0,0.0,1,sleeping
2026-09-15T15:09:34,8675,8674,Relay(8678),/init,0.0,0.0143,0.0,0.0,0.0,1,sleeping
2026-09-15T15:09:34,8678,8675,bash,-bash,0.0,0.0698,0.0,0.0,0.0,1,sleeping
2026-09-15T15:09:34,8879,2,SessionLeader,/init,0.0,0.0141,0.0,0.0,0.0,1,sleeping
2026-09-15T15:09:34,8880,8879,Relay(8884),/init,0.0,0.0143,0.0,0.0,0.0,1,sleeping
2026-09-15T15:09:34,8884,8880,bash,-bash,0.0,0.0693,0.0,0.0,0.0,1,sleeping
2026-09-15T15:09:34,8988,2,SessionLeader,/init,0.0,0.0141,0.0,0.0,0.0,1,sleeping
2026-09-15T15:09:34,8989,8988,Relay(8993),/init,0.0,0.0159,0.0,0.0,0.0,1,sleeping
2026-09-15T15:09:34,8993,8989,bash,-bash,0.0,0.0696,0.0,0.0,0.0,1,sleeping
2026-09-15T15:09:34,9202,2,SessionLeader,/init,0.0,0.0141,0.0,0.0,0.0,1,sleeping
2026-09-15T15:09:34,9204,9202,Relay(9208),/init,0.0,0.0143,0.0,0.0,0.0,1,sleeping
2026-09-15T15:09:34,9208,9204,bash,-bash,0.0,0.0693,0.0,0.0,0.0,1,sleeping
2026-09-15T15:09:34,9241,373,top,top,0.0,0.0704,0.0,0.0,0.13,1,sleeping
2026-09-15T15:09:34,9652,1,wsl-pro-service,/usr/libexec/wsl-pro-service,0.0,0.1687,0.0,0.0,0.0,8,sleeping
2026-09-15T15:09:34,9795,2,SessionLeader,/init,0.0,0.0141,0.0,0.0,0.0,1,sleeping
2026-09-15T15:09:34,9796,9795,Relay(9803),/init,0.0,0.0143,0.0,0.0,0.0,1,sleeping
2026-09-15T15:09:34,9803,9796,bash,-bash,0.0,0.0695,0.0,0.0,0.0,1,sleeping
2026-09-15T15:09:34,9834,9803,python,python workloads/memory/memory_workload.py,99.8,6.5692,0.0,0.0,0.94,1,running
2026-09-15T15:09:31,1,0,systemd,/sbin/init,0.0,0.1662,0,0,0,1,sleeping
2026-09-15T15:09:31,2,1,init-systemd(Ub,/init,0.0,0.0278,0,0,0,2,sleeping
2026-09-15T15:09:31,7,2,init,plan9 --control-socket 7 --log-level 4 --server-fd 8 --pipe-fd 10 --log-truncate,0.0,0.0268,0,0,0,2,sleeping
2026-09-15T15:09:31,40,1,systemd-journald,/usr/lib/systemd/systemd-journald,1.5,0.2,0,0,0,1,sleeping
2026-09-15T15:09:31,96,1,systemd-udevd,/usr/lib/systemd/systemd-udevd,0.0,0.0802,0,0,0,1,sleeping
2026-09-15T15:09:31,154,1,systemd-resolved,/usr/lib/systemd/systemd-resolved,0.0,0.1666,0,0,0,1,sleeping
2026-09-15T15:09:31,155,1,systemd-timesyncd,/usr/lib/systemd/systemd-timesyncd,0.0,0.1,0,0,0,2,sleeping
2026-09-15T15:09:31,165,1,cron,/usr/sbin/cron -f -P,0.0,0.0337,0,0,0,1,sleeping
2026-09-15T15:09:31,166,1,dbus-daemon,@dbus-daemon --system --address=systemd: --nofork --nopidfile --systemd-activation --syslog-only,0.0,0.0684,0,0,0,1,sleeping
2026-09-15T15:09:31,192,1,systemd-logind,/usr/lib/systemd/systemd-logind,0.0,0.1104,0,0,0,1,sleeping
2026-09-15T15:09:31,207,1,rsyslogd,/usr/sbin/rsyslogd -n -iNONE,0.0,0.075,0,0,0,4,sleeping
2026-09-15T15:09:31,218,1,agetty,/sbin/agetty -o -p -- \u --noclear - linux,0.0,0.0248,0,0,0,1,sleeping
2026-09-15T15:09:31,219,1,unattended-upgr,/usr/bin/python3 /usr/share/unattended-upgrades/unattended-upgrade-shutdown --wait-for-signal,0.0,0.2915,0,0,0,2,sleeping
2026-09-15T15:09:31,248,1,apache2,/usr/sbin/apache2 -k start,0.0,0.0643,0,0,0,1,sleeping
2026-09-15T15:09:31,251,248,apache2,/usr/sbin/apache2 -k start,0.0,0.0733,0,0,0,27,sleeping
2026-09-15T15:09:31,252,248,apache2,/usr/sbin/apache2 -k start,0.0,0.0733,0,0,0,27,sleeping
2026-09-15T15:09:31,371,2,SessionLeader,/init,0.0,0.014,0,0,0,1,sleeping
2026-09-15T15:09:31,372,371,Relay(373),/init,0.0,0.0158,0,0,0,1,sleeping
2026-09-15T15:09:31,373,372,bash,-bash,0.0,0.0694,0,0,0,1,sleeping
2026-09-15T15:09:31,374,2,login,/bin/login -f      ,0.0,0.0583,0,0,0,1,sleeping
2026-09-15T15:09:31,418,1,systemd,/usr/lib/systemd/systemd --user,0.0,0.1459,0,0,0,1,sleeping
2026-09-15T15:09:31,419,418,(sd-pam),(sd-pam),0.0,0.0452,0,0,0,1,sleeping
2026-09-15T15:09:31,445,374,bash,-bash,0.0,0.0676,0,0,0,1,sleeping
2026-09-15T15:09:31,3904,1,polkitd,/usr/lib/polkit-1/polkitd --no-debug,0.0,0.1009,0,0,0,4,sleeping
2026-09-15T15:09:31,4103,2,SessionLeader,/init,0.0,0.0141,0,0,0,1,sleeping
2026-09-15T15:09:31,4104,4103,Relay(4106),/init,0.0,0.0159,0,0,0,1,sleeping
2026-09-15T15:09:31,4106,4104,bash,-bash,0.0,0.0692,0,0,0,1,sleeping
2026-09-15T15:09:31,8674,2,SessionLeader,/init,0.0,0.0141,0,0,0,1,sleeping
2026-09-15T15:09:31,8675,8674,Relay(8678),/init,0.0,0.0143,0,0,0,1,sleeping
2026-09-15T15:09:31,8678,8675,bash,-bash,0.0,0.0698,0,0,0,1,sleeping
2026-09-15T15:09:31,8879,2,SessionLeader,/init,0.0,0.0141,0,0,0,1,sleeping
2026-09-15T15:09:31,8880,8879,Relay(8884),/init,0.0,0.0143,0,0,0,1,sleeping
2026-09-15T15:09:31,8884,8880,bash,-bash,0.0,0.0693,0,0,0,1,sleeping
2026-09-15T15:09:31,8988,2,SessionLeader,/init,0.0,0.0141,0,0,0,1,sleeping
2026-09-15T15:09:31,8989,8988,Relay(8993),/init,0.0,0.0159,0,0,0,1,sleeping
2026-09-15T15:09:31,8993,8989,bash,-bash,0.0,0.0696,0,0,0,1,sleeping
2026-09-15T15:09:31,9202,2,SessionLeader,/init,0.0,0.0141,0,0,0,1,sleeping
2026-09-15T15:09:31,9204,9202,Relay(9208),/init,0.0,0.0143,0,0,0,1,sleeping
2026-09-15T15:09:31,9208,9204,bash,-bash,0.0,0.0693,0,0,0,1,sleeping
2026-09-15T15:09:31,9241,373,top,top,0.0,0.0704,0,0,0,1,sleeping
2026-09-15T15:09:31,9652,1,wsl-pro-service,/usr/libexec/wsl-pro-service,0.0,0.1687,0,0,0,8,sleeping
2026-09-15T15:09:31,9795,2,SessionLeader,/init,0.0,0.0141,0,0,0,1,sleeping
2026-09-15T15:09:31,9796,9795,Relay(9803),/init,0.0,0.0143,0,0,0,1,sleeping
2026-09-15T15:09:31,9803,9796,bash,-bash,0.0,0.0695,0,0,0,1,sleeping
2026-09-15T15:09:31,9834,9803,python,python workloads/memory/memory_workload.py,99.8,6.5692,0,0,0,1,running
2026-09-15T15:09:33,1,0,systemd,/sbin/init,0.0,0.1662,0.0,0.0,0.0,1,sleeping
2026-09-15T15:09:33,2,1,init-systemd(Ub,/init,0.0,0.0278,0.0,0.0,0.0,2,sleeping
2026-09-15T15:09:33,7,2,init,plan9 --control-socket 7 --log-level 4 --server-fd 8 --pipe-fd 10 --log-truncate,0.0,0.0268,0.0,0.0,0.0,2,sleeping
2026-09-15T15:09:33,40,1,systemd-journald,/usr/lib/systemd/systemd-journald,0.0,0.2,0.0,0.0,0.0,1,sleeping
2026-09-15T15:09:33,96,1,systemd-udevd,/usr/lib/systemd/systemd-udevd,0.0,0.0802,0.0,0.0,0.0,1,sleeping
2026-09-15T15:09:33,154,1,systemd-resolved,/usr/lib/systemd/systemd-resolved,0.0,0.1666,0.0,0.0,0.0,1,sleeping
2026-09-15T15:09:33,155,1,systemd-timesyncd,/usr/lib/systemd/systemd-timesyncd,0.0,0.1,0.0,0.0,0.0,2,sleeping
2026-09-15T15:09:33,165,1,cron,/usr/sbin/cron -f -P,0.0,0.0337,0.0,0.0,0.0,1,sleeping
2026-09-15T15:09:33,166,1,dbus-daemon,@dbus-daemon --system --address=systemd: --nofork --nopidfile --systemd-activation --syslog-only,0.0,0.0684,0.0,0.0,0.0,1,sleeping
2026-09-15T15:09:33,192,1,systemd-logind,/usr/lib/systemd/systemd-logind,0.0,0.1104,0.0,0.0,0.0,1,sleeping
2026-09-15T15:09:33,207,1,rsyslogd,/usr/sbin/rsyslogd -n -iNONE,0.0,0.075,0.0,0.0,0.0,4,sleeping
2026-09-15T15:09:33,218,1,agetty,/sbin/agetty -o -p -- \u --noclear - linux,0.0,0.0248,0.0,0.0,0.0,1,sleeping
2026-09-15T15:09:33,219,1,unattended-upgr,/usr/bin/python3 /usr/share/unattended-upgrades/unattended-upgrade-shutdown --wait-for-signal,0.0,0.2915,0.0,0.0,0.0,2,sleeping
2026-09-15T15:09:33,248,1,apache2,/usr/sbin/apache2 -k start,0.0,0.0643,0.0,0.0,1.0,1,sleeping
2026-09-15T15:09:33,251,248,apache2,/usr/sbin/apache2 -k start,0.0,0.0733,0.0,0.0,0.0,27,sleeping
2026-09-15T15:09:33,252,248,apache2,/usr/sbin/apache2 -k start,0.0,0.0733,0.0,0.0,0.0,27,sleeping
2026-09-15T15:09:33,371,2,SessionLeader,/init,0.0,0.014,0.0,0.0,0.0,1,sleeping
2026-09-15T15:09:33,372,371,Relay(373),/init,0.0,0.0158,0.0,0.0,0.0,1,sleeping
2026-09-15T15:09:33,373,372,bash,-bash,0.0,0.0694,0.0,0.0,0.0,1,sleeping
2026-09-15T15:09:33,374,2,login,/bin/login -f      ,0.0,0.0583,0.0,0.0,0.0,1,sleeping
2026-09-15T15:09:33,418,1,systemd,/usr/lib/systemd/systemd --user,0.0,0.1459,0.0,0.0,0.0,1,sleeping
2026-09-15T15:09:33,419,418,(sd-pam),(sd-pam),0.0,0.0452,0.0,0.0,0.0,1,sleeping
2026-09-15T15:09:33,445,374,bash,-bash,0.0,0.0676,0.0,0.0,0.0,1,sleeping
2026-09-15T15:09:33,3904,1,polkitd,/usr/lib/polkit-1/polkitd --no-debug,0.0,0.1009,0.0,0.0,0.0,4,sleeping
2026-09-15T15:09:33,4103,2,SessionLeader,/init,0.0,0.0141,0.0,0.0,0.0,1,sleeping
2026-09-15T15:09:33,4104,4103,Relay(4106),/init,0.0,0.0159,0.0,0.0,0.5,1,sleeping
2026-09-15T15:09:33,4106,4104,bash,-bash,0.0,0.0692,0.0,0.0,0.0,1,sleeping
2026-09-15T15:09:33,8674,2,SessionLeader,/init,0.0,0.0141,0.0,0.0,0.0,1,sleeping
2026-09-15T15:09:33,8675,8674,Relay(8678),/init,0.0,0.0143,0.0,0.0,0.0,1,sleeping
2026-09-15T15:09:33,8678,8675,bash,-bash,0.0,0.0698,0.0,0.0,0.0,1,sleeping
2026-09-15T15:09:33,8879,2,SessionLeader,/init,0.0,0.0141,0.0,0.0,0.0,1,sleeping
2026-09-15T15:09:33,8880,8879,Relay(8884),/init,0.0,0.0143,0.0,0.0,0.0,1,sleeping
2026-09-15T15:09:33,8884,8880,bash,-bash,0.0,0.0693,0.0,0.0,0.0,1,sleeping
2026-09-15T15:09:33,8988,2,SessionLeader,/init,0.0,0.0141,0.0,0.0,0.0,1,sleeping
2026-09-15T15:09:33,8989,8988,Relay(8993),/init,0.0,0.0159,0.0,0.0,0.0,1,sleeping
2026-09-15T15:09:33,8993,8989,bash,-bash,0.0,0.0696,0.0,0.0,0.0,1,sleeping
2026-09-15T15:09:33,9202,2,SessionLeader,/init,0.0,0.0141,0.0,0.0,0.0,1,sleeping
2026-09-15T15:09:33,9204,9202,Relay(9208),/init,0.0,0.0143,0.0,0.0,0.0,1,sleeping
2026-09-15T15:09:33,9208,9204,bash,-bash,0.0,0.0693,0.0,0.0,0.0,1,sleeping
2026-09-15T15:09:33,9241,373,top,top,0.0,0.0704,0.0,0.0,0.0,1,sleeping
2026-09-15T15:09:33,9652,1,wsl-pro-service,/usr/libexec/wsl-pro-service,0.0,0.1687,0.0,0.0,0.0,8,sleeping
2026-09-15T15:09:33,9795,2,SessionLeader,/init,0.0,0.0141,0.0,0.0,0.0,1,sleeping
2026-09-15T15:09:33,9796,9795,Relay(9803),/init,0.0,0.0143,0.0,0.0,0.0,1,sleeping
2026-09-15T15:09:33,9803,9796,bash,-bash,0.0,0.0695,0.0,0.0,0.0,1,sleeping
2026-09-15T15:09:33,9834,9803,python,python workloads/memory/memory_workload.py,99.8,6.5692,0.0,0.0,5.49,1,running
2026-09-15T15:09:35,1,0,systemd,/sbin/init,0.0,0.1662,0.0,0.0,1.0,1,sleeping
2026-09-15T15:09:35,2,1,init-systemd(Ub,/init,0.0,0.0278,0.0,0.0,0.0,2,sleeping
2026-09-15T15:09:35,7,2,init,plan9 --control-socket 7 --log-level 4 --server-fd 8 --pipe-fd 10 --log-truncate,0.0,0.0268,0.0,0.0,0.0,2,sleeping
2026-09-15T15:09:35,40,1,systemd-journald,/usr/lib/systemd/systemd-journald,2.0,0.2001,0.0,0.0,6.99,1,sleeping
2026-09-15T15:09:35,96,1,systemd-udevd,/usr/lib/systemd/systemd-udevd,0.0,0.0802,0.0,0.0,0.0,1,sleeping
2026-09-15T15:09:35,154,1,systemd-resolved,/usr/lib/systemd/systemd-resolved,0.0,0.1666,0.0,0.0,1.0,1,sleeping
2026-09-15T15:09:35,155,1,systemd-timesyncd,/usr/lib/systemd/systemd-timesyncd,0.0,0.1,0.0,0.0,1.0,2,sleeping
2026-09-15T15:09:35,165,1,cron,/usr/sbin/cron -f -P,0.0,0.0337,0.0,0.0,0.0,1,sleeping
2026-09-15T15:09:35,166,1,dbus-daemon,@dbus-daemon --system --address=systemd: --nofork --nopidfile --systemd-activation --syslog-only,0.0,0.0684,0.0,0.0,1.5,1,sleeping
2026-09-15T15:09:35,192,1,systemd-logind,/usr/lib/systemd/systemd-logind,0.0,0.1104,0.0,0.0,2.5,1,sleeping
2026-09-15T15:09:35,207,1,rsyslogd,/usr/sbin/rsyslogd -n -iNONE,0.0,0.075,0.0,0.0,0.0,4,sleeping
2026-09-15T15:09:35,218,1,agetty,/sbin/agetty -o -p -- \u --noclear - linux,0.0,0.0248,0.0,0.0,0.0,1,sleeping
2026-09-15T15:09:35,219,1,unattended-upgr,/usr/bin/python3 /usr/share/unattended-upgrades/unattended-upgrade-shutdown --wait-for-signal,0.0,0.2915,0.0,0.0,0.0,2,sleeping
2026-09-15T15:09:35,248,1,apache2,/usr/sbin/apache2 -k start,0.0,0.0643,0.0,0.0,1.0,1,sleeping
2026-09-15T15:09:35,251,248,apache2,/usr/sbin/apache2 -k start,0.0,0.0733,0.0,0.0,0.0,27,sleeping
2026-09-15T15:09:35,252,248,apache2,/usr/sbin/apache2 -k start,0.0,0.0733,0.0,0.0,0.0,27,sleeping
2026-09-15T15:09:35,371,2,SessionLeader,/init,0.0,0.014,0.0,0.0,0.0,1,sleeping
2026-09-15T15:09:35,372,371,Relay(373),/init,0.0,0.0158,0.0,0.0,0.5,1,sleeping
2026-09-15T15:09:35,373,372,bash,-bash,0.0,0.0694,0.0,0.0,0.0,1,sleeping
2026-09-15T15:09:35,374,2,login,/bin/login -f      ,0.0,0.0583,0.0,0.0,0.0,1,sleeping
2026-09-15T15:09:35,418,1,systemd,/usr/lib/systemd/systemd --user,0.0,0.1459,0.0,0.0,1.0,1,sleeping
2026-09-15T15:09:35,419,418,(sd-pam),(sd-pam),0.0,0.0452,0.0,0.0,0.0,1,sleeping
2026-09-15T15:09:35,445,374,bash,-bash,0.0,0.0676,0.0,0.0,0.0,1,sleeping
2026-09-15T15:09:35,3904,1,polkitd,/usr/lib/polkit-1/polkitd --no-debug,0.0,0.1009,0.0,0.0,0.0,4,sleeping
2026-09-15T15:09:35,4103,2,SessionLeader,/init,0.0,0.0141,0.0,0.0,0.0,1,sleeping
2026-09-15T15:09:35,4104,4103,Relay(4106),/init,0.0,0.0159,0.0,0.0,0.5,1,sleeping
2026-09-15T15:09:35,4106,4104,bash,-bash,0.0,0.0692,0.0,0.0,0.0,1,sleeping
2026-09-15T15:09:35,8674,2,SessionLeader,/init,0.0,0.0141,0.0,0.0,0.0,1,sleeping
2026-09-15T15:09:35,8675,8674,Relay(8678),/init,0.0,0.0143,0.0,0.0,0.0,1,sleeping
2026-09-15T15:09:35,8678,8675,bash,-bash,0.0,0.0698,0.0,0.0,0.0,1,sleeping
2026-09-15T15:09:35,8879,2,SessionLeader,/init,0.0,0.0141,0.0,0.0,0.0,1,sleeping
2026-09-15T15:09:35,8880,8879,Relay(8884),/init,0.0,0.0143,0.0,0.0,0.0,1,sleeping
2026-09-15T15:09:35,8884,8880,bash,-bash,0.0,0.0693,0.0,0.0,0.0,1,sleeping
2026-09-15T15:09:35,8988,2,SessionLeader,/init,0.0,0.0141,0.0,0.0,0.0,1,sleeping
2026-09-15T15:09:35,8989,8988,Relay(8993),/init,0.0,0.0159,0.0,0.0,0.0,1,sleeping
2026-09-15T15:09:35,8993,8989,bash,-bash,0.0,0.0696,0.0,0.0,0.0,1,sleeping
2026-09-15T15:09:35,9202,2,SessionLeader,/init,0.0,0.0141,0.0,0.0,0.0,1,sleeping
2026-09-15T15:09:35,9204,9202,Relay(9208),/init,0.0,0.0143,0.0,0.0,0.0,1,sleeping
2026-09-15T15:09:35,9208,9204,bash,-bash,0.0,0.0693,0.0,0.0,0.0,1,sleeping
2026-09-15T15:09:35,9241,373,top,top,0.5,0.0704,0.0,0.0,0.5,1,sleeping
2026-09-15T15:09:35,9652,1,wsl-pro-service,/usr/libexec/wsl-pro-service,0.0,0.1687,0.0,0.0,0.0,8,sleeping
2026-09-15T15:09:35,9795,2,SessionLeader,/init,0.0,0.0141,0.0,0.0,0.0,1,sleeping
2026-09-15T15:09:35,9796,9795,Relay(9803),/init,0.0,0.0143,0.0,0.0,1.0,1,sleeping
2026-09-15T15:09:35,9803,9796,bash,-bash,0.0,0.0695,2045.5,0.0,0.5,1,sleeping
2026-09-15T15:09:37,1,0,systemd,/sbin/init,0.0,0.1662,0.0,0.0,0.0,1,sleeping
2026-09-15T15:09:37,2,1,init-systemd(Ub,/init,0.0,0.0278,0.0,0.0,0.0,2,sleeping
2026-09-15T15:09:37,7,2,init,plan9 --control-socket 7 --log-level 4 --server-fd 8 --pipe-fd 10 --log-truncate,0.0,0.0268,0.0,0.0,0.0,2,sleeping
2026-09-15T15:09:37,40,1,systemd-journald,/usr/lib/systemd/systemd-journald,0.0,0.2001,0.0,0.0,0.0,1,sleeping
2026-09-15T15:09:37,96,1,systemd-udevd,/usr/lib/systemd/systemd-udevd,0.0,0.0802,0.0,0.0,0.0,1,sleeping
2026-09-15T15:09:37,154,1,systemd-resolved,/usr/lib/systemd/systemd-resolved,0.0,0.1666,0.0,0.0,0.0,1,sleeping
2026-09-15T15:09:37,155,1,systemd-timesyncd,/usr/lib/systemd/systemd-timesyncd,0.0,0.1,0.0,0.0,0.0,2,sleeping
2026-09-15T15:09:37,165,1,cron,/usr/sbin/cron -f -P,0.0,0.0337,0.0,0.0,0.0,1,sleeping
2026-09-15T15:09:37,166,1,dbus-daemon,@dbus-daemon --system --address=systemd: --nofork --nopidfile --systemd-activation --syslog-only,0.0,0.0684,0.0,0.0,0.0,1,sleeping
2026-09-15T15:09:37,192,1,systemd-logind,/usr/lib/systemd/systemd-logind,0.0,0.1104,0.0,0.0,0.0,1,sleeping
2026-09-15T15:09:37,207,1,rsyslogd,/usr/sbin/rsyslogd -n -iNONE,0.0,0.075,0.0,0.0,0.0,4,sleeping
2026-09-15T15:09:37,218,1,agetty,/sbin/agetty -o -p -- \u --noclear - linux,0.0,0.0248,0.0,0.0,0.0,1,sleeping
2026-09-15T15:09:37,219,1,unattended-upgr,/usr/bin/python3 /usr/share/unattended-upgrades/unattended-upgrade-shutdown --wait-for-signal,0.0,0.2915,0.0,0.0,0.0,2,sleeping
2026-09-15T15:09:37,248,1,apache2,/usr/sbin/apache2 -k start,0.0,0.0643,0.0,0.0,1.0,1,sleeping
2026-09-15T15:09:37,251,248,apache2,/usr/sbin/apache2 -k start,0.0,0.0733,0.0,0.0,0.0,27,sleeping
2026-09-15T15:09:37,252,248,apache2,/usr/sbin/apache2 -k start,0.0,0.0733,0.0,0.0,0.0,27,sleeping
2026-09-15T15:09:37,371,2,SessionLeader,/init,0.0,0.014,0.0,0.0,0.0,1,sleeping
2026-09-15T15:09:37,372,371,Relay(373),/init,0.0,0.0158,0.0,0.0,1.0,1,sleeping
2026-09-15T15:09:37,373,372,bash,-bash,0.0,0.0694,0.0,0.0,0.0,1,sleeping
2026-09-15T15:09:37,374,2,login,/bin/login -f      ,0.0,0.0583,0.0,0.0,0.0,1,sleeping
2026-09-15T15:09:37,418,1,systemd,/usr/lib/systemd/systemd --user,0.0,0.1459,0.0,0.0,0.0,1,sleeping
2026-09-15T15:09:37,419,418,(sd-pam),(sd-pam),0.0,0.0452,0.0,0.0,0.0,1,sleeping
2026-09-15T15:09:37,445,374,bash,-bash,0.0,0.0676,0.0,0.0,0.0,1,sleeping
2026-09-15T15:09:37,3904,1,polkitd,/usr/lib/polkit-1/polkitd --no-debug,0.0,0.1009,0.0,0.0,0.0,4,sleeping
2026-09-15T15:09:37,4103,2,SessionLeader,/init,0.0,0.0141,0.0,0.0,0.0,1,sleeping
2026-09-15T15:09:37,4104,4103,Relay(4106),/init,0.0,0.0159,0.0,0.0,0.5,1,sleeping
2026-09-15T15:09:37,4106,4104,bash,-bash,0.0,0.0692,0.0,0.0,0.0,1,sleeping
2026-09-15T15:09:37,8674,2,SessionLeader,/init,0.0,0.0141,0.0,0.0,0.0,1,sleeping
2026-09-15T15:09:37,8675,8674,Relay(8678),/init,0.0,0.0143,0.0,0.0,0.0,1,sleeping
2026-09-15T15:09:37,8678,8675,bash,-bash,0.0,0.0698,0.0,0.0,0.0,1,sleeping
2026-09-15T15:09:37,8879,2,SessionLeader,/init,0.0,0.0141,0.0,0.0,0.0,1,sleeping
2026-09-15T15:09:37,8880,8879,Relay(8884),/init,0.0,0.0143,0.0,0.0,0.0,1,sleeping
2026-09-15T15:09:37,8884,8880,bash,-bash,0.0,0.0693,0.0,0.0,0.0,1,sleeping
2026-09-15T15:09:37,8988,2,SessionLeader,/init,0.0,0.0141,0.0,0.0,0.0,1,sleeping
2026-09-15T15:09:37,8989,8988,Relay(8993),/init,0.0,0.0159,0.0,0.0,0.0,1,sleeping
2026-09-15T15:09:37,8993,8989,bash,-bash,0.0,0.0696,0.0,0.0,0.0,1,sleeping
2026-09-15T15:09:37,9202,2,SessionLeader,/init,0.0,0.0141,0.0,0.0,0.0,1,sleeping
2026-09-15T15:09:37,9204,9202,Relay(9208),/init,0.0,0.0143,0.0,0.0,0.0,1,sleeping
2026-09-15T15:09:37,9208,9204,bash,-bash,0.0,0.0693,0.0,0.0,0.0,1,sleeping
2026-09-15T15:09:37,9241,373,top,top,0.0,0.0704,0.0,0.0,0.5,1,sleeping
2026-09-15T15:09:37,9652,1,wsl-pro-service,/usr/libexec/wsl-pro-service,0.0,0.1687,0.0,0.0,0.0,8,sleeping
2026-09-15T15:09:37,9795,2,SessionLeader,/init,0.0,0.0141,0.0,0.0,0.0,1,sleeping
2026-09-15T15:09:37,9796,9795,Relay(9803),/init,0.0,0.0143,0.0,0.0,0.0,1,sleeping
2026-09-15T15:09:37,9803,9796,bash,-bash,0.0,0.0695,0.0,0.0,0.0,1,sleeping
2026-09-15T15:09:44,1,0,systemd,/sbin/init,0.0,0.1662,0.0,0.0,0.13,1,sleeping
2026-09-15T15:09:44,2,1,init-systemd(Ub,/init,0.0,0.0278,0.0,0.0,0.0,2,sleeping
2026-09-15T15:09:44,7,2,init,plan9 --control-socket 7 --log-level 4 --server-fd 8 --pipe-fd 10 --log-truncate,0.0,0.0268,0.0,0.0,0.0,2,sleeping
2026-09-15T15:09:44,40,1,systemd-journald,/usr/lib/systemd/systemd-journald,0.0,0.2001,0.0,0.0,0.13,1,sleeping
2026-09-15T15:09:44,96,1,systemd-udevd,/usr/lib/systemd/systemd-udevd,0.0,0.0802,0.0,0.0,0.0,1,sleeping
2026-09-15T15:09:44,154,1,systemd-resolved,/usr/lib/systemd/systemd-resolved,0.0,0.1666,0.0,0.0,0.13,1,sleeping
2026-09-15T15:09:44,155,1,systemd-timesyncd,/usr/lib/systemd/systemd-timesyncd,0.0,0.1,0.0,0.0,0.13,2,sleeping
2026-09-15T15:09:44,165,1,cron,/usr/sbin/cron -f -P,0.0,0.0337,0.0,0.0,0.0,1,sleeping
2026-09-15T15:09:44,166,1,dbus-daemon,@dbus-daemon --system --address=systemd: --nofork --nopidfile --systemd-activation --syslog-only,0.0,0.0684,0.0,0.0,0.13,1,sleeping
2026-09-15T15:09:44,192,1,systemd-logind,/usr/lib/systemd/systemd-logind,0.0,0.1104,0.0,0.0,0.67,1,sleeping
2026-09-15T15:09:44,207,1,rsyslogd,/usr/sbin/rsyslogd -n -iNONE,0.0,0.075,0.0,0.0,0.0,4,sleeping
2026-09-15T15:09:44,218,1,agetty,/sbin/agetty -o -p -- \u --noclear - linux,0.0,0.0248,0.0,0.0,0.0,1,sleeping
2026-09-15T15:09:44,219,1,unattended-upgr,/usr/bin/python3 /usr/share/unattended-upgrades/unattended-upgrade-shutdown --wait-for-signal,0.0,0.2915,0.0,0.0,0.0,2,sleeping
2026-09-15T15:09:44,248,1,apache2,/usr/sbin/apache2 -k start,0.0,0.0643,0.0,0.0,0.27,1,sleeping
2026-09-15T15:09:44,251,248,apache2,/usr/sbin/apache2 -k start,0.0,0.0733,0.0,0.0,0.0,27,sleeping
2026-09-15T15:09:44,252,248,apache2,/usr/sbin/apache2 -k start,0.0,0.0733,0.0,0.0,0.0,27,sleeping
2026-09-15T15:09:44,371,2,SessionLeader,/init,0.0,0.014,0.0,0.0,0.0,1,sleeping
2026-09-15T15:09:44,372,371,Relay(373),/init,0.0,0.0158,0.0,0.0,0.0,1,sleeping
2026-09-15T15:09:44,373,372,bash,-bash,0.0,0.0694,0.0,0.0,0.0,1,sleeping
2026-09-15T15:09:44,374,2,login,/bin/login -f      ,0.0,0.0583,0.0,0.0,0.0,1,sleeping
2026-09-15T15:09:44,418,1,systemd,/usr/lib/systemd/systemd --user,0.0,0.1459,0.0,0.0,0.13,1,sleeping
2026-09-15T15:09:44,419,418,(sd-pam),(sd-pam),0.0,0.0452,0.0,0.0,0.0,1,sleeping
2026-09-15T15:09:44,445,374,bash,-bash,0.0,0.0676,0.0,0.0,0.0,1,sleeping
2026-09-15T15:09:44,3904,1,polkitd,/usr/lib/polkit-1/polkitd --no-debug,0.0,0.1009,0.0,0.0,0.0,4,sleeping
2026-09-15T15:09:44,4103,2,SessionLeader,/init,0.0,0.0141,0.0,0.0,0.0,1,sleeping
2026-09-15T15:09:44,4104,4103,Relay(4106),/init,0.0,0.0159,0.0,0.0,0.13,1,sleeping
2026-09-15T15:09:44,4106,4104,bash,-bash,0.0,0.0692,0.0,0.0,0.0,1,sleeping
2026-09-15T15:09:44,8674,2,SessionLeader,/init,0.0,0.0141,0.0,0.0,0.0,1,sleeping
2026-09-15T15:09:44,8675,8674,Relay(8678),/init,0.0,0.0143,0.0,0.0,0.0,1,sleeping
2026-09-15T15:09:44,8678,8675,bash,-bash,0.0,0.0698,0.0,0.0,0.0,1,sleeping
2026-09-15T15:09:44,8879,2,SessionLeader,/init,0.0,0.0141,0.0,0.0,0.0,1,sleeping
2026-09-15T15:09:44,8880,8879,Relay(8884),/init,0.0,0.0143,0.0,0.0,0.0,1,sleeping
2026-09-15T15:09:44,8884,8880,bash,-bash,0.0,0.0693,0.0,0.0,0.0,1,sleeping
2026-09-15T15:09:44,8988,2,SessionLeader,/init,0.0,0.0141,0.0,0.0,0.0,1,sleeping
2026-09-15T15:09:44,8989,8988,Relay(8993),/init,0.0,0.0159,0.0,0.0,0.0,1,sleeping
2026-09-15T15:09:44,8993,8989,bash,-bash,0.0,0.0696,0.0,0.0,0.0,1,sleeping
2026-09-15T15:09:44,9202,2,SessionLeader,/init,0.0,0.0141,0.0,0.0,0.0,1,sleeping
2026-09-15T15:09:44,9204,9202,Relay(9208),/init,0.0,0.0143,0.0,0.0,0.0,1,sleeping
2026-09-15T15:09:44,9208,9204,bash,-bash,0.0,0.0693,0.0,0.0,0.0,1,sleeping
2026-09-15T15:09:44,9241,373,top,top,0.0,0.0704,0.0,0.0,0.0,1,sleeping
2026-09-15T15:09:44,9652,1,wsl-pro-service,/usr/libexec/wsl-pro-service,0.0,0.1687,0.0,0.0,0.0,8,sleeping
2026-09-15T15:09:44,9795,2,SessionLeader,/init,0.0,0.0141,0.0,0.0,0.0,1,sleeping
2026-09-15T15:09:44,9796,9795,Relay(9803),/init,0.0,0.0143,0.0,0.0,0.0,1,sleeping
2026-09-15T15:09:44,9803,9796,bash,-bash,0.0,0.0695,0.0,0.0,0.0,1,sleeping
2026-09-15T15:09:41,1,0,systemd,/sbin/init,0.5,0.1662,0,0,0,1,sleeping
2026-09-15T15:09:41,2,1,init-systemd(Ub,/init,0.0,0.0278,0,0,0,2,sleeping
2026-09-15T15:09:41,7,2,init,plan9 --control-socket 7 --log-level 4 --server-fd 8 --pipe-fd 10 --log-truncate,0.0,0.0268,0,0,0,2,sleeping
2026-09-15T15:09:41,40,1,systemd-journald,/usr/lib/systemd/systemd-journald,2.0,0.2001,0,0,0,1,sleeping
2026-09-15T15:09:41,96,1,systemd-udevd,/usr/lib/systemd/systemd-udevd,0.0,0.0802,0,0,0,1,sleeping
2026-09-15T15:09:41,154,1,systemd-resolved,/usr/lib/systemd/systemd-resolved,0.0,0.1666,0,0,0,1,sleeping
2026-09-15T15:09:41,155,1,systemd-timesyncd,/usr/lib/systemd/systemd-timesyncd,0.0,0.1,0,0,0,2,sleeping
2026-09-15T15:09:41,165,1,cron,/usr/sbin/cron -f -P,0.0,0.0337,0,0,0,1,sleeping
2026-09-15T15:09:41,166,1,dbus-daemon,@dbus-daemon --system --address=systemd: --nofork --nopidfile --systemd-activation --syslog-only,0.0,0.0684,0,0,0,1,sleeping
2026-09-15T15:09:41,192,1,systemd-logind,/usr/lib/systemd/systemd-logind,0.0,0.1104,0,0,0,1,sleeping
2026-09-15T15:09:41,207,1,rsyslogd,/usr/sbin/rsyslogd -n -iNONE,0.0,0.075,0,0,0,4,sleeping
2026-09-15T15:09:41,218,1,agetty,/sbin/agetty -o -p -- \u --noclear - linux,0.0,0.0248,0,0,0,1,sleeping
2026-09-15T15:09:41,219,1,unattended-upgr,/usr/bin/python3 /usr/share/unattended-upgrades/unattended-upgrade-shutdown --wait-for-signal,0.0,0.2915,0,0,0,2,sleeping
2026-09-15T15:09:41,248,1,apache2,/usr/sbin/apache2 -k start,0.0,0.0643,0,0,0,1,sleeping
2026-09-15T15:09:41,251,248,apache2,/usr/sbin/apache2 -k start,0.0,0.0733,0,0,0,27,sleeping
2026-09-15T15:09:41,252,248,apache2,/usr/sbin/apache2 -k start,0.0,0.0733,0,0,0,27,sleeping
2026-09-15T15:09:41,371,2,SessionLeader,/init,0.0,0.014,0,0,0,1,sleeping
2026-09-15T15:09:41,372,371,Relay(373),/init,0.0,0.0158,0,0,0,1,sleeping
2026-09-15T15:09:41,373,372,bash,-bash,0.0,0.0694,0,0,0,1,sleeping
2026-09-15T15:09:41,374,2,login,/bin/login -f      ,0.0,0.0583,0,0,0,1,sleeping
2026-09-15T15:09:41,418,1,systemd,/usr/lib/systemd/systemd --user,0.0,0.1459,0,0,0,1,sleeping
2026-09-15T15:09:41,419,418,(sd-pam),(sd-pam),0.0,0.0452,0,0,0,1,sleeping
2026-09-15T15:09:41,445,374,bash,-bash,0.0,0.0676,0,0,0,1,sleeping
2026-09-15T15:09:41,3904,1,polkitd,/usr/lib/polkit-1/polkitd --no-debug,0.0,0.1009,0,0,0,4,sleeping
2026-09-15T15:09:41,4103,2,SessionLeader,/init,0.0,0.0141,0,0,0,1,sleeping
2026-09-15T15:09:41,4104,4103,Relay(4106),/init,0.0,0.0159,0,0,0,1,sleeping
2026-09-15T15:09:41,4106,4104,bash,-bash,0.0,0.0692,0,0,0,1,sleeping
2026-09-15T15:09:41,8674,2,SessionLeader,/init,0.0,0.0141,0,0,0,1,sleeping
2026-09-15T15:09:41,8675,8674,Relay(8678),/init,0.0,0.0143,0,0,0,1,sleeping
2026-09-15T15:09:41,8678,8675,bash,-bash,0.0,0.0698,0,0,0,1,sleeping
2026-09-15T15:09:41,8879,2,SessionLeader,/init,0.0,0.0141,0,0,0,1,sleeping
2026-09-15T15:09:41,8880,8879,Relay(8884),/init,0.0,0.0143,0,0,0,1,sleeping
2026-09-15T15:09:41,8884,8880,bash,-bash,0.0,0.0693,0,0,0,1,sleeping
2026-09-15T15:09:41,8988,2,SessionLeader,/init,0.0,0.0141,0,0,0,1,sleeping
2026-09-15T15:09:41,8989,8988,Relay(8993),/init,0.0,0.0159,0,0,0,1,sleeping
2026-09-15T15:09:41,8993,8989,bash,-bash,0.0,0.0696,0,0,0,1,sleeping
2026-09-15T15:09:41,9202,2,SessionLeader,/init,0.0,0.0141,0,0,0,1,sleeping
2026-09-15T15:09:41,9204,9202,Relay(9208),/init,0.0,0.0143,0,0,0,1,sleeping
2026-09-15T15:09:41,9208,9204,bash,-bash,0.0,0.0693,0,0,0,1,sleeping
2026-09-15T15:09:41,9241,373,top,top,0.0,0.0704,0,0,0,1,sleeping
2026-09-15T15:09:41,9652,1,wsl-pro-service,/usr/libexec/wsl-pro-service,0.0,0.1687,0,0,0,8,sleeping
2026-09-15T15:09:41,9795,2,SessionLeader,/init,0.0,0.0141,0,0,0,1,sleeping
2026-09-15T15:09:41,9796,9795,Relay(9803),/init,0.0,0.0143,0,0,0,1,sleeping
2026-09-15T15:09:41,9803,9796,bash,-bash,0.0,0.0695,0,0,0,1,sleeping
2026-09-15T15:09:43,1,0,systemd,/sbin/init,0.0,0.1662,0.0,0.0,0.0,1,sleeping
2026-09-15T15:09:43,2,1,init-systemd(Ub,/init,0.0,0.0278,0.0,0.0,0.0,2,sleeping
2026-09-15T15:09:43,7,2,init,plan9 --control-socket 7 --log-level 4 --server-fd 8 --pipe-fd 10 --log-truncate,0.0,0.0268,0.0,0.0,0.0,2,sleeping
2026-09-15T15:09:43,40,1,systemd-journald,/usr/lib/systemd/systemd-journald,0.0,0.2001,0.0,0.0,0.0,1,sleeping
2026-09-15T15:09:43,96,1,systemd-udevd,/usr/lib/systemd/systemd-udevd,0.0,0.0802,0.0,0.0,0.0,1,sleeping
2026-09-15T15:09:43,154,1,systemd-resolved,/usr/lib/systemd/systemd-resolved,0.0,0.1666,0.0,0.0,0.0,1,sleeping
2026-09-15T15:09:43,155,1,systemd-timesyncd,/usr/lib/systemd/systemd-timesyncd,0.0,0.1,0.0,0.0,0.0,2,sleeping
2026-09-15T15:09:43,165,1,cron,/usr/sbin/cron -f -P,0.0,0.0337,0.0,0.0,0.0,1,sleeping
2026-09-15T15:09:43,166,1,dbus-daemon,@dbus-daemon --system --address=systemd: --nofork --nopidfile --systemd-activation --syslog-only,0.0,0.0684,0.0,0.0,0.0,1,sleeping
2026-09-15T15:09:43,192,1,systemd-logind,/usr/lib/systemd/systemd-logind,0.0,0.1104,0.0,0.0,0.0,1,sleeping
2026-09-15T15:09:43,207,1,rsyslogd,/usr/sbin/rsyslogd -n -iNONE,0.0,0.075,0.0,0.0,0.0,4,sleeping
2026-09-15T15:09:43,218,1,agetty,/sbin/agetty -o -p -- \u --noclear - linux,0.0,0.0248,0.0,0.0,0.0,1,sleeping
2026-09-15T15:09:43,219,1,unattended-upgr,/usr/bin/python3 /usr/share/unattended-upgrades/unattended-upgrade-shutdown --wait-for-signal,0.0,0.2915,0.0,0.0,0.0,2,sleeping
2026-09-15T15:09:43,248,1,apache2,/usr/sbin/apache2 -k start,0.0,0.0643,0.0,0.0,1.0,1,sleeping
2026-09-15T15:09:43,251,248,apache2,/usr/sbin/apache2 -k start,0.0,0.0733,0.0,0.0,0.0,27,sleeping
2026-09-15T15:09:43,252,248,apache2,/usr/sbin/apache2 -k start,0.0,0.0733,0.0,0.0,0.0,27,sleeping
2026-09-15T15:09:43,371,2,SessionLeader,/init,0.0,0.014,0.0,0.0,0.0,1,sleeping
2026-09-15T15:09:43,372,371,Relay(373),/init,0.0,0.0158,0.0,0.0,1.0,1,sleeping
2026-09-15T15:09:43,373,372,bash,-bash,0.0,0.0694,0.0,0.0,0.0,1,sleeping
2026-09-15T15:09:43,374,2,login,/bin/login -f      ,0.0,0.0583,0.0,0.0,0.0,1,sleeping
2026-09-15T15:09:43,418,1,systemd,/usr/lib/systemd/systemd --user,0.0,0.1459,0.0,0.0,0.0,1,sleeping
2026-09-15T15:09:43,419,418,(sd-pam),(sd-pam),0.0,0.0452,0.0,0.0,0.0,1,sleeping
2026-09-15T15:09:43,445,374,bash,-bash,0.0,0.0676,0.0,0.0,0.0,1,sleeping
2026-09-15T15:09:43,3904,1,polkitd,/usr/lib/polkit-1/polkitd --no-debug,0.0,0.1009,0.0,0.0,0.0,4,sleeping
2026-09-15T15:09:43,4103,2,SessionLeader,/init,0.0,0.0141,0.0,0.0,0.0,1,sleeping
2026-09-15T15:09:43,4104,4103,Relay(4106),/init,0.0,0.0159,0.0,0.0,0.5,1,sleeping
2026-09-15T15:09:43,4106,4104,bash,-bash,0.0,0.0692,0.0,0.0,0.0,1,sleeping
2026-09-15T15:09:43,8674,2,SessionLeader,/init,0.0,0.0141,0.0,0.0,0.0,1,sleeping
2026-09-15T15:09:43,8675,8674,Relay(8678),/init,0.0,0.0143,0.0,0.0,0.0,1,sleeping
2026-09-15T15:09:43,8678,8675,bash,-bash,0.0,0.0698,0.0,0.0,0.0,1,sleeping
2026-09-15T15:09:43,8879,2,SessionLeader,/init,0.0,0.0141,0.0,0.0,0.0,1,sleeping
2026-09-15T15:09:43,8880,8879,Relay(8884),/init,0.0,0.0143,0.0,0.0,0.0,1,sleeping
2026-09-15T15:09:43,8884,8880,bash,-bash,0.0,0.0693,0.0,0.0,0.0,1,sleeping
2026-09-15T15:09:43,8988,2,SessionLeader,/init,0.0,0.0141,0.0,0.0,0.0,1,sleeping
2026-09-15T15:09:43,8989,8988,Relay(8993),/init,0.0,0.0159,0.0,0.0,0.0,1,sleeping
2026-09-15T15:09:43,8993,8989,bash,-bash,0.0,0.0696,0.0,0.0,0.0,1,sleeping
2026-09-15T15:09:43,9202,2,SessionLeader,/init,0.0,0.0141,0.0,0.0,0.0,1,sleeping
2026-09-15T15:09:43,9204,9202,Relay(9208),/init,0.0,0.0143,0.0,0.0,0.0,1,sleeping
2026-09-15T15:09:43,9208,9204,bash,-bash,0.0,0.0693,0.0,0.0,0.0,1,sleeping
2026-09-15T15:09:43,9241,373,top,top,0.0,0.0704,0.0,0.0,0.5,1,sleeping
2026-09-15T15:09:43,9652,1,wsl-pro-service,/usr/libexec/wsl-pro-service,0.0,0.1687,0.0,0.0,0.0,8,sleeping
2026-09-15T15:09:43,9795,2,SessionLeader,/init,0.0,0.0141,0.0,0.0,0.0,1,sleeping
2026-09-15T15:09:43,9796,9795,Relay(9803),/init,0.0,0.0143,0.0,0.0,0.0,1,sleeping
2026-09-15T15:09:43,9803,9796,bash,-bash,0.0,0.0695,0.0,0.0,0.0,1,sleeping
2026-09-15T15:09:45,1,0,systemd,/sbin/init,0.0,0.1662,0.0,0.0,1.01,1,sleeping
2026-09-15T15:09:45,2,1,init-systemd(Ub,/init,0.0,0.0278,0.0,0.0,0.0,2,sleeping
2026-09-15T15:09:45,7,2,init,plan9 --control-socket 7 --log-level 4 --server-fd 8 --pipe-fd 10 --log-truncate,0.0,0.0268,0.0,0.0,0.0,2,sleeping
2026-09-15T15:09:45,40,1,systemd-journald,/usr/lib/systemd/systemd-journald,1.0,0.2001,0.0,0.0,6.06,1,sleeping
2026-09-15T15:09:45,96,1,systemd-udevd,/usr/lib/systemd/systemd-udevd,0.0,0.0802,0.0,0.0,0.0,1,sleeping
2026-09-15T15:09:45,154,1,systemd-resolved,/usr/lib/systemd/systemd-resolved,0.0,0.1666,0.0,0.0,1.01,1,sleeping
2026-09-15T15:09:45,155,1,systemd-timesyncd,/usr/lib/systemd/systemd-timesyncd,0.0,0.1,0.0,0.0,1.01,2,sleeping
2026-09-15T15:09:45,165,1,cron,/usr/sbin/cron -f -P,0.0,0.0337,0.0,0.0,0.0,1,sleeping
2026-09-15T15:09:45,166,1,dbus-daemon,@dbus-daemon --system --address=systemd: --nofork --nopidfile --systemd-activation --syslog-only,0.0,0.0684,0.0,0.0,1.51,1,sleeping
2026-09-15T15:09:45,192,1,systemd-logind,/usr/lib/systemd/systemd-logind,0.0,0.1104,0.0,0.0,7.07,1,sleeping
2026-09-15T15:09:45,207,1,rsyslogd,/usr/sbin/rsyslogd -n -iNONE,0.0,0.075,0.0,0.0,0.0,4,sleeping
2026-09-15T15:09:45,218,1,agetty,/sbin/agetty -o -p -- \u --noclear - linux,0.0,0.0248,0.0,0.0,0.0,1,sleeping
2026-09-15T15:09:45,219,1,unattended-upgr,/usr/bin/python3 /usr/share/unattended-upgrades/unattended-upgrade-shutdown --wait-for-signal,0.0,0.2915,0.0,0.0,0.0,2,sleeping
2026-09-15T15:09:45,248,1,apache2,/usr/sbin/apache2 -k start,0.0,0.0643,0.0,0.0,1.01,1,sleeping
2026-09-15T15:09:45,251,248,apache2,/usr/sbin/apache2 -k start,0.0,0.0733,0.0,0.0,0.0,27,sleeping
2026-09-15T15:09:45,252,248,apache2,/usr/sbin/apache2 -k start,0.0,0.0733,0.0,0.0,0.0,27,sleeping
2026-09-15T15:09:45,371,2,SessionLeader,/init,0.0,0.014,0.0,0.0,0.0,1,sleeping
2026-09-15T15:09:45,372,371,Relay(373),/init,0.0,0.0158,0.0,0.0,0.0,1,sleeping
2026-09-15T15:09:45,373,372,bash,-bash,0.0,0.0694,0.0,0.0,0.0,1,sleeping
2026-09-15T15:09:45,374,2,login,/bin/login -f      ,0.0,0.0583,0.0,0.0,0.0,1,sleeping
2026-09-15T15:09:45,418,1,systemd,/usr/lib/systemd/systemd --user,0.0,0.1459,0.0,0.0,1.01,1,sleeping
2026-09-15T15:09:45,419,418,(sd-pam),(sd-pam),0.0,0.0452,0.0,0.0,0.0,1,sleeping
2026-09-15T15:09:45,445,374,bash,-bash,0.0,0.0676,0.0,0.0,0.0,1,sleeping
2026-09-15T15:09:45,3904,1,polkitd,/usr/lib/polkit-1/polkitd --no-debug,0.0,0.1009,0.0,0.0,0.0,4,sleeping
2026-09-15T15:09:45,4103,2,SessionLeader,/init,0.0,0.0141,0.0,0.0,0.0,1,sleeping
2026-09-15T15:09:45,4104,4103,Relay(4106),/init,0.0,0.0159,0.0,0.0,0.51,1,sleeping
2026-09-15T15:09:45,4106,4104,bash,-bash,0.0,0.0692,0.0,0.0,0.0,1,sleeping
2026-09-15T15:09:45,8674,2,SessionLeader,/init,0.0,0.0141,0.0,0.0,0.0,1,sleeping
2026-09-15T15:09:45,8675,8674,Relay(8678),/init,0.0,0.0143,0.0,0.0,0.0,1,sleeping
2026-09-15T15:09:45,8678,8675,bash,-bash,0.0,0.0698,0.0,0.0,0.0,1,sleeping
2026-09-15T15:09:45,8879,2,SessionLeader,/init,0.0,0.0141,0.0,0.0,0.0,1,sleeping
2026-09-15T15:09:45,8880,8879,Relay(8884),/init,0.0,0.0143,0.0,0.0,0.0,1,sleeping
2026-09-15T15:09:45,8884,8880,bash,-bash,0.0,0.0693,0.0,0.0,0.0,1,sleeping
2026-09-15T15:09:45,8988,2,SessionLeader,/init,0.0,0.0141,0.0,0.0,0.0,1,sleeping
2026-09-15T15:09:45,8989,8988,Relay(8993),/init,0.0,0.0159,0.0,0.0,0.0,1,sleeping
2026-09-15T15:09:45,8993,8989,bash,-bash,0.0,0.0696,0.0,0.0,0.0,1,sleeping
2026-09-15T15:09:45,9202,2,SessionLeader,/init,0.0,0.0141,0.0,0.0,0.0,1,sleeping
2026-09-15T15:09:45,9204,9202,Relay(9208),/init,0.0,0.0143,0.0,0.0,0.0,1,sleeping
2026-09-15T15:09:45,9208,9204,bash,-bash,0.0,0.0693,0.0,0.0,0.0,1,sleeping
2026-09-15T15:09:45,9241,373,top,top,0.0,0.0704,0.0,0.0,0.0,1,sleeping
2026-09-15T15:09:45,9652,1,wsl-pro-service,/usr/libexec/wsl-pro-service,0.0,0.1687,0.0,0.0,0.0,8,sleeping
2026-09-15T15:09:45,9795,2,SessionLeader,/init,0.0,0.0141,0.0,0.0,0.0,1,sleeping
2026-09-15T15:09:45,9796,9795,Relay(9803),/init,0.0,0.0143,0.0,0.0,0.0,1,sleeping
2026-09-15T15:09:45,9803,9796,bash,-bash,0.0,0.0695,0.0,0.0,0.0,1,sleeping
2026-09-15T15:09:47,1,0,systemd,/sbin/init,0.0,0.1662,0.0,0.0,0.0,1,sleeping
2026-09-15T15:09:47,2,1,init-systemd(Ub,/init,0.0,0.0278,0.0,0.0,0.0,2,sleeping
2026-09-15T15:09:47,7,2,init,plan9 --control-socket 7 --log-level 4 --server-fd 8 --pipe-fd 10 --log-truncate,0.0,0.0268,0.0,0.0,0.0,2,sleeping
2026-09-15T15:09:47,40,1,systemd-journald,/usr/lib/systemd/systemd-journald,0.0,0.2001,0.0,0.0,0.0,1,sleeping
2026-09-15T15:09:47,96,1,systemd-udevd,/usr/lib/systemd/systemd-udevd,0.0,0.0802,0.0,0.0,0.0,1,sleeping
2026-09-15T15:09:47,154,1,systemd-resolved,/usr/lib/systemd/systemd-resolved,0.0,0.1666,0.0,0.0,0.0,1,sleeping
2026-09-15T15:09:47,155,1,systemd-timesyncd,/usr/lib/systemd/systemd-timesyncd,0.0,0.1,0.0,0.0,0.0,2,sleeping
2026-09-15T15:09:47,165,1,cron,/usr/sbin/cron -f -P,0.0,0.0337,0.0,0.0,0.0,1,sleeping
2026-09-15T15:09:47,166,1,dbus-daemon,@dbus-daemon --system --address=systemd: --nofork --nopidfile --systemd-activation --syslog-only,0.0,0.0684,0.0,0.0,0.0,1,sleeping
2026-09-15T15:09:47,192,1,systemd-logind,/usr/lib/systemd/systemd-logind,0.0,0.1104,0.0,0.0,0.0,1,sleeping
2026-09-15T15:09:47,207,1,rsyslogd,/usr/sbin/rsyslogd -n -iNONE,0.0,0.075,0.0,0.0,0.0,4,sleeping
2026-09-15T15:09:47,218,1,agetty,/sbin/agetty -o -p -- \u --noclear - linux,0.0,0.0248,0.0,0.0,0.0,1,sleeping
2026-09-15T15:09:47,219,1,unattended-upgr,/usr/bin/python3 /usr/share/unattended-upgrades/unattended-upgrade-shutdown --wait-for-signal,0.0,0.2915,0.0,0.0,0.0,2,sleeping
2026-09-15T15:09:47,248,1,apache2,/usr/sbin/apache2 -k start,0.0,0.0643,0.0,0.0,1.0,1,sleeping
2026-09-15T15:09:47,251,248,apache2,/usr/sbin/apache2 -k start,0.0,0.0733,0.0,0.0,0.0,27,sleeping
2026-09-15T15:09:47,252,248,apache2,/usr/sbin/apache2 -k start,0.0,0.0733,0.0,0.0,0.0,27,sleeping
2026-09-15T15:09:47,371,2,SessionLeader,/init,0.0,0.014,0.0,0.0,0.0,1,sleeping
2026-09-15T15:09:47,372,371,Relay(373),/init,0.0,0.0158,0.0,0.0,0.5,1,sleeping
2026-09-15T15:09:47,373,372,bash,-bash,0.0,0.0694,0.0,0.0,0.0,1,sleeping
2026-09-15T15:09:47,374,2,login,/bin/login -f      ,0.0,0.0583,0.0,0.0,0.0,1,sleeping
2026-09-15T15:09:47,418,1,systemd,/usr/lib/systemd/systemd --user,0.0,0.1459,0.0,0.0,0.0,1,sleeping
2026-09-15T15:09:47,419,418,(sd-pam),(sd-pam),0.0,0.0452,0.0,0.0,0.0,1,sleeping
2026-09-15T15:09:47,445,374,bash,-bash,0.0,0.0676,0.0,0.0,0.0,1,sleeping
2026-09-15T15:09:47,3904,1,polkitd,/usr/lib/polkit-1/polkitd --no-debug,0.0,0.1009,0.0,0.0,0.0,4,sleeping
2026-09-15T15:09:47,4103,2,SessionLeader,/init,0.0,0.0141,0.0,0.0,0.0,1,sleeping
2026-09-15T15:09:47,4104,4103,Relay(4106),/init,0.0,0.0159,0.0,0.0,0.5,1,sleeping
2026-09-15T15:09:47,4106,4104,bash,-bash,0.0,0.0692,0.0,0.0,0.0,1,sleeping
2026-09-15T15:09:47,8674,2,SessionLeader,/init,0.0,0.0141,0.0,0.0,0.0,1,sleeping
2026-09-15T15:09:47,8675,8674,Relay(8678),/init,0.0,0.0143,0.0,0.0,0.0,1,sleeping
2026-09-15T15:09:47,8678,8675,bash,-bash,0.0,0.0698,0.0,0.0,0.0,1,sleeping
2026-09-15T15:09:47,8879,2,SessionLeader,/init,0.0,0.0141,0.0,0.0,0.0,1,sleeping
2026-09-15T15:09:47,8880,8879,Relay(8884),/init,0.0,0.0143,0.0,0.0,0.0,1,sleeping
2026-09-15T15:09:47,8884,8880,bash,-bash,0.0,0.0693,0.0,0.0,0.0,1,sleeping
2026-09-15T15:09:47,8988,2,SessionLeader,/init,0.0,0.0141,0.0,0.0,0.0,1,sleeping
2026-09-15T15:09:47,8989,8988,Relay(8993),/init,0.0,0.0159,0.0,0.0,0.0,1,sleeping
2026-09-15T15:09:47,8993,8989,bash,-bash,0.0,0.0696,0.0,0.0,0.0,1,sleeping
2026-09-15T15:09:47,9202,2,SessionLeader,/init,0.0,0.0141,0.0,0.0,0.0,1,sleeping
2026-09-15T15:09:47,9204,9202,Relay(9208),/init,0.0,0.0143,0.0,0.0,0.0,1,sleeping
2026-09-15T15:09:47,9208,9204,bash,-bash,0.0,0.0693,0.0,0.0,0.0,1,sleeping
2026-09-15T15:09:47,9241,373,top,top,0.0,0.0704,0.0,0.0,0.5,1,sleeping
2026-09-15T15:09:47,9652,1,wsl-pro-service,/usr/libexec/wsl-pro-service,0.0,0.1687,0.0,0.0,0.0,8,sleeping
2026-09-15T15:09:47,9795,2,SessionLeader,/init,0.0,0.0141,0.0,0.0,0.0,1,sleeping
2026-09-15T15:09:47,9796,9795,Relay(9803),/init,0.0,0.0143,0.0,0.0,0.0,1,sleeping
2026-09-15T15:09:47,9803,9796,bash,-bash,0.0,0.0695,0.0,0.0,0.0,1,sleeping
2026-09-15T15:09:54,1,0,systemd,/sbin/init,0.0,0.1662,0.0,0.0,0.13,1,sleeping
2026-09-15T15:09:54,2,1,init-systemd(Ub,/init,0.0,0.0278,0.0,0.0,0.0,2,sleeping
2026-09-15T15:09:54,7,2,init,plan9 --control-socket 7 --log-level 4 --server-fd 8 --pipe-fd 10 --log-truncate,0.0,0.0268,0.0,0.0,0.0,2,sleeping
2026-09-15T15:09:54,40,1,systemd-journald,/usr/lib/systemd/systemd-journald,0.0,0.2001,0.0,0.0,0.4,1,sleeping
2026-09-15T15:09:54,96,1,systemd-udevd,/usr/lib/systemd/systemd-udevd,0.0,0.0802,0.0,0.0,0.0,1,sleeping
2026-09-15T15:09:54,154,1,systemd-resolved,/usr/lib/systemd/systemd-resolved,0.0,0.1666,0.0,0.0,0.13,1,sleeping
2026-09-15T15:09:54,155,1,systemd-timesyncd,/usr/lib/systemd/systemd-timesyncd,0.0,0.1,0.0,0.0,0.13,2,sleeping
2026-09-15T15:09:54,165,1,cron,/usr/sbin/cron -f -P,0.0,0.0337,0.0,0.0,0.0,1,sleeping
2026-09-15T15:09:54,166,1,dbus-daemon,@dbus-daemon --system --address=systemd: --nofork --nopidfile --systemd-activation --syslog-only,0.0,0.0684,0.0,0.0,0.13,1,sleeping
2026-09-15T15:09:54,192,1,systemd-logind,/usr/lib/systemd/systemd-logind,0.0,0.1104,0.0,0.0,0.81,1,sleeping
2026-09-15T15:09:54,207,1,rsyslogd,/usr/sbin/rsyslogd -n -iNONE,0.0,0.075,0.0,0.0,0.0,4,sleeping
2026-09-15T15:09:54,218,1,agetty,/sbin/agetty -o -p -- \u --noclear - linux,0.0,0.0248,0.0,0.0,0.0,1,sleeping
2026-09-15T15:09:54,219,1,unattended-upgr,/usr/bin/python3 /usr/share/unattended-upgrades/unattended-upgrade-shutdown --wait-for-signal,0.0,0.2915,0.0,0.0,0.0,2,sleeping
2026-09-15T15:09:54,248,1,apache2,/usr/sbin/apache2 -k start,0.0,0.0643,0.0,0.0,0.27,1,sleeping
2026-09-15T15:09:54,251,248,apache2,/usr/sbin/apache2 -k start,0.0,0.0733,0.0,0.0,0.0,27,sleeping
2026-09-15T15:09:54,252,248,apache2,/usr/sbin/apache2 -k start,0.0,0.0733,0.0,0.0,0.0,27,sleeping
2026-09-15T15:09:54,371,2,SessionLeader,/init,0.0,0.014,0.0,0.0,0.0,1,sleeping
2026-09-15T15:09:54,372,371,Relay(373),/init,0.0,0.0158,0.0,0.0,0.13,1,sleeping
2026-09-15T15:09:54,373,372,bash,-bash,0.0,0.0694,0.0,0.0,0.0,1,sleeping
2026-09-15T15:09:54,374,2,login,/bin/login -f      ,0.0,0.0583,0.0,0.0,0.0,1,sleeping
2026-09-15T15:09:54,418,1,systemd,/usr/lib/systemd/systemd --user,0.0,0.1459,0.0,0.0,0.13,1,sleeping
2026-09-15T15:09:54,419,418,(sd-pam),(sd-pam),0.0,0.0452,0.0,0.0,0.0,1,sleeping
2026-09-15T15:09:54,445,374,bash,-bash,0.0,0.0676,0.0,0.0,0.0,1,sleeping
2026-09-15T15:09:54,3904,1,polkitd,/usr/lib/polkit-1/polkitd --no-debug,0.0,0.1009,0.0,0.0,0.0,4,sleeping
2026-09-15T15:09:54,4103,2,SessionLeader,/init,0.0,0.0141,0.0,0.0,0.0,1,sleeping
2026-09-15T15:09:54,4104,4103,Relay(4106),/init,0.0,0.0159,0.0,0.0,0.13,1,sleeping
2026-09-15T15:09:54,4106,4104,bash,-bash,0.0,0.0692,0.0,0.0,0.0,1,sleeping
2026-09-15T15:09:54,8674,2,SessionLeader,/init,0.0,0.0141,0.0,0.0,0.0,1,sleeping
2026-09-15T15:09:54,8675,8674,Relay(8678),/init,0.0,0.0143,0.0,0.0,0.0,1,sleeping
2026-09-15T15:09:54,8678,8675,bash,-bash,0.0,0.0698,0.0,0.0,0.0,1,sleeping
2026-09-15T15:09:54,8879,2,SessionLeader,/init,0.0,0.0141,0.0,0.0,0.0,1,sleeping
2026-09-15T15:09:54,8880,8879,Relay(8884),/init,0.0,0.0143,0.0,0.0,0.0,1,sleeping
2026-09-15T15:09:54,8884,8880,bash,-bash,0.0,0.0693,0.0,0.0,0.0,1,sleeping
2026-09-15T15:09:54,8988,2,SessionLeader,/init,0.0,0.0141,0.0,0.0,0.0,1,sleeping
2026-09-15T15:09:54,8989,8988,Relay(8993),/init,0.0,0.0159,0.0,0.0,0.0,1,sleeping
2026-09-15T15:09:54,8993,8989,bash,-bash,0.0,0.0696,0.0,0.0,0.0,1,sleeping
2026-09-15T15:09:54,9202,2,SessionLeader,/init,0.0,0.0141,0.0,0.0,0.0,1,sleeping
2026-09-15T15:09:54,9204,9202,Relay(9208),/init,0.0,0.0143,0.0,0.0,0.0,1,sleeping
2026-09-15T15:09:54,9208,9204,bash,-bash,0.0,0.0693,0.0,0.0,0.0,1,sleeping
2026-09-15T15:09:54,9241,373,top,top,0.0,0.0704,0.0,0.0,0.13,1,sleeping
2026-09-15T15:09:54,9652,1,wsl-pro-service,/usr/libexec/wsl-pro-service,0.0,0.1687,0.0,0.0,0.0,8,sleeping
2026-09-15T15:09:54,9795,2,SessionLeader,/init,0.0,0.0141,0.0,0.0,0.0,1,sleeping
2026-09-15T15:09:54,9796,9795,Relay(9803),/init,0.0,0.0143,0.0,0.0,0.0,1,sleeping
2026-09-15T15:09:54,9803,9796,bash,-bash,0.0,0.0695,0.0,0.0,0.0,1,sleeping
2026-09-15T15:09:51,1,0,systemd,/sbin/init,0.0,0.1662,0,0,0,1,sleeping
2026-09-15T15:09:51,2,1,init-systemd(Ub,/init,0.0,0.0278,0,0,0,2,sleeping
2026-09-15T15:09:51,7,2,init,plan9 --control-socket 7 --log-level 4 --server-fd 8 --pipe-fd 10 --log-truncate,0.0,0.0268,0,0,0,2,sleeping
2026-09-15T15:09:51,40,1,systemd-journald,/usr/lib/systemd/systemd-journald,1.0,0.2,0,0,0,1,sleeping
2026-09-15T15:09:51,96,1,systemd-udevd,/usr/lib/systemd/systemd-udevd,0.0,0.0802,0,0,0,1,sleeping
2026-09-15T15:09:51,154,1,systemd-resolved,/usr/lib/systemd/systemd-resolved,0.0,0.1666,0,0,0,1,sleeping
2026-09-15T15:09:51,155,1,systemd-timesyncd,/usr/lib/systemd/systemd-timesyncd,0.0,0.1,0,0,0,2,sleeping
2026-09-15T15:09:51,165,1,cron,/usr/sbin/cron -f -P,0.0,0.0337,0,0,0,1,sleeping
2026-09-15T15:09:51,166,1,dbus-daemon,@dbus-daemon --system --address=systemd: --nofork --nopidfile --systemd-activation --syslog-only,0.0,0.0684,0,0,0,1,sleeping
2026-09-15T15:09:51,192,1,systemd-logind,/usr/lib/systemd/systemd-logind,0.0,0.1104,0,0,0,1,sleeping
2026-09-15T15:09:51,207,1,rsyslogd,/usr/sbin/rsyslogd -n -iNONE,0.0,0.075,0,0,0,4,sleeping
2026-09-15T15:09:51,218,1,agetty,/sbin/agetty -o -p -- \u --noclear - linux,0.0,0.0248,0,0,0,1,sleeping
2026-09-15T15:09:51,219,1,unattended-upgr,/usr/bin/python3 /usr/share/unattended-upgrades/unattended-upgrade-shutdown --wait-for-signal,0.0,0.2915,0,0,0,2,sleeping
2026-09-15T15:09:51,248,1,apache2,/usr/sbin/apache2 -k start,0.0,0.0643,0,0,0,1,sleeping
2026-09-15T15:09:51,251,248,apache2,/usr/sbin/apache2 -k start,0.0,0.0733,0,0,0,27,sleeping
2026-09-15T15:09:51,252,248,apache2,/usr/sbin/apache2 -k start,0.0,0.0733,0,0,0,27,sleeping
2026-09-15T15:09:51,371,2,SessionLeader,/init,0.0,0.014,0,0,0,1,sleeping
2026-09-15T15:09:51,372,371,Relay(373),/init,0.0,0.0158,0,0,0,1,sleeping
2026-09-15T15:09:51,373,372,bash,-bash,0.0,0.0694,0,0,0,1,sleeping
2026-09-15T15:09:51,374,2,login,/bin/login -f      ,0.0,0.0583,0,0,0,1,sleeping
2026-09-15T15:09:51,418,1,systemd,/usr/lib/systemd/systemd --user,0.0,0.1459,0,0,0,1,sleeping
2026-09-15T15:09:51,419,418,(sd-pam),(sd-pam),0.0,0.0452,0,0,0,1,sleeping
2026-09-15T15:09:51,445,374,bash,-bash,0.0,0.0676,0,0,0,1,sleeping
2026-09-15T15:09:51,3904,1,polkitd,/usr/lib/polkit-1/polkitd --no-debug,0.0,0.1009,0,0,0,4,sleeping
2026-09-15T15:09:51,4103,2,SessionLeader,/init,0.0,0.0141,0,0,0,1,sleeping
2026-09-15T15:09:51,4104,4103,Relay(4106),/init,0.0,0.0159,0,0,0,1,sleeping
2026-09-15T15:09:51,4106,4104,bash,-bash,0.0,0.0692,0,0,0,1,sleeping
2026-09-15T15:09:51,8674,2,SessionLeader,/init,0.0,0.0141,0,0,0,1,sleeping
2026-09-15T15:09:51,8675,8674,Relay(8678),/init,0.0,0.0143,0,0,0,1,sleeping
2026-09-15T15:09:51,8678,8675,bash,-bash,0.0,0.0698,0,0,0,1,sleeping
2026-09-15T15:09:51,8879,2,SessionLeader,/init,0.0,0.0141,0,0,0,1,sleeping
2026-09-15T15:09:51,8880,8879,Relay(8884),/init,0.0,0.0143,0,0,0,1,sleeping
2026-09-15T15:09:51,8884,8880,bash,-bash,0.0,0.0693,0,0,0,1,sleeping
2026-09-15T15:09:51,8988,2,SessionLeader,/init,0.0,0.0141,0,0,0,1,sleeping
2026-09-15T15:09:51,8989,8988,Relay(8993),/init,0.0,0.0159,0,0,0,1,sleeping
2026-09-15T15:09:51,8993,8989,bash,-bash,0.0,0.0696,0,0,0,1,sleeping
2026-09-15T15:09:51,9202,2,SessionLeader,/init,0.0,0.0141,0,0,0,1,sleeping
2026-09-15T15:09:51,9204,9202,Relay(9208),/init,0.0,0.0143,0,0,0,1,sleeping
2026-09-15T15:09:51,9208,9204,bash,-bash,0.0,0.0693,0,0,0,1,sleeping
2026-09-15T15:09:51,9241,373,top,top,0.0,0.0704,0,0,0,1,sleeping
2026-09-15T15:09:51,9652,1,wsl-pro-service,/usr/libexec/wsl-pro-service,0.0,0.1687,0,0,0,8,sleeping
2026-09-15T15:09:51,9795,2,SessionLeader,/init,0.0,0.0141,0,0,0,1,sleeping
2026-09-15T15:09:51,9796,9795,Relay(9803),/init,0.0,0.0143,0,0,0,1,sleeping
2026-09-15T15:09:51,9803,9796,bash,-bash,0.0,0.0695,0,0,0,1,sleeping
2026-09-15T15:09:53,1,0,systemd,/sbin/init,0.0,0.1662,0.0,0.0,0.0,1,sleeping
2026-09-15T15:09:53,2,1,init-systemd(Ub,/init,0.0,0.0278,0.0,0.0,0.0,2,sleeping
2026-09-15T15:09:53,7,2,init,plan9 --control-socket 7 --log-level 4 --server-fd 8 --pipe-fd 10 --log-truncate,0.0,0.0268,0.0,0.0,0.0,2,sleeping
2026-09-15T15:09:53,40,1,systemd-journald,/usr/lib/systemd/systemd-journald,0.0,0.2,0.0,0.0,0.0,1,sleeping
2026-09-15T15:09:53,96,1,systemd-udevd,/usr/lib/systemd/systemd-udevd,0.0,0.0802,0.0,0.0,0.0,1,sleeping
2026-09-15T15:09:53,154,1,systemd-resolved,/usr/lib/systemd/systemd-resolved,0.0,0.1666,0.0,0.0,0.0,1,sleeping
2026-09-15T15:09:53,155,1,systemd-timesyncd,/usr/lib/systemd/systemd-timesyncd,0.0,0.1,0.0,0.0,0.0,2,sleeping
2026-09-15T15:09:53,165,1,cron,/usr/sbin/cron -f -P,0.0,0.0337,0.0,0.0,0.0,1,sleeping
2026-09-15T15:09:53,166,1,dbus-daemon,@dbus-daemon --system --address=systemd: --nofork --nopidfile --systemd-activation --syslog-only,0.0,0.0684,0.0,0.0,0.0,1,sleeping
2026-09-15T15:09:53,192,1,systemd-logind,/usr/lib/systemd/systemd-logind,0.0,0.1104,0.0,0.0,0.0,1,sleeping
2026-09-15T15:09:53,207,1,rsyslogd,/usr/sbin/rsyslogd -n -iNONE,0.0,0.075,0.0,0.0,0.0,4,sleeping
2026-09-15T15:09:53,218,1,agetty,/sbin/agetty -o -p -- \u --noclear - linux,0.0,0.0248,0.0,0.0,0.0,1,sleeping
2026-09-15T15:09:53,219,1,unattended-upgr,/usr/bin/python3 /usr/share/unattended-upgrades/unattended-upgrade-shutdown --wait-for-signal,0.0,0.2915,0.0,0.0,0.0,2,sleeping
2026-09-15T15:09:53,248,1,apache2,/usr/sbin/apache2 -k start,0.0,0.0643,0.0,0.0,1.0,1,sleeping
2026-09-15T15:09:53,251,248,apache2,/usr/sbin/apache2 -k start,0.0,0.0733,0.0,0.0,0.0,27,sleeping
2026-09-15T15:09:53,252,248,apache2,/usr/sbin/apache2 -k start,0.0,0.0733,0.0,0.0,0.0,27,sleeping
2026-09-15T15:09:53,371,2,SessionLeader,/init,0.0,0.014,0.0,0.0,0.0,1,sleeping
2026-09-15T15:09:53,372,371,Relay(373),/init,0.0,0.0158,0.0,0.0,0.5,1,sleeping
2026-09-15T15:09:53,373,372,bash,-bash,0.0,0.0694,0.0,0.0,0.0,1,sleeping
2026-09-15T15:09:53,374,2,login,/bin/login -f      ,0.0,0.0583,0.0,0.0,0.0,1,sleeping
2026-09-15T15:09:53,418,1,systemd,/usr/lib/systemd/systemd --user,0.0,0.1459,0.0,0.0,0.0,1,sleeping
2026-09-15T15:09:53,419,418,(sd-pam),(sd-pam),0.0,0.0452,0.0,0.0,0.0,1,sleeping
2026-09-15T15:09:53,445,374,bash,-bash,0.0,0.0676,0.0,0.0,0.0,1,sleeping
2026-09-15T15:09:53,3904,1,polkitd,/usr/lib/polkit-1/polkitd --no-debug,0.0,0.1009,0.0,0.0,0.0,4,sleeping
2026-09-15T15:09:53,4103,2,SessionLeader,/init,0.0,0.0141,0.0,0.0,0.0,1,sleeping
2026-09-15T15:09:53,4104,4103,Relay(4106),/init,0.0,0.0159,0.0,0.0,0.5,1,sleeping
2026-09-15T15:09:53,4106,4104,bash,-bash,0.0,0.0692,0.0,0.0,0.0,1,sleeping
2026-09-15T15:09:53,8674,2,SessionLeader,/init,0.0,0.0141,0.0,0.0,0.0,1,sleeping
2026-09-15T15:09:53,8675,8674,Relay(8678),/init,0.0,0.0143,0.0,0.0,0.0,1,sleeping
2026-09-15T15:09:53,8678,8675,bash,-bash,0.0,0.0698,0.0,0.0,0.0,1,sleeping
2026-09-15T15:09:53,8879,2,SessionLeader,/init,0.0,0.0141,0.0,0.0,0.0,1,sleeping
2026-09-15T15:09:53,8880,8879,Relay(8884),/init,0.0,0.0143,0.0,0.0,0.0,1,sleeping
2026-09-15T15:09:53,8884,8880,bash,-bash,0.0,0.0693,0.0,0.0,0.0,1,sleeping
2026-09-15T15:09:53,8988,2,SessionLeader,/init,0.0,0.0141,0.0,0.0,0.0,1,sleeping
2026-09-15T15:09:53,8989,8988,Relay(8993),/init,0.0,0.0159,0.0,0.0,0.0,1,sleeping
2026-09-15T15:09:53,8993,8989,bash,-bash,0.0,0.0696,0.0,0.0,0.0,1,sleeping
2026-09-15T15:09:53,9202,2,SessionLeader,/init,0.0,0.0141,0.0,0.0,0.0,1,sleeping
2026-09-15T15:09:53,9204,9202,Relay(9208),/init,0.0,0.0143,0.0,0.0,0.0,1,sleeping
2026-09-15T15:09:53,9208,9204,bash,-bash,0.0,0.0693,0.0,0.0,0.0,1,sleeping
2026-09-15T15:09:53,9241,373,top,top,0.0,0.0704,0.0,0.0,0.5,1,sleeping
2026-09-15T15:09:53,9652,1,wsl-pro-service,/usr/libexec/wsl-pro-service,0.0,0.1687,0.0,0.0,0.0,8,sleeping
2026-09-15T15:09:53,9795,2,SessionLeader,/init,0.0,0.0141,0.0,0.0,0.0,1,sleeping
2026-09-15T15:09:53,9796,9795,Relay(9803),/init,0.0,0.0143,0.0,0.0,0.0,1,sleeping
2026-09-15T15:09:53,9803,9796,bash,-bash,0.0,0.0695,0.0,0.0,0.0,1,sleeping
2026-09-15T15:09:55,1,0,systemd,/sbin/init,0.0,0.1662,0.0,0.0,1.0,1,sleeping
2026-09-15T15:09:55,2,1,init-systemd(Ub,/init,0.0,0.0278,0.0,0.0,0.0,2,sleeping
2026-09-15T15:09:55,7,2,init,plan9 --control-socket 7 --log-level 4 --server-fd 8 --pipe-fd 10 --log-truncate,0.0,0.0268,0.0,0.0,0.0,2,sleeping
2026-09-15T15:09:55,40,1,systemd-journald,/usr/lib/systemd/systemd-journald,3.0,0.2,0.0,0.0,31.96,1,sleeping
2026-09-15T15:09:55,96,1,systemd-udevd,/usr/lib/systemd/systemd-udevd,0.0,0.0802,0.0,0.0,0.0,1,sleeping
2026-09-15T15:09:55,154,1,systemd-resolved,/usr/lib/systemd/systemd-resolved,0.0,0.1666,0.0,0.0,1.0,1,sleeping
2026-09-15T15:09:55,155,1,systemd-timesyncd,/usr/lib/systemd/systemd-timesyncd,0.0,0.1,0.0,0.0,1.0,2,sleeping
2026-09-15T15:09:55,165,1,cron,/usr/sbin/cron -f -P,0.0,0.0337,0.0,0.0,0.0,1,sleeping
2026-09-15T15:09:55,166,1,dbus-daemon,@dbus-daemon --system --address=systemd: --nofork --nopidfile --systemd-activation --syslog-only,0.0,0.0684,0.0,0.0,1.5,1,sleeping
2026-09-15T15:09:55,192,1,systemd-logind,/usr/lib/systemd/systemd-logind,0.0,0.1104,0.0,0.0,7.99,1,sleeping
2026-09-15T15:09:55,207,1,rsyslogd,/usr/sbin/rsyslogd -n -iNONE,0.0,0.075,0.0,0.0,0.0,4,sleeping
2026-09-15T15:09:55,218,1,agetty,/sbin/agetty -o -p -- \u --noclear - linux,0.0,0.0248,0.0,0.0,0.0,1,sleeping
2026-09-15T15:09:55,219,1,unattended-upgr,/usr/bin/python3 /usr/share/unattended-upgrades/unattended-upgrade-shutdown --wait-for-signal,0.0,0.2915,0.0,0.0,0.0,2,sleeping
2026-09-15T15:09:55,248,1,apache2,/usr/sbin/apache2 -k start,0.0,0.0643,0.0,0.0,1.0,1,sleeping
2026-09-15T15:09:55,251,248,apache2,/usr/sbin/apache2 -k start,0.0,0.0733,0.0,0.0,0.0,27,sleeping
2026-09-15T15:09:55,252,248,apache2,/usr/sbin/apache2 -k start,0.0,0.0733,0.0,0.0,0.0,27,sleeping
2026-09-15T15:09:55,371,2,SessionLeader,/init,0.0,0.014,0.0,0.0,0.0,1,sleeping
2026-09-15T15:09:55,372,371,Relay(373),/init,0.0,0.0158,0.0,0.0,0.5,1,sleeping
2026-09-15T15:09:55,373,372,bash,-bash,0.0,0.0694,0.0,0.0,0.0,1,sleeping
2026-09-15T15:09:55,374,2,login,/bin/login -f      ,0.0,0.0583,0.0,0.0,0.0,1,sleeping
2026-09-15T15:09:55,418,1,systemd,/usr/lib/systemd/systemd --user,0.0,0.1459,0.0,0.0,1.0,1,sleeping
2026-09-15T15:09:55,419,418,(sd-pam),(sd-pam),0.0,0.0452,0.0,0.0,0.0,1,sleeping
2026-09-15T15:09:55,445,374,bash,-bash,0.0,0.0676,0.0,0.0,0.0,1,sleeping
2026-09-15T15:09:55,3904,1,polkitd,/usr/lib/polkit-1/polkitd --no-debug,0.0,0.1009,0.0,0.0,0.0,4,sleeping
2026-09-15T15:09:55,4103,2,SessionLeader,/init,0.0,0.0141,0.0,0.0,0.0,1,sleeping
2026-09-15T15:09:55,4104,4103,Relay(4106),/init,0.0,0.0159,0.0,0.0,0.5,1,sleeping
2026-09-15T15:09:55,4106,4104,bash,-bash,0.0,0.0692,0.0,0.0,0.0,1,sleeping
2026-09-15T15:09:55,8674,2,SessionLeader,/init,0.0,0.0141,0.0,0.0,0.0,1,sleeping
2026-09-15T15:09:55,8675,8674,Relay(8678),/init,0.0,0.0143,0.0,0.0,0.0,1,sleeping
2026-09-15T15:09:55,8678,8675,bash,-bash,0.0,0.0698,0.0,0.0,0.0,1,sleeping
2026-09-15T15:09:55,8879,2,SessionLeader,/init,0.0,0.0141,0.0,0.0,0.0,1,sleeping
2026-09-15T15:09:55,8880,8879,Relay(8884),/init,0.0,0.0143,0.0,0.0,0.0,1,sleeping
2026-09-15T15:09:55,8884,8880,bash,-bash,0.0,0.0693,0.0,0.0,0.0,1,sleeping
2026-09-15T15:09:55,8988,2,SessionLeader,/init,0.0,0.0141,0.0,0.0,0.0,1,sleeping
2026-09-15T15:09:55,8989,8988,Relay(8993),/init,0.0,0.0159,0.0,0.0,0.0,1,sleeping
2026-09-15T15:09:55,8993,8989,bash,-bash,0.0,0.0696,0.0,0.0,0.0,1,sleeping
2026-09-15T15:09:55,9202,2,SessionLeader,/init,0.0,0.0141,0.0,0.0,0.0,1,sleeping
2026-09-15T15:09:55,9204,9202,Relay(9208),/init,0.0,0.0143,0.0,0.0,0.0,1,sleeping
2026-09-15T15:09:55,9208,9204,bash,-bash,0.0,0.0693,0.0,0.0,0.0,1,sleeping
2026-09-15T15:09:55,9241,373,top,top,0.0,0.0704,0.0,0.0,0.5,1,sleeping
2026-09-15T15:09:55,9652,1,wsl-pro-service,/usr/libexec/wsl-pro-service,0.0,0.1687,0.0,0.0,0.0,8,sleeping
2026-09-15T15:09:55,9795,2,SessionLeader,/init,0.0,0.0141,0.0,0.0,0.0,1,sleeping
2026-09-15T15:09:55,9796,9795,Relay(9803),/init,0.0,0.0143,0.0,0.0,0.0,1,sleeping
2026-09-15T15:09:55,9803,9796,bash,-bash,0.0,0.0695,0.0,0.0,0.0,1,sleeping
2026-09-15T15:09:57,1,0,systemd,/sbin/init,0.0,0.1662,0.0,0.0,0.0,1,sleeping
2026-09-15T15:09:57,2,1,init-systemd(Ub,/init,0.0,0.0278,0.0,0.0,0.0,2,sleeping
2026-09-15T15:09:57,7,2,init,plan9 --control-socket 7 --log-level 4 --server-fd 8 --pipe-fd 10 --log-truncate,0.0,0.0268,0.0,0.0,0.0,2,sleeping
2026-09-15T15:09:57,40,1,systemd-journald,/usr/lib/systemd/systemd-journald,0.0,0.2,0.0,0.0,0.0,1,sleeping
2026-09-15T15:09:57,96,1,systemd-udevd,/usr/lib/systemd/systemd-udevd,0.0,0.0802,0.0,0.0,0.0,1,sleeping
2026-09-15T15:09:57,154,1,systemd-resolved,/usr/lib/systemd/systemd-resolved,0.0,0.1666,0.0,0.0,0.0,1,sleeping
2026-09-15T15:09:57,155,1,systemd-timesyncd,/usr/lib/systemd/systemd-timesyncd,0.0,0.1,0.0,0.0,0.0,2,sleeping
2026-09-15T15:09:57,165,1,cron,/usr/sbin/cron -f -P,0.0,0.0337,0.0,0.0,0.0,1,sleeping
2026-09-15T15:09:57,166,1,dbus-daemon,@dbus-daemon --system --address=systemd: --nofork --nopidfile --systemd-activation --syslog-only,0.0,0.0684,0.0,0.0,0.0,1,sleeping
2026-09-15T15:09:57,192,1,systemd-logind,/usr/lib/systemd/systemd-logind,0.0,0.1104,0.0,0.0,0.0,1,sleeping
2026-09-15T15:09:57,207,1,rsyslogd,/usr/sbin/rsyslogd -n -iNONE,0.0,0.075,0.0,0.0,0.0,4,sleeping
2026-09-15T15:09:57,218,1,agetty,/sbin/agetty -o -p -- \u --noclear - linux,0.0,0.0248,0.0,0.0,0.0,1,sleeping
2026-09-15T15:09:57,219,1,unattended-upgr,/usr/bin/python3 /usr/share/unattended-upgrades/unattended-upgrade-shutdown --wait-for-signal,0.0,0.2915,0.0,0.0,0.0,2,sleeping
2026-09-15T15:09:57,248,1,apache2,/usr/sbin/apache2 -k start,0.0,0.0643,0.0,0.0,1.0,1,sleeping
2026-09-15T15:09:57,251,248,apache2,/usr/sbin/apache2 -k start,0.0,0.0733,0.0,0.0,0.0,27,sleeping
2026-09-15T15:09:57,252,248,apache2,/usr/sbin/apache2 -k start,0.0,0.0733,0.0,0.0,0.0,27,sleeping
2026-09-15T15:09:57,371,2,SessionLeader,/init,0.0,0.014,0.0,0.0,0.0,1,sleeping
2026-09-15T15:09:57,372,371,Relay(373),/init,0.0,0.0158,0.0,0.0,0.0,1,sleeping
2026-09-15T15:09:57,373,372,bash,-bash,0.0,0.0694,0.0,0.0,0.0,1,sleeping
2026-09-15T15:09:57,374,2,login,/bin/login -f      ,0.0,0.0583,0.0,0.0,0.0,1,sleeping
2026-09-15T15:09:57,418,1,systemd,/usr/lib/systemd/systemd --user,0.0,0.1459,0.0,0.0,0.0,1,sleeping
2026-09-15T15:09:57,419,418,(sd-pam),(sd-pam),0.0,0.0452,0.0,0.0,0.0,1,sleeping
2026-09-15T15:09:57,445,374,bash,-bash,0.0,0.0676,0.0,0.0,0.0,1,sleeping
2026-09-15T15:09:57,3904,1,polkitd,/usr/lib/polkit-1/polkitd --no-debug,0.0,0.1009,0.0,0.0,0.0,4,sleeping
2026-09-15T15:09:57,4103,2,SessionLeader,/init,0.0,0.0141,0.0,0.0,0.0,1,sleeping
2026-09-15T15:09:57,4104,4103,Relay(4106),/init,0.0,0.0159,0.0,0.0,0.5,1,sleeping
2026-09-15T15:09:57,4106,4104,bash,-bash,0.0,0.0692,0.0,0.0,0.0,1,sleeping
2026-09-15T15:09:57,8674,2,SessionLeader,/init,0.0,0.0141,0.0,0.0,0.0,1,sleeping
2026-09-15T15:09:57,8675,8674,Relay(8678),/init,0.0,0.0143,0.0,0.0,0.0,1,sleeping
2026-09-15T15:09:57,8678,8675,bash,-bash,0.0,0.0698,0.0,0.0,0.0,1,sleeping
2026-09-15T15:09:57,8879,2,SessionLeader,/init,0.0,0.0141,0.0,0.0,0.0,1,sleeping
2026-09-15T15:09:57,8880,8879,Relay(8884),/init,0.0,0.0143,0.0,0.0,0.0,1,sleeping
2026-09-15T15:09:57,8884,8880,bash,-bash,0.0,0.0693,0.0,0.0,0.0,1,sleeping
2026-09-15T15:09:57,8988,2,SessionLeader,/init,0.0,0.0141,0.0,0.0,0.0,1,sleeping
2026-09-15T15:09:57,8989,8988,Relay(8993),/init,0.0,0.0159,0.0,0.0,0.0,1,sleeping
2026-09-15T15:09:57,8993,8989,bash,-bash,0.0,0.0696,0.0,0.0,0.0,1,sleeping
2026-09-15T15:09:57,9202,2,SessionLeader,/init,0.0,0.0141,0.0,0.0,0.0,1,sleeping
2026-09-15T15:09:57,9204,9202,Relay(9208),/init,0.0,0.0143,0.0,0.0,0.0,1,sleeping
2026-09-15T15:09:57,9208,9204,bash,-bash,0.0,0.0693,0.0,0.0,0.0,1,sleeping
2026-09-15T15:09:57,9241,373,top,top,0.0,0.0704,0.0,0.0,0.0,1,sleeping
2026-09-15T15:09:57,9652,1,wsl-pro-service,/usr/libexec/wsl-pro-service,0.0,0.1687,0.0,0.0,0.0,8,sleeping
2026-09-15T15:09:57,9795,2,SessionLeader,/init,0.0,0.0141,0.0,0.0,0.0,1,sleeping
2026-09-15T15:09:57,9796,9795,Relay(9803),/init,0.0,0.0143,0.0,0.0,0.0,1,sleeping
2026-09-15T15:09:57,9803,9796,bash,-bash,0.0,0.0695,0.0,0.0,0.0,1,sleeping
2026-09-15T15:10:04,1,0,systemd,/sbin/init,0.0,0.1662,0.0,0.0,0.13,1,sleeping
2026-09-15T15:10:04,2,1,init-systemd(Ub,/init,0.0,0.0278,0.0,0.0,0.0,2,sleeping
2026-09-15T15:10:04,7,2,init,plan9 --control-socket 7 --log-level 4 --server-fd 8 --pipe-fd 10 --log-truncate,0.0,0.0268,0.0,0.0,0.0,2,sleeping
2026-09-15T15:10:04,40,1,systemd-journald,/usr/lib/systemd/systemd-journald,0.5,0.2,0.0,0.0,0.13,1,sleeping
2026-09-15T15:10:04,96,1,systemd-udevd,/usr/lib/systemd/systemd-udevd,0.0,0.0802,0.0,0.0,0.0,1,sleeping
2026-09-15T15:10:04,154,1,systemd-resolved,/usr/lib/systemd/systemd-resolved,0.0,0.1666,0.0,0.0,0.13,1,sleeping
2026-09-15T15:10:04,155,1,systemd-timesyncd,/usr/lib/systemd/systemd-timesyncd,0.0,0.1,0.0,0.0,0.13,2,sleeping
2026-09-15T15:10:04,165,1,cron,/usr/sbin/cron -f -P,0.0,0.0337,0.0,0.0,0.0,1,sleeping
2026-09-15T15:10:04,166,1,dbus-daemon,@dbus-daemon --system --address=systemd: --nofork --nopidfile --systemd-activation --syslog-only,0.0,0.0684,0.0,0.0,0.13,1,sleeping
2026-09-15T15:10:04,192,1,systemd-logind,/usr/lib/systemd/systemd-logind,0.0,0.1104,0.0,0.0,0.13,1,sleeping
2026-09-15T15:10:04,207,1,rsyslogd,/usr/sbin/rsyslogd -n -iNONE,0.0,0.075,0.0,0.0,0.0,4,sleeping
2026-09-15T15:10:04,218,1,agetty,/sbin/agetty -o -p -- \u --noclear - linux,0.0,0.0248,0.0,0.0,0.0,1,sleeping
2026-09-15T15:10:04,219,1,unattended-upgr,/usr/bin/python3 /usr/share/unattended-upgrades/unattended-upgrade-shutdown --wait-for-signal,0.0,0.2915,0.0,0.0,0.0,2,sleeping
2026-09-15T15:10:04,248,1,apache2,/usr/sbin/apache2 -k start,0.0,0.0643,0.0,0.0,0.27,1,sleeping
2026-09-15T15:10:04,251,248,apache2,/usr/sbin/apache2 -k start,0.0,0.0733,0.0,0.0,0.0,27,sleeping
2026-09-15T15:10:04,252,248,apache2,/usr/sbin/apache2 -k start,0.0,0.0733,0.0,0.0,0.0,27,sleeping
2026-09-15T15:10:04,371,2,SessionLeader,/init,0.0,0.014,0.0,0.0,0.0,1,sleeping
2026-09-15T15:10:04,372,371,Relay(373),/init,0.0,0.0158,0.0,0.0,0.13,1,sleeping
2026-09-15T15:10:04,373,372,bash,-bash,0.0,0.0694,0.0,0.0,0.0,1,sleeping
2026-09-15T15:10:04,374,2,login,/bin/login -f      ,0.0,0.0583,0.0,0.0,0.0,1,sleeping
2026-09-15T15:10:04,418,1,systemd,/usr/lib/systemd/systemd --user,0.0,0.1459,0.0,0.0,0.13,1,sleeping
2026-09-15T15:10:04,419,418,(sd-pam),(sd-pam),0.0,0.0452,0.0,0.0,0.0,1,sleeping
2026-09-15T15:10:04,445,374,bash,-bash,0.0,0.0676,0.0,0.0,0.0,1,sleeping
2026-09-15T15:10:04,3904,1,polkitd,/usr/lib/polkit-1/polkitd --no-debug,0.0,0.1009,0.0,0.0,0.0,4,sleeping
2026-09-15T15:10:04,4103,2,SessionLeader,/init,0.0,0.0141,0.0,0.0,0.0,1,sleeping
2026-09-15T15:10:04,4104,4103,Relay(4106),/init,0.0,0.0159,0.0,0.0,0.13,1,sleeping
2026-09-15T15:10:04,4106,4104,bash,-bash,0.0,0.0692,0.0,0.0,0.0,1,sleeping
2026-09-15T15:10:04,8674,2,SessionLeader,/init,0.0,0.0141,0.0,0.0,0.0,1,sleeping
2026-09-15T15:10:04,8675,8674,Relay(8678),/init,0.0,0.0143,0.0,0.0,0.0,1,sleeping
2026-09-15T15:10:04,8678,8675,bash,-bash,0.0,0.0698,0.0,0.0,0.0,1,sleeping
2026-09-15T15:10:04,8879,2,SessionLeader,/init,0.0,0.0141,0.0,0.0,0.0,1,sleeping
2026-09-15T15:10:04,8880,8879,Relay(8884),/init,0.0,0.0143,0.0,0.0,0.0,1,sleeping
2026-09-15T15:10:04,8884,8880,bash,-bash,0.0,0.0693,0.0,0.0,0.0,1,sleeping
2026-09-15T15:10:04,8988,2,SessionLeader,/init,0.0,0.0141,0.0,0.0,0.0,1,sleeping
2026-09-15T15:10:04,8989,8988,Relay(8993),/init,0.0,0.0159,0.0,0.0,0.0,1,sleeping
2026-09-15T15:10:04,8993,8989,bash,-bash,0.0,0.0696,0.0,0.0,0.0,1,sleeping
2026-09-15T15:10:04,9202,2,SessionLeader,/init,0.0,0.0141,0.0,0.0,0.0,1,sleeping
2026-09-15T15:10:04,9204,9202,Relay(9208),/init,0.0,0.0143,0.0,0.0,0.0,1,sleeping
2026-09-15T15:10:04,9208,9204,bash,-bash,0.0,0.0693,0.0,0.0,0.0,1,sleeping
2026-09-15T15:10:04,9241,373,top,top,0.0,0.0704,0.0,0.0,0.13,1,sleeping
2026-09-15T15:10:04,9652,1,wsl-pro-service,/usr/libexec/wsl-pro-service,0.0,0.1687,0.0,0.0,0.0,8,sleeping
2026-09-15T15:10:04,9795,2,SessionLeader,/init,0.0,0.0141,0.0,0.0,0.0,1,sleeping
2026-09-15T15:10:04,9796,9795,Relay(9803),/init,0.0,0.0143,0.0,0.0,0.0,1,sleeping
2026-09-15T15:10:04,9803,9796,bash,-bash,0.0,0.0695,0.0,0.0,0.0,1,sleeping
2026-09-15T15:10:01,1,0,systemd,/sbin/init,0.0,0.1662,0,0,0,1,sleeping
2026-09-15T15:10:01,2,1,init-systemd(Ub,/init,0.0,0.0278,0,0,0,2,sleeping
2026-09-15T15:10:01,7,2,init,plan9 --control-socket 7 --log-level 4 --server-fd 8 --pipe-fd 10 --log-truncate,0.0,0.0268,0,0,0,2,sleeping
2026-09-15T15:10:01,40,1,systemd-journald,/usr/lib/systemd/systemd-journald,1.0,0.2,0,0,0,1,sleeping
2026-09-15T15:10:01,96,1,systemd-udevd,/usr/lib/systemd/systemd-udevd,0.0,0.0802,0,0,0,1,sleeping
2026-09-15T15:10:01,154,1,systemd-resolved,/usr/lib/systemd/systemd-resolved,0.0,0.1666,0,0,0,1,sleeping
2026-09-15T15:10:01,155,1,systemd-timesyncd,/usr/lib/systemd/systemd-timesyncd,0.0,0.1,0,0,0,2,sleeping
2026-09-15T15:10:01,165,1,cron,/usr/sbin/cron -f -P,0.0,0.0337,0,0,0,1,sleeping
2026-09-15T15:10:01,166,1,dbus-daemon,@dbus-daemon --system --address=systemd: --nofork --nopidfile --systemd-activation --syslog-only,0.0,0.0684,0,0,0,1,sleeping
2026-09-15T15:10:01,192,1,systemd-logind,/usr/lib/systemd/systemd-logind,0.0,0.1104,0,0,0,1,sleeping
2026-09-15T15:10:01,207,1,rsyslogd,/usr/sbin/rsyslogd -n -iNONE,0.0,0.075,0,0,0,4,sleeping
2026-09-15T15:10:01,218,1,agetty,/sbin/agetty -o -p -- \u --noclear - linux,0.0,0.0248,0,0,0,1,sleeping
2026-09-15T15:10:01,219,1,unattended-upgr,/usr/bin/python3 /usr/share/unattended-upgrades/unattended-upgrade-shutdown --wait-for-signal,0.0,0.2915,0,0,0,2,sleeping
2026-09-15T15:10:01,248,1,apache2,/usr/sbin/apache2 -k start,0.0,0.0643,0,0,0,1,sleeping
2026-09-15T15:10:01,251,248,apache2,/usr/sbin/apache2 -k start,0.0,0.0733,0,0,0,27,sleeping
2026-09-15T15:10:01,252,248,apache2,/usr/sbin/apache2 -k start,0.0,0.0733,0,0,0,27,sleeping
2026-09-15T15:10:01,371,2,SessionLeader,/init,0.0,0.014,0,0,0,1,sleeping
2026-09-15T15:10:01,372,371,Relay(373),/init,0.0,0.0158,0,0,0,1,sleeping
2026-09-15T15:10:01,373,372,bash,-bash,0.0,0.0694,0,0,0,1,sleeping
2026-09-15T15:10:01,374,2,login,/bin/login -f      ,0.0,0.0583,0,0,0,1,sleeping
2026-09-15T15:10:01,418,1,systemd,/usr/lib/systemd/systemd --user,0.0,0.1459,0,0,0,1,sleeping
2026-09-15T15:10:01,419,418,(sd-pam),(sd-pam),0.0,0.0452,0,0,0,1,sleeping
2026-09-15T15:10:01,445,374,bash,-bash,0.0,0.0676,0,0,0,1,sleeping
2026-09-15T15:10:01,3904,1,polkitd,/usr/lib/polkit-1/polkitd --no-debug,0.0,0.1009,0,0,0,4,sleeping
2026-09-15T15:10:01,4103,2,SessionLeader,/init,0.0,0.0141,0,0,0,1,sleeping
2026-09-15T15:10:01,4104,4103,Relay(4106),/init,0.0,0.0159,0,0,0,1,sleeping
2026-09-15T15:10:01,4106,4104,bash,-bash,0.0,0.0692,0,0,0,1,sleeping
2026-09-15T15:10:01,8674,2,SessionLeader,/init,0.0,0.0141,0,0,0,1,sleeping
2026-09-15T15:10:01,8675,8674,Relay(8678),/init,0.0,0.0143,0,0,0,1,sleeping
2026-09-15T15:10:01,8678,8675,bash,-bash,0.0,0.0698,0,0,0,1,sleeping
2026-09-15T15:10:01,8879,2,SessionLeader,/init,0.0,0.0141,0,0,0,1,sleeping
2026-09-15T15:10:01,8880,8879,Relay(8884),/init,0.0,0.0143,0,0,0,1,sleeping
2026-09-15T15:10:01,8884,8880,bash,-bash,0.0,0.0693,0,0,0,1,sleeping
2026-09-15T15:10:01,8988,2,SessionLeader,/init,0.0,0.0141,0,0,0,1,sleeping
2026-09-15T15:10:01,8989,8988,Relay(8993),/init,0.0,0.0159,0,0,0,1,sleeping
2026-09-15T15:10:01,8993,8989,bash,-bash,0.0,0.0696,0,0,0,1,sleeping
2026-09-15T15:10:01,9202,2,SessionLeader,/init,0.0,0.0141,0,0,0,1,sleeping
2026-09-15T15:10:01,9204,9202,Relay(9208),/init,0.0,0.0143,0,0,0,1,sleeping
2026-09-15T15:10:01,9208,9204,bash,-bash,0.0,0.0693,0,0,0,1,sleeping
2026-09-15T15:10:01,9241,373,top,top,0.0,0.0704,0,0,0,1,sleeping
2026-09-15T15:10:01,9652,1,wsl-pro-service,/usr/libexec/wsl-pro-service,0.0,0.1687,0,0,0,8,sleeping
2026-09-15T15:10:01,9795,2,SessionLeader,/init,0.0,0.0141,0,0,0,1,sleeping
2026-09-15T15:10:01,9796,9795,Relay(9803),/init,0.0,0.0143,0,0,0,1,sleeping
2026-09-15T15:10:01,9803,9796,bash,-bash,0.0,0.0695,0,0,0,1,sleeping
2026-09-15T15:10:03,1,0,systemd,/sbin/init,0.0,0.1662,0.0,0.0,0.0,1,sleeping
2026-09-15T15:10:03,2,1,init-systemd(Ub,/init,0.0,0.0278,0.0,0.0,0.0,2,sleeping
2026-09-15T15:10:03,7,2,init,plan9 --control-socket 7 --log-level 4 --server-fd 8 --pipe-fd 10 --log-truncate,0.0,0.0268,0.0,0.0,0.0,2,sleeping
2026-09-15T15:10:03,40,1,systemd-journald,/usr/lib/systemd/systemd-journald,0.0,0.2,0.0,0.0,0.0,1,sleeping
2026-09-15T15:10:03,96,1,systemd-udevd,/usr/lib/systemd/systemd-udevd,0.0,0.0802,0.0,0.0,0.0,1,sleeping
2026-09-15T15:10:03,154,1,systemd-resolved,/usr/lib/systemd/systemd-resolved,0.0,0.1666,0.0,0.0,0.0,1,sleeping
2026-09-15T15:10:03,155,1,systemd-timesyncd,/usr/lib/systemd/systemd-timesyncd,0.0,0.1,0.0,0.0,0.0,2,sleeping
2026-09-15T15:10:03,165,1,cron,/usr/sbin/cron -f -P,0.0,0.0337,0.0,0.0,0.5,1,sleeping
2026-09-15T15:10:03,166,1,dbus-daemon,@dbus-daemon --system --address=systemd: --nofork --nopidfile --systemd-activation --syslog-only,0.0,0.0684,0.0,0.0,0.0,1,sleeping
2026-09-15T15:10:03,192,1,systemd-logind,/usr/lib/systemd/systemd-logind,0.0,0.1104,0.0,0.0,0.0,1,sleeping
2026-09-15T15:10:03,207,1,rsyslogd,/usr/sbin/rsyslogd -n -iNONE,0.0,0.075,0.0,0.0,0.0,4,sleeping
2026-09-15T15:10:03,218,1,agetty,/sbin/agetty -o -p -- \u --noclear - linux,0.0,0.0248,0.0,0.0,0.0,1,sleeping
2026-09-15T15:10:03,219,1,unattended-upgr,/usr/bin/python3 /usr/share/unattended-upgrades/unattended-upgrade-shutdown --wait-for-signal,0.0,0.2915,0.0,0.0,0.0,2,sleeping
2026-09-15T15:10:03,248,1,apache2,/usr/sbin/apache2 -k start,0.0,0.0643,0.0,0.0,1.0,1,sleeping
2026-09-15T15:10:03,251,248,apache2,/usr/sbin/apache2 -k start,0.0,0.0733,0.0,0.0,0.0,27,sleeping
2026-09-15T15:10:03,252,248,apache2,/usr/sbin/apache2 -k start,0.0,0.0733,0.0,0.0,0.0,27,sleeping
2026-09-15T15:10:03,371,2,SessionLeader,/init,0.0,0.014,0.0,0.0,0.0,1,sleeping
2026-09-15T15:10:03,372,371,Relay(373),/init,0.0,0.0158,0.0,0.0,0.0,1,sleeping
2026-09-15T15:10:03,373,372,bash,-bash,0.0,0.0694,0.0,0.0,0.0,1,sleeping
2026-09-15T15:10:03,374,2,login,/bin/login -f      ,0.0,0.0583,0.0,0.0,0.0,1,sleeping
2026-09-15T15:10:03,418,1,systemd,/usr/lib/systemd/systemd --user,0.0,0.1459,0.0,0.0,0.0,1,sleeping
2026-09-15T15:10:03,419,418,(sd-pam),(sd-pam),0.0,0.0452,0.0,0.0,0.0,1,sleeping
2026-09-15T15:10:03,445,374,bash,-bash,0.0,0.0676,0.0,0.0,0.0,1,sleeping
2026-09-15T15:10:03,3904,1,polkitd,/usr/lib/polkit-1/polkitd --no-debug,0.0,0.1009,0.0,0.0,0.0,4,sleeping
2026-09-15T15:10:03,4103,2,SessionLeader,/init,0.0,0.0141,0.0,0.0,0.0,1,sleeping
2026-09-15T15:10:03,4104,4103,Relay(4106),/init,0.0,0.0159,0.0,0.0,0.5,1,sleeping
2026-09-15T15:10:03,4106,4104,bash,-bash,0.0,0.0692,0.0,0.0,0.0,1,sleeping
2026-09-15T15:10:03,8674,2,SessionLeader,/init,0.0,0.0141,0.0,0.0,0.0,1,sleeping
2026-09-15T15:10:03,8675,8674,Relay(8678),/init,0.0,0.0143,0.0,0.0,0.0,1,sleeping
2026-09-15T15:10:03,8678,8675,bash,-bash,0.0,0.0698,0.0,0.0,0.0,1,sleeping
2026-09-15T15:10:03,8879,2,SessionLeader,/init,0.0,0.0141,0.0,0.0,0.0,1,sleeping
2026-09-15T15:10:03,8880,8879,Relay(8884),/init,0.0,0.0143,0.0,0.0,0.0,1,sleeping
2026-09-15T15:10:03,8884,8880,bash,-bash,0.0,0.0693,0.0,0.0,0.0,1,sleeping
2026-09-15T15:10:03,8988,2,SessionLeader,/init,0.0,0.0141,0.0,0.0,0.0,1,sleeping
2026-09-15T15:10:03,8989,8988,Relay(8993),/init,0.0,0.0159,0.0,0.0,0.0,1,sleeping
2026-09-15T15:10:03,8993,8989,bash,-bash,0.0,0.0696,0.0,0.0,0.0,1,sleeping
2026-09-15T15:10:03,9202,2,SessionLeader,/init,0.0,0.0141,0.0,0.0,0.0,1,sleeping
2026-09-15T15:10:03,9204,9202,Relay(9208),/init,0.0,0.0143,0.0,0.0,0.0,1,sleeping
2026-09-15T15:10:03,9208,9204,bash,-bash,0.0,0.0693,0.0,0.0,0.0,1,sleeping
2026-09-15T15:10:03,9241,373,top,top,0.0,0.0704,0.0,0.0,0.0,1,sleeping
2026-09-15T15:10:03,9652,1,wsl-pro-service,/usr/libexec/wsl-pro-service,0.0,0.1687,0.0,0.0,0.0,8,sleeping
2026-09-15T15:10:03,9795,2,SessionLeader,/init,0.0,0.0141,0.0,0.0,0.0,1,sleeping
2026-09-15T15:10:03,9796,9795,Relay(9803),/init,0.0,0.0143,0.0,0.0,0.0,1,sleeping
2026-09-15T15:10:03,9803,9796,bash,-bash,0.0,0.0695,0.0,0.0,0.0,1,sleeping
