timestamp,pid,ppid,name,cmdline,cpu_percent,memory_percent,rss_mb,read_bytes_per_sec,write_bytes_per_sec,context_switches_per_sec,minor_page_faults_per_sec,major_page_faults_per_sec,num_threads,status,workload_type
2026-09-22T13:31:53,1,0,systemd,/sbin/init,0.0,0.1645,12.75,0,0,0,0,0,1,sleeping,cpu
2026-09-22T13:31:53,2,1,init-systemd(Ub,/init,0.0,0.0279,2.16,0,0,0,0,0,2,sleeping,cpu
2026-09-22T13:31:53,7,2,init,plan9 --control-socket 7 --log-level 4 --server-fd 8 --pipe-fd 10 --log-truncate,0.0,0.0268,2.08,0,0,0,0,0,2,sleeping,cpu
2026-09-22T13:31:53,43,1,systemd-journald,/usr/lib/systemd/systemd-journald,0.0,0.2004,15.53,0,0,0,0,0,1,sleeping,cpu
2026-09-22T13:31:53,98,1,systemd-udevd,/usr/lib/systemd/systemd-udevd,0.0,0.0799,6.19,0,0,0,0,0,1,sleeping,cpu
2026-09-22T13:31:53,177,1,systemd-resolved,/usr/lib/systemd/systemd-resolved,0.0,0.1656,12.83,0,0,0,0,0,1,sleeping,cpu
2026-09-22T13:31:53,178,1,systemd-timesyncd,/usr/lib/systemd/systemd-timesyncd,0.0,0.1002,7.77,0,0,0,0,0,2,sleeping,cpu
2026-09-22T13:31:53,188,1,cron,/usr/sbin/cron -f -P,0.0,0.0338,2.62,0,0,0,0,0,1,sleeping,cpu
2026-09-22T13:31:53,189,1,dbus-daemon,@dbus-daemon --system --address=systemd: --nofork --nopidfile --systemd-activation --syslog-only,0.0,0.0669,5.18,0,0,0,0,0,1,sleeping,cpu
2026-09-22T13:31:53,203,1,systemd-logind,/usr/lib/systemd/systemd-logind,0.0,0.1112,8.62,0,0,0,0,0,1,sleeping,cpu
2026-09-22T13:31:53,217,1,agetty,/sbin/agetty -o -p -- \u --noclear - linux,0.0,0.0249,1.93,0,0,0,0,0,1,sleeping,cpu
2026-09-22T13:31:53,223,1,rsyslogd,/usr/sbin/rsyslogd -n -iNONE,0.0,0.0758,5.87,0,0,0,0,0,4,sleeping,cpu
2026-09-22T13:31:53,236,1,unattended-upgr,/usr/bin/python3 /usr/share/unattended-upgrades/unattended-upgrade-shutdown --wait-for-signal,0.0,0.2778,21.53,0,0,0,0,0,2,sleeping,cpu
2026-09-22T13:31:53,256,1,apache2,/usr/sbin/apache2 -k start,0.0,0.0634,4.91,0,0,0,0,0,1,sleeping,cpu
2026-09-22T13:31:53,257,256,apache2,/usr/sbin/apache2 -k start,0.0,0.0734,5.69,0,0,0,0,0,27,sleeping,cpu
2026-09-22T13:31:53,259,256,apache2,/usr/sbin/apache2 -k start,0.0,0.0734,5.69,0,0,0,0,0,27,sleeping,cpu
2026-09-22T13:31:53,386,2,login,/bin/login -f      ,0.0,0.0587,4.55,0,0,0,0,0,1,sleeping,cpu
2026-09-22T13:31:53,429,1,systemd,/usr/lib/systemd/systemd --user,0.0,0.145,11.24,0,0,0,0,0,1,sleeping,cpu
2026-09-22T13:31:53,430,429,(sd-pam),(sd-pam),0.0,0.0451,3.49,0,0,0,0,0,1,sleeping,cpu
2026-09-22T13:31:53,452,386,bash,-bash,0.0,0.0643,4.98,0,0,0,0,0,1,sleeping,cpu
2026-09-22T13:31:53,486,2,SessionLeader,/init,0.0,0.0142,1.1,0,0,0,0,0,1,sleeping,cpu
2026-09-22T13:31:53,487,486,Relay(488),/init,0.0,0.0159,1.23,0,0,0,0,0,1,sleeping,cpu
2026-09-22T13:31:53,488,487,bash,-bash,0.0,0.0666,5.16,0,0,0,0,0,1,sleeping,cpu
2026-09-22T13:31:53,696,2,SessionLeader,/init,0.0,0.0143,1.11,0,0,0,0,0,1,sleeping,cpu
2026-09-22T13:31:53,697,696,Relay(698),/init,0.0,0.0152,1.18,0,0,0,0,0,1,sleeping,cpu
2026-09-22T13:31:53,698,697,sh,"sh -c ""$VSCODE_WSL_EXT_LOCATION/scripts/wslServer.sh"" 7debcd0e2acdea1c52de81bf9ee1620444407dda stable code-server .vscode-server --host=127.0.0.1 --port=0 --connection-token=826864117-4248089396-2109865724-2149592531 --use-host-proxy --without-browser-env-var --disable-websocket-compression --accept-server-license-terms --telemetry-level=all",0.0,0.024,1.86,0,0,0,0,0,1,sleeping,cpu
2026-09-22T13:31:53,699,698,sh,sh /mnt/c/Users/Rohan/.vscode/extensions/ms-vscode-remote.remote-wsl-0.104.3/scripts/wslServer.sh 7debcd0e2acdea1c52de81bf9ee1620444407dda stable code-server .vscode-server --host=127.0.0.1 --port=0 --connection-token=826864117-4248089396-2109865724-2149592531 --use-host-proxy --without-browser-env-var --disable-websocket-compression --accept-server-license-terms --telemetry-level=all,0.0,0.0251,1.95,0,0,0,0,0,1,sleeping,cpu
2026-09-22T13:31:53,705,699,sh,sh /home/rohan/.vscode-server/bin/7debcd0e2acdea1c52de81bf9ee1620444407dda/bin/code-server --host=127.0.0.1 --port=0 --connection-token=826864117-4248089396-2109865724-2149592531 --use-host-proxy --without-browser-env-var --disable-websocket-compression --accept-server-license-terms --telemetry-level=all,0.0,0.025,1.93,0,0,0,0,0,1,sleeping,cpu
2026-09-22T13:31:53,709,705,MainThread,/home/rohan/.vscode-server/bin/7debcd0e2acdea1c52de81bf9ee1620444407dda/node /home/rohan/.vscode-server/bin/7debcd0e2acdea1c52de81bf9ee1620444407dda/out/server-main.js --host=127.0.0.1 --port=0 --connection-token=826864117-4248089396-2109865724-2149592531 --use-host-proxy --without-browser-env-var --disable-websocket-compression --accept-server-license-terms --telemetry-level=all,0.0,2.2863,177.16,0,0,0,0,0,11,sleeping,cpu
2026-09-22T13:31:53,721,2,SessionLeader,/init,0.0,0.0143,1.11,0,0,0,0,0,1,sleeping,cpu
2026-09-22T13:31:53,722,721,Relay(723),/init,0.0,0.0152,1.18,0,0,0,0,0,1,sleeping,cpu
2026-09-22T13:31:53,723,722,MainThread,"/home/rohan/.vscode-server/bin/7debcd0e2acdea1c52de81bf9ee1620444407dda/node -e const net = require('net'); process.stdin.pause(); const client = net.createConnection({ host: '127.0.0.1', port: 44115 }, () => { client.pipe(process.stdout); process.stdin.pipe(client); }); client.on('close', function (hadError) { console.error(hadError ? 'Remote close with error' : 'Remote close'); process.exit(hadError ? 1 : 0); }); client.on('error', function (err) { process.stderr.write(err && (err.stack || err.message) || String(err)); });",0.0,0.8724,67.6,0,0,0,0,0,7,sleeping,cpu
2026-09-22T13:31:53,730,2,SessionLeader,/init,0.0,0.0143,1.11,0,0,0,0,0,1,sleeping,cpu
2026-09-22T13:31:53,731,730,Relay(732),/init,0.0,0.0152,1.18,0,0,0,0,0,1,sleeping,cpu
2026-09-22T13:31:53,732,731,MainThread,"/home/rohan/.vscode-server/bin/7debcd0e2acdea1c52de81bf9ee1620444407dda/node -e const net = require('net'); process.stdin.pause(); const client = net.createConnection({ host: '127.0.0.1', port: 44115 }, () => { client.pipe(process.stdout); process.stdin.pipe(client); }); client.on('close', function (hadError) { console.error(hadError ? 'Remote close with error' : 'Remote close'); process.exit(hadError ? 1 : 0); }); client.on('error', function (err) { process.stderr.write(err && (err.stack || err.message) || String(err)); });",0.0,0.7746,60.02,0,0,0,0,0,7,sleeping,cpu
2026-09-22T13:31:53,743,709,MainThread,/home/rohan/.vscode-server/bin/7debcd0e2acdea1c52de81bf9ee1620444407dda/node /home/rohan/.vscode-server/bin/7debcd0e2acdea1c52de81bf9ee1620444407dda/out/bootstrap-fork --type=fileWatcher,0.0,0.8757,67.86,0,0,0,0,0,13,sleeping,cpu
2026-09-22T13:31:53,769,709,MainThread,/home/rohan/.vscode-server/bin/7debcd0e2acdea1c52de81bf9ee1620444407dda/node /home/rohan/.vscode-server/bin/7debcd0e2acdea1c52de81bf9ee1620444407dda/out/bootstrap-fork --type=agentHost --logsPath /home/rohan/.vscode-server/data/logs/20260922T120228 --user-data-dir /home/rohan/.vscode-server/data --telemetry-level all,0.0,1.7774,137.72,0,0,0,0,0,11,sleeping,cpu
2026-09-22T13:31:53,770,709,MainThread,/home/rohan/.vscode-server/bin/7debcd0e2acdea1c52de81bf9ee1620444407dda/node --dns-result-order=ipv4first /home/rohan/.vscode-server/bin/7debcd0e2acdea1c52de81bf9ee1620444407dda/out/bootstrap-fork --type=extensionHost --transformURIs --useHostProxy=true,0.0,6.7952,526.54,0,0,0,0,0,32,sleeping,cpu
2026-09-22T13:31:53,811,769,MainThread,/home/rohan/.vscode-server/bin/7debcd0e2acdea1c52de81bf9ee1620444407dda/node /home/rohan/.vscode-server/bin/7debcd0e2acdea1c52de81bf9ee1620444407dda/node_modules/@github/copilot-linux-x64/index.js --headless --no-auto-update --log-level info --stdio --no-auto-login,0.0,3.3565,260.08,0,0,0,0,0,44,sleeping,cpu
2026-09-22T13:31:53,812,770,MainThread,/home/rohan/.vscode-server/bin/7debcd0e2acdea1c52de81bf9ee1620444407dda/node /home/rohan/.vscode-server/bin/7debcd0e2acdea1c52de81bf9ee1620444407dda/extensions/markdown-language-features/dist/serverWorkerMain --node-ipc --clientProcessId=770,0.0,0.994,77.02,0,0,0,0,0,7,sleeping,cpu
2026-09-22T13:31:53,833,709,MainThread,/home/rohan/.vscode-server/bin/7debcd0e2acdea1c52de81bf9ee1620444407dda/node /home/rohan/.vscode-server/bin/7debcd0e2acdea1c52de81bf9ee1620444407dda/out/bootstrap-fork --type=ptyHost --logsPath /home/rohan/.vscode-server/data/logs/20260922T120228,0.0,0.9761,75.63,0,0,0,0,0,13,sleeping,cpu
2026-09-22T13:31:53,964,833,bash,/bin/bash --init-file /home/rohan/.vscode-server/bin/7debcd0e2acdea1c52de81bf9ee1620444407dda/out/vs/workbench/contrib/terminal/common/scripts/shellIntegration-bash.sh,0.0,0.0674,5.22,0,0,0,0,0,1,sleeping,cpu
2026-09-22T13:31:53,1424,2,SessionLeader,/init,0.0,0.0142,1.1,0,0,0,0,0,1,sleeping,cpu
2026-09-22T13:31:53,1425,1424,Relay(1426),/init,0.0,0.0143,1.11,0,0,0,0,0,1,sleeping,cpu
2026-09-22T13:31:53,1426,1425,bash,-bash,0.0,0.0665,5.15,0,0,0,0,0,1,sleeping,cpu
2026-09-22T13:31:53,4147,770,pet,/home/rohan/.vscode-server/extensions/ms-python.vscode-python-envs-1.37.2026092101-linux-x64/python-env-tools/bin/pet server,0.0,0.0749,5.8,0,0,0,0,0,21,sleeping,cpu
2026-09-22T13:31:53,4156,833,bash,/bin/bash --init-file /home/rohan/.vscode-server/bin/7debcd0e2acdea1c52de81bf9ee1620444407dda/out/vs/workbench/contrib/terminal/common/scripts/shellIntegration-bash.sh,0.0,0.0664,5.15,0,0,0,0,0,1,sleeping,cpu
2026-09-22T13:31:53,4295,770,MainThread,/home/rohan/.vscode-server/bin/7debcd0e2acdea1c52de81bf9ee1620444407dda/node /home/rohan/.vscode-server/extensions/ms-python.vscode-pylance-2026.3.105/dist/server.bundle.js --cancellationReceive=file:2bc56d7a41ee8749874d0000b75c5745f8ddf88b1a --node-ipc --clientProcessId=770,0.0,8.453,655.0,0,0,0,0,0,9,sleeping,cpu
2026-09-22T13:31:53,5890,2,SessionLeader,/init,0.0,0.0142,1.1,0,0,0,0,0,1,sleeping,cpu
2026-09-22T13:31:53,5891,5890,Relay(5896),/init,0.0,0.0143,1.11,0,0,0,0,0,1,sleeping,cpu
2026-09-22T13:31:53,5896,5891,bash,-bash,0.0,0.0669,5.18,0,0,0,0,0,1,sleeping,cpu
2026-09-22T13:31:53,6172,2,SessionLeader,/init,0.0,0.0142,1.1,0,0,0,0,0,1,sleeping,cpu
2026-09-22T13:31:53,6173,6172,Relay(6174),/init,0.0,0.0143,1.11,0,0,0,0,0,1,sleeping,cpu
2026-09-22T13:31:53,6174,6173,bash,-bash,0.0,0.0656,5.08,0,0,0,0,0,1,sleeping,cpu
2026-09-22T13:31:53,6941,2,SessionLeader,/init,0.0,0.0142,1.1,0,0,0,0,0,1,sleeping,cpu
2026-09-22T13:31:53,6943,6941,Relay(6945),/init,0.0,0.0143,1.11,0,0,0,0,0,1,sleeping,cpu
2026-09-22T13:31:53,6945,6943,bash,-bash,0.0,0.0659,5.11,0,0,0,0,0,1,sleeping,cpu
2026-09-22T13:31:53,8650,2,SessionLeader,/init,0.0,0.0142,1.1,0,0,0,0,0,1,sleeping,cpu
2026-09-22T13:31:53,8652,8650,Relay(8654),/init,0.0,0.0143,1.11,0,0,0,0,0,1,sleeping,cpu
2026-09-22T13:31:53,8654,8652,bash,-bash,0.0,0.0688,5.33,0,0,0,0,0,1,sleeping,cpu
2026-09-22T13:31:53,8853,2,SessionLeader,/init,0.0,0.0142,1.1,0,0,0,0,0,1,sleeping,cpu
2026-09-22T13:31:53,8854,8853,Relay(8858),/init,0.0,0.0143,1.11,0,0,0,0,0,1,sleeping,cpu
2026-09-22T13:31:53,8858,8854,bash,-bash,0.0,0.0681,5.27,0,0,0,0,0,1,sleeping,cpu
2026-09-22T13:31:53,15760,2,SessionLeader,/init,0.0,0.0142,1.1,0,0,0,0,0,1,sleeping,cpu
2026-09-22T13:31:53,15762,15760,Relay(15767),/init,0.0,0.0143,1.11,0,0,0,0,0,1,sleeping,cpu
2026-09-22T13:31:53,15767,15762,bash,-bash,0.0,0.0696,5.39,0,0,0,0,0,1,sleeping,cpu
2026-09-22T13:31:53,15903,2,SessionLeader,/init,0.0,0.0142,1.1,0,0,0,0,0,1,sleeping,cpu
2026-09-22T13:31:53,15904,15903,Relay(15909),/init,0.0,0.0143,1.11,0,0,0,0,0,1,sleeping,cpu
2026-09-22T13:31:53,15909,15904,bash,-bash,0.0,0.0699,5.42,0,0,0,0,0,1,sleeping,cpu
2026-09-22T13:31:53,16472,1426,top,top,0.0,0.0719,5.57,0,0,0,0,0,1,sleeping,cpu
2026-09-22T13:31:55,1,0,systemd,/sbin/init,0.0,0.1645,12.75,0.0,0.0,0.97,0.0,0.0,1,sleeping,cpu
2026-09-22T13:31:55,2,1,init-systemd(Ub,/init,0.0,0.0279,2.16,0.0,0.0,0.0,0.0,0.0,2,sleeping,cpu
2026-09-22T13:31:55,7,2,init,plan9 --control-socket 7 --log-level 4 --server-fd 8 --pipe-fd 10 --log-truncate,0.0,0.0268,2.08,0.0,0.0,0.0,0.0,0.0,2,sleeping,cpu
2026-09-22T13:31:55,43,1,systemd-journald,/usr/lib/systemd/systemd-journald,0.5,0.2464,19.09,0.0,0.0,3.38,441.77,0.48,2,sleeping,cpu
2026-09-22T13:31:55,98,1,systemd-udevd,/usr/lib/systemd/systemd-udevd,0.0,0.0799,6.19,0.0,0.0,0.0,0.0,0.0,1,sleeping,cpu
2026-09-22T13:31:55,177,1,systemd-resolved,/usr/lib/systemd/systemd-resolved,0.0,0.1656,12.83,0.0,0.0,0.97,0.0,0.0,1,sleeping,cpu
2026-09-22T13:31:55,178,1,systemd-timesyncd,/usr/lib/systemd/systemd-timesyncd,0.0,0.1002,7.77,0.0,0.0,0.97,0.0,0.0,2,sleeping,cpu
2026-09-22T13:31:55,188,1,cron,/usr/sbin/cron -f -P,0.0,0.0338,2.62,0.0,0.0,0.0,0.0,0.0,1,sleeping,cpu
2026-09-22T13:31:55,189,1,dbus-daemon,@dbus-daemon --system --address=systemd: --nofork --nopidfile --systemd-activation --syslog-only,0.0,0.0669,5.18,0.0,0.0,1.45,0.0,0.0,1,sleeping,cpu
2026-09-22T13:31:55,203,1,systemd-logind,/usr/lib/systemd/systemd-logind,0.0,0.1112,8.62,0.0,0.0,3.38,0.0,0.0,1,sleeping,cpu
2026-09-22T13:31:55,217,1,agetty,/sbin/agetty -o -p -- \u --noclear - linux,0.0,0.0249,1.93,0.0,0.0,0.0,0.0,0.0,1,sleeping,cpu
2026-09-22T13:31:55,223,1,rsyslogd,/usr/sbin/rsyslogd -n -iNONE,0.0,0.0758,5.87,0.0,0.0,0.0,0.0,0.0,4,sleeping,cpu
2026-09-22T13:31:55,236,1,unattended-upgr,/usr/bin/python3 /usr/share/unattended-upgrades/unattended-upgrade-shutdown --wait-for-signal,0.0,0.2778,21.53,0.0,0.0,0.0,0.0,0.0,2,sleeping,cpu
2026-09-22T13:31:55,256,1,apache2,/usr/sbin/apache2 -k start,0.0,0.0634,4.91,0.0,0.0,0.97,0.0,0.0,1,sleeping,cpu
2026-09-22T13:31:55,257,256,apache2,/usr/sbin/apache2 -k start,0.0,0.0734,5.69,0.0,0.0,0.0,0.0,0.0,27,sleeping,cpu
2026-09-22T13:31:55,259,256,apache2,/usr/sbin/apache2 -k start,0.0,0.0734,5.69,0.0,0.0,0.0,0.0,0.0,27,sleeping,cpu
2026-09-22T13:31:55,386,2,login,/bin/login -f      ,0.0,0.0587,4.55,0.0,0.0,0.0,0.0,0.0,1,sleeping,cpu
2026-09-22T13:31:55,429,1,systemd,/usr/lib/systemd/systemd --user,0.0,0.145,11.24,0.0,0.0,0.97,0.0,0.0,1,sleeping,cpu
2026-09-22T13:31:55,430,429,(sd-pam),(sd-pam),0.0,0.0451,3.49,0.0,0.0,0.0,0.0,0.0,1,sleeping,cpu
2026-09-22T13:31:55,452,386,bash,-bash,0.0,0.0643,4.98,0.0,0.0,0.0,0.0,0.0,1,sleeping,cpu
2026-09-22T13:31:55,486,2,SessionLeader,/init,0.0,0.0142,1.1,0.0,0.0,0.0,0.0,0.0,1,sleeping,cpu
2026-09-22T13:31:55,487,486,Relay(488),/init,0.0,0.0159,1.23,0.0,0.0,0.0,0.0,0.0,1,sleeping,cpu
2026-09-22T13:31:55,488,487,bash,-bash,0.0,0.0666,5.16,0.0,0.0,0.0,0.0,0.0,1,sleeping,cpu
2026-09-22T13:31:55,696,2,SessionLeader,/init,0.0,0.0143,1.11,0.0,0.0,0.0,0.0,0.0,1,sleeping,cpu
2026-09-22T13:31:55,697,696,Relay(698),/init,0.0,0.0152,1.18,0.0,0.0,0.0,0.0,0.0,1,sleeping,cpu
2026-09-22T13:31:55,698,697,sh,"sh -c ""$VSCODE_WSL_EXT_LOCATION/scripts/wslServer.sh"" 7debcd0e2acdea1c52de81bf9ee1620444407dda stable code-server .vscode-server --host=127.0.0.1 --port=0 --connection-token=826864117-4248089396-2109865724-2149592531 --use-host-proxy --without-browser-env-var --disable-websocket-compression --accept-server-license-terms --telemetry-level=all",0.0,0.024,1.86,0.0,0.0,0.0,0.0,0.0,1,sleeping,cpu
2026-09-22T13:31:55,699,698,sh,sh /mnt/c/Users/Rohan/.vscode/extensions/ms-vscode-remote.remote-wsl-0.104.3/scripts/wslServer.sh 7debcd0e2acdea1c52de81bf9ee1620444407dda stable code-server .vscode-server --host=127.0.0.1 --port=0 --connection-token=826864117-4248089396-2109865724-2149592531 --use-host-proxy --without-browser-env-var --disable-websocket-compression --accept-server-license-terms --telemetry-level=all,0.0,0.0251,1.95,0.0,0.0,0.0,0.0,0.0,1,sleeping,cpu
2026-09-22T13:31:55,705,699,sh,sh /home/rohan/.vscode-server/bin/7debcd0e2acdea1c52de81bf9ee1620444407dda/bin/code-server --host=127.0.0.1 --port=0 --connection-token=826864117-4248089396-2109865724-2149592531 --use-host-proxy --without-browser-env-var --disable-websocket-compression --accept-server-license-terms --telemetry-level=all,0.0,0.025,1.93,0.0,0.0,0.0,0.0,0.0,1,sleeping,cpu
2026-09-22T13:31:55,709,705,MainThread,/home/rohan/.vscode-server/bin/7debcd0e2acdea1c52de81bf9ee1620444407dda/node /home/rohan/.vscode-server/bin/7debcd0e2acdea1c52de81bf9ee1620444407dda/out/server-main.js --host=127.0.0.1 --port=0 --connection-token=826864117-4248089396-2109865724-2149592531 --use-host-proxy --without-browser-env-var --disable-websocket-compression --accept-server-license-terms --telemetry-level=all,0.0,2.2863,177.16,0.0,0.0,5.32,0.0,0.0,11,sleeping,cpu
2026-09-22T13:31:55,721,2,SessionLeader,/init,0.0,0.0143,1.11,0.0,0.0,0.0,0.0,0.0,1,sleeping,cpu
2026-09-22T13:31:55,722,721,Relay(723),/init,0.0,0.0152,1.18,0.0,0.0,1.45,0.0,0.0,1,sleeping,cpu
2026-09-22T13:31:55,723,722,MainThread,"/home/rohan/.vscode-server/bin/7debcd0e2acdea1c52de81bf9ee1620444407dda/node -e const net = require('net'); process.stdin.pause(); const client = net.createConnection({ host: '127.0.0.1', port: 44115 }, () => { client.pipe(process.stdout); process.stdin.pipe(client); }); client.on('close', function (hadError) { console.error(hadError ? 'Remote close with error' : 'Remote close'); process.exit(hadError ? 1 : 0); }); client.on('error', function (err) { process.stderr.write(err && (err.stack || err.message) || String(err)); });",0.0,0.8724,67.6,0.0,0.0,1.45,0.0,0.0,7,sleeping,cpu
2026-09-22T13:31:55,730,2,SessionLeader,/init,0.0,0.0143,1.11,0.0,0.0,0.0,0.0,0.0,1,sleeping,cpu
2026-09-22T13:31:55,731,730,Relay(732),/init,0.0,0.0152,1.18,0.0,0.0,1.45,0.0,0.0,1,sleeping,cpu
2026-09-22T13:31:55,732,731,MainThread,"/home/rohan/.vscode-server/bin/7debcd0e2acdea1c52de81bf9ee1620444407dda/node -e const net = require('net'); process.stdin.pause(); const client = net.createConnection({ host: '127.0.0.1', port: 44115 }, () => { client.pipe(process.stdout); process.stdin.pipe(client); }); client.on('close', function (hadError) { console.error(hadError ? 'Remote close with error' : 'Remote close'); process.exit(hadError ? 1 : 0); }); client.on('error', function (err) { process.stderr.write(err && (err.stack || err.message) || String(err)); });",0.0,0.7746,60.02,0.0,0.0,1.45,0.0,0.0,7,sleeping,cpu
2026-09-22T13:31:55,743,709,MainThread,/home/rohan/.vscode-server/bin/7debcd0e2acdea1c52de81bf9ee1620444407dda/node /home/rohan/.vscode-server/bin/7debcd0e2acdea1c52de81bf9ee1620444407dda/out/bootstrap-fork --type=fileWatcher,0.0,0.8757,67.86,0.0,0.0,0.97,0.0,0.0,13,sleeping,cpu
2026-09-22T13:31:55,769,709,MainThread,/home/rohan/.vscode-server/bin/7debcd0e2acdea1c52de81bf9ee1620444407dda/node /home/rohan/.vscode-server/bin/7debcd0e2acdea1c52de81bf9ee1620444407dda/out/bootstrap-fork --type=agentHost --logsPath /home/rohan/.vscode-server/data/logs/20260922T120228 --user-data-dir /home/rohan/.vscode-server/data --telemetry-level all,0.0,1.7774,137.72,0.0,0.0,0.0,0.0,0.0,11,sleeping,cpu
2026-09-22T13:31:55,770,709,MainThread,/home/rohan/.vscode-server/bin/7debcd0e2acdea1c52de81bf9ee1620444407dda/node --dns-result-order=ipv4first /home/rohan/.vscode-server/bin/7debcd0e2acdea1c52de81bf9ee1620444407dda/out/bootstrap-fork --type=extensionHost --transformURIs --useHostProxy=true,1.0,6.7952,526.54,0.0,0.0,181.77,291.99,0.0,32,sleeping,cpu
2026-09-22T13:31:55,811,769,MainThread,/home/rohan/.vscode-server/bin/7debcd0e2acdea1c52de81bf9ee1620444407dda/node /home/rohan/.vscode-server/bin/7debcd0e2acdea1c52de81bf9ee1620444407dda/node_modules/@github/copilot-linux-x64/index.js --headless --no-auto-update --log-level info --stdio --no-auto-login,0.0,3.3565,260.08,0.0,0.0,0.0,0.0,0.0,44,sleeping,cpu
2026-09-22T13:31:55,812,770,MainThread,/home/rohan/.vscode-server/bin/7debcd0e2acdea1c52de81bf9ee1620444407dda/node /home/rohan/.vscode-server/bin/7debcd0e2acdea1c52de81bf9ee1620444407dda/extensions/markdown-language-features/dist/serverWorkerMain --node-ipc --clientProcessId=770,0.0,0.994,77.02,0.0,0.0,0.97,0.0,0.0,7,sleeping,cpu
2026-09-22T13:31:55,833,709,MainThread,/home/rohan/.vscode-server/bin/7debcd0e2acdea1c52de81bf9ee1620444407dda/node /home/rohan/.vscode-server/bin/7debcd0e2acdea1c52de81bf9ee1620444407dda/out/bootstrap-fork --type=ptyHost --logsPath /home/rohan/.vscode-server/data/logs/20260922T120228,0.0,0.9761,75.63,0.0,0.0,5.32,0.0,0.0,13,sleeping,cpu
2026-09-22T13:31:55,964,833,bash,/bin/bash --init-file /home/rohan/.vscode-server/bin/7debcd0e2acdea1c52de81bf9ee1620444407dda/out/vs/workbench/contrib/terminal/common/scripts/shellIntegration-bash.sh,0.0,0.0674,5.22,0.0,0.0,0.0,0.0,0.0,1,sleeping,cpu
2026-09-22T13:31:55,1424,2,SessionLeader,/init,0.0,0.0142,1.1,0.0,0.0,0.0,0.0,0.0,1,sleeping,cpu
2026-09-22T13:31:55,1425,1424,Relay(1426),/init,0.0,0.0143,1.11,0.0,0.0,0.97,0.0,0.0,1,sleeping,cpu
2026-09-22T13:31:55,1426,1425,bash,-bash,0.0,0.0665,5.15,0.0,0.0,0.0,0.0,0.0,1,sleeping,cpu
2026-09-22T13:31:55,4147,770,pet,/home/rohan/.vscode-server/extensions/ms-python.vscode-python-envs-1.37.2026092101-linux-x64/python-env-tools/bin/pet server,0.0,0.0749,5.8,0.0,0.0,0.0,0.0,0.0,21,sleeping,cpu
2026-09-22T13:31:55,4156,833,bash,/bin/bash --init-file /home/rohan/.vscode-server/bin/7debcd0e2acdea1c52de81bf9ee1620444407dda/out/vs/workbench/contrib/terminal/common/scripts/shellIntegration-bash.sh,0.0,0.0664,5.15,0.0,0.0,0.0,0.0,0.0,1,sleeping,cpu
2026-09-22T13:31:55,4295,770,MainThread,/home/rohan/.vscode-server/bin/7debcd0e2acdea1c52de81bf9ee1620444407dda/node /home/rohan/.vscode-server/extensions/ms-python.vscode-pylance-2026.3.105/dist/server.bundle.js --cancellationReceive=file:2bc56d7a41ee8749874d0000b75c5745f8ddf88b1a --node-ipc --clientProcessId=770,0.0,8.453,655.0,0.0,0.0,0.97,0.0,0.0,9,sleeping,cpu
2026-09-22T13:31:55,5890,2,SessionLeader,/init,0.0,0.0142,1.1,0.0,0.0,0.0,0.0,0.0,1,sleeping,cpu
2026-09-22T13:31:55,5891,5890,Relay(5896),/init,0.0,0.0143,1.11,0.0,0.0,0.48,0.0,0.0,1,sleeping,cpu
2026-09-22T13:31:55,5896,5891,bash,-bash,0.0,0.0669,5.18,0.0,0.0,0.0,0.0,0.0,1,sleeping,cpu
2026-09-22T13:31:55,6172,2,SessionLeader,/init,0.0,0.0142,1.1,0.0,0.0,0.0,0.0,0.0,1,sleeping,cpu
2026-09-22T13:31:55,6173,6172,Relay(6174),/init,0.0,0.0143,1.11,0.0,0.0,0.0,0.0,0.0,1,sleeping,cpu
2026-09-22T13:31:55,6174,6173,bash,-bash,0.0,0.0656,5.08,0.0,0.0,0.0,0.0,0.0,1,sleeping,cpu
2026-09-22T13:31:55,6941,2,SessionLeader,/init,0.0,0.0142,1.1,0.0,0.0,0.0,0.0,0.0,1,sleeping,cpu
2026-09-22T13:31:55,6943,6941,Relay(6945),/init,0.0,0.0143,1.11,0.0,0.0,0.0,0.0,0.0,1,sleeping,cpu
2026-09-22T13:31:55,6945,6943,bash,-bash,0.0,0.0659,5.11,0.0,0.0,0.0,0.0,0.0,1,sleeping,cpu
2026-09-22T13:31:55,8650,2,SessionLeader,/init,0.0,0.0142,1.1,0.0,0.0,0.0,0.0,0.0,1,sleeping,cpu
2026-09-22T13:31:55,8652,8650,Relay(8654),/init,0.0,0.0143,1.11,0.0,0.0,0.0,0.0,0.0,1,sleeping,cpu
2026-09-22T13:31:55,8654,8652,bash,-bash,0.0,0.0688,5.33,0.0,0.0,0.0,0.0,0.0,1,sleeping,cpu
2026-09-22T13:31:55,8853,2,SessionLeader,/init,0.0,0.0142,1.1,0.0,0.0,0.0,0.0,0.0,1,sleeping,cpu
2026-09-22T13:31:55,8854,8853,Relay(8858),/init,0.0,0.0143,1.11,0.0,0.0,0.0,0.0,0.0,1,sleeping,cpu
2026-09-22T13:31:55,8858,8854,bash,-bash,0.0,0.0681,5.27,0.0,0.0,0.0,0.0,0.0,1,sleeping,cpu
2026-09-22T13:31:55,15760,2,SessionLeader,/init,0.0,0.0142,1.1,0.0,0.0,0.0,0.0,0.0,1,sleeping,cpu
2026-09-22T13:31:55,15762,15760,Relay(15767),/init,0.0,0.0143,1.11,0.0,0.0,0.0,0.0,0.0,1,sleeping,cpu
2026-09-22T13:31:55,15767,15762,bash,-bash,0.0,0.0696,5.39,0.0,0.0,0.0,0.0,0.0,1,sleeping,cpu
2026-09-22T13:31:55,15903,2,SessionLeader,/init,0.0,0.0142,1.1,0.0,0.0,0.0,0.0,0.0,1,sleeping,cpu
2026-09-22T13:31:55,15904,15903,Relay(15909),/init,0.0,0.0143,1.11,0.0,0.0,0.0,0.0,0.0,1,sleeping,cpu
2026-09-22T13:31:55,15909,15904,bash,-bash,0.0,0.0699,5.42,0.0,0.0,0.0,0.0,0.0,1,sleeping,cpu
2026-09-22T13:31:55,16472,1426,top,top,0.5,0.0719,5.57,0.0,0.0,0.48,0.0,0.0,1,sleeping,cpu
2026-09-22T13:31:57,1,0,systemd,/sbin/init,0.0,0.1645,12.75,0.0,0.0,0.0,0.0,0.0,1,sleeping,cpu
2026-09-22T13:31:57,2,1,init-systemd(Ub,/init,0.0,0.0279,2.16,0.0,0.0,0.0,0.0,0.0,2,sleeping,cpu
2026-09-22T13:31:57,7,2,init,plan9 --control-socket 7 --log-level 4 --server-fd 8 --pipe-fd 10 --log-truncate,0.0,0.0268,2.08,0.0,0.0,0.0,0.0,0.0,2,sleeping,cpu
2026-09-22T13:31:57,43,1,systemd-journald,/usr/lib/systemd/systemd-journald,0.5,0.2004,15.53,0.0,0.0,2.99,457.76,1.0,1,sleeping,cpu
2026-09-22T13:31:57,98,1,systemd-udevd,/usr/lib/systemd/systemd-udevd,0.0,0.0799,6.19,0.0,0.0,0.0,0.0,0.0,1,sleeping,cpu
2026-09-22T13:31:57,177,1,systemd-resolved,/usr/lib/systemd/systemd-resolved,0.0,0.1656,12.83,0.0,0.0,0.0,0.0,0.0,1,sleeping,cpu
2026-09-22T13:31:57,178,1,systemd-timesyncd,/usr/lib/systemd/systemd-timesyncd,0.0,0.1002,7.77,0.0,0.0,0.0,0.0,0.0,2,sleeping,cpu
2026-09-22T13:31:57,188,1,cron,/usr/sbin/cron -f -P,0.0,0.0338,2.62,0.0,0.0,0.0,0.0,0.0,1,sleeping,cpu
2026-09-22T13:31:57,189,1,dbus-daemon,@dbus-daemon --system --address=systemd: --nofork --nopidfile --systemd-activation --syslog-only,0.0,0.0669,5.18,0.0,0.0,0.0,0.0,0.0,1,sleeping,cpu
2026-09-22T13:31:57,203,1,systemd-logind,/usr/lib/systemd/systemd-logind,0.0,0.1112,8.62,0.0,0.0,0.0,0.0,0.0,1,sleeping,cpu
2026-09-22T13:31:57,217,1,agetty,/sbin/agetty -o -p -- \u --noclear - linux,0.0,0.0249,1.93,0.0,0.0,0.0,0.0,0.0,1,sleeping,cpu
2026-09-22T13:31:57,223,1,rsyslogd,/usr/sbin/rsyslogd -n -iNONE,0.0,0.0758,5.87,0.0,0.0,0.0,0.0,0.0,4,sleeping,cpu
2026-09-22T13:31:57,236,1,unattended-upgr,/usr/bin/python3 /usr/share/unattended-upgrades/unattended-upgrade-shutdown --wait-for-signal,0.0,0.2778,21.53,0.0,0.0,0.0,0.0,0.0,2,sleeping,cpu
2026-09-22T13:31:57,256,1,apache2,/usr/sbin/apache2 -k start,0.0,0.0634,4.91,0.0,0.0,1.0,0.0,0.0,1,sleeping,cpu
2026-09-22T13:31:57,257,256,apache2,/usr/sbin/apache2 -k start,0.0,0.0734,5.69,0.0,0.0,0.0,0.0,0.0,27,sleeping,cpu
2026-09-22T13:31:57,259,256,apache2,/usr/sbin/apache2 -k start,0.0,0.0734,5.69,0.0,0.0,0.0,0.0,0.0,27,sleeping,cpu
2026-09-22T13:31:57,386,2,login,/bin/login -f      ,0.0,0.0587,4.55,0.0,0.0,0.0,0.0,0.0,1,sleeping,cpu
2026-09-22T13:31:57,429,1,systemd,/usr/lib/systemd/systemd --user,0.0,0.145,11.24,0.0,0.0,0.0,0.0,0.0,1,sleeping,cpu
2026-09-22T13:31:57,430,429,(sd-pam),(sd-pam),0.0,0.0451,3.49,0.0,0.0,0.0,0.0,0.0,1,sleeping,cpu
2026-09-22T13:31:57,452,386,bash,-bash,0.0,0.0643,4.98,0.0,0.0,0.0,0.0,0.0,1,sleeping,cpu
2026-09-22T13:31:57,486,2,SessionLeader,/init,0.0,0.0142,1.1,0.0,0.0,0.0,0.0,0.0,1,sleeping,cpu
2026-09-22T13:31:57,487,486,Relay(488),/init,0.0,0.0159,1.23,0.0,0.0,0.0,0.0,0.0,1,sleeping,cpu
2026-09-22T13:31:57,488,487,bash,-bash,0.0,0.0666,5.16,0.0,0.0,0.0,0.0,0.0,1,sleeping,cpu
2026-09-22T13:31:57,696,2,SessionLeader,/init,0.0,0.0143,1.11,0.0,0.0,0.0,0.0,0.0,1,sleeping,cpu
2026-09-22T13:31:57,697,696,Relay(698),/init,0.0,0.0152,1.18,0.0,0.0,0.0,0.0,0.0,1,sleeping,cpu
2026-09-22T13:31:57,698,697,sh,"sh -c ""$VSCODE_WSL_EXT_LOCATION/scripts/wslServer.sh"" 7debcd0e2acdea1c52de81bf9ee1620444407dda stable code-server .vscode-server --host=127.0.0.1 --port=0 --connection-token=826864117-4248089396-2109865724-2149592531 --use-host-proxy --without-browser-env-var --disable-websocket-compression --accept-server-license-terms --telemetry-level=all",0.0,0.024,1.86,0.0,0.0,0.0,0.0,0.0,1,sleeping,cpu
2026-09-22T13:31:57,699,698,sh,sh /mnt/c/Users/Rohan/.vscode/extensions/ms-vscode-remote.remote-wsl-0.104.3/scripts/wslServer.sh 7debcd0e2acdea1c52de81bf9ee1620444407dda stable code-server .vscode-server --host=127.0.0.1 --port=0 --connection-token=826864117-4248089396-2109865724-2149592531 --use-host-proxy --without-browser-env-var --disable-websocket-compression --accept-server-license-terms --telemetry-level=all,0.0,0.0251,1.95,0.0,0.0,0.0,0.0,0.0,1,sleeping,cpu
2026-09-22T13:31:57,705,699,sh,sh /home/rohan/.vscode-server/bin/7debcd0e2acdea1c52de81bf9ee1620444407dda/bin/code-server --host=127.0.0.1 --port=0 --connection-token=826864117-4248089396-2109865724-2149592531 --use-host-proxy --without-browser-env-var --disable-websocket-compression --accept-server-license-terms --telemetry-level=all,0.0,0.025,1.93,0.0,0.0,0.0,0.0,0.0,1,sleeping,cpu
2026-09-22T13:31:57,709,705,MainThread,/home/rohan/.vscode-server/bin/7debcd0e2acdea1c52de81bf9ee1620444407dda/node /home/rohan/.vscode-server/bin/7debcd0e2acdea1c52de81bf9ee1620444407dda/out/server-main.js --host=127.0.0.1 --port=0 --connection-token=826864117-4248089396-2109865724-2149592531 --use-host-proxy --without-browser-env-var --disable-websocket-compression --accept-server-license-terms --telemetry-level=all,0.0,2.2863,177.16,0.0,0.0,4.98,0.0,0.0,11,sleeping,cpu
2026-09-22T13:31:57,721,2,SessionLeader,/init,0.0,0.0143,1.11,0.0,0.0,0.0,0.0,0.0,1,sleeping,cpu
2026-09-22T13:31:57,722,721,Relay(723),/init,0.0,0.0152,1.18,0.0,0.0,1.49,0.0,0.0,1,sleeping,cpu
2026-09-22T13:31:57,723,722,MainThread,"/home/rohan/.vscode-server/bin/7debcd0e2acdea1c52de81bf9ee1620444407dda/node -e const net = require('net'); process.stdin.pause(); const client = net.createConnection({ host: '127.0.0.1', port: 44115 }, () => { client.pipe(process.stdout); process.stdin.pipe(client); }); client.on('close', function (hadError) { console.error(hadError ? 'Remote close with error' : 'Remote close'); process.exit(hadError ? 1 : 0); }); client.on('error', function (err) { process.stderr.write(err && (err.stack || err.message) || String(err)); });",0.0,0.8724,67.6,0.0,0.0,1.49,0.0,0.0,7,sleeping,cpu
2026-09-22T13:31:57,730,2,SessionLeader,/init,0.0,0.0143,1.11,0.0,0.0,0.0,0.0,0.0,1,sleeping,cpu
2026-09-22T13:31:57,731,730,Relay(732),/init,0.0,0.0152,1.18,0.0,0.0,1.0,0.0,0.0,1,sleeping,cpu
2026-09-22T13:31:57,732,731,MainThread,"/home/rohan/.vscode-server/bin/7debcd0e2acdea1c52de81bf9ee1620444407dda/node -e const net = require('net'); process.stdin.pause(); const client = net.createConnection({ host: '127.0.0.1', port: 44115 }, () => { client.pipe(process.stdout); process.stdin.pipe(client); }); client.on('close', function (hadError) { console.error(hadError ? 'Remote close with error' : 'Remote close'); process.exit(hadError ? 1 : 0); }); client.on('error', function (err) { process.stderr.write(err && (err.stack || err.message) || String(err)); });",0.0,0.7746,60.02,0.0,0.0,1.0,0.0,0.0,7,sleeping,cpu
2026-09-22T13:31:57,743,709,MainThread,/home/rohan/.vscode-server/bin/7debcd0e2acdea1c52de81bf9ee1620444407dda/node /home/rohan/.vscode-server/bin/7debcd0e2acdea1c52de81bf9ee1620444407dda/out/bootstrap-fork --type=fileWatcher,0.0,0.8757,67.86,0.0,0.0,1.99,0.0,0.0,13,sleeping,cpu
2026-09-22T13:31:57,769,709,MainThread,/home/rohan/.vscode-server/bin/7debcd0e2acdea1c52de81bf9ee1620444407dda/node /home/rohan/.vscode-server/bin/7debcd0e2acdea1c52de81bf9ee1620444407dda/out/bootstrap-fork --type=agentHost --logsPath /home/rohan/.vscode-server/data/logs/20260922T120228 --user-data-dir /home/rohan/.vscode-server/data --telemetry-level all,0.0,1.7774,137.72,0.0,2040.71,3.99,0.0,0.0,11,sleeping,cpu
2026-09-22T13:31:57,770,709,MainThread,/home/rohan/.vscode-server/bin/7debcd0e2acdea1c52de81bf9ee1620444407dda/node --dns-result-order=ipv4first /home/rohan/.vscode-server/bin/7debcd0e2acdea1c52de81bf9ee1620444407dda/out/bootstrap-fork --type=extensionHost --transformURIs --useHostProxy=true,1.5,6.7952,526.54,0.0,0.0,185.84,346.27,0.0,32,sleeping,cpu
2026-09-22T13:31:57,811,769,MainThread,/home/rohan/.vscode-server/bin/7debcd0e2acdea1c52de81bf9ee1620444407dda/node /home/rohan/.vscode-server/bin/7debcd0e2acdea1c52de81bf9ee1620444407dda/node_modules/@github/copilot-linux-x64/index.js --headless --no-auto-update --log-level info --stdio --no-auto-login,0.0,3.3565,260.08,0.0,0.0,0.0,0.0,0.0,44,sleeping,cpu
2026-09-22T13:31:57,812,770,MainThread,/home/rohan/.vscode-server/bin/7debcd0e2acdea1c52de81bf9ee1620444407dda/node /home/rohan/.vscode-server/bin/7debcd0e2acdea1c52de81bf9ee1620444407dda/extensions/markdown-language-features/dist/serverWorkerMain --node-ipc --clientProcessId=770,0.0,0.994,77.02,0.0,0.0,0.5,0.0,0.0,7,sleeping,cpu
2026-09-22T13:31:57,833,709,MainThread,/home/rohan/.vscode-server/bin/7debcd0e2acdea1c52de81bf9ee1620444407dda/node /home/rohan/.vscode-server/bin/7debcd0e2acdea1c52de81bf9ee1620444407dda/out/bootstrap-fork --type=ptyHost --logsPath /home/rohan/.vscode-server/data/logs/20260922T120228,0.0,0.9761,75.63,0.0,0.0,6.48,0.0,0.0,13,sleeping,cpu
2026-09-22T13:31:57,964,833,bash,/bin/bash --init-file /home/rohan/.vscode-server/bin/7debcd0e2acdea1c52de81bf9ee1620444407dda/out/vs/workbench/contrib/terminal/common/scripts/shellIntegration-bash.sh,0.0,0.0674,5.22,0.0,0.0,0.0,0.0,0.0,1,sleeping,cpu
2026-09-22T13:31:57,1424,2,SessionLeader,/init,0.0,0.0142,1.1,0.0,0.0,0.0,0.0,0.0,1,sleeping,cpu
2026-09-22T13:31:57,1425,1424,Relay(1426),/init,0.0,0.0143,1.11,0.0,0.0,1.0,0.0,0.0,1,sleeping,cpu
2026-09-22T13:31:57,1426,1425,bash,-bash,0.0,0.0665,5.15,0.0,0.0,0.0,0.0,0.0,1,sleeping,cpu
2026-09-22T13:31:57,4147,770,pet,/home/rohan/.vscode-server/extensions/ms-python.vscode-python-envs-1.37.2026092101-linux-x64/python-env-tools/bin/pet server,0.0,0.0749,5.8,0.0,0.0,0.0,0.0,0.0,21,sleeping,cpu
2026-09-22T13:31:57,4156,833,bash,/bin/bash --init-file /home/rohan/.vscode-server/bin/7debcd0e2acdea1c52de81bf9ee1620444407dda/out/vs/workbench/contrib/terminal/common/scripts/shellIntegration-bash.sh,0.0,0.0664,5.15,0.0,0.0,0.0,0.0,0.0,1,sleeping,cpu
2026-09-22T13:31:57,4295,770,MainThread,/home/rohan/.vscode-server/bin/7debcd0e2acdea1c52de81bf9ee1620444407dda/node /home/rohan/.vscode-server/extensions/ms-python.vscode-pylance-2026.3.105/dist/server.bundle.js --cancellationReceive=file:2bc56d7a41ee8749874d0000b75c5745f8ddf88b1a --node-ipc --clientProcessId=770,0.0,8.453,655.0,0.0,0.0,1.0,0.0,0.0,9,sleeping,cpu
2026-09-22T13:31:57,5890,2,SessionLeader,/init,0.0,0.0142,1.1,0.0,0.0,0.0,0.0,0.0,1,sleeping,cpu
2026-09-22T13:31:57,5891,5890,Relay(5896),/init,0.0,0.0143,1.11,0.0,0.0,0.5,0.0,0.0,1,sleeping,cpu
2026-09-22T13:31:57,5896,5891,bash,-bash,0.0,0.0669,5.18,0.0,0.0,0.0,0.0,0.0,1,sleeping,cpu
2026-09-22T13:31:57,6172,2,SessionLeader,/init,0.0,0.0142,1.1,0.0,0.0,0.0,0.0,0.0,1,sleeping,cpu
2026-09-22T13:31:57,6173,6172,Relay(6174),/init,0.0,0.0143,1.11,0.0,0.0,1.99,0.0,0.0,1,sleeping,cpu
2026-09-22T13:31:57,6174,6173,bash,-bash,0.5,0.0666,5.16,0.0,0.0,0.5,18.94,0.0,1,sleeping,cpu
2026-09-22T13:31:57,6941,2,SessionLeader,/init,0.0,0.0142,1.1,0.0,0.0,0.0,0.0,0.0,1,sleeping,cpu
2026-09-22T13:31:57,6943,6941,Relay(6945),/init,0.0,0.0143,1.11,0.0,0.0,0.0,0.0,0.0,1,sleeping,cpu
2026-09-22T13:31:57,6945,6943,bash,-bash,0.0,0.0659,5.11,0.0,0.0,0.0,0.0,0.0,1,sleeping,cpu
2026-09-22T13:31:57,8650,2,SessionLeader,/init,0.0,0.0142,1.1,0.0,0.0,0.0,0.0,0.0,1,sleeping,cpu
2026-09-22T13:31:57,8652,8650,Relay(8654),/init,0.0,0.0143,1.11,0.0,0.0,0.0,0.0,0.0,1,sleeping,cpu
2026-09-22T13:31:57,8654,8652,bash,-bash,0.0,0.0688,5.33,0.0,0.0,0.0,0.0,0.0,1,sleeping,cpu
2026-09-22T13:31:57,8853,2,SessionLeader,/init,0.0,0.0142,1.1,0.0,0.0,0.0,0.0,0.0,1,sleeping,cpu
2026-09-22T13:31:57,8854,8853,Relay(8858),/init,0.0,0.0143,1.11,0.0,0.0,0.0,0.0,0.0,1,sleeping,cpu
2026-09-22T13:31:57,8858,8854,bash,-bash,0.0,0.0681,5.27,0.0,0.0,0.0,0.0,0.0,1,sleeping,cpu
2026-09-22T13:31:57,15760,2,SessionLeader,/init,0.0,0.0142,1.1,0.0,0.0,0.0,0.0,0.0,1,sleeping,cpu
2026-09-22T13:31:57,15762,15760,Relay(15767),/init,0.0,0.0143,1.11,0.0,0.0,0.0,0.0,0.0,1,sleeping,cpu
2026-09-22T13:31:57,15767,15762,bash,-bash,0.0,0.0696,5.39,0.0,0.0,0.0,0.0,0.0,1,sleeping,cpu
2026-09-22T13:31:57,15903,2,SessionLeader,/init,0.0,0.0142,1.1,0.0,0.0,0.0,0.0,0.0,1,sleeping,cpu
2026-09-22T13:31:57,15904,15903,Relay(15909),/init,0.0,0.0143,1.11,0.0,0.0,0.0,0.0,0.0,1,sleeping,cpu
2026-09-22T13:31:57,15909,15904,bash,-bash,0.0,0.0699,5.42,0.0,0.0,0.0,0.0,0.0,1,sleeping,cpu
2026-09-22T13:31:57,16472,1426,top,top,0.0,0.0719,5.57,0.0,0.0,0.5,0.0,0.0,1,sleeping,cpu
2026-09-22T13:31:57,20473,6174,python,python workloads/cpu/cpu_workload.py,0.0,0.1181,9.15,0,0,0,0,0,1,running,cpu
2026-09-22T13:31:59,1,0,systemd,/sbin/init,0.0,0.1645,12.75,0.0,0.0,0.0,0.0,0.0,1,sleeping,cpu
2026-09-22T13:31:59,2,1,init-systemd(Ub,/init,0.0,0.0279,2.16,0.0,0.0,0.0,0.0,0.0,2,sleeping,cpu
2026-09-22T13:31:59,7,2,init,plan9 --control-socket 7 --log-level 4 --server-fd 8 --pipe-fd 10 --log-truncate,0.0,0.0268,2.08,0.0,0.0,0.0,0.0,0.0,2,sleeping,cpu
2026-09-22T13:31:59,43,1,systemd-journald,/usr/lib/systemd/systemd-journald,0.0,0.2004,15.53,0.0,0.0,0.0,0.0,0.0,1,sleeping,cpu
2026-09-22T13:31:59,98,1,systemd-udevd,/usr/lib/systemd/systemd-udevd,0.0,0.0799,6.19,0.0,0.0,0.0,0.0,0.0,1,sleeping,cpu
2026-09-22T13:31:59,177,1,systemd-resolved,/usr/lib/systemd/systemd-resolved,0.0,0.1656,12.83,0.0,0.0,0.0,0.0,0.0,1,sleeping,cpu
2026-09-22T13:31:59,178,1,systemd-timesyncd,/usr/lib/systemd/systemd-timesyncd,0.0,0.1002,7.77,0.0,0.0,0.0,0.0,0.0,2,sleeping,cpu
2026-09-22T13:31:59,188,1,cron,/usr/sbin/cron -f -P,0.0,0.0338,2.62,0.0,0.0,0.0,0.0,0.0,1,sleeping,cpu
2026-09-22T13:31:59,189,1,dbus-daemon,@dbus-daemon --system --address=systemd: --nofork --nopidfile --systemd-activation --syslog-only,0.0,0.0669,5.18,0.0,0.0,0.0,0.0,0.0,1,sleeping,cpu
2026-09-22T13:31:59,203,1,systemd-logind,/usr/lib/systemd/systemd-logind,0.0,0.1112,8.62,0.0,0.0,0.0,0.0,0.0,1,sleeping,cpu
2026-09-22T13:31:59,217,1,agetty,/sbin/agetty -o -p -- \u --noclear - linux,0.0,0.0249,1.93,0.0,0.0,0.0,0.0,0.0,1,sleeping,cpu
2026-09-22T13:31:59,223,1,rsyslogd,/usr/sbin/rsyslogd -n -iNONE,0.0,0.0758,5.87,0.0,0.0,0.0,0.0,0.0,4,sleeping,cpu
2026-09-22T13:31:59,236,1,unattended-upgr,/usr/bin/python3 /usr/share/unattended-upgrades/unattended-upgrade-shutdown --wait-for-signal,0.0,0.2778,21.53,0.0,0.0,0.0,0.0,0.0,2,sleeping,cpu
2026-09-22T13:31:59,256,1,apache2,/usr/sbin/apache2 -k start,0.0,0.0634,4.91,0.0,0.0,1.0,0.0,0.0,1,sleeping,cpu
2026-09-22T13:31:59,257,256,apache2,/usr/sbin/apache2 -k start,0.0,0.0734,5.69,0.0,0.0,0.0,0.0,0.0,27,sleeping,cpu
2026-09-22T13:31:59,259,256,apache2,/usr/sbin/apache2 -k start,0.0,0.0734,5.69,0.0,0.0,0.0,0.0,0.0,27,sleeping,cpu
2026-09-22T13:31:59,386,2,login,/bin/login -f      ,0.0,0.0587,4.55,0.0,0.0,0.0,0.0,0.0,1,sleeping,cpu
2026-09-22T13:31:59,429,1,systemd,/usr/lib/systemd/systemd --user,0.0,0.145,11.24,0.0,0.0,0.0,0.0,0.0,1,sleeping,cpu
2026-09-22T13:31:59,430,429,(sd-pam),(sd-pam),0.0,0.0451,3.49,0.0,0.0,0.0,0.0,0.0,1,sleeping,cpu
2026-09-22T13:31:59,452,386,bash,-bash,0.0,0.0643,4.98,0.0,0.0,0.0,0.0,0.0,1,sleeping,cpu
2026-09-22T13:31:59,486,2,SessionLeader,/init,0.0,0.0142,1.1,0.0,0.0,0.0,0.0,0.0,1,sleeping,cpu
2026-09-22T13:31:59,487,486,Relay(488),/init,0.0,0.0159,1.23,0.0,0.0,0.0,0.0,0.0,1,sleeping,cpu
2026-09-22T13:31:59,488,487,bash,-bash,0.0,0.0666,5.16,0.0,0.0,0.0,0.0,0.0,1,sleeping,cpu
2026-09-22T13:31:59,696,2,SessionLeader,/init,0.0,0.0143,1.11,0.0,0.0,0.0,0.0,0.0,1,sleeping,cpu
2026-09-22T13:31:59,697,696,Relay(698),/init,0.0,0.0152,1.18,0.0,0.0,0.0,0.0,0.0,1,sleeping,cpu
2026-09-22T13:31:59,698,697,sh,"sh -c ""$VSCODE_WSL_EXT_LOCATION/scripts/wslServer.sh"" 7debcd0e2acdea1c52de81bf9ee1620444407dda stable code-server .vscode-server --host=127.0.0.1 --port=0 --connection-token=826864117-4248089396-2109865724-2149592531 --use-host-proxy --without-browser-env-var --disable-websocket-compression --accept-server-license-terms --telemetry-level=all",0.0,0.024,1.86,0.0,0.0,0.0,0.0,0.0,1,sleeping,cpu
2026-09-22T13:31:59,699,698,sh,sh /mnt/c/Users/Rohan/.vscode/extensions/ms-vscode-remote.remote-wsl-0.104.3/scripts/wslServer.sh 7debcd0e2acdea1c52de81bf9ee1620444407dda stable code-server .vscode-server --host=127.0.0.1 --port=0 --connection-token=826864117-4248089396-2109865724-2149592531 --use-host-proxy --without-browser-env-var --disable-websocket-compression --accept-server-license-terms --telemetry-level=all,0.0,0.0251,1.95,0.0,0.0,0.0,0.0,0.0,1,sleeping,cpu
2026-09-22T13:31:59,705,699,sh,sh /home/rohan/.vscode-server/bin/7debcd0e2acdea1c52de81bf9ee1620444407dda/bin/code-server --host=127.0.0.1 --port=0 --connection-token=826864117-4248089396-2109865724-2149592531 --use-host-proxy --without-browser-env-var --disable-websocket-compression --accept-server-license-terms --telemetry-level=all,0.0,0.025,1.93,0.0,0.0,0.0,0.0,0.0,1,sleeping,cpu
2026-09-22T13:31:59,709,705,MainThread,/home/rohan/.vscode-server/bin/7debcd0e2acdea1c52de81bf9ee1620444407dda/node /home/rohan/.vscode-server/bin/7debcd0e2acdea1c52de81bf9ee1620444407dda/out/server-main.js --host=127.0.0.1 --port=0 --connection-token=826864117-4248089396-2109865724-2149592531 --use-host-proxy --without-browser-env-var --disable-websocket-compression --accept-server-license-terms --telemetry-level=all,0.0,2.2863,177.16,0.0,0.0,6.48,0.5,0.0,11,sleeping,cpu
2026-09-22T13:31:59,721,2,SessionLeader,/init,0.0,0.0143,1.11,0.0,0.0,0.0,0.0,0.0,1,sleeping,cpu
2026-09-22T13:31:59,722,721,Relay(723),/init,0.0,0.0152,1.18,0.0,0.0,1.0,0.0,0.0,1,sleeping,cpu
2026-09-22T13:31:59,723,722,MainThread,"/home/rohan/.vscode-server/bin/7debcd0e2acdea1c52de81bf9ee1620444407dda/node -e const net = require('net'); process.stdin.pause(); const client = net.createConnection({ host: '127.0.0.1', port: 44115 }, () => { client.pipe(process.stdout); process.stdin.pipe(client); }); client.on('close', function (hadError) { console.error(hadError ? 'Remote close with error' : 'Remote close'); process.exit(hadError ? 1 : 0); }); client.on('error', function (err) { process.stderr.write(err && (err.stack || err.message) || String(err)); });",0.0,0.8724,67.6,0.0,0.0,1.0,0.0,0.0,7,sleeping,cpu
2026-09-22T13:31:59,730,2,SessionLeader,/init,0.0,0.0143,1.11,0.0,0.0,0.0,0.0,0.0,1,sleeping,cpu
2026-09-22T13:31:59,731,730,Relay(732),/init,0.0,0.0152,1.18,0.0,0.0,1.0,0.0,0.0,1,sleeping,cpu
2026-09-22T13:31:59,732,731,MainThread,"/home/rohan/.vscode-server/bin/7debcd0e2acdea1c52de81bf9ee1620444407dda/node -e const net = require('net'); process.stdin.pause(); const client = net.createConnection({ host: '127.0.0.1', port: 44115 }, () => { client.pipe(process.stdout); process.stdin.pipe(client); }); client.on('close', function (hadError) { console.error(hadError ? 'Remote close with error' : 'Remote close'); process.exit(hadError ? 1 : 0); }); client.on('error', function (err) { process.stderr.write(err && (err.stack || err.message) || String(err)); });",0.0,0.7746,60.02,0.0,0.0,1.0,0.0,0.0,7,sleeping,cpu
2026-09-22T13:31:59,743,709,MainThread,/home/rohan/.vscode-server/bin/7debcd0e2acdea1c52de81bf9ee1620444407dda/node /home/rohan/.vscode-server/bin/7debcd0e2acdea1c52de81bf9ee1620444407dda/out/bootstrap-fork --type=fileWatcher,0.0,0.8757,67.86,0.0,0.0,2.99,0.0,0.0,13,sleeping,cpu
2026-09-22T13:31:59,769,709,MainThread,/home/rohan/.vscode-server/bin/7debcd0e2acdea1c52de81bf9ee1620444407dda/node /home/rohan/.vscode-server/bin/7debcd0e2acdea1c52de81bf9ee1620444407dda/out/bootstrap-fork --type=agentHost --logsPath /home/rohan/.vscode-server/data/logs/20260922T120228 --user-data-dir /home/rohan/.vscode-server/data --telemetry-level all,0.0,1.7774,137.72,0.0,0.0,0.0,0.0,0.0,11,sleeping,cpu
2026-09-22T13:31:59,770,709,MainThread,/home/rohan/.vscode-server/bin/7debcd0e2acdea1c52de81bf9ee1620444407dda/node --dns-result-order=ipv4first /home/rohan/.vscode-server/bin/7debcd0e2acdea1c52de81bf9ee1620444407dda/out/bootstrap-fork --type=extensionHost --transformURIs --useHostProxy=true,1.0,6.7952,526.54,0.0,0.0,187.38,293.03,0.0,32,sleeping,cpu
2026-09-22T13:31:59,811,769,MainThread,/home/rohan/.vscode-server/bin/7debcd0e2acdea1c52de81bf9ee1620444407dda/node /home/rohan/.vscode-server/bin/7debcd0e2acdea1c52de81bf9ee1620444407dda/node_modules/@github/copilot-linux-x64/index.js --headless --no-auto-update --log-level info --stdio --no-auto-login,0.0,3.3565,260.08,0.0,0.0,0.0,0.0,0.0,44,sleeping,cpu
2026-09-22T13:31:59,812,770,MainThread,/home/rohan/.vscode-server/bin/7debcd0e2acdea1c52de81bf9ee1620444407dda/node /home/rohan/.vscode-server/bin/7debcd0e2acdea1c52de81bf9ee1620444407dda/extensions/markdown-language-features/dist/serverWorkerMain --node-ipc --clientProcessId=770,0.0,0.994,77.02,0.0,0.0,0.0,0.0,0.0,7,sleeping,cpu
2026-09-22T13:31:59,833,709,MainThread,/home/rohan/.vscode-server/bin/7debcd0e2acdea1c52de81bf9ee1620444407dda/node /home/rohan/.vscode-server/bin/7debcd0e2acdea1c52de81bf9ee1620444407dda/out/bootstrap-fork --type=ptyHost --logsPath /home/rohan/.vscode-server/data/logs/20260922T120228,0.5,0.9761,75.63,0.0,0.0,10.46,0.0,0.0,13,sleeping,cpu
2026-09-22T13:31:59,964,833,bash,/bin/bash --init-file /home/rohan/.vscode-server/bin/7debcd0e2acdea1c52de81bf9ee1620444407dda/out/vs/workbench/contrib/terminal/common/scripts/shellIntegration-bash.sh,0.0,0.0674,5.22,0.0,0.0,0.0,0.0,0.0,1,sleeping,cpu
2026-09-22T13:31:59,1424,2,SessionLeader,/init,0.0,0.0142,1.1,0.0,0.0,0.0,0.0,0.0,1,sleeping,cpu
2026-09-22T13:31:59,1425,1424,Relay(1426),/init,0.0,0.0143,1.11,0.0,0.0,0.0,0.0,0.0,1,sleeping,cpu
2026-09-22T13:31:59,1426,1425,bash,-bash,0.0,0.0665,5.15,0.0,0.0,0.0,0.0,0.0,1,sleeping,cpu
2026-09-22T13:31:59,4147,770,pet,/home/rohan/.vscode-server/extensions/ms-python.vscode-python-envs-1.37.2026092101-linux-x64/python-env-tools/bin/pet server,0.0,0.0749,5.8,0.0,0.0,0.0,0.0,0.0,21,sleeping,cpu
2026-09-22T13:31:59,4156,833,bash,/bin/bash --init-file /home/rohan/.vscode-server/bin/7debcd0e2acdea1c52de81bf9ee1620444407dda/out/vs/workbench/contrib/terminal/common/scripts/shellIntegration-bash.sh,0.0,0.0664,5.15,0.0,0.0,0.0,0.0,0.0,1,sleeping,cpu
2026-09-22T13:31:59,4295,770,MainThread,/home/rohan/.vscode-server/bin/7debcd0e2acdea1c52de81bf9ee1620444407dda/node /home/rohan/.vscode-server/extensions/ms-python.vscode-pylance-2026.3.105/dist/server.bundle.js --cancellationReceive=file:2bc56d7a41ee8749874d0000b75c5745f8ddf88b1a --node-ipc --clientProcessId=770,0.0,8.453,655.0,0.0,0.0,0.5,0.0,0.0,9,sleeping,cpu
2026-09-22T13:31:59,5890,2,SessionLeader,/init,0.0,0.0142,1.1,0.0,0.0,0.0,0.0,0.0,1,sleeping,cpu
2026-09-22T13:31:59,5891,5890,Relay(5896),/init,0.0,0.0143,1.11,0.0,0.0,0.5,0.0,0.0,1,sleeping,cpu
2026-09-22T13:31:59,5896,5891,bash,-bash,0.0,0.0669,5.18,0.0,0.0,0.0,0.0,0.0,1,sleeping,cpu
2026-09-22T13:31:59,6172,2,SessionLeader,/init,0.0,0.0142,1.1,0.0,0.0,0.0,0.0,0.0,1,sleeping,cpu
2026-09-22T13:31:59,6173,6172,Relay(6174),/init,0.0,0.0143,1.11,0.0,0.0,0.0,0.0,0.0,1,sleeping,cpu
2026-09-22T13:31:59,6174,6173,bash,-bash,0.0,0.0666,5.16,0.0,0.0,0.0,0.0,0.0,1,sleeping,cpu
2026-09-22T13:31:59,6941,2,SessionLeader,/init,0.0,0.0142,1.1,0.0,0.0,0.0,0.0,0.0,1,sleeping,cpu
2026-09-22T13:31:59,6943,6941,Relay(6945),/init,0.0,0.0143,1.11,0.0,0.0,0.0,0.0,0.0,1,sleeping,cpu
2026-09-22T13:31:59,6945,6943,bash,-bash,0.0,0.0659,5.11,0.0,0.0,0.0,0.0,0.0,1,sleeping,cpu
2026-09-22T13:31:59,8650,2,SessionLeader,/init,0.0,0.0142,1.1,0.0,0.0,0.0,0.0,0.0,1,sleeping,cpu
2026-09-22T13:31:59,8652,8650,Relay(8654),/init,0.0,0.0143,1.11,0.0,0.0,0.0,0.0,0.0,1,sleeping,cpu
2026-09-22T13:31:59,8654,8652,bash,-bash,0.0,0.0688,5.33,0.0,0.0,0.0,0.0,0.0,1,sleeping,cpu
2026-09-22T13:31:59,8853,2,SessionLeader,/init,0.0,0.0142,1.1,0.0,0.0,0.0,0.0,0.0,1,sleeping,cpu
2026-09-22T13:31:59,8854,8853,Relay(8858),/init,0.0,0.0143,1.11,0.0,0.0,0.0,0.0,0.0,1,sleeping,cpu
2026-09-22T13:31:59,8858,8854,bash,-bash,0.0,0.0681,5.27,0.0,0.0,0.0,0.0,0.0,1,sleeping,cpu
2026-09-22T13:31:59,15760,2,SessionLeader,/init,0.0,0.0142,1.1,0.0,0.0,0.0,0.0,0.0,1,sleeping,cpu
2026-09-22T13:31:59,15762,15760,Relay(15767),/init,0.0,0.0143,1.11,0.0,0.0,0.0,0.0,0.0,1,sleeping,cpu
2026-09-22T13:31:59,15767,15762,bash,-bash,0.0,0.0696,5.39,0.0,0.0,0.0,0.0,0.0,1,sleeping,cpu
2026-09-22T13:31:59,15903,2,SessionLeader,/init,0.0,0.0142,1.1,0.0,0.0,0.0,0.0,0.0,1,sleeping,cpu
2026-09-22T13:31:59,15904,15903,Relay(15909),/init,0.0,0.0143,1.11,0.0,0.0,0.0,0.0,0.0,1,sleeping,cpu
2026-09-22T13:31:59,15909,15904,bash,-bash,0.0,0.0699,5.42,0.0,0.0,0.0,0.0,0.0,1,sleeping,cpu
2026-09-22T13:31:59,16472,1426,top,top,0.0,0.0719,5.57,0.0,0.0,0.0,0.0,0.0,1,sleeping,cpu
2026-09-22T13:31:59,20473,6174,python,python workloads/cpu/cpu_workload.py,99.7,0.1181,9.15,0.0,0.0,4.98,0.0,0.0,1,running,cpu
2026-09-22T13:32:01,1,0,systemd,/sbin/init,0.5,0.1645,12.75,0.0,0.0,1.03,0.0,0.0,1,sleeping,cpu
2026-09-22T13:32:01,2,1,init-systemd(Ub,/init,0.0,0.0279,2.16,0.0,0.0,0.0,0.0,0.0,2,sleeping,cpu
2026-09-22T13:32:01,7,2,init,plan9 --control-socket 7 --log-level 4 --server-fd 8 --pipe-fd 10 --log-truncate,0.0,0.0268,2.08,0.0,0.0,0.0,0.0,0.0,2,sleeping,cpu
2026-09-22T13:32:01,43,1,systemd-journald,/usr/lib/systemd/systemd-journald,1.0,0.2004,15.53,0.0,0.0,6.17,941.79,1.54,1,sleeping,cpu
2026-09-22T13:32:01,98,1,systemd-udevd,/usr/lib/systemd/systemd-udevd,0.0,0.0799,6.19,0.0,0.0,0.0,0.0,0.0,1,sleeping,cpu
2026-09-22T13:32:01,177,1,systemd-resolved,/usr/lib/systemd/systemd-resolved,0.0,0.1656,12.83,0.0,0.0,1.03,0.0,0.0,1,sleeping,cpu
2026-09-22T13:32:01,178,1,systemd-timesyncd,/usr/lib/systemd/systemd-timesyncd,0.5,0.1002,7.77,0.0,0.0,1.03,0.0,0.0,2,sleeping,cpu
2026-09-22T13:32:01,188,1,cron,/usr/sbin/cron -f -P,0.0,0.0338,2.62,0.0,0.0,0.0,0.0,0.0,1,sleeping,cpu
2026-09-22T13:32:01,189,1,dbus-daemon,@dbus-daemon --system --address=systemd: --nofork --nopidfile --systemd-activation --syslog-only,0.0,0.0669,5.18,0.0,0.0,1.54,0.0,0.0,1,sleeping,cpu
2026-09-22T13:32:01,203,1,systemd-logind,/usr/lib/systemd/systemd-logind,0.0,0.1112,8.62,0.0,0.0,5.14,0.0,0.0,1,sleeping,cpu
2026-09-22T13:32:01,217,1,agetty,/sbin/agetty -o -p -- \u --noclear - linux,0.0,0.0249,1.93,0.0,0.0,0.0,0.0,0.0,1,sleeping,cpu
2026-09-22T13:32:01,223,1,rsyslogd,/usr/sbin/rsyslogd -n -iNONE,0.0,0.0758,5.87,0.0,0.0,0.0,0.0,0.0,4,sleeping,cpu
2026-09-22T13:32:01,236,1,unattended-upgr,/usr/bin/python3 /usr/share/unattended-upgrades/unattended-upgrade-shutdown --wait-for-signal,0.0,0.2778,21.53,0.0,0.0,0.0,0.0,0.0,2,sleeping,cpu
2026-09-22T13:32:01,256,1,apache2,/usr/sbin/apache2 -k start,0.0,0.0634,4.91,0.0,0.0,1.03,0.0,0.0,1,sleeping,cpu
2026-09-22T13:32:01,257,256,apache2,/usr/sbin/apache2 -k start,0.0,0.0734,5.69,0.0,0.0,0.0,0.0,0.0,27,sleeping,cpu
2026-09-22T13:32:01,259,256,apache2,/usr/sbin/apache2 -k start,0.0,0.0734,5.69,0.0,0.0,0.0,0.0,0.0,27,sleeping,cpu
2026-09-22T13:32:01,386,2,login,/bin/login -f      ,0.0,0.0587,4.55,0.0,0.0,0.0,0.0,0.0,1,sleeping,cpu
2026-09-22T13:32:01,429,1,systemd,/usr/lib/systemd/systemd --user,0.0,0.145,11.24,0.0,0.0,1.03,0.0,0.0,1,sleeping,cpu
2026-09-22T13:32:01,430,429,(sd-pam),(sd-pam),0.0,0.0451,3.49,0.0,0.0,0.0,0.0,0.0,1,sleeping,cpu
2026-09-22T13:32:01,452,386,bash,-bash,0.0,0.0643,4.98,0.0,0.0,0.0,0.0,0.0,1,sleeping,cpu
2026-09-22T13:32:01,486,2,SessionLeader,/init,0.0,0.0142,1.1,0.0,0.0,0.0,0.0,0.0,1,sleeping,cpu
2026-09-22T13:32:01,487,486,Relay(488),/init,0.0,0.0159,1.23,0.0,0.0,0.0,0.0,0.0,1,sleeping,cpu
2026-09-22T13:32:01,488,487,bash,-bash,0.0,0.0666,5.16,0.0,0.0,0.0,0.0,0.0,1,sleeping,cpu
2026-09-22T13:32:01,696,2,SessionLeader,/init,0.0,0.0143,1.11,0.0,0.0,0.0,0.0,0.0,1,sleeping,cpu
2026-09-22T13:32:01,697,696,Relay(698),/init,0.0,0.0152,1.18,0.0,0.0,0.0,0.0,0.0,1,sleeping,cpu
2026-09-22T13:32:01,698,697,sh,"sh -c ""$VSCODE_WSL_EXT_LOCATION/scripts/wslServer.sh"" 7debcd0e2acdea1c52de81bf9ee1620444407dda stable code-server .vscode-server --host=127.0.0.1 --port=0 --connection-token=826864117-4248089396-2109865724-2149592531 --use-host-proxy --without-browser-env-var --disable-websocket-compression --accept-server-license-terms --telemetry-level=all",0.0,0.024,1.86,0.0,0.0,0.0,0.0,0.0,1,sleeping,cpu
2026-09-22T13:32:01,699,698,sh,sh /mnt/c/Users/Rohan/.vscode/extensions/ms-vscode-remote.remote-wsl-0.104.3/scripts/wslServer.sh 7debcd0e2acdea1c52de81bf9ee1620444407dda stable code-server .vscode-server --host=127.0.0.1 --port=0 --connection-token=826864117-4248089396-2109865724-2149592531 --use-host-proxy --without-browser-env-var --disable-websocket-compression --accept-server-license-terms --telemetry-level=all,0.0,0.0251,1.95,0.0,0.0,0.0,0.0,0.0,1,sleeping,cpu
2026-09-22T13:32:01,705,699,sh,sh /home/rohan/.vscode-server/bin/7debcd0e2acdea1c52de81bf9ee1620444407dda/bin/code-server --host=127.0.0.1 --port=0 --connection-token=826864117-4248089396-2109865724-2149592531 --use-host-proxy --without-browser-env-var --disable-websocket-compression --accept-server-license-terms --telemetry-level=all,0.0,0.025,1.93,0.0,0.0,0.0,0.0,0.0,1,sleeping,cpu
2026-09-22T13:32:01,709,705,MainThread,/home/rohan/.vscode-server/bin/7debcd0e2acdea1c52de81bf9ee1620444407dda/node /home/rohan/.vscode-server/bin/7debcd0e2acdea1c52de81bf9ee1620444407dda/out/server-main.js --host=127.0.0.1 --port=0 --connection-token=826864117-4248089396-2109865724-2149592531 --use-host-proxy --without-browser-env-var --disable-websocket-compression --accept-server-license-terms --telemetry-level=all,0.0,2.2863,177.16,0.0,0.0,2.05,0.0,0.0,11,sleeping,cpu
2026-09-22T13:32:01,721,2,SessionLeader,/init,0.0,0.0143,1.11,0.0,0.0,0.0,0.0,0.0,1,sleeping,cpu
2026-09-22T13:32:01,722,721,Relay(723),/init,0.0,0.0152,1.18,0.0,0.0,0.51,0.0,0.0,1,sleeping,cpu
2026-09-22T13:32:01,723,722,MainThread,"/home/rohan/.vscode-server/bin/7debcd0e2acdea1c52de81bf9ee1620444407dda/node -e const net = require('net'); process.stdin.pause(); const client = net.createConnection({ host: '127.0.0.1', port: 44115 }, () => { client.pipe(process.stdout); process.stdin.pipe(client); }); client.on('close', function (hadError) { console.error(hadError ? 'Remote close with error' : 'Remote close'); process.exit(hadError ? 1 : 0); }); client.on('error', function (err) { process.stderr.write(err && (err.stack || err.message) || String(err)); });",0.0,0.8724,67.6,0.0,0.0,0.51,0.0,0.0,7,sleeping,cpu
2026-09-22T13:32:01,730,2,SessionLeader,/init,0.0,0.0143,1.11,0.0,0.0,0.0,0.0,0.0,1,sleeping,cpu
2026-09-22T13:32:01,731,730,Relay(732),/init,0.0,0.0152,1.18,0.0,0.0,2.57,0.0,0.0,1,sleeping,cpu
2026-09-22T13:32:01,732,731,MainThread,"/home/rohan/.vscode-server/bin/7debcd0e2acdea1c52de81bf9ee1620444407dda/node -e const net = require('net'); process.stdin.pause(); const client = net.createConnection({ host: '127.0.0.1', port: 44115 }, () => { client.pipe(process.stdout); process.stdin.pipe(client); }); client.on('close', function (hadError) { console.error(hadError ? 'Remote close with error' : 'Remote close'); process.exit(hadError ? 1 : 0); }); client.on('error', function (err) { process.stderr.write(err && (err.stack || err.message) || String(err)); });",0.0,0.7746,60.02,0.0,0.0,2.57,0.0,0.0,7,sleeping,cpu
2026-09-22T13:32:01,743,709,MainThread,/home/rohan/.vscode-server/bin/7debcd0e2acdea1c52de81bf9ee1620444407dda/node /home/rohan/.vscode-server/bin/7debcd0e2acdea1c52de81bf9ee1620444407dda/out/bootstrap-fork --type=fileWatcher,0.0,0.8757,67.86,0.0,0.0,1.54,0.0,0.0,13,sleeping,cpu
2026-09-22T13:32:01,769,709,MainThread,/home/rohan/.vscode-server/bin/7debcd0e2acdea1c52de81bf9ee1620444407dda/node /home/rohan/.vscode-server/bin/7debcd0e2acdea1c52de81bf9ee1620444407dda/out/bootstrap-fork --type=agentHost --logsPath /home/rohan/.vscode-server/data/logs/20260922T120228 --user-data-dir /home/rohan/.vscode-server/data --telemetry-level all,0.0,1.7774,137.72,0.0,0.0,0.51,0.0,0.0,11,sleeping,cpu
2026-09-22T13:32:01,770,709,MainThread,/home/rohan/.vscode-server/bin/7debcd0e2acdea1c52de81bf9ee1620444407dda/node --dns-result-order=ipv4first /home/rohan/.vscode-server/bin/7debcd0e2acdea1c52de81bf9ee1620444407dda/out/bootstrap-fork --type=extensionHost --transformURIs --useHostProxy=true,1.5,6.7952,526.54,0.0,0.0,200.84,403.73,0.0,32,sleeping,cpu
2026-09-22T13:32:01,811,769,MainThread,/home/rohan/.vscode-server/bin/7debcd0e2acdea1c52de81bf9ee1620444407dda/node /home/rohan/.vscode-server/bin/7debcd0e2acdea1c52de81bf9ee1620444407dda/node_modules/@github/copilot-linux-x64/index.js --headless --no-auto-update --log-level info --stdio --no-auto-login,0.0,3.3565,260.08,0.0,0.0,0.0,0.0,0.0,44,sleeping,cpu
2026-09-22T13:32:01,812,770,MainThread,/home/rohan/.vscode-server/bin/7debcd0e2acdea1c52de81bf9ee1620444407dda/node /home/rohan/.vscode-server/bin/7debcd0e2acdea1c52de81bf9ee1620444407dda/extensions/markdown-language-features/dist/serverWorkerMain --node-ipc --clientProcessId=770,0.0,0.994,77.02,0.0,0.0,0.51,0.0,0.0,7,sleeping,cpu
2026-09-22T13:32:01,833,709,MainThread,/home/rohan/.vscode-server/bin/7debcd0e2acdea1c52de81bf9ee1620444407dda/node /home/rohan/.vscode-server/bin/7debcd0e2acdea1c52de81bf9ee1620444407dda/out/bootstrap-fork --type=ptyHost --logsPath /home/rohan/.vscode-server/data/logs/20260922T120228,0.0,0.9761,75.63,0.0,0.0,10.79,0.0,0.0,13,sleeping,cpu
2026-09-22T13:32:01,964,833,bash,/bin/bash --init-file /home/rohan/.vscode-server/bin/7debcd0e2acdea1c52de81bf9ee1620444407dda/out/vs/workbench/contrib/terminal/common/scripts/shellIntegration-bash.sh,0.0,0.0674,5.22,0.0,0.0,0.0,0.0,0.0,1,sleeping,cpu
2026-09-22T13:32:01,1424,2,SessionLeader,/init,0.0,0.0142,1.1,0.0,0.0,0.0,0.0,0.0,1,sleeping,cpu
2026-09-22T13:32:01,1425,1424,Relay(1426),/init,0.0,0.0143,1.11,0.0,0.0,1.03,0.0,0.0,1,sleeping,cpu
2026-09-22T13:32:01,1426,1425,bash,-bash,0.0,0.0665,5.15,0.0,0.0,0.0,0.0,0.0,1,sleeping,cpu
2026-09-22T13:32:01,4147,770,pet,/home/rohan/.vscode-server/extensions/ms-python.vscode-python-envs-1.37.2026092101-linux-x64/python-env-tools/bin/pet server,0.0,0.0749,5.8,0.0,0.0,0.0,0.0,0.0,21,sleeping,cpu
2026-09-22T13:32:01,4156,833,bash,/bin/bash --init-file /home/rohan/.vscode-server/bin/7debcd0e2acdea1c52de81bf9ee1620444407dda/out/vs/workbench/contrib/terminal/common/scripts/shellIntegration-bash.sh,0.0,0.0664,5.15,0.0,0.0,0.0,0.0,0.0,1,sleeping,cpu
2026-09-22T13:32:01,4295,770,MainThread,/home/rohan/.vscode-server/bin/7debcd0e2acdea1c52de81bf9ee1620444407dda/node /home/rohan/.vscode-server/extensions/ms-python.vscode-pylance-2026.3.105/dist/server.bundle.js --cancellationReceive=file:2bc56d7a41ee8749874d0000b75c5745f8ddf88b1a --node-ipc --clientProcessId=770,0.0,8.4531,655.0,0.0,0.0,1.03,1.03,0.0,9,sleeping,cpu
2026-09-22T13:32:01,5890,2,SessionLeader,/init,0.0,0.0142,1.1,0.0,0.0,0.0,0.0,0.0,1,sleeping,cpu
2026-09-22T13:32:01,5891,5890,Relay(5896),/init,0.0,0.0143,1.11,0.0,0.0,0.51,0.0,0.0,1,sleeping,cpu
2026-09-22T13:32:01,5896,5891,bash,-bash,0.0,0.0669,5.18,0.0,0.0,0.0,0.0,0.0,1,sleeping,cpu
2026-09-22T13:32:01,6172,2,SessionLeader,/init,0.0,0.0142,1.1,0.0,0.0,0.0,0.0,0.0,1,sleeping,cpu
2026-09-22T13:32:01,6173,6172,Relay(6174),/init,0.0,0.0143,1.11,0.0,0.0,0.0,0.0,0.0,1,sleeping,cpu
2026-09-22T13:32:01,6174,6173,bash,-bash,0.0,0.0666,5.16,0.0,0.0,0.0,0.0,0.0,1,sleeping,cpu
2026-09-22T13:32:01,6941,2,SessionLeader,/init,0.0,0.0142,1.1,0.0,0.0,0.0,0.0,0.0,1,sleeping,cpu
2026-09-22T13:32:01,6943,6941,Relay(6945),/init,0.0,0.0143,1.11,0.0,0.0,0.0,0.0,0.0,1,sleeping,cpu
2026-09-22T13:32:01,6945,6943,bash,-bash,0.0,0.0659,5.11,0.0,0.0,0.0,0.0,0.0,1,sleeping,cpu
2026-09-22T13:32:01,8650,2,SessionLeader,/init,0.0,0.0142,1.1,0.0,0.0,0.0,0.0,0.0,1,sleeping,cpu
2026-09-22T13:32:01,8652,8650,Relay(8654),/init,0.0,0.0143,1.11,0.0,0.0,0.0,0.0,0.0,1,sleeping,cpu
2026-09-22T13:32:01,8654,8652,bash,-bash,0.0,0.0688,5.33,0.0,0.0,0.0,0.0,0.0,1,sleeping,cpu
2026-09-22T13:32:01,8853,2,SessionLeader,/init,0.0,0.0142,1.1,0.0,0.0,0.0,0.0,0.0,1,sleeping,cpu
2026-09-22T13:32:01,8854,8853,Relay(8858),/init,0.0,0.0143,1.11,0.0,0.0,0.0,0.0,0.0,1,sleeping,cpu
2026-09-22T13:32:01,8858,8854,bash,-bash,0.0,0.0681,5.27,0.0,0.0,0.0,0.0,0.0,1,sleeping,cpu
2026-09-22T13:32:01,15760,2,SessionLeader,/init,0.0,0.0142,1.1,0.0,0.0,0.0,0.0,0.0,1,sleeping,cpu
2026-09-22T13:32:01,15762,15760,Relay(15767),/init,0.0,0.0143,1.11,0.0,0.0,0.0,0.0,0.0,1,sleeping,cpu
2026-09-22T13:32:01,15767,15762,bash,-bash,0.0,0.0696,5.39,0.0,0.0,0.0,0.0,0.0,1,sleeping,cpu
2026-09-22T13:32:01,15903,2,SessionLeader,/init,0.0,0.0142,1.1,0.0,0.0,0.0,0.0,0.0,1,sleeping,cpu
2026-09-22T13:32:01,15904,15903,Relay(15909),/init,0.0,0.0143,1.11,0.0,0.0,0.0,0.0,0.0,1,sleeping,cpu
2026-09-22T13:32:01,15909,15904,bash,-bash,0.0,0.0699,5.42,0.0,0.0,0.0,0.0,0.0,1,sleeping,cpu
2026-09-22T13:32:01,16472,1426,top,top,0.0,0.0719,5.57,0.0,0.0,0.51,0.0,0.0,1,sleeping,cpu
2026-09-22T13:32:01,20473,6174,python,python workloads/cpu/cpu_workload.py,100.1,0.1181,9.15,0.0,0.0,2.57,0.0,0.0,1,running,cpu
2026-09-22T13:32:03,1,0,systemd,/sbin/init,0.0,0.1645,12.75,0.0,0.0,0.0,0.0,0.0,1,sleeping,cpu
2026-09-22T13:32:03,2,1,init-systemd(Ub,/init,0.0,0.0279,2.16,0.0,0.0,0.0,0.0,0.0,2,sleeping,cpu
2026-09-22T13:32:03,7,2,init,plan9 --control-socket 7 --log-level 4 --server-fd 8 --pipe-fd 10 --log-truncate,0.0,0.0268,2.08,0.0,0.0,0.0,0.0,0.0,2,sleeping,cpu
2026-09-22T13:32:03,43,1,systemd-journald,/usr/lib/systemd/systemd-journald,0.0,0.2004,15.53,0.0,0.0,0.0,0.0,0.0,1,sleeping,cpu
2026-09-22T13:32:03,98,1,systemd-udevd,/usr/lib/systemd/systemd-udevd,0.0,0.0799,6.19,0.0,0.0,0.0,0.0,0.0,1,sleeping,cpu
2026-09-22T13:32:03,177,1,systemd-resolved,/usr/lib/systemd/systemd-resolved,0.0,0.1656,12.83,0.0,0.0,0.0,0.0,0.0,1,sleeping,cpu
2026-09-22T13:32:03,178,1,systemd-timesyncd,/usr/lib/systemd/systemd-timesyncd,0.0,0.1002,7.77,0.0,0.0,0.0,0.0,0.0,2,sleeping,cpu
2026-09-22T13:32:03,188,1,cron,/usr/sbin/cron -f -P,0.0,0.0338,2.62,0.0,0.0,0.5,0.0,0.0,1,sleeping,cpu
2026-09-22T13:32:03,189,1,dbus-daemon,@dbus-daemon --system --address=systemd: --nofork --nopidfile --systemd-activation --syslog-only,0.0,0.0669,5.18,0.0,0.0,0.0,0.0,0.0,1,sleeping,cpu
2026-09-22T13:32:03,203,1,systemd-logind,/usr/lib/systemd/systemd-logind,0.0,0.1112,8.62,0.0,0.0,0.0,0.0,0.0,1,sleeping,cpu
2026-09-22T13:32:03,217,1,agetty,/sbin/agetty -o -p -- \u --noclear - linux,0.0,0.0249,1.93,0.0,0.0,0.0,0.0,0.0,1,sleeping,cpu
2026-09-22T13:32:03,223,1,rsyslogd,/usr/sbin/rsyslogd -n -iNONE,0.0,0.0758,5.87,0.0,0.0,0.0,0.0,0.0,4,sleeping,cpu
2026-09-22T13:32:03,236,1,unattended-upgr,/usr/bin/python3 /usr/share/unattended-upgrades/unattended-upgrade-shutdown --wait-for-signal,0.0,0.2778,21.53,0.0,0.0,0.0,0.0,0.0,2,sleeping,cpu
2026-09-22T13:32:03,256,1,apache2,/usr/sbin/apache2 -k start,0.0,0.0634,4.91,0.0,0.0,1.0,0.0,0.0,1,sleeping,cpu
2026-09-22T13:32:03,257,256,apache2,/usr/sbin/apache2 -k start,0.0,0.0734,5.69,0.0,0.0,0.0,0.0,0.0,27,sleeping,cpu
2026-09-22T13:32:03,259,256,apache2,/usr/sbin/apache2 -k start,0.0,0.0734,5.69,0.0,0.0,0.0,0.0,0.0,27,sleeping,cpu
2026-09-22T13:32:03,386,2,login,/bin/login -f      ,0.0,0.0587,4.55,0.0,0.0,0.0,0.0,0.0,1,sleeping,cpu
2026-09-22T13:32:03,429,1,systemd,/usr/lib/systemd/systemd --user,0.0,0.145,11.24,0.0,0.0,0.0,0.0,0.0,1,sleeping,cpu
2026-09-22T13:32:03,430,429,(sd-pam),(sd-pam),0.0,0.0451,3.49,0.0,0.0,0.0,0.0,0.0,1,sleeping,cpu
2026-09-22T13:32:03,452,386,bash,-bash,0.0,0.0643,4.98,0.0,0.0,0.0,0.0,0.0,1,sleeping,cpu
2026-09-22T13:32:03,486,2,SessionLeader,/init,0.0,0.0142,1.1,0.0,0.0,0.0,0.0,0.0,1,sleeping,cpu
2026-09-22T13:32:03,487,486,Relay(488),/init,0.0,0.0159,1.23,0.0,0.0,0.0,0.0,0.0,1,sleeping,cpu
2026-09-22T13:32:03,488,487,bash,-bash,0.0,0.0666,5.16,0.0,0.0,0.0,0.0,0.0,1,sleeping,cpu
2026-09-22T13:32:03,696,2,SessionLeader,/init,0.0,0.0143,1.11,0.0,0.0,0.0,0.0,0.0,1,sleeping,cpu
2026-09-22T13:32:03,697,696,Relay(698),/init,0.0,0.0152,1.18,0.0,0.0,0.0,0.0,0.0,1,sleeping,cpu
2026-09-22T13:32:03,698,697,sh,"sh -c ""$VSCODE_WSL_EXT_LOCATION/scripts/wslServer.sh"" 7debcd0e2acdea1c52de81bf9ee1620444407dda stable code-server .vscode-server --host=127.0.0.1 --port=0 --connection-token=826864117-4248089396-2109865724-2149592531 --use-host-proxy --without-browser-env-var --disable-websocket-compression --accept-server-license-terms --telemetry-level=all",0.0,0.024,1.86,0.0,0.0,0.0,0.0,0.0,1,sleeping,cpu
2026-09-22T13:32:03,699,698,sh,sh /mnt/c/Users/Rohan/.vscode/extensions/ms-vscode-remote.remote-wsl-0.104.3/scripts/wslServer.sh 7debcd0e2acdea1c52de81bf9ee1620444407dda stable code-server .vscode-server --host=127.0.0.1 --port=0 --connection-token=826864117-4248089396-2109865724-2149592531 --use-host-proxy --without-browser-env-var --disable-websocket-compression --accept-server-license-terms --telemetry-level=all,0.0,0.0251,1.95,0.0,0.0,0.0,0.0,0.0,1,sleeping,cpu
2026-09-22T13:32:03,705,699,sh,sh /home/rohan/.vscode-server/bin/7debcd0e2acdea1c52de81bf9ee1620444407dda/bin/code-server --host=127.0.0.1 --port=0 --connection-token=826864117-4248089396-2109865724-2149592531 --use-host-proxy --without-browser-env-var --disable-websocket-compression --accept-server-license-terms --telemetry-level=all,0.0,0.025,1.93,0.0,0.0,0.0,0.0,0.0,1,sleeping,cpu
2026-09-22T13:32:03,709,705,MainThread,/home/rohan/.vscode-server/bin/7debcd0e2acdea1c52de81bf9ee1620444407dda/node /home/rohan/.vscode-server/bin/7debcd0e2acdea1c52de81bf9ee1620444407dda/out/server-main.js --host=127.0.0.1 --port=0 --connection-token=826864117-4248089396-2109865724-2149592531 --use-host-proxy --without-browser-env-var --disable-websocket-compression --accept-server-license-terms --telemetry-level=all,0.5,2.2863,177.16,0.0,0.0,5.98,0.0,0.0,11,sleeping,cpu
2026-09-22T13:32:03,721,2,SessionLeader,/init,0.0,0.0143,1.11,0.0,0.0,0.0,0.0,0.0,1,sleeping,cpu
2026-09-22T13:32:03,722,721,Relay(723),/init,0.0,0.0152,1.18,0.0,0.0,1.49,0.0,0.0,1,sleeping,cpu
2026-09-22T13:32:03,723,722,MainThread,"/home/rohan/.vscode-server/bin/7debcd0e2acdea1c52de81bf9ee1620444407dda/node -e const net = require('net'); process.stdin.pause(); const client = net.createConnection({ host: '127.0.0.1', port: 44115 }, () => { client.pipe(process.stdout); process.stdin.pipe(client); }); client.on('close', function (hadError) { console.error(hadError ? 'Remote close with error' : 'Remote close'); process.exit(hadError ? 1 : 0); }); client.on('error', function (err) { process.stderr.write(err && (err.stack || err.message) || String(err)); });",0.0,0.8724,67.6,0.0,0.0,1.49,0.0,0.0,7,sleeping,cpu
2026-09-22T13:32:03,730,2,SessionLeader,/init,0.0,0.0143,1.11,0.0,0.0,0.0,0.0,0.0,1,sleeping,cpu
2026-09-22T13:32:03,731,730,Relay(732),/init,0.0,0.0152,1.18,0.0,0.0,1.0,0.0,0.0,1,sleeping,cpu
2026-09-22T13:32:03,732,731,MainThread,"/home/rohan/.vscode-server/bin/7debcd0e2acdea1c52de81bf9ee1620444407dda/node -e const net = require('net'); process.stdin.pause(); const client = net.createConnection({ host: '127.0.0.1', port: 44115 }, () => { client.pipe(process.stdout); process.stdin.pipe(client); }); client.on('close', function (hadError) { console.error(hadError ? 'Remote close with error' : 'Remote close'); process.exit(hadError ? 1 : 0); }); client.on('error', function (err) { process.stderr.write(err && (err.stack || err.message) || String(err)); });",0.0,0.7746,60.02,0.0,0.0,1.0,0.0,0.0,7,sleeping,cpu
2026-09-22T13:32:03,743,709,MainThread,/home/rohan/.vscode-server/bin/7debcd0e2acdea1c52de81bf9ee1620444407dda/node /home/rohan/.vscode-server/bin/7debcd0e2acdea1c52de81bf9ee1620444407dda/out/bootstrap-fork --type=fileWatcher,0.0,0.8757,67.86,0.0,0.0,3.49,0.0,0.0,13,sleeping,cpu
2026-09-22T13:32:03,769,709,MainThread,/home/rohan/.vscode-server/bin/7debcd0e2acdea1c52de81bf9ee1620444407dda/node /home/rohan/.vscode-server/bin/7debcd0e2acdea1c52de81bf9ee1620444407dda/out/bootstrap-fork --type=agentHost --logsPath /home/rohan/.vscode-server/data/logs/20260922T120228 --user-data-dir /home/rohan/.vscode-server/data --telemetry-level all,0.0,1.7774,137.72,0.0,2040.49,3.99,0.0,0.0,11,sleeping,cpu
2026-09-22T13:32:03,770,709,MainThread,/home/rohan/.vscode-server/bin/7debcd0e2acdea1c52de81bf9ee1620444407dda/node --dns-result-order=ipv4first /home/rohan/.vscode-server/bin/7debcd0e2acdea1c52de81bf9ee1620444407dda/out/bootstrap-fork --type=extensionHost --transformURIs --useHostProxy=true,1.0,6.7952,526.54,0.0,0.0,195.78,285.95,0.0,32,sleeping,cpu
2026-09-22T13:32:03,811,769,MainThread,/home/rohan/.vscode-server/bin/7debcd0e2acdea1c52de81bf9ee1620444407dda/node /home/rohan/.vscode-server/bin/7debcd0e2acdea1c52de81bf9ee1620444407dda/node_modules/@github/copilot-linux-x64/index.js --headless --no-auto-update --log-level info --stdio --no-auto-login,0.0,3.3565,260.08,0.0,0.0,0.0,0.0,0.0,44,sleeping,cpu
2026-09-22T13:32:03,812,770,MainThread,/home/rohan/.vscode-server/bin/7debcd0e2acdea1c52de81bf9ee1620444407dda/node /home/rohan/.vscode-server/bin/7debcd0e2acdea1c52de81bf9ee1620444407dda/extensions/markdown-language-features/dist/serverWorkerMain --node-ipc --clientProcessId=770,0.0,0.994,77.02,0.0,0.0,1.0,0.0,0.0,7,sleeping,cpu
2026-09-22T13:32:03,833,709,MainThread,/home/rohan/.vscode-server/bin/7debcd0e2acdea1c52de81bf9ee1620444407dda/node /home/rohan/.vscode-server/bin/7debcd0e2acdea1c52de81bf9ee1620444407dda/out/bootstrap-fork --type=ptyHost --logsPath /home/rohan/.vscode-server/data/logs/20260922T120228,0.0,0.9761,75.63,0.0,0.0,8.97,0.0,0.0,13,sleeping,cpu
2026-09-22T13:32:03,964,833,bash,/bin/bash --init-file /home/rohan/.vscode-server/bin/7debcd0e2acdea1c52de81bf9ee1620444407dda/out/vs/workbench/contrib/terminal/common/scripts/shellIntegration-bash.sh,0.0,0.0674,5.22,0.0,0.0,0.0,0.0,0.0,1,sleeping,cpu
2026-09-22T13:32:03,1424,2,SessionLeader,/init,0.0,0.0142,1.1,0.0,0.0,0.0,0.0,0.0,1,sleeping,cpu
2026-09-22T13:32:03,1425,1424,Relay(1426),/init,0.0,0.0143,1.11,0.0,0.0,1.0,0.0,0.0,1,sleeping,cpu
2026-09-22T13:32:03,1426,1425,bash,-bash,0.0,0.0665,5.15,0.0,0.0,0.0,0.0,0.0,1,sleeping,cpu
2026-09-22T13:32:03,4147,770,pet,/home/rohan/.vscode-server/extensions/ms-python.vscode-python-envs-1.37.2026092101-linux-x64/python-env-tools/bin/pet server,0.0,0.0749,5.8,0.0,0.0,0.0,0.0,0.0,21,sleeping,cpu
2026-09-22T13:32:03,4156,833,bash,/bin/bash --init-file /home/rohan/.vscode-server/bin/7debcd0e2acdea1c52de81bf9ee1620444407dda/out/vs/workbench/contrib/terminal/common/scripts/shellIntegration-bash.sh,0.0,0.0664,5.15,0.0,0.0,0.0,0.0,0.0,1,sleeping,cpu
2026-09-22T13:32:03,4295,770,MainThread,/home/rohan/.vscode-server/bin/7debcd0e2acdea1c52de81bf9ee1620444407dda/node /home/rohan/.vscode-server/extensions/ms-python.vscode-pylance-2026.3.105/dist/server.bundle.js --cancellationReceive=file:2bc56d7a41ee8749874d0000b75c5745f8ddf88b1a --node-ipc --clientProcessId=770,0.0,8.4531,655.0,0.0,0.0,1.0,0.5,0.0,9,sleeping,cpu
2026-09-22T13:32:03,5890,2,SessionLeader,/init,0.0,0.0142,1.1,0.0,0.0,0.0,0.0,0.0,1,sleeping,cpu
2026-09-22T13:32:03,5891,5890,Relay(5896),/init,0.0,0.0143,1.11,0.0,0.0,0.5,0.0,0.0,1,sleeping,cpu
2026-09-22T13:32:03,5896,5891,bash,-bash,0.0,0.0669,5.18,0.0,0.0,0.0,0.0,0.0,1,sleeping,cpu
2026-09-22T13:32:03,6172,2,SessionLeader,/init,0.0,0.0142,1.1,0.0,0.0,0.0,0.0,0.0,1,sleeping,cpu
2026-09-22T13:32:03,6173,6172,Relay(6174),/init,0.0,0.0143,1.11,0.0,0.0,0.0,0.0,0.0,1,sleeping,cpu
2026-09-22T13:32:03,6174,6173,bash,-bash,0.0,0.0666,5.16,0.0,0.0,0.0,0.0,0.0,1,sleeping,cpu
2026-09-22T13:32:03,6941,2,SessionLeader,/init,0.0,0.0142,1.1,0.0,0.0,0.0,0.0,0.0,1,sleeping,cpu
2026-09-22T13:32:03,6943,6941,Relay(6945),/init,0.0,0.0143,1.11,0.0,0.0,0.0,0.0,0.0,1,sleeping,cpu
2026-09-22T13:32:03,6945,6943,bash,-bash,0.0,0.0659,5.11,0.0,0.0,0.0,0.0,0.0,1,sleeping,cpu
2026-09-22T13:32:03,8650,2,SessionLeader,/init,0.0,0.0142,1.1,0.0,0.0,0.0,0.0,0.0,1,sleeping,cpu
2026-09-22T13:32:03,8652,8650,Relay(8654),/init,0.0,0.0143,1.11,0.0,0.0,0.0,0.0,0.0,1,sleeping,cpu
2026-09-22T13:32:03,8654,8652,bash,-bash,0.0,0.0688,5.33,0.0,0.0,0.0,0.0,0.0,1,sleeping,cpu
2026-09-22T13:32:03,8853,2,SessionLeader,/init,0.0,0.0142,1.1,0.0,0.0,0.0,0.0,0.0,1,sleeping,cpu
2026-09-22T13:32:03,8854,8853,Relay(8858),/init,0.0,0.0143,1.11,0.0,0.0,0.0,0.0,0.0,1,sleeping,cpu
2026-09-22T13:32:03,8858,8854,bash,-bash,0.0,0.0681,5.27,0.0,0.0,0.0,0.0,0.0,1,sleeping,cpu
2026-09-22T13:32:03,15760,2,SessionLeader,/init,0.0,0.0142,1.1,0.0,0.0,0.0,0.0,0.0,1,sleeping,cpu
2026-09-22T13:32:03,15762,15760,Relay(15767),/init,0.0,0.0143,1.11,0.0,0.0,0.0,0.0,0.0,1,sleeping,cpu
2026-09-22T13:32:03,15767,15762,bash,-bash,0.0,0.0696,5.39,0.0,0.0,0.0,0.0,0.0,1,sleeping,cpu
2026-09-22T13:32:03,15903,2,SessionLeader,/init,0.0,0.0142,1.1,0.0,0.0,0.0,0.0,0.0,1,sleeping,cpu
2026-09-22T13:32:03,15904,15903,Relay(15909),/init,0.0,0.0143,1.11,0.0,0.0,0.0,0.0,0.0,1,sleeping,cpu
2026-09-22T13:32:03,15909,15904,bash,-bash,0.0,0.0699,5.42,0.0,0.0,0.0,0.0,0.0,1,sleeping,cpu
2026-09-22T13:32:03,16472,1426,top,top,0.0,0.0719,5.57,0.0,0.0,0.5,0.0,0.0,1,sleeping,cpu
2026-09-22T13:32:03,20473,6174,python,python workloads/cpu/cpu_workload.py,100.2,0.1181,9.15,0.0,0.0,3.99,0.0,0.0,1,running,cpu
2026-09-22T13:32:16,1,0,systemd,/sbin/init,0.0,0.1645,12.75,0.0,0.0,0.07,0.0,0.0,1,sleeping,cpu
2026-09-22T13:32:16,2,1,init-systemd(Ub,/init,0.0,0.0279,2.16,0.0,0.0,0.0,0.0,0.0,2,sleeping,cpu
2026-09-22T13:32:16,7,2,init,plan9 --control-socket 7 --log-level 4 --server-fd 8 --pipe-fd 10 --log-truncate,0.0,0.0268,2.08,0.0,0.0,0.0,0.0,0.0,2,sleeping,cpu
2026-09-22T13:32:16,43,1,systemd-journald,/usr/lib/systemd/systemd-journald,0.0,0.2004,15.53,0.0,0.0,0.07,0.0,0.0,1,sleeping,cpu
2026-09-22T13:32:16,98,1,systemd-udevd,/usr/lib/systemd/systemd-udevd,0.0,0.0799,6.19,0.0,0.0,0.0,0.0,0.0,1,sleeping,cpu
2026-09-22T13:32:16,177,1,systemd-resolved,/usr/lib/systemd/systemd-resolved,0.0,0.1656,12.83,0.0,0.0,0.07,0.0,0.0,1,sleeping,cpu
2026-09-22T13:32:16,178,1,systemd-timesyncd,/usr/lib/systemd/systemd-timesyncd,0.0,0.1002,7.77,0.0,0.0,0.07,0.0,0.0,2,sleeping,cpu
2026-09-22T13:32:16,188,1,cron,/usr/sbin/cron -f -P,0.0,0.0338,2.62,0.0,0.0,0.0,0.0,0.0,1,sleeping,cpu
2026-09-22T13:32:16,189,1,dbus-daemon,@dbus-daemon --system --address=systemd: --nofork --nopidfile --systemd-activation --syslog-only,0.0,0.0669,5.18,0.0,0.0,0.07,0.0,0.0,1,sleeping,cpu
2026-09-22T13:32:16,203,1,systemd-logind,/usr/lib/systemd/systemd-logind,0.0,0.1112,8.62,0.0,0.0,0.36,0.0,0.0,1,sleeping,cpu
2026-09-22T13:32:16,217,1,agetty,/sbin/agetty -o -p -- \u --noclear - linux,0.0,0.0249,1.93,0.0,0.0,0.0,0.0,0.0,1,sleeping,cpu
2026-09-22T13:32:16,223,1,rsyslogd,/usr/sbin/rsyslogd -n -iNONE,0.0,0.0758,5.87,0.0,0.0,0.0,0.0,0.0,4,sleeping,cpu
2026-09-22T13:32:16,236,1,unattended-upgr,/usr/bin/python3 /usr/share/unattended-upgrades/unattended-upgrade-shutdown --wait-for-signal,0.0,0.2778,21.53,0.0,0.0,0.0,0.0,0.0,2,sleeping,cpu
2026-09-22T13:32:16,256,1,apache2,/usr/sbin/apache2 -k start,0.0,0.0634,4.91,0.0,0.0,0.15,0.0,0.0,1,sleeping,cpu
2026-09-22T13:32:16,257,256,apache2,/usr/sbin/apache2 -k start,0.0,0.0734,5.69,0.0,0.0,0.0,0.0,0.0,27,sleeping,cpu
2026-09-22T13:32:16,259,256,apache2,/usr/sbin/apache2 -k start,0.0,0.0734,5.69,0.0,0.0,0.0,0.0,0.0,27,sleeping,cpu
2026-09-22T13:32:16,386,2,login,/bin/login -f      ,0.0,0.0587,4.55,0.0,0.0,0.0,0.0,0.0,1,sleeping,cpu
2026-09-22T13:32:16,429,1,systemd,/usr/lib/systemd/systemd --user,0.0,0.145,11.24,0.0,0.0,0.07,0.0,0.0,1,sleeping,cpu
2026-09-22T13:32:16,430,429,(sd-pam),(sd-pam),0.0,0.0451,3.49,0.0,0.0,0.0,0.0,0.0,1,sleeping,cpu
2026-09-22T13:32:16,452,386,bash,-bash,0.0,0.0643,4.98,0.0,0.0,0.0,0.0,0.0,1,sleeping,cpu
2026-09-22T13:32:16,486,2,SessionLeader,/init,0.0,0.0142,1.1,0.0,0.0,0.0,0.0,0.0,1,sleeping,cpu
2026-09-22T13:32:16,487,486,Relay(488),/init,0.0,0.0159,1.23,0.0,0.0,0.0,0.0,0.0,1,sleeping,cpu
2026-09-22T13:32:16,488,487,bash,-bash,0.0,0.0666,5.16,0.0,0.0,0.0,0.0,0.0,1,sleeping,cpu
2026-09-22T13:32:16,696,2,SessionLeader,/init,0.0,0.0143,1.11,0.0,0.0,0.0,0.0,0.0,1,sleeping,cpu
2026-09-22T13:32:16,697,696,Relay(698),/init,0.0,0.0152,1.18,0.0,0.0,0.0,0.0,0.0,1,sleeping,cpu
2026-09-22T13:32:16,698,697,sh,"sh -c ""$VSCODE_WSL_EXT_LOCATION/scripts/wslServer.sh"" 7debcd0e2acdea1c52de81bf9ee1620444407dda stable code-server .vscode-server --host=127.0.0.1 --port=0 --connection-token=826864117-4248089396-2109865724-2149592531 --use-host-proxy --without-browser-env-var --disable-websocket-compression --accept-server-license-terms --telemetry-level=all",0.0,0.024,1.86,0.0,0.0,0.0,0.0,0.0,1,sleeping,cpu
2026-09-22T13:32:16,699,698,sh,sh /mnt/c/Users/Rohan/.vscode/extensions/ms-vscode-remote.remote-wsl-0.104.3/scripts/wslServer.sh 7debcd0e2acdea1c52de81bf9ee1620444407dda stable code-server .vscode-server --host=127.0.0.1 --port=0 --connection-token=826864117-4248089396-2109865724-2149592531 --use-host-proxy --without-browser-env-var --disable-websocket-compression --accept-server-license-terms --telemetry-level=all,0.0,0.0251,1.95,0.0,0.0,0.0,0.0,0.0,1,sleeping,cpu
2026-09-22T13:32:16,705,699,sh,sh /home/rohan/.vscode-server/bin/7debcd0e2acdea1c52de81bf9ee1620444407dda/bin/code-server --host=127.0.0.1 --port=0 --connection-token=826864117-4248089396-2109865724-2149592531 --use-host-proxy --without-browser-env-var --disable-websocket-compression --accept-server-license-terms --telemetry-level=all,0.0,0.025,1.93,0.0,0.0,0.0,0.0,0.0,1,sleeping,cpu
2026-09-22T13:32:16,709,705,MainThread,/home/rohan/.vscode-server/bin/7debcd0e2acdea1c52de81bf9ee1620444407dda/node /home/rohan/.vscode-server/bin/7debcd0e2acdea1c52de81bf9ee1620444407dda/out/server-main.js --host=127.0.0.1 --port=0 --connection-token=826864117-4248089396-2109865724-2149592531 --use-host-proxy --without-browser-env-var --disable-websocket-compression --accept-server-license-terms --telemetry-level=all,0.0,2.2863,177.16,0.0,0.0,0.8,0.0,0.0,11,sleeping,cpu
2026-09-22T13:32:16,721,2,SessionLeader,/init,0.0,0.0143,1.11,0.0,0.0,0.0,0.0,0.0,1,sleeping,cpu
2026-09-22T13:32:16,722,721,Relay(723),/init,0.0,0.0152,1.18,0.0,0.0,0.15,0.0,0.0,1,sleeping,cpu
2026-09-22T13:32:16,723,722,MainThread,"/home/rohan/.vscode-server/bin/7debcd0e2acdea1c52de81bf9ee1620444407dda/node -e const net = require('net'); process.stdin.pause(); const client = net.createConnection({ host: '127.0.0.1', port: 44115 }, () => { client.pipe(process.stdout); process.stdin.pipe(client); }); client.on('close', function (hadError) { console.error(hadError ? 'Remote close with error' : 'Remote close'); process.exit(hadError ? 1 : 0); }); client.on('error', function (err) { process.stderr.write(err && (err.stack || err.message) || String(err)); });",0.0,0.8724,67.6,0.0,0.0,0.15,0.0,0.0,7,sleeping,cpu
2026-09-22T13:32:16,730,2,SessionLeader,/init,0.0,0.0143,1.11,0.0,0.0,0.0,0.0,0.0,1,sleeping,cpu
2026-09-22T13:32:16,731,730,Relay(732),/init,0.0,0.0152,1.18,0.0,0.0,0.22,0.0,0.0,1,sleeping,cpu
2026-09-22T13:32:16,732,731,MainThread,"/home/rohan/.vscode-server/bin/7debcd0e2acdea1c52de81bf9ee1620444407dda/node -e const net = require('net'); process.stdin.pause(); const client = net.createConnection({ host: '127.0.0.1', port: 44115 }, () => { client.pipe(process.stdout); process.stdin.pipe(client); }); client.on('close', function (hadError) { console.error(hadError ? 'Remote close with error' : 'Remote close'); process.exit(hadError ? 1 : 0); }); client.on('error', function (err) { process.stderr.write(err && (err.stack || err.message) || String(err)); });",0.0,0.7746,60.02,0.0,0.0,0.22,0.0,0.0,7,sleeping,cpu
2026-09-22T13:32:16,743,709,MainThread,/home/rohan/.vscode-server/bin/7debcd0e2acdea1c52de81bf9ee1620444407dda/node /home/rohan/.vscode-server/bin/7debcd0e2acdea1c52de81bf9ee1620444407dda/out/bootstrap-fork --type=fileWatcher,0.5,0.8757,67.86,0.0,0.0,0.15,0.0,0.0,13,sleeping,cpu
2026-09-22T13:32:16,769,709,MainThread,/home/rohan/.vscode-server/bin/7debcd0e2acdea1c52de81bf9ee1620444407dda/node /home/rohan/.vscode-server/bin/7debcd0e2acdea1c52de81bf9ee1620444407dda/out/bootstrap-fork --type=agentHost --logsPath /home/rohan/.vscode-server/data/logs/20260922T120228 --user-data-dir /home/rohan/.vscode-server/data --telemetry-level all,0.0,1.7774,137.72,0.0,0.0,0.0,0.0,0.0,11,sleeping,cpu
2026-09-22T13:32:16,770,709,MainThread,/home/rohan/.vscode-server/bin/7debcd0e2acdea1c52de81bf9ee1620444407dda/node --dns-result-order=ipv4first /home/rohan/.vscode-server/bin/7debcd0e2acdea1c52de81bf9ee1620444407dda/out/bootstrap-fork --type=extensionHost --transformURIs --useHostProxy=true,1.5,6.7952,526.54,0.0,0.0,28.27,51.73,0.0,32,sleeping,cpu
2026-09-22T13:32:16,811,769,MainThread,/home/rohan/.vscode-server/bin/7debcd0e2acdea1c52de81bf9ee1620444407dda/node /home/rohan/.vscode-server/bin/7debcd0e2acdea1c52de81bf9ee1620444407dda/node_modules/@github/copilot-linux-x64/index.js --headless --no-auto-update --log-level info --stdio --no-auto-login,0.0,3.3565,260.08,0.0,0.0,0.0,0.0,0.0,44,sleeping,cpu
2026-09-22T13:32:16,812,770,MainThread,/home/rohan/.vscode-server/bin/7debcd0e2acdea1c52de81bf9ee1620444407dda/node /home/rohan/.vscode-server/bin/7debcd0e2acdea1c52de81bf9ee1620444407dda/extensions/markdown-language-features/dist/serverWorkerMain --node-ipc --clientProcessId=770,0.0,0.994,77.02,0.0,0.0,0.0,0.0,0.0,7,sleeping,cpu
2026-09-22T13:32:16,833,709,MainThread,/home/rohan/.vscode-server/bin/7debcd0e2acdea1c52de81bf9ee1620444407dda/node /home/rohan/.vscode-server/bin/7debcd0e2acdea1c52de81bf9ee1620444407dda/out/bootstrap-fork --type=ptyHost --logsPath /home/rohan/.vscode-server/data/logs/20260922T120228,0.0,0.9761,75.63,0.0,0.0,0.8,0.0,0.0,13,sleeping,cpu
2026-09-22T13:32:16,964,833,bash,/bin/bash --init-file /home/rohan/.vscode-server/bin/7debcd0e2acdea1c52de81bf9ee1620444407dda/out/vs/workbench/contrib/terminal/common/scripts/shellIntegration-bash.sh,0.0,0.0674,5.22,0.0,0.0,0.0,0.0,0.0,1,sleeping,cpu
2026-09-22T13:32:16,1424,2,SessionLeader,/init,0.0,0.0142,1.1,0.0,0.0,0.0,0.0,0.0,1,sleeping,cpu
2026-09-22T13:32:16,1425,1424,Relay(1426),/init,0.0,0.0143,1.11,0.0,0.0,0.0,0.0,0.0,1,sleeping,cpu
2026-09-22T13:32:16,1426,1425,bash,-bash,0.0,0.0665,5.15,0.0,0.0,0.0,0.0,0.0,1,sleeping,cpu
2026-09-22T13:32:16,4147,770,pet,/home/rohan/.vscode-server/extensions/ms-python.vscode-python-envs-1.37.2026092101-linux-x64/python-env-tools/bin/pet server,0.0,0.0749,5.8,0.0,0.0,0.0,0.0,0.0,21,sleeping,cpu
2026-09-22T13:32:16,4156,833,bash,/bin/bash --init-file /home/rohan/.vscode-server/bin/7debcd0e2acdea1c52de81bf9ee1620444407dda/out/vs/workbench/contrib/terminal/common/scripts/shellIntegration-bash.sh,0.0,0.0664,5.15,0.0,0.0,0.0,0.0,0.0,1,sleeping,cpu
2026-09-22T13:32:16,4295,770,MainThread,/home/rohan/.vscode-server/bin/7debcd0e2acdea1c52de81bf9ee1620444407dda/node /home/rohan/.vscode-server/extensions/ms-python.vscode-pylance-2026.3.105/dist/server.bundle.js --cancellationReceive=file:2bc56d7a41ee8749874d0000b75c5745f8ddf88b1a --node-ipc --clientProcessId=770,0.0,8.4531,655.0,0.0,0.0,0.15,0.0,0.0,9,sleeping,cpu
2026-09-22T13:32:16,5890,2,SessionLeader,/init,0.0,0.0142,1.1,0.0,0.0,0.0,0.0,0.0,1,sleeping,cpu
2026-09-22T13:32:16,5891,5890,Relay(5896),/init,0.0,0.0143,1.11,0.0,0.0,0.07,0.0,0.0,1,sleeping,cpu
2026-09-22T13:32:16,5896,5891,bash,-bash,0.0,0.0669,5.18,0.0,0.0,0.0,0.0,0.0,1,sleeping,cpu
2026-09-22T13:32:16,6172,2,SessionLeader,/init,0.0,0.0142,1.1,0.0,0.0,0.0,0.0,0.0,1,sleeping,cpu
2026-09-22T13:32:16,6173,6172,Relay(6174),/init,0.0,0.0143,1.11,0.0,0.0,0.0,0.0,0.0,1,sleeping,cpu
2026-09-22T13:32:16,6174,6173,bash,-bash,0.0,0.0666,5.16,0.0,0.0,0.0,0.0,0.0,1,sleeping,cpu
2026-09-22T13:32:16,6941,2,SessionLeader,/init,0.0,0.0142,1.1,0.0,0.0,0.0,0.0,0.0,1,sleeping,cpu
2026-09-22T13:32:16,6943,6941,Relay(6945),/init,0.0,0.0143,1.11,0.0,0.0,0.0,0.0,0.0,1,sleeping,cpu
2026-09-22T13:32:16,6945,6943,bash,-bash,0.0,0.0659,5.11,0.0,0.0,0.0,0.0,0.0,1,sleeping,cpu
2026-09-22T13:32:16,8650,2,SessionLeader,/init,0.0,0.0142,1.1,0.0,0.0,0.0,0.0,0.0,1,sleeping,cpu
2026-09-22T13:32:16,8652,8650,Relay(8654),/init,0.0,0.0143,1.11,0.0,0.0,0.0,0.0,0.0,1,sleeping,cpu
2026-09-22T13:32:16,8654,8652,bash,-bash,0.0,0.0688,5.33,0.0,0.0,0.0,0.0,0.0,1,sleeping,cpu
2026-09-22T13:32:16,8853,2,SessionLeader,/init,0.0,0.0142,1.1,0.0,0.0,0.0,0.0,0.0,1,sleeping,cpu
2026-09-22T13:32:16,8854,8853,Relay(8858),/init,0.0,0.0143,1.11,0.0,0.0,0.0,0.0,0.0,1,sleeping,cpu
2026-09-22T13:32:16,8858,8854,bash,-bash,0.0,0.0681,5.27,0.0,0.0,0.0,0.0,0.0,1,sleeping,cpu
2026-09-22T13:32:16,15760,2,SessionLeader,/init,0.0,0.0142,1.1,0.0,0.0,0.0,0.0,0.0,1,sleeping,cpu
2026-09-22T13:32:16,15762,15760,Relay(15767),/init,0.0,0.0143,1.11,0.0,0.0,0.0,0.0,0.0,1,sleeping,cpu
2026-09-22T13:32:16,15767,15762,bash,-bash,0.0,0.0696,5.39,0.0,0.0,0.0,0.0,0.0,1,sleeping,cpu
2026-09-22T13:32:16,15903,2,SessionLeader,/init,0.0,0.0142,1.1,0.0,0.0,0.0,0.0,0.0,1,sleeping,cpu
2026-09-22T13:32:16,15904,15903,Relay(15909),/init,0.0,0.0143,1.11,0.0,0.0,0.0,0.0,0.0,1,sleeping,cpu
2026-09-22T13:32:16,15909,15904,bash,-bash,0.0,0.0699,5.42,0.0,0.0,0.0,0.0,0.0,1,sleeping,cpu
2026-09-22T13:32:16,16472,1426,top,top,0.0,0.0719,5.57,0.0,0.0,0.0,0.0,0.0,1,sleeping,cpu
2026-09-22T13:32:16,20473,6174,python,python workloads/cpu/cpu_workload.py,99.7,0.1181,9.15,0.0,0.0,0.66,0.0,0.0,1,running,cpu
2026-09-22T13:32:18,1,0,systemd,/sbin/init,0.0,0.1645,12.75,0.0,0.0,0.0,0.0,0.0,1,sleeping,cpu
2026-09-22T13:32:18,2,1,init-systemd(Ub,/init,0.0,0.0279,2.16,0.0,0.0,0.0,0.0,0.0,2,sleeping,cpu
2026-09-22T13:32:18,7,2,init,plan9 --control-socket 7 --log-level 4 --server-fd 8 --pipe-fd 10 --log-truncate,0.0,0.0268,2.08,0.0,0.0,0.0,0.0,0.0,2,sleeping,cpu
2026-09-22T13:32:18,43,1,systemd-journald,/usr/lib/systemd/systemd-journald,0.0,0.2004,15.53,0.0,0.0,0.5,0.0,0.0,1,sleeping,cpu
2026-09-22T13:32:18,98,1,systemd-udevd,/usr/lib/systemd/systemd-udevd,0.0,0.0799,6.19,0.0,0.0,0.0,0.0,0.0,1,sleeping,cpu
2026-09-22T13:32:18,177,1,systemd-resolved,/usr/lib/systemd/systemd-resolved,0.0,0.1656,12.83,0.0,0.0,0.0,0.0,0.0,1,sleeping,cpu
2026-09-22T13:32:18,178,1,systemd-timesyncd,/usr/lib/systemd/systemd-timesyncd,0.0,0.1002,7.77,0.0,0.0,0.0,0.0,0.0,2,sleeping,cpu
2026-09-22T13:32:18,188,1,cron,/usr/sbin/cron -f -P,0.0,0.0338,2.62,0.0,0.0,0.0,0.0,0.0,1,sleeping,cpu
2026-09-22T13:32:18,189,1,dbus-daemon,@dbus-daemon --system --address=systemd: --nofork --nopidfile --systemd-activation --syslog-only,0.0,0.0669,5.18,0.0,0.0,0.0,0.0,0.0,1,sleeping,cpu
2026-09-22T13:32:18,203,1,systemd-logind,/usr/lib/systemd/systemd-logind,0.0,0.1112,8.62,0.0,0.0,0.0,0.0,0.0,1,sleeping,cpu
2026-09-22T13:32:18,217,1,agetty,/sbin/agetty -o -p -- \u --noclear - linux,0.0,0.0249,1.93,0.0,0.0,0.0,0.0,0.0,1,sleeping,cpu
2026-09-22T13:32:18,223,1,rsyslogd,/usr/sbin/rsyslogd -n -iNONE,0.0,0.0758,5.87,0.0,0.0,0.0,0.0,0.0,4,sleeping,cpu
2026-09-22T13:32:18,236,1,unattended-upgr,/usr/bin/python3 /usr/share/unattended-upgrades/unattended-upgrade-shutdown --wait-for-signal,0.0,0.2778,21.53,0.0,0.0,0.0,0.0,0.0,2,sleeping,cpu
2026-09-22T13:32:18,256,1,apache2,/usr/sbin/apache2 -k start,0.0,0.0634,4.91,0.0,0.0,1.0,0.0,0.0,1,sleeping,cpu
2026-09-22T13:32:18,257,256,apache2,/usr/sbin/apache2 -k start,0.0,0.0734,5.69,0.0,0.0,0.0,0.0,0.0,27,sleeping,cpu
2026-09-22T13:32:18,259,256,apache2,/usr/sbin/apache2 -k start,0.0,0.0734,5.69,0.0,0.0,0.0,0.0,0.0,27,sleeping,cpu
2026-09-22T13:32:18,386,2,login,/bin/login -f      ,0.0,0.0587,4.55,0.0,0.0,0.0,0.0,0.0,1,sleeping,cpu
2026-09-22T13:32:18,429,1,systemd,/usr/lib/systemd/systemd --user,0.0,0.145,11.24,0.0,0.0,0.0,0.0,0.0,1,sleeping,cpu
2026-09-22T13:32:18,430,429,(sd-pam),(sd-pam),0.0,0.0451,3.49,0.0,0.0,0.0,0.0,0.0,1,sleeping,cpu
2026-09-22T13:32:18,452,386,bash,-bash,0.0,0.0643,4.98,0.0,0.0,0.0,0.0,0.0,1,sleeping,cpu
2026-09-22T13:32:18,486,2,SessionLeader,/init,0.0,0.0142,1.1,0.0,0.0,0.0,0.0,0.0,1,sleeping,cpu
2026-09-22T13:32:18,487,486,Relay(488),/init,0.0,0.0159,1.23,0.0,0.0,0.0,0.0,0.0,1,sleeping,cpu
2026-09-22T13:32:18,488,487,bash,-bash,0.0,0.0666,5.16,0.0,0.0,0.0,0.0,0.0,1,sleeping,cpu
2026-09-22T13:32:18,696,2,SessionLeader,/init,0.0,0.0143,1.11,0.0,0.0,0.0,0.0,0.0,1,sleeping,cpu
2026-09-22T13:32:18,697,696,Relay(698),/init,0.0,0.0152,1.18,0.0,0.0,0.0,0.0,0.0,1,sleeping,cpu
2026-09-22T13:32:18,698,697,sh,"sh -c ""$VSCODE_WSL_EXT_LOCATION/scripts/wslServer.sh"" 7debcd0e2acdea1c52de81bf9ee1620444407dda stable code-server .vscode-server --host=127.0.0.1 --port=0 --connection-token=826864117-4248089396-2109865724-2149592531 --use-host-proxy --without-browser-env-var --disable-websocket-compression --accept-server-license-terms --telemetry-level=all",0.0,0.024,1.86,0.0,0.0,0.0,0.0,0.0,1,sleeping,cpu
2026-09-22T13:32:18,699,698,sh,sh /mnt/c/Users/Rohan/.vscode/extensions/ms-vscode-remote.remote-wsl-0.104.3/scripts/wslServer.sh 7debcd0e2acdea1c52de81bf9ee1620444407dda stable code-server .vscode-server --host=127.0.0.1 --port=0 --connection-token=826864117-4248089396-2109865724-2149592531 --use-host-proxy --without-browser-env-var --disable-websocket-compression --accept-server-license-terms --telemetry-level=all,0.0,0.0251,1.95,0.0,0.0,0.0,0.0,0.0,1,sleeping,cpu
2026-09-22T13:32:18,705,699,sh,sh /home/rohan/.vscode-server/bin/7debcd0e2acdea1c52de81bf9ee1620444407dda/bin/code-server --host=127.0.0.1 --port=0 --connection-token=826864117-4248089396-2109865724-2149592531 --use-host-proxy --without-browser-env-var --disable-websocket-compression --accept-server-license-terms --telemetry-level=all,0.0,0.025,1.93,0.0,0.0,0.0,0.0,0.0,1,sleeping,cpu
2026-09-22T13:32:18,709,705,MainThread,/home/rohan/.vscode-server/bin/7debcd0e2acdea1c52de81bf9ee1620444407dda/node /home/rohan/.vscode-server/bin/7debcd0e2acdea1c52de81bf9ee1620444407dda/out/server-main.js --host=127.0.0.1 --port=0 --connection-token=826864117-4248089396-2109865724-2149592531 --use-host-proxy --without-browser-env-var --disable-websocket-compression --accept-server-license-terms --telemetry-level=all,0.0,2.2863,177.16,0.0,0.0,3.99,0.0,0.0,11,sleeping,cpu
2026-09-22T13:32:18,721,2,SessionLeader,/init,0.0,0.0143,1.11,0.0,0.0,0.0,0.0,0.0,1,sleeping,cpu
2026-09-22T13:32:18,722,721,Relay(723),/init,0.0,0.0152,1.18,0.0,0.0,0.5,0.0,0.0,1,sleeping,cpu
2026-09-22T13:32:18,723,722,MainThread,"/home/rohan/.vscode-server/bin/7debcd0e2acdea1c52de81bf9ee1620444407dda/node -e const net = require('net'); process.stdin.pause(); const client = net.createConnection({ host: '127.0.0.1', port: 44115 }, () => { client.pipe(process.stdout); process.stdin.pipe(client); }); client.on('close', function (hadError) { console.error(hadError ? 'Remote close with error' : 'Remote close'); process.exit(hadError ? 1 : 0); }); client.on('error', function (err) { process.stderr.write(err && (err.stack || err.message) || String(err)); });",0.0,0.8724,67.6,0.0,0.0,0.5,0.0,0.0,7,sleeping,cpu
2026-09-22T13:32:18,730,2,SessionLeader,/init,0.0,0.0143,1.11,0.0,0.0,0.0,0.0,0.0,1,sleeping,cpu
2026-09-22T13:32:18,731,730,Relay(732),/init,0.0,0.0152,1.18,0.0,0.0,1.0,0.0,0.0,1,sleeping,cpu
2026-09-22T13:32:18,732,731,MainThread,"/home/rohan/.vscode-server/bin/7debcd0e2acdea1c52de81bf9ee1620444407dda/node -e const net = require('net'); process.stdin.pause(); const client = net.createConnection({ host: '127.0.0.1', port: 44115 }, () => { client.pipe(process.stdout); process.stdin.pipe(client); }); client.on('close', function (hadError) { console.error(hadError ? 'Remote close with error' : 'Remote close'); process.exit(hadError ? 1 : 0); }); client.on('error', function (err) { process.stderr.write(err && (err.stack || err.message) || String(err)); });",0.0,0.7746,60.02,0.0,0.0,1.0,0.0,0.0,7,sleeping,cpu
2026-09-22T13:32:18,743,709,MainThread,/home/rohan/.vscode-server/bin/7debcd0e2acdea1c52de81bf9ee1620444407dda/node /home/rohan/.vscode-server/bin/7debcd0e2acdea1c52de81bf9ee1620444407dda/out/bootstrap-fork --type=fileWatcher,0.0,0.8757,67.86,0.0,0.0,1.5,0.0,0.0,13,sleeping,cpu
2026-09-22T13:32:18,769,709,MainThread,/home/rohan/.vscode-server/bin/7debcd0e2acdea1c52de81bf9ee1620444407dda/node /home/rohan/.vscode-server/bin/7debcd0e2acdea1c52de81bf9ee1620444407dda/out/bootstrap-fork --type=agentHost --logsPath /home/rohan/.vscode-server/data/logs/20260922T120228 --user-data-dir /home/rohan/.vscode-server/data --telemetry-level all,0.0,1.7774,137.72,0.0,0.0,0.5,0.0,0.0,11,sleeping,cpu
2026-09-22T13:32:18,770,709,MainThread,/home/rohan/.vscode-server/bin/7debcd0e2acdea1c52de81bf9ee1620444407dda/node --dns-result-order=ipv4first /home/rohan/.vscode-server/bin/7debcd0e2acdea1c52de81bf9ee1620444407dda/out/bootstrap-fork --type=extensionHost --transformURIs --useHostProxy=true,1.0,6.7952,526.54,0.0,0.0,193.36,327.91,0.0,32,sleeping,cpu
2026-09-22T13:32:18,811,769,MainThread,/home/rohan/.vscode-server/bin/7debcd0e2acdea1c52de81bf9ee1620444407dda/node /home/rohan/.vscode-server/bin/7debcd0e2acdea1c52de81bf9ee1620444407dda/node_modules/@github/copilot-linux-x64/index.js --headless --no-auto-update --log-level info --stdio --no-auto-login,0.0,3.3565,260.08,0.0,0.0,0.0,0.0,0.0,44,sleeping,cpu
2026-09-22T13:32:18,812,770,MainThread,/home/rohan/.vscode-server/bin/7debcd0e2acdea1c52de81bf9ee1620444407dda/node /home/rohan/.vscode-server/bin/7debcd0e2acdea1c52de81bf9ee1620444407dda/extensions/markdown-language-features/dist/serverWorkerMain --node-ipc --clientProcessId=770,0.0,0.994,77.02,0.0,0.0,0.5,0.0,0.0,7,sleeping,cpu
2026-09-22T13:32:18,833,709,MainThread,/home/rohan/.vscode-server/bin/7debcd0e2acdea1c52de81bf9ee1620444407dda/node /home/rohan/.vscode-server/bin/7debcd0e2acdea1c52de81bf9ee1620444407dda/out/bootstrap-fork --type=ptyHost --logsPath /home/rohan/.vscode-server/data/logs/20260922T120228,0.0,0.9761,75.63,0.0,0.0,5.98,0.0,0.0,13,sleeping,cpu
2026-09-22T13:32:18,964,833,bash,/bin/bash --init-file /home/rohan/.vscode-server/bin/7debcd0e2acdea1c52de81bf9ee1620444407dda/out/vs/workbench/contrib/terminal/common/scripts/shellIntegration-bash.sh,0.0,0.0674,5.22,0.0,0.0,0.0,0.0,0.0,1,sleeping,cpu
2026-09-22T13:32:18,1424,2,SessionLeader,/init,0.0,0.0142,1.1,0.0,0.0,0.0,0.0,0.0,1,sleeping,cpu
2026-09-22T13:32:18,1425,1424,Relay(1426),/init,0.0,0.0143,1.11,0.0,0.0,1.0,0.0,0.0,1,sleeping,cpu
2026-09-22T13:32:18,1426,1425,bash,-bash,0.0,0.0665,5.15,0.0,0.0,0.0,0.0,0.0,1,sleeping,cpu
2026-09-22T13:32:18,4147,770,pet,/home/rohan/.vscode-server/extensions/ms-python.vscode-python-envs-1.37.2026092101-linux-x64/python-env-tools/bin/pet server,0.0,0.0749,5.8,0.0,0.0,0.0,0.0,0.0,21,sleeping,cpu
2026-09-22T13:32:18,4156,833,bash,/bin/bash --init-file /home/rohan/.vscode-server/bin/7debcd0e2acdea1c52de81bf9ee1620444407dda/out/vs/workbench/contrib/terminal/common/scripts/shellIntegration-bash.sh,0.0,0.0664,5.15,0.0,0.0,0.0,0.0,0.0,1,sleeping,cpu
2026-09-22T13:32:18,4295,770,MainThread,/home/rohan/.vscode-server/bin/7debcd0e2acdea1c52de81bf9ee1620444407dda/node /home/rohan/.vscode-server/extensions/ms-python.vscode-pylance-2026.3.105/dist/server.bundle.js --cancellationReceive=file:2bc56d7a41ee8749874d0000b75c5745f8ddf88b1a --node-ipc --clientProcessId=770,0.0,8.4531,655.0,0.0,0.0,1.5,0.0,0.0,9,sleeping,cpu
2026-09-22T13:32:18,5890,2,SessionLeader,/init,0.0,0.0142,1.1,0.0,0.0,0.0,0.0,0.0,1,sleeping,cpu
2026-09-22T13:32:18,5891,5890,Relay(5896),/init,0.0,0.0143,1.11,0.0,0.0,0.5,0.0,0.0,1,sleeping,cpu
2026-09-22T13:32:18,5896,5891,bash,-bash,0.0,0.0669,5.18,0.0,0.0,0.0,0.0,0.0,1,sleeping,cpu
2026-09-22T13:32:18,6172,2,SessionLeader,/init,0.0,0.0142,1.1,0.0,0.0,0.0,0.0,0.0,1,sleeping,cpu
2026-09-22T13:32:18,6173,6172,Relay(6174),/init,0.0,0.0143,1.11,0.0,0.0,0.0,0.0,0.0,1,sleeping,cpu
2026-09-22T13:32:18,6174,6173,bash,-bash,0.0,0.0666,5.16,0.0,0.0,0.0,0.0,0.0,1,sleeping,cpu
2026-09-22T13:32:18,6941,2,SessionLeader,/init,0.0,0.0142,1.1,0.0,0.0,0.0,0.0,0.0,1,sleeping,cpu
2026-09-22T13:32:18,6943,6941,Relay(6945),/init,0.0,0.0143,1.11,0.0,0.0,0.0,0.0,0.0,1,sleeping,cpu
2026-09-22T13:32:18,6945,6943,bash,-bash,0.0,0.0659,5.11,0.0,0.0,0.0,0.0,0.0,1,sleeping,cpu
2026-09-22T13:32:18,8650,2,SessionLeader,/init,0.0,0.0142,1.1,0.0,0.0,0.0,0.0,0.0,1,sleeping,cpu
2026-09-22T13:32:18,8652,8650,Relay(8654),/init,0.0,0.0143,1.11,0.0,0.0,0.0,0.0,0.0,1,sleeping,cpu
2026-09-22T13:32:18,8654,8652,bash,-bash,0.0,0.0688,5.33,0.0,0.0,0.0,0.0,0.0,1,sleeping,cpu
2026-09-22T13:32:18,8853,2,SessionLeader,/init,0.0,0.0142,1.1,0.0,0.0,0.0,0.0,0.0,1,sleeping,cpu
2026-09-22T13:32:18,8854,8853,Relay(8858),/init,0.0,0.0143,1.11,0.0,0.0,0.0,0.0,0.0,1,sleeping,cpu
2026-09-22T13:32:18,8858,8854,bash,-bash,0.0,0.0681,5.27,0.0,0.0,0.0,0.0,0.0,1,sleeping,cpu
2026-09-22T13:32:18,15760,2,SessionLeader,/init,0.0,0.0142,1.1,0.0,0.0,0.0,0.0,0.0,1,sleeping,cpu
2026-09-22T13:32:18,15762,15760,Relay(15767),/init,0.0,0.0143,1.11,0.0,0.0,0.0,0.0,0.0,1,sleeping,cpu
2026-09-22T13:32:18,15767,15762,bash,-bash,0.0,0.0696,5.39,0.0,0.0,0.0,0.0,0.0,1,sleeping,cpu
2026-09-22T13:32:18,15903,2,SessionLeader,/init,0.0,0.0142,1.1,0.0,0.0,0.0,0.0,0.0,1,sleeping,cpu
2026-09-22T13:32:18,15904,15903,Relay(15909),/init,0.0,0.0143,1.11,0.0,0.0,0.0,0.0,0.0,1,sleeping,cpu
2026-09-22T13:32:18,15909,15904,bash,-bash,0.0,0.0699,5.42,0.0,0.0,0.0,0.0,0.0,1,sleeping,cpu
2026-09-22T13:32:18,16472,1426,top,top,0.0,0.0719,5.57,0.0,0.0,0.5,0.0,0.0,1,sleeping,cpu
2026-09-22T13:32:18,20473,6174,python,python workloads/cpu/cpu_workload.py,100.2,0.1181,9.15,0.0,0.0,5.48,0.0,0.0,1,running,cpu
2026-09-22T13:32:20,1,0,systemd,/sbin/init,0.0,0.1645,12.75,0.0,0.0,0.0,0.0,0.0,1,sleeping,cpu
2026-09-22T13:32:20,2,1,init-systemd(Ub,/init,0.0,0.0279,2.16,0.0,0.0,0.0,0.0,0.0,2,sleeping,cpu
2026-09-22T13:32:20,7,2,init,plan9 --control-socket 7 --log-level 4 --server-fd 8 --pipe-fd 10 --log-truncate,0.0,0.0268,2.08,0.0,0.0,0.0,0.0,0.0,2,sleeping,cpu
2026-09-22T13:32:20,43,1,systemd-journald,/usr/lib/systemd/systemd-journald,0.0,0.2004,15.53,0.0,0.0,0.0,0.0,0.0,1,sleeping,cpu
2026-09-22T13:32:20,98,1,systemd-udevd,/usr/lib/systemd/systemd-udevd,0.0,0.0799,6.19,0.0,0.0,0.0,0.0,0.0,1,sleeping,cpu
2026-09-22T13:32:20,177,1,systemd-resolved,/usr/lib/systemd/systemd-resolved,0.0,0.1656,12.83,0.0,0.0,0.0,0.0,0.0,1,sleeping,cpu
2026-09-22T13:32:20,178,1,systemd-timesyncd,/usr/lib/systemd/systemd-timesyncd,0.0,0.1002,7.77,0.0,0.0,0.0,0.0,0.0,2,sleeping,cpu
2026-09-22T13:32:20,188,1,cron,/usr/sbin/cron -f -P,0.0,0.0338,2.62,0.0,0.0,0.0,0.0,0.0,1,sleeping,cpu
2026-09-22T13:32:20,189,1,dbus-daemon,@dbus-daemon --system --address=systemd: --nofork --nopidfile --systemd-activation --syslog-only,0.0,0.0669,5.18,0.0,0.0,0.0,0.0,0.0,1,sleeping,cpu
2026-09-22T13:32:20,203,1,systemd-logind,/usr/lib/systemd/systemd-logind,0.0,0.1112,8.62,0.0,0.0,0.0,0.0,0.0,1,sleeping,cpu
2026-09-22T13:32:20,217,1,agetty,/sbin/agetty -o -p -- \u --noclear - linux,0.0,0.0249,1.93,0.0,0.0,0.0,0.0,0.0,1,sleeping,cpu
2026-09-22T13:32:20,223,1,rsyslogd,/usr/sbin/rsyslogd -n -iNONE,0.0,0.0758,5.87,0.0,0.0,0.0,0.0,0.0,4,sleeping,cpu
2026-09-22T13:32:20,236,1,unattended-upgr,/usr/bin/python3 /usr/share/unattended-upgrades/unattended-upgrade-shutdown --wait-for-signal,0.0,0.2778,21.53,0.0,0.0,0.0,0.0,0.0,2,sleeping,cpu
2026-09-22T13:32:20,256,1,apache2,/usr/sbin/apache2 -k start,0.0,0.0634,4.91,0.0,0.0,1.0,0.0,0.0,1,sleeping,cpu
2026-09-22T13:32:20,257,256,apache2,/usr/sbin/apache2 -k start,0.0,0.0734,5.69,0.0,0.0,0.0,0.0,0.0,27,sleeping,cpu
2026-09-22T13:32:20,259,256,apache2,/usr/sbin/apache2 -k start,0.0,0.0734,5.69,0.0,0.0,0.0,0.0,0.0,27,sleeping,cpu
2026-09-22T13:32:20,386,2,login,/bin/login -f      ,0.0,0.0587,4.55,0.0,0.0,0.0,0.0,0.0,1,sleeping,cpu
2026-09-22T13:32:20,429,1,systemd,/usr/lib/systemd/systemd --user,0.0,0.145,11.24,0.0,0.0,0.0,0.0,0.0,1,sleeping,cpu
2026-09-22T13:32:20,430,429,(sd-pam),(sd-pam),0.0,0.0451,3.49,0.0,0.0,0.0,0.0,0.0,1,sleeping,cpu
2026-09-22T13:32:20,452,386,bash,-bash,0.0,0.0643,4.98,0.0,0.0,0.0,0.0,0.0,1,sleeping,cpu
2026-09-22T13:32:20,486,2,SessionLeader,/init,0.0,0.0142,1.1,0.0,0.0,0.0,0.0,0.0,1,sleeping,cpu
2026-09-22T13:32:20,487,486,Relay(488),/init,0.0,0.0159,1.23,0.0,0.0,0.0,0.0,0.0,1,sleeping,cpu
2026-09-22T13:32:20,488,487,bash,-bash,0.0,0.0666,5.16,0.0,0.0,0.0,0.0,0.0,1,sleeping,cpu
2026-09-22T13:32:20,696,2,SessionLeader,/init,0.0,0.0143,1.11,0.0,0.0,0.0,0.0,0.0,1,sleeping,cpu
2026-09-22T13:32:20,697,696,Relay(698),/init,0.0,0.0152,1.18,0.0,0.0,0.0,0.0,0.0,1,sleeping,cpu
2026-09-22T13:32:20,698,697,sh,"sh -c ""$VSCODE_WSL_EXT_LOCATION/scripts/wslServer.sh"" 7debcd0e2acdea1c52de81bf9ee1620444407dda stable code-server .vscode-server --host=127.0.0.1 --port=0 --connection-token=826864117-4248089396-2109865724-2149592531 --use-host-proxy --without-browser-env-var --disable-websocket-compression --accept-server-license-terms --telemetry-level=all",0.0,0.024,1.86,0.0,0.0,0.0,0.0,0.0,1,sleeping,cpu
2026-09-22T13:32:20,699,698,sh,sh /mnt/c/Users/Rohan/.vscode/extensions/ms-vscode-remote.remote-wsl-0.104.3/scripts/wslServer.sh 7debcd0e2acdea1c52de81bf9ee1620444407dda stable code-server .vscode-server --host=127.0.0.1 --port=0 --connection-token=826864117-4248089396-2109865724-2149592531 --use-host-proxy --without-browser-env-var --disable-websocket-compression --accept-server-license-terms --telemetry-level=all,0.0,0.0251,1.95,0.0,0.0,0.0,0.0,0.0,1,sleeping,cpu
2026-09-22T13:32:20,705,699,sh,sh /home/rohan/.vscode-server/bin/7debcd0e2acdea1c52de81bf9ee1620444407dda/bin/code-server --host=127.0.0.1 --port=0 --connection-token=826864117-4248089396-2109865724-2149592531 --use-host-proxy --without-browser-env-var --disable-websocket-compression --accept-server-license-terms --telemetry-level=all,0.0,0.025,1.93,0.0,0.0,0.0,0.0,0.0,1,sleeping,cpu
2026-09-22T13:32:20,709,705,MainThread,/home/rohan/.vscode-server/bin/7debcd0e2acdea1c52de81bf9ee1620444407dda/node /home/rohan/.vscode-server/bin/7debcd0e2acdea1c52de81bf9ee1620444407dda/out/server-main.js --host=127.0.0.1 --port=0 --connection-token=826864117-4248089396-2109865724-2149592531 --use-host-proxy --without-browser-env-var --disable-websocket-compression --accept-server-license-terms --telemetry-level=all,0.0,2.2863,177.16,0.0,0.0,6.48,0.0,0.0,11,sleeping,cpu
2026-09-22T13:32:20,721,2,SessionLeader,/init,0.0,0.0143,1.11,0.0,0.0,0.0,0.0,0.0,1,sleeping,cpu
2026-09-22T13:32:20,722,721,Relay(723),/init,0.0,0.0152,1.18,0.0,0.0,1.99,0.0,0.0,1,sleeping,cpu
2026-09-22T13:32:20,723,722,MainThread,"/home/rohan/.vscode-server/bin/7debcd0e2acdea1c52de81bf9ee1620444407dda/node -e const net = require('net'); process.stdin.pause(); const client = net.createConnection({ host: '127.0.0.1', port: 44115 }, () => { client.pipe(process.stdout); process.stdin.pipe(client); }); client.on('close', function (hadError) { console.error(hadError ? 'Remote close with error' : 'Remote close'); process.exit(hadError ? 1 : 0); }); client.on('error', function (err) { process.stderr.write(err && (err.stack || err.message) || String(err)); });",0.0,0.8724,67.6,0.0,0.0,1.99,0.0,0.0,7,sleeping,cpu
2026-09-22T13:32:20,730,2,SessionLeader,/init,0.0,0.0143,1.11,0.0,0.0,0.0,0.0,0.0,1,sleeping,cpu
2026-09-22T13:32:20,731,730,Relay(732),/init,0.0,0.0152,1.18,0.0,0.0,1.0,0.0,0.0,1,sleeping,cpu
2026-09-22T13:32:20,732,731,MainThread,"/home/rohan/.vscode-server/bin/7debcd0e2acdea1c52de81bf9ee1620444407dda/node -e const net = require('net'); process.stdin.pause(); const client = net.createConnection({ host: '127.0.0.1', port: 44115 }, () => { client.pipe(process.stdout); process.stdin.pipe(client); }); client.on('close', function (hadError) { console.error(hadError ? 'Remote close with error' : 'Remote close'); process.exit(hadError ? 1 : 0); }); client.on('error', function (err) { process.stderr.write(err && (err.stack || err.message) || String(err)); });",0.0,0.7746,60.02,0.0,0.0,1.0,0.0,0.0,7,sleeping,cpu
2026-09-22T13:32:20,743,709,MainThread,/home/rohan/.vscode-server/bin/7debcd0e2acdea1c52de81bf9ee1620444407dda/node /home/rohan/.vscode-server/bin/7debcd0e2acdea1c52de81bf9ee1620444407dda/out/bootstrap-fork --type=fileWatcher,0.0,0.8757,67.86,0.0,0.0,4.49,0.0,0.0,13,sleeping,cpu
2026-09-22T13:32:20,769,709,MainThread,/home/rohan/.vscode-server/bin/7debcd0e2acdea1c52de81bf9ee1620444407dda/node /home/rohan/.vscode-server/bin/7debcd0e2acdea1c52de81bf9ee1620444407dda/out/bootstrap-fork --type=agentHost --logsPath /home/rohan/.vscode-server/data/logs/20260922T120228 --user-data-dir /home/rohan/.vscode-server/data --telemetry-level all,0.0,1.7774,137.72,0.0,2041.29,3.49,0.0,0.0,11,sleeping,cpu
2026-09-22T13:32:20,770,709,MainThread,/home/rohan/.vscode-server/bin/7debcd0e2acdea1c52de81bf9ee1620444407dda/node --dns-result-order=ipv4first /home/rohan/.vscode-server/bin/7debcd0e2acdea1c52de81bf9ee1620444407dda/out/bootstrap-fork --type=extensionHost --transformURIs --useHostProxy=true,1.0,6.7952,526.54,0.0,0.0,194.36,447.03,0.0,32,sleeping,cpu
2026-09-22T13:32:20,811,769,MainThread,/home/rohan/.vscode-server/bin/7debcd0e2acdea1c52de81bf9ee1620444407dda/node /home/rohan/.vscode-server/bin/7debcd0e2acdea1c52de81bf9ee1620444407dda/node_modules/@github/copilot-linux-x64/index.js --headless --no-auto-update --log-level info --stdio --no-auto-login,0.0,3.3565,260.08,0.0,0.0,0.0,0.0,0.0,44,sleeping,cpu
2026-09-22T13:32:20,812,770,MainThread,/home/rohan/.vscode-server/bin/7debcd0e2acdea1c52de81bf9ee1620444407dda/node /home/rohan/.vscode-server/bin/7debcd0e2acdea1c52de81bf9ee1620444407dda/extensions/markdown-language-features/dist/serverWorkerMain --node-ipc --clientProcessId=770,0.0,0.994,77.02,0.0,0.0,0.5,0.0,0.0,7,sleeping,cpu
2026-09-22T13:32:20,833,709,MainThread,/home/rohan/.vscode-server/bin/7debcd0e2acdea1c52de81bf9ee1620444407dda/node /home/rohan/.vscode-server/bin/7debcd0e2acdea1c52de81bf9ee1620444407dda/out/bootstrap-fork --type=ptyHost --logsPath /home/rohan/.vscode-server/data/logs/20260922T120228,0.5,0.9761,75.63,0.0,0.0,4.98,0.0,0.0,13,sleeping,cpu
2026-09-22T13:32:20,964,833,bash,/bin/bash --init-file /home/rohan/.vscode-server/bin/7debcd0e2acdea1c52de81bf9ee1620444407dda/out/vs/workbench/contrib/terminal/common/scripts/shellIntegration-bash.sh,0.0,0.0674,5.22,0.0,0.0,0.0,0.0,0.0,1,sleeping,cpu
2026-09-22T13:32:20,1424,2,SessionLeader,/init,0.0,0.0142,1.1,0.0,0.0,0.0,0.0,0.0,1,sleeping,cpu
2026-09-22T13:32:20,1425,1424,Relay(1426),/init,0.0,0.0143,1.11,0.0,0.0,1.0,0.0,0.0,1,sleeping,cpu
2026-09-22T13:32:20,1426,1425,bash,-bash,0.0,0.0665,5.15,0.0,0.0,0.0,0.0,0.0,1,sleeping,cpu
2026-09-22T13:32:20,4147,770,pet,/home/rohan/.vscode-server/extensions/ms-python.vscode-python-envs-1.37.2026092101-linux-x64/python-env-tools/bin/pet server,0.0,0.0749,5.8,0.0,0.0,0.0,0.0,0.0,21,sleeping,cpu
2026-09-22T13:32:20,4156,833,bash,/bin/bash --init-file /home/rohan/.vscode-server/bin/7debcd0e2acdea1c52de81bf9ee1620444407dda/out/vs/workbench/contrib/terminal/common/scripts/shellIntegration-bash.sh,0.0,0.0664,5.15,0.0,0.0,0.0,0.0,0.0,1,sleeping,cpu
2026-09-22T13:32:20,4295,770,MainThread,/home/rohan/.vscode-server/bin/7debcd0e2acdea1c52de81bf9ee1620444407dda/node /home/rohan/.vscode-server/extensions/ms-python.vscode-pylance-2026.3.105/dist/server.bundle.js --cancellationReceive=file:2bc56d7a41ee8749874d0000b75c5745f8ddf88b1a --node-ipc --clientProcessId=770,0.0,8.4531,655.0,0.0,0.0,1.0,0.0,0.0,9,sleeping,cpu
2026-09-22T13:32:20,5890,2,SessionLeader,/init,0.0,0.0142,1.1,0.0,0.0,0.0,0.0,0.0,1,sleeping,cpu
2026-09-22T13:32:20,5891,5890,Relay(5896),/init,0.0,0.0143,1.11,0.0,0.0,0.5,0.0,0.0,1,sleeping,cpu
2026-09-22T13:32:20,5896,5891,bash,-bash,0.0,0.0669,5.18,0.0,0.0,0.0,0.0,0.0,1,sleeping,cpu
2026-09-22T13:32:20,6172,2,SessionLeader,/init,0.0,0.0142,1.1,0.0,0.0,0.0,0.0,0.0,1,sleeping,cpu
2026-09-22T13:32:20,6173,6172,Relay(6174),/init,0.0,0.0143,1.11,0.0,0.0,0.0,0.0,0.0,1,sleeping,cpu
2026-09-22T13:32:20,6174,6173,bash,-bash,0.0,0.0666,5.16,0.0,0.0,0.0,0.0,0.0,1,sleeping,cpu
2026-09-22T13:32:20,6941,2,SessionLeader,/init,0.0,0.0142,1.1,0.0,0.0,0.0,0.0,0.0,1,sleeping,cpu
2026-09-22T13:32:20,6943,6941,Relay(6945),/init,0.0,0.0143,1.11,0.0,0.0,0.0,0.0,0.0,1,sleeping,cpu
2026-09-22T13:32:20,6945,6943,bash,-bash,0.0,0.0659,5.11,0.0,0.0,0.0,0.0,0.0,1,sleeping,cpu
2026-09-22T13:32:20,8650,2,SessionLeader,/init,0.0,0.0142,1.1,0.0,0.0,0.0,0.0,0.0,1,sleeping,cpu
2026-09-22T13:32:20,8652,8650,Relay(8654),/init,0.0,0.0143,1.11,0.0,0.0,0.0,0.0,0.0,1,sleeping,cpu
2026-09-22T13:32:20,8654,8652,bash,-bash,0.0,0.0688,5.33,0.0,0.0,0.0,0.0,0.0,1,sleeping,cpu
2026-09-22T13:32:20,8853,2,SessionLeader,/init,0.0,0.0142,1.1,0.0,0.0,0.0,0.0,0.0,1,sleeping,cpu
2026-09-22T13:32:20,8854,8853,Relay(8858),/init,0.0,0.0143,1.11,0.0,0.0,0.0,0.0,0.0,1,sleeping,cpu
2026-09-22T13:32:20,8858,8854,bash,-bash,0.0,0.0681,5.27,0.0,0.0,0.0,0.0,0.0,1,sleeping,cpu
2026-09-22T13:32:20,15760,2,SessionLeader,/init,0.0,0.0142,1.1,0.0,0.0,0.0,0.0,0.0,1,sleeping,cpu
2026-09-22T13:32:20,15762,15760,Relay(15767),/init,0.0,0.0143,1.11,0.0,0.0,0.0,0.0,0.0,1,sleeping,cpu
2026-09-22T13:32:20,15767,15762,bash,-bash,0.0,0.0696,5.39,0.0,0.0,0.0,0.0,0.0,1,sleeping,cpu
2026-09-22T13:32:20,15903,2,SessionLeader,/init,0.0,0.0142,1.1,0.0,0.0,0.0,0.0,0.0,1,sleeping,cpu
2026-09-22T13:32:20,15904,15903,Relay(15909),/init,0.0,0.0143,1.11,0.0,0.0,0.0,0.0,0.0,1,sleeping,cpu
2026-09-22T13:32:20,15909,15904,bash,-bash,0.0,0.0699,5.42,0.0,0.0,0.0,0.0,0.0,1,sleeping,cpu
2026-09-22T13:32:20,16472,1426,top,top,0.0,0.0719,5.57,0.0,0.0,0.5,0.0,0.0,1,sleeping,cpu
2026-09-22T13:32:20,20473,6174,python,python workloads/cpu/cpu_workload.py,100.2,0.1181,9.15,0.0,0.0,4.49,0.0,0.0,1,running,cpu
2026-09-22T13:32:22,1,0,systemd,/sbin/init,0.0,0.1667,12.91,0.0,0.0,9.97,62.3,0.0,1,sleeping,cpu
2026-09-22T13:32:22,2,1,init-systemd(Ub,/init,0.0,0.0279,2.16,0.0,0.0,0.0,0.5,0.0,2,sleeping,cpu
2026-09-22T13:32:22,7,2,init,plan9 --control-socket 7 --log-level 4 --server-fd 8 --pipe-fd 10 --log-truncate,0.0,0.0268,2.08,0.0,0.0,0.0,0.0,0.0,2,sleeping,cpu
2026-09-22T13:32:22,43,1,systemd-journald,/usr/lib/systemd/systemd-journald,0.0,0.2005,15.54,0.0,0.0,2.49,1.0,0.0,1,sleeping,cpu
2026-09-22T13:32:22,98,1,systemd-udevd,/usr/lib/systemd/systemd-udevd,0.0,0.0799,6.19,0.0,0.0,7.97,135.06,0.0,1,sleeping,cpu
2026-09-22T13:32:22,177,1,systemd-resolved,/usr/lib/systemd/systemd-resolved,0.0,0.1656,12.83,0.0,0.0,0.0,0.0,0.0,1,sleeping,cpu
2026-09-22T13:32:22,178,1,systemd-timesyncd,/usr/lib/systemd/systemd-timesyncd,0.0,0.1002,7.77,0.0,0.0,0.0,0.0,0.0,2,sleeping,cpu
2026-09-22T13:32:22,188,1,cron,/usr/sbin/cron -f -P,0.0,0.0338,2.62,0.0,0.0,0.0,0.0,0.0,1,sleeping,cpu
2026-09-22T13:32:22,189,1,dbus-daemon,@dbus-daemon --system --address=systemd: --nofork --nopidfile --systemd-activation --syslog-only,0.0,0.0669,5.18,0.0,0.0,1.5,0.0,0.0,1,sleeping,cpu
2026-09-22T13:32:22,203,1,systemd-logind,/usr/lib/systemd/systemd-logind,0.0,0.1112,8.62,0.0,0.0,1.5,0.0,0.0,1,sleeping,cpu
2026-09-22T13:32:22,217,1,agetty,/sbin/agetty -o -p -- \u --noclear - linux,0.0,0.0249,1.93,0.0,0.0,0.0,0.0,0.0,1,sleeping,cpu
2026-09-22T13:32:22,223,1,rsyslogd,/usr/sbin/rsyslogd -n -iNONE,0.0,0.0758,5.87,0.0,0.0,0.0,0.0,0.0,4,sleeping,cpu
2026-09-22T13:32:22,236,1,unattended-upgr,/usr/bin/python3 /usr/share/unattended-upgrades/unattended-upgrade-shutdown --wait-for-signal,0.0,0.2778,21.53,0.0,0.0,0.0,0.0,0.0,2,sleeping,cpu
2026-09-22T13:32:22,256,1,apache2,/usr/sbin/apache2 -k start,0.0,0.0634,4.91,0.0,0.0,1.0,0.0,0.0,1,sleeping,cpu
2026-09-22T13:32:22,257,256,apache2,/usr/sbin/apache2 -k start,0.0,0.0734,5.69,0.0,0.0,0.0,0.0,0.0,27,sleeping,cpu
2026-09-22T13:32:22,259,256,apache2,/usr/sbin/apache2 -k start,0.0,0.0734,5.69,0.0,0.0,0.0,0.0,0.0,27,sleeping,cpu
2026-09-22T13:32:22,386,2,login,/bin/login -f      ,0.0,0.0587,4.55,0.0,0.0,0.0,0.0,0.0,1,sleeping,cpu
2026-09-22T13:32:22,429,1,systemd,/usr/lib/systemd/systemd --user,0.0,0.145,11.24,0.0,0.0,0.0,0.0,0.0,1,sleeping,cpu
2026-09-22T13:32:22,430,429,(sd-pam),(sd-pam),0.0,0.0451,3.49,0.0,0.0,0.0,0.0,0.0,1,sleeping,cpu
2026-09-22T13:32:22,452,386,bash,-bash,0.0,0.0643,4.98,0.0,0.0,0.0,0.0,0.0,1,sleeping,cpu
2026-09-22T13:32:22,486,2,SessionLeader,/init,0.0,0.0142,1.1,0.0,0.0,0.0,0.0,0.0,1,sleeping,cpu
2026-09-22T13:32:22,487,486,Relay(488),/init,0.0,0.0159,1.23,0.0,0.0,0.0,0.0,0.0,1,sleeping,cpu
2026-09-22T13:32:22,488,487,bash,-bash,0.0,0.0666,5.16,0.0,0.0,0.0,0.0,0.0,1,sleeping,cpu
2026-09-22T13:32:22,696,2,SessionLeader,/init,0.0,0.0143,1.11,0.0,0.0,0.0,0.0,0.0,1,sleeping,cpu
2026-09-22T13:32:22,697,696,Relay(698),/init,0.0,0.0152,1.18,0.0,0.0,0.0,0.0,0.0,1,sleeping,cpu
2026-09-22T13:32:22,698,697,sh,"sh -c ""$VSCODE_WSL_EXT_LOCATION/scripts/wslServer.sh"" 7debcd0e2acdea1c52de81bf9ee1620444407dda stable code-server .vscode-server --host=127.0.0.1 --port=0 --connection-token=826864117-4248089396-2109865724-2149592531 --use-host-proxy --without-browser-env-var --disable-websocket-compression --accept-server-license-terms --telemetry-level=all",0.0,0.024,1.86,0.0,0.0,0.0,0.0,0.0,1,sleeping,cpu
2026-09-22T13:32:22,699,698,sh,sh /mnt/c/Users/Rohan/.vscode/extensions/ms-vscode-remote.remote-wsl-0.104.3/scripts/wslServer.sh 7debcd0e2acdea1c52de81bf9ee1620444407dda stable code-server .vscode-server --host=127.0.0.1 --port=0 --connection-token=826864117-4248089396-2109865724-2149592531 --use-host-proxy --without-browser-env-var --disable-websocket-compression --accept-server-license-terms --telemetry-level=all,0.0,0.0251,1.95,0.0,0.0,0.0,0.0,0.0,1,sleeping,cpu
2026-09-22T13:32:22,705,699,sh,sh /home/rohan/.vscode-server/bin/7debcd0e2acdea1c52de81bf9ee1620444407dda/bin/code-server --host=127.0.0.1 --port=0 --connection-token=826864117-4248089396-2109865724-2149592531 --use-host-proxy --without-browser-env-var --disable-websocket-compression --accept-server-license-terms --telemetry-level=all,0.0,0.025,1.93,0.0,0.0,0.0,0.0,0.0,1,sleeping,cpu
2026-09-22T13:32:22,709,705,MainThread,/home/rohan/.vscode-server/bin/7debcd0e2acdea1c52de81bf9ee1620444407dda/node /home/rohan/.vscode-server/bin/7debcd0e2acdea1c52de81bf9ee1620444407dda/out/server-main.js --host=127.0.0.1 --port=0 --connection-token=826864117-4248089396-2109865724-2149592531 --use-host-proxy --without-browser-env-var --disable-websocket-compression --accept-server-license-terms --telemetry-level=all,0.0,2.2863,177.16,0.0,0.0,2.49,0.0,0.0,11,sleeping,cpu
2026-09-22T13:32:22,721,2,SessionLeader,/init,0.0,0.0143,1.11,0.0,0.0,0.0,0.0,0.0,1,sleeping,cpu
2026-09-22T13:32:22,722,721,Relay(723),/init,0.0,0.0152,1.18,0.0,0.0,0.5,0.0,0.0,1,sleeping,cpu
2026-09-22T13:32:22,723,722,MainThread,"/home/rohan/.vscode-server/bin/7debcd0e2acdea1c52de81bf9ee1620444407dda/node -e const net = require('net'); process.stdin.pause(); const client = net.createConnection({ host: '127.0.0.1', port: 44115 }, () => { client.pipe(process.stdout); process.stdin.pipe(client); }); client.on('close', function (hadError) { console.error(hadError ? 'Remote close with error' : 'Remote close'); process.exit(hadError ? 1 : 0); }); client.on('error', function (err) { process.stderr.write(err && (err.stack || err.message) || String(err)); });",0.0,0.8724,67.6,0.0,0.0,0.5,0.0,0.0,7,sleeping,cpu
2026-09-22T13:32:22,730,2,SessionLeader,/init,0.0,0.0143,1.11,0.0,0.0,0.0,0.0,0.0,1,sleeping,cpu
2026-09-22T13:32:22,731,730,Relay(732),/init,0.0,0.0152,1.18,0.0,0.0,1.5,0.0,0.0,1,sleeping,cpu
2026-09-22T13:32:22,732,731,MainThread,"/home/rohan/.vscode-server/bin/7debcd0e2acdea1c52de81bf9ee1620444407dda/node -e const net = require('net'); process.stdin.pause(); const client = net.createConnection({ host: '127.0.0.1', port: 44115 }, () => { client.pipe(process.stdout); process.stdin.pipe(client); }); client.on('close', function (hadError) { console.error(hadError ? 'Remote close with error' : 'Remote close'); process.exit(hadError ? 1 : 0); }); client.on('error', function (err) { process.stderr.write(err && (err.stack || err.message) || String(err)); });",0.0,0.7746,60.02,0.0,0.0,1.5,0.0,0.0,7,sleeping,cpu
2026-09-22T13:32:22,743,709,MainThread,/home/rohan/.vscode-server/bin/7debcd0e2acdea1c52de81bf9ee1620444407dda/node /home/rohan/.vscode-server/bin/7debcd0e2acdea1c52de81bf9ee1620444407dda/out/bootstrap-fork --type=fileWatcher,0.0,0.8757,67.86,0.0,0.0,1.0,0.0,0.0,13,sleeping,cpu
2026-09-22T13:32:22,769,709,MainThread,/home/rohan/.vscode-server/bin/7debcd0e2acdea1c52de81bf9ee1620444407dda/node /home/rohan/.vscode-server/bin/7debcd0e2acdea1c52de81bf9ee1620444407dda/out/bootstrap-fork --type=agentHost --logsPath /home/rohan/.vscode-server/data/logs/20260922T120228 --user-data-dir /home/rohan/.vscode-server/data --telemetry-level all,0.0,1.7774,137.72,0.0,0.0,0.0,0.0,0.0,11,sleeping,cpu
2026-09-22T13:32:22,770,709,MainThread,/home/rohan/.vscode-server/bin/7debcd0e2acdea1c52de81bf9ee1620444407dda/node --dns-result-order=ipv4first /home/rohan/.vscode-server/bin/7debcd0e2acdea1c52de81bf9ee1620444407dda/out/bootstrap-fork --type=extensionHost --transformURIs --useHostProxy=true,1.0,6.7952,526.54,0.0,0.0,200.36,454.05,0.0,32,sleeping,cpu
2026-09-22T13:32:22,811,769,MainThread,/home/rohan/.vscode-server/bin/7debcd0e2acdea1c52de81bf9ee1620444407dda/node /home/rohan/.vscode-server/bin/7debcd0e2acdea1c52de81bf9ee1620444407dda/node_modules/@github/copilot-linux-x64/index.js --headless --no-auto-update --log-level info --stdio --no-auto-login,0.0,3.3565,260.08,0.0,0.0,0.0,0.0,0.0,44,sleeping,cpu
2026-09-22T13:32:22,812,770,MainThread,/home/rohan/.vscode-server/bin/7debcd0e2acdea1c52de81bf9ee1620444407dda/node /home/rohan/.vscode-server/bin/7debcd0e2acdea1c52de81bf9ee1620444407dda/extensions/markdown-language-features/dist/serverWorkerMain --node-ipc --clientProcessId=770,0.0,0.994,77.02,0.0,0.0,0.5,0.0,0.0,7,sleeping,cpu
2026-09-22T13:32:22,833,709,MainThread,/home/rohan/.vscode-server/bin/7debcd0e2acdea1c52de81bf9ee1620444407dda/node /home/rohan/.vscode-server/bin/7debcd0e2acdea1c52de81bf9ee1620444407dda/out/bootstrap-fork --type=ptyHost --logsPath /home/rohan/.vscode-server/data/logs/20260922T120228,0.0,0.9761,75.63,0.0,0.0,5.48,0.0,0.0,13,sleeping,cpu
2026-09-22T13:32:22,964,833,bash,/bin/bash --init-file /home/rohan/.vscode-server/bin/7debcd0e2acdea1c52de81bf9ee1620444407dda/out/vs/workbench/contrib/terminal/common/scripts/shellIntegration-bash.sh,0.0,0.0674,5.22,0.0,0.0,0.0,0.0,0.0,1,sleeping,cpu
2026-09-22T13:32:22,1424,2,SessionLeader,/init,0.0,0.0142,1.1,0.0,0.0,0.0,0.0,0.0,1,sleeping,cpu
2026-09-22T13:32:22,1425,1424,Relay(1426),/init,0.0,0.0143,1.11,0.0,0.0,0.0,0.0,0.0,1,sleeping,cpu
2026-09-22T13:32:22,1426,1425,bash,-bash,0.0,0.0665,5.15,0.0,0.0,0.0,0.0,0.0,1,sleeping,cpu
2026-09-22T13:32:22,4147,770,pet,/home/rohan/.vscode-server/extensions/ms-python.vscode-python-envs-1.37.2026092101-linux-x64/python-env-tools/bin/pet server,0.0,0.0749,5.8,0.0,0.0,0.0,0.0,0.0,21,sleeping,cpu
2026-09-22T13:32:22,4156,833,bash,/bin/bash --init-file /home/rohan/.vscode-server/bin/7debcd0e2acdea1c52de81bf9ee1620444407dda/out/vs/workbench/contrib/terminal/common/scripts/shellIntegration-bash.sh,0.0,0.0664,5.15,0.0,0.0,0.0,0.0,0.0,1,sleeping,cpu
2026-09-22T13:32:22,4295,770,MainThread,/home/rohan/.vscode-server/bin/7debcd0e2acdea1c52de81bf9ee1620444407dda/node /home/rohan/.vscode-server/extensions/ms-python.vscode-pylance-2026.3.105/dist/server.bundle.js --cancellationReceive=file:2bc56d7a41ee8749874d0000b75c5745f8ddf88b1a --node-ipc --clientProcessId=770,0.5,8.4531,655.0,0.0,0.0,0.5,0.0,0.0,9,sleeping,cpu
2026-09-22T13:32:22,5890,2,SessionLeader,/init,0.0,0.0142,1.1,0.0,0.0,0.0,0.0,0.0,1,sleeping,cpu
2026-09-22T13:32:22,5891,5890,Relay(5896),/init,0.0,0.0143,1.11,0.0,0.0,0.5,0.0,0.0,1,sleeping,cpu
2026-09-22T13:32:22,5896,5891,bash,-bash,0.0,0.0669,5.18,0.0,0.0,0.0,0.0,0.0,1,sleeping,cpu
2026-09-22T13:32:22,6172,2,SessionLeader,/init,0.0,0.0142,1.1,0.0,0.0,0.0,0.0,0.0,1,sleeping,cpu
2026-09-22T13:32:22,6173,6172,Relay(6174),/init,0.0,0.0143,1.11,0.0,0.0,0.0,0.0,0.0,1,sleeping,cpu
2026-09-22T13:32:22,6174,6173,bash,-bash,0.0,0.0666,5.16,0.0,0.0,0.0,0.0,0.0,1,sleeping,cpu
2026-09-22T13:32:22,6941,2,SessionLeader,/init,0.0,0.0142,1.1,0.0,0.0,0.0,0.0,0.0,1,sleeping,cpu
2026-09-22T13:32:22,6943,6941,Relay(6945),/init,0.0,0.0143,1.11,0.0,0.0,0.0,0.0,0.0,1,sleeping,cpu
2026-09-22T13:32:22,6945,6943,bash,-bash,0.0,0.0659,5.11,0.0,0.0,0.0,0.0,0.0,1,sleeping,cpu
2026-09-22T13:32:22,8650,2,SessionLeader,/init,0.0,0.0142,1.1,0.0,0.0,0.0,0.0,0.0,1,sleeping,cpu
2026-09-22T13:32:22,8652,8650,Relay(8654),/init,0.0,0.0143,1.11,0.0,0.0,0.0,0.0,0.0,1,sleeping,cpu
2026-09-22T13:32:22,8654,8652,bash,-bash,0.0,0.0688,5.33,0.0,0.0,0.0,0.0,0.0,1,sleeping,cpu
2026-09-22T13:32:22,8853,2,SessionLeader,/init,0.0,0.0142,1.1,0.0,0.0,0.0,0.0,0.0,1,sleeping,cpu
2026-09-22T13:32:22,8854,8853,Relay(8858),/init,0.0,0.0143,1.11,0.0,0.0,0.0,0.0,0.0,1,sleeping,cpu
2026-09-22T13:32:22,8858,8854,bash,-bash,0.0,0.0681,5.27,0.0,0.0,0.0,0.0,0.0,1,sleeping,cpu
2026-09-22T13:32:22,15760,2,SessionLeader,/init,0.0,0.0142,1.1,0.0,0.0,0.0,0.0,0.0,1,sleeping,cpu
2026-09-22T13:32:22,15762,15760,Relay(15767),/init,0.0,0.0143,1.11,0.0,0.0,0.0,0.0,0.0,1,sleeping,cpu
2026-09-22T13:32:22,15767,15762,bash,-bash,0.0,0.0696,5.39,0.0,0.0,0.0,0.0,0.0,1,sleeping,cpu
2026-09-22T13:32:22,15903,2,SessionLeader,/init,0.0,0.0142,1.1,0.0,0.0,0.0,0.0,0.0,1,sleeping,cpu
2026-09-22T13:32:22,15904,15903,Relay(15909),/init,0.0,0.0143,1.11,0.0,0.0,0.0,0.0,0.0,1,sleeping,cpu
2026-09-22T13:32:22,15909,15904,bash,-bash,0.0,0.0699,5.42,0.0,0.0,0.0,0.0,0.0,1,sleeping,cpu
2026-09-22T13:32:22,16472,1426,top,top,0.0,0.0719,5.57,0.0,0.0,0.0,0.0,0.0,1,sleeping,cpu
2026-09-22T13:32:22,20473,6174,python,python workloads/cpu/cpu_workload.py,99.7,0.1181,9.15,0.0,0.0,3.49,0.0,0.0,1,running,cpu
2026-09-22T13:32:22,20518,1,wsl-pro-service,/usr/libexec/wsl-pro-service,0.0,0.1746,13.53,0,0,0,0,0,8,sleeping,cpu
2026-09-22T13:32:22,20527,98,(udev-worker),(udev-worker),0.0,0.0517,4.01,0,0,0,0,0,1,sleeping,cpu
2026-09-22T13:32:22,20528,98,(udev-worker),(udev-worker),0.0,0.0513,3.98,0,0,0,0,0,1,sleeping,cpu
2026-09-22T13:32:22,20529,98,(udev-worker),(udev-worker),0.0,0.0518,4.02,0,0,0,0,0,1,sleeping,cpu
2026-09-22T13:32:22,20530,98,(udev-worker),(udev-worker),0.0,0.0513,3.98,0,0,0,0,0,1,sleeping,cpu
2026-09-22T13:32:22,20531,98,(udev-worker),(udev-worker),0.0,0.0492,3.81,0,0,0,0,0,1,sleeping,cpu
2026-09-22T13:32:24,1,0,systemd,/sbin/init,0.0,0.1667,12.91,0.0,0.0,0.0,0.0,0.0,1,sleeping,cpu
2026-09-22T13:32:24,2,1,init-systemd(Ub,/init,0.0,0.0279,2.16,0.0,0.0,0.0,0.0,0.0,2,sleeping,cpu
2026-09-22T13:32:24,7,2,init,plan9 --control-socket 7 --log-level 4 --server-fd 8 --pipe-fd 10 --log-truncate,0.0,0.0268,2.08,0.0,0.0,0.0,0.0,0.0,2,sleeping,cpu
2026-09-22T13:32:24,43,1,systemd-journald,/usr/lib/systemd/systemd-journald,0.0,0.2005,15.54,0.0,0.0,1.49,0.0,0.0,1,sleeping,cpu
2026-09-22T13:32:24,98,1,systemd-udevd,/usr/lib/systemd/systemd-udevd,0.0,0.0799,6.19,0.0,0.0,0.0,0.0,0.0,1,sleeping,cpu
2026-09-22T13:32:24,177,1,systemd-resolved,/usr/lib/systemd/systemd-resolved,0.0,0.1656,12.83,0.0,0.0,0.0,0.0,0.0,1,sleeping,cpu
2026-09-22T13:32:24,178,1,systemd-timesyncd,/usr/lib/systemd/systemd-timesyncd,0.0,0.1002,7.77,0.0,0.0,0.0,0.0,0.0,2,sleeping,cpu
2026-09-22T13:32:24,188,1,cron,/usr/sbin/cron -f -P,0.0,0.0338,2.62,0.0,0.0,0.0,0.0,0.0,1,sleeping,cpu
2026-09-22T13:32:24,189,1,dbus-daemon,@dbus-daemon --system --address=systemd: --nofork --nopidfile --systemd-activation --syslog-only,0.0,0.0669,5.18,0.0,0.0,0.0,0.0,0.0,1,sleeping,cpu
2026-09-22T13:32:24,203,1,systemd-logind,/usr/lib/systemd/systemd-logind,0.0,0.1112,8.62,0.0,0.0,0.0,0.0,0.0,1,sleeping,cpu
2026-09-22T13:32:24,217,1,agetty,/sbin/agetty -o -p -- \u --noclear - linux,0.0,0.0249,1.93,0.0,0.0,0.0,0.0,0.0,1,sleeping,cpu
2026-09-22T13:32:24,223,1,rsyslogd,/usr/sbin/rsyslogd -n -iNONE,0.0,0.0758,5.87,0.0,0.0,0.0,0.0,0.0,4,sleeping,cpu
2026-09-22T13:32:24,236,1,unattended-upgr,/usr/bin/python3 /usr/share/unattended-upgrades/unattended-upgrade-shutdown --wait-for-signal,0.0,0.2778,21.53,0.0,0.0,0.0,0.0,0.0,2,sleeping,cpu
2026-09-22T13:32:24,256,1,apache2,/usr/sbin/apache2 -k start,0.0,0.0634,4.91,0.0,0.0,1.0,0.0,0.0,1,sleeping,cpu
2026-09-22T13:32:24,257,256,apache2,/usr/sbin/apache2 -k start,0.0,0.0734,5.69,0.0,0.0,0.0,0.0,0.0,27,sleeping,cpu
2026-09-22T13:32:24,259,256,apache2,/usr/sbin/apache2 -k start,0.0,0.0734,5.69,0.0,0.0,0.0,0.0,0.0,27,sleeping,cpu
2026-09-22T13:32:24,386,2,login,/bin/login -f      ,0.0,0.0587,4.55,0.0,0.0,0.0,0.0,0.0,1,sleeping,cpu
2026-09-22T13:32:24,429,1,systemd,/usr/lib/systemd/systemd --user,0.0,0.145,11.24,0.0,0.0,0.0,0.0,0.0,1,sleeping,cpu
2026-09-22T13:32:24,430,429,(sd-pam),(sd-pam),0.0,0.0451,3.49,0.0,0.0,0.0,0.0,0.0,1,sleeping,cpu
2026-09-22T13:32:24,452,386,bash,-bash,0.0,0.0643,4.98,0.0,0.0,0.0,0.0,0.0,1,sleeping,cpu
2026-09-22T13:32:24,486,2,SessionLeader,/init,0.0,0.0142,1.1,0.0,0.0,0.0,0.0,0.0,1,sleeping,cpu
2026-09-22T13:32:24,487,486,Relay(488),/init,0.0,0.0159,1.23,0.0,0.0,0.0,0.0,0.0,1,sleeping,cpu
2026-09-22T13:32:24,488,487,bash,-bash,0.0,0.0666,5.16,0.0,0.0,0.0,0.0,0.0,1,sleeping,cpu
2026-09-22T13:32:24,696,2,SessionLeader,/init,0.0,0.0143,1.11,0.0,0.0,0.0,0.0,0.0,1,sleeping,cpu
2026-09-22T13:32:24,697,696,Relay(698),/init,0.0,0.0152,1.18,0.0,0.0,0.0,0.0,0.0,1,sleeping,cpu
2026-09-22T13:32:24,698,697,sh,"sh -c ""$VSCODE_WSL_EXT_LOCATION/scripts/wslServer.sh"" 7debcd0e2acdea1c52de81bf9ee1620444407dda stable code-server .vscode-server --host=127.0.0.1 --port=0 --connection-token=826864117-4248089396-2109865724-2149592531 --use-host-proxy --without-browser-env-var --disable-websocket-compression --accept-server-license-terms --telemetry-level=all",0.0,0.024,1.86,0.0,0.0,0.0,0.0,0.0,1,sleeping,cpu
2026-09-22T13:32:24,699,698,sh,sh /mnt/c/Users/Rohan/.vscode/extensions/ms-vscode-remote.remote-wsl-0.104.3/scripts/wslServer.sh 7debcd0e2acdea1c52de81bf9ee1620444407dda stable code-server .vscode-server --host=127.0.0.1 --port=0 --connection-token=826864117-4248089396-2109865724-2149592531 --use-host-proxy --without-browser-env-var --disable-websocket-compression --accept-server-license-terms --telemetry-level=all,0.0,0.0251,1.95,0.0,0.0,0.0,0.0,0.0,1,sleeping,cpu
2026-09-22T13:32:24,705,699,sh,sh /home/rohan/.vscode-server/bin/7debcd0e2acdea1c52de81bf9ee1620444407dda/bin/code-server --host=127.0.0.1 --port=0 --connection-token=826864117-4248089396-2109865724-2149592531 --use-host-proxy --without-browser-env-var --disable-websocket-compression --accept-server-license-terms --telemetry-level=all,0.0,0.025,1.93,0.0,0.0,0.0,0.0,0.0,1,sleeping,cpu
2026-09-22T13:32:24,709,705,MainThread,/home/rohan/.vscode-server/bin/7debcd0e2acdea1c52de81bf9ee1620444407dda/node /home/rohan/.vscode-server/bin/7debcd0e2acdea1c52de81bf9ee1620444407dda/out/server-main.js --host=127.0.0.1 --port=0 --connection-token=826864117-4248089396-2109865724-2149592531 --use-host-proxy --without-browser-env-var --disable-websocket-compression --accept-server-license-terms --telemetry-level=all,0.0,2.2863,177.16,0.0,0.0,3.99,0.0,0.0,11,sleeping,cpu
2026-09-22T13:32:24,721,2,SessionLeader,/init,0.0,0.0143,1.11,0.0,0.0,0.0,0.0,0.0,1,sleeping,cpu
2026-09-22T13:32:24,722,721,Relay(723),/init,0.0,0.0152,1.18,0.0,0.0,0.5,0.0,0.0,1,sleeping,cpu
2026-09-22T13:32:24,723,722,MainThread,"/home/rohan/.vscode-server/bin/7debcd0e2acdea1c52de81bf9ee1620444407dda/node -e const net = require('net'); process.stdin.pause(); const client = net.createConnection({ host: '127.0.0.1', port: 44115 }, () => { client.pipe(process.stdout); process.stdin.pipe(client); }); client.on('close', function (hadError) { console.error(hadError ? 'Remote close with error' : 'Remote close'); process.exit(hadError ? 1 : 0); }); client.on('error', function (err) { process.stderr.write(err && (err.stack || err.message) || String(err)); });",0.0,0.8724,67.6,0.0,0.0,0.5,0.0,0.0,7,sleeping,cpu
2026-09-22T13:32:24,730,2,SessionLeader,/init,0.0,0.0143,1.11,0.0,0.0,0.0,0.0,0.0,1,sleeping,cpu
2026-09-22T13:32:24,731,730,Relay(732),/init,0.0,0.0152,1.18,0.0,0.0,1.0,0.0,0.0,1,sleeping,cpu
2026-09-22T13:32:24,732,731,MainThread,"/home/rohan/.vscode-server/bin/7debcd0e2acdea1c52de81bf9ee1620444407dda/node -e const net = require('net'); process.stdin.pause(); const client = net.createConnection({ host: '127.0.0.1', port: 44115 }, () => { client.pipe(process.stdout); process.stdin.pipe(client); }); client.on('close', function (hadError) { console.error(hadError ? 'Remote close with error' : 'Remote close'); process.exit(hadError ? 1 : 0); }); client.on('error', function (err) { process.stderr.write(err && (err.stack || err.message) || String(err)); });",0.0,0.7746,60.02,0.0,0.0,1.0,0.0,0.0,7,sleeping,cpu
2026-09-22T13:32:24,743,709,MainThread,/home/rohan/.vscode-server/bin/7debcd0e2acdea1c52de81bf9ee1620444407dda/node /home/rohan/.vscode-server/bin/7debcd0e2acdea1c52de81bf9ee1620444407dda/out/bootstrap-fork --type=fileWatcher,0.0,0.8757,67.86,0.0,0.0,3.49,0.0,0.0,13,sleeping,cpu
2026-09-22T13:32:24,769,709,MainThread,/home/rohan/.vscode-server/bin/7debcd0e2acdea1c52de81bf9ee1620444407dda/node /home/rohan/.vscode-server/bin/7debcd0e2acdea1c52de81bf9ee1620444407dda/out/bootstrap-fork --type=agentHost --logsPath /home/rohan/.vscode-server/data/logs/20260922T120228 --user-data-dir /home/rohan/.vscode-server/data --telemetry-level all,0.0,1.7774,137.72,0.0,0.0,0.5,0.0,0.0,11,sleeping,cpu
2026-09-22T13:32:24,770,709,MainThread,/home/rohan/.vscode-server/bin/7debcd0e2acdea1c52de81bf9ee1620444407dda/node --dns-result-order=ipv4first /home/rohan/.vscode-server/bin/7debcd0e2acdea1c52de81bf9ee1620444407dda/out/bootstrap-fork --type=extensionHost --transformURIs --useHostProxy=true,1.0,6.7952,526.54,0.0,0.0,198.8,267.56,0.0,32,sleeping,cpu
2026-09-22T13:32:24,811,769,MainThread,/home/rohan/.vscode-server/bin/7debcd0e2acdea1c52de81bf9ee1620444407dda/node /home/rohan/.vscode-server/bin/7debcd0e2acdea1c52de81bf9ee1620444407dda/node_modules/@github/copilot-linux-x64/index.js --headless --no-auto-update --log-level info --stdio --no-auto-login,0.0,3.3565,260.08,0.0,0.0,0.0,0.0,0.0,44,sleeping,cpu
2026-09-22T13:32:24,812,770,MainThread,/home/rohan/.vscode-server/bin/7debcd0e2acdea1c52de81bf9ee1620444407dda/node /home/rohan/.vscode-server/bin/7debcd0e2acdea1c52de81bf9ee1620444407dda/extensions/markdown-language-features/dist/serverWorkerMain --node-ipc --clientProcessId=770,0.0,0.994,77.02,0.0,0.0,0.5,0.0,0.0,7,sleeping,cpu
2026-09-22T13:32:24,833,709,MainThread,/home/rohan/.vscode-server/bin/7debcd0e2acdea1c52de81bf9ee1620444407dda/node /home/rohan/.vscode-server/bin/7debcd0e2acdea1c52de81bf9ee1620444407dda/out/bootstrap-fork --type=ptyHost --logsPath /home/rohan/.vscode-server/data/logs/20260922T120228,0.0,0.9761,75.63,0.0,0.0,7.47,0.0,0.0,13,sleeping,cpu
2026-09-22T13:32:24,964,833,bash,/bin/bash --init-file /home/rohan/.vscode-server/bin/7debcd0e2acdea1c52de81bf9ee1620444407dda/out/vs/workbench/contrib/terminal/common/scripts/shellIntegration-bash.sh,0.0,0.0674,5.22,0.0,0.0,0.0,0.0,0.0,1,sleeping,cpu
2026-09-22T13:32:24,1424,2,SessionLeader,/init,0.0,0.0142,1.1,0.0,0.0,0.0,0.0,0.0,1,sleeping,cpu
2026-09-22T13:32:24,1425,1424,Relay(1426),/init,0.0,0.0143,1.11,0.0,0.0,1.0,0.0,0.0,1,sleeping,cpu
2026-09-22T13:32:24,1426,1425,bash,-bash,0.0,0.0665,5.15,0.0,0.0,0.0,0.0,0.0,1,sleeping,cpu
2026-09-22T13:32:24,4147,770,pet,/home/rohan/.vscode-server/extensions/ms-python.vscode-python-envs-1.37.2026092101-linux-x64/python-env-tools/bin/pet server,0.0,0.0749,5.8,0.0,0.0,0.0,0.0,0.0,21,sleeping,cpu
2026-09-22T13:32:24,4156,833,bash,/bin/bash --init-file /home/rohan/.vscode-server/bin/7debcd0e2acdea1c52de81bf9ee1620444407dda/out/vs/workbench/contrib/terminal/common/scripts/shellIntegration-bash.sh,0.0,0.0664,5.15,0.0,0.0,0.0,0.0,0.0,1,sleeping,cpu
2026-09-22T13:32:24,4295,770,MainThread,/home/rohan/.vscode-server/bin/7debcd0e2acdea1c52de81bf9ee1620444407dda/node /home/rohan/.vscode-server/extensions/ms-python.vscode-pylance-2026.3.105/dist/server.bundle.js --cancellationReceive=file:2bc56d7a41ee8749874d0000b75c5745f8ddf88b1a --node-ipc --clientProcessId=770,0.0,8.4531,655.0,0.0,0.0,1.0,0.0,0.0,9,sleeping,cpu
2026-09-22T13:32:24,5890,2,SessionLeader,/init,0.0,0.0142,1.1,0.0,0.0,0.0,0.0,0.0,1,sleeping,cpu
2026-09-22T13:32:24,5891,5890,Relay(5896),/init,0.0,0.0143,1.11,0.0,0.0,0.5,0.0,0.0,1,sleeping,cpu
2026-09-22T13:32:24,5896,5891,bash,-bash,0.0,0.0669,5.18,0.0,0.0,0.0,0.0,0.0,1,sleeping,cpu
2026-09-22T13:32:24,6172,2,SessionLeader,/init,0.0,0.0142,1.1,0.0,0.0,0.0,0.0,0.0,1,sleeping,cpu
2026-09-22T13:32:24,6173,6172,Relay(6174),/init,0.0,0.0143,1.11,0.0,0.0,0.0,0.0,0.0,1,sleeping,cpu
2026-09-22T13:32:24,6174,6173,bash,-bash,0.0,0.0666,5.16,0.0,0.0,0.0,0.0,0.0,1,sleeping,cpu
2026-09-22T13:32:24,6941,2,SessionLeader,/init,0.0,0.0142,1.1,0.0,0.0,0.0,0.0,0.0,1,sleeping,cpu
2026-09-22T13:32:24,6943,6941,Relay(6945),/init,0.0,0.0143,1.11,0.0,0.0,0.0,0.0,0.0,1,sleeping,cpu
2026-09-22T13:32:24,6945,6943,bash,-bash,0.0,0.0659,5.11,0.0,0.0,0.0,0.0,0.0,1,sleeping,cpu
2026-09-22T13:32:24,8650,2,SessionLeader,/init,0.0,0.0142,1.1,0.0,0.0,0.0,0.0,0.0,1,sleeping,cpu
2026-09-22T13:32:24,8652,8650,Relay(8654),/init,0.0,0.0143,1.11,0.0,0.0,0.0,0.0,0.0,1,sleeping,cpu
2026-09-22T13:32:24,8654,8652,bash,-bash,0.0,0.0688,5.33,0.0,0.0,0.0,0.0,0.0,1,sleeping,cpu
2026-09-22T13:32:24,8853,2,SessionLeader,/init,0.0,0.0142,1.1,0.0,0.0,0.0,0.0,0.0,1,sleeping,cpu
2026-09-22T13:32:24,8854,8853,Relay(8858),/init,0.0,0.0143,1.11,0.0,0.0,0.0,0.0,0.0,1,sleeping,cpu
2026-09-22T13:32:24,8858,8854,bash,-bash,0.0,0.0681,5.27,0.0,0.0,0.0,0.0,0.0,1,sleeping,cpu
2026-09-22T13:32:24,15760,2,SessionLeader,/init,0.0,0.0142,1.1,0.0,0.0,0.0,0.0,0.0,1,sleeping,cpu
2026-09-22T13:32:24,15762,15760,Relay(15767),/init,0.0,0.0143,1.11,0.0,0.0,0.0,0.0,0.0,1,sleeping,cpu
2026-09-22T13:32:24,15767,15762,bash,-bash,0.0,0.0696,5.39,0.0,0.0,0.0,0.0,0.0,1,sleeping,cpu
2026-09-22T13:32:24,15903,2,SessionLeader,/init,0.0,0.0142,1.1,0.0,0.0,0.0,0.0,0.0,1,sleeping,cpu
2026-09-22T13:32:24,15904,15903,Relay(15909),/init,0.0,0.0143,1.11,0.0,0.0,0.0,0.0,0.0,1,sleeping,cpu
2026-09-22T13:32:24,15909,15904,bash,-bash,0.0,0.0699,5.42,0.0,0.0,0.0,0.0,0.0,1,sleeping,cpu
2026-09-22T13:32:24,16472,1426,top,top,0.5,0.0719,5.57,0.0,0.0,0.5,0.0,0.0,1,sleeping,cpu
2026-09-22T13:32:24,20473,6174,python,python workloads/cpu/cpu_workload.py,100.1,0.1181,9.15,0.0,0.0,3.49,0.0,0.0,1,running,cpu
2026-09-22T13:32:24,20518,1,wsl-pro-service,/usr/libexec/wsl-pro-service,0.0,0.1749,13.55,0.0,0.0,0.0,2.99,0.0,8,sleeping,cpu
2026-09-22T13:32:24,20527,98,(udev-worker),(udev-worker),0.0,0.0517,4.01,0.0,0.0,0.0,0.0,0.0,1,sleeping,cpu
2026-09-22T13:32:24,20528,98,(udev-worker),(udev-worker),0.0,0.0513,3.98,0.0,0.0,0.0,0.0,0.0,1,sleeping,cpu
2026-09-22T13:32:24,20529,98,(udev-worker),(udev-worker),0.0,0.0518,4.02,0.0,0.0,0.0,0.0,0.0,1,sleeping,cpu
2026-09-22T13:32:24,20530,98,(udev-worker),(udev-worker),0.0,0.0513,3.98,0.0,0.0,0.0,0.0,0.0,1,sleeping,cpu
2026-09-22T13:32:24,20531,98,(udev-worker),(udev-worker),0.0,0.0492,3.81,0.0,0.0,0.0,0.0,0.0,1,sleeping,cpu
2026-09-22T13:32:26,1,0,systemd,/sbin/init,0.0,0.1667,12.91,0.0,0.0,0.0,0.0,0.0,1,sleeping,cpu
2026-09-22T13:32:26,2,1,init-systemd(Ub,/init,0.0,0.0279,2.16,0.0,0.0,0.0,0.0,0.0,2,sleeping,cpu
2026-09-22T13:32:26,7,2,init,plan9 --control-socket 7 --log-level 4 --server-fd 8 --pipe-fd 10 --log-truncate,0.0,0.0268,2.08,0.0,0.0,0.0,0.0,0.0,2,sleeping,cpu
2026-09-22T13:32:26,43,1,systemd-journald,/usr/lib/systemd/systemd-journald,0.0,0.2005,15.54,0.0,0.0,1.0,0.0,0.0,1,sleeping,cpu
2026-09-22T13:32:26,98,1,systemd-udevd,/usr/lib/systemd/systemd-udevd,0.0,0.0799,6.19,0.0,0.0,1.0,4.98,0.0,1,sleeping,cpu
2026-09-22T13:32:26,177,1,systemd-resolved,/usr/lib/systemd/systemd-resolved,0.0,0.1656,12.83,0.0,0.0,0.0,0.0,0.0,1,sleeping,cpu
2026-09-22T13:32:26,178,1,systemd-timesyncd,/usr/lib/systemd/systemd-timesyncd,0.0,0.1002,7.77,0.0,0.0,0.0,0.0,0.0,2,sleeping,cpu
2026-09-22T13:32:26,188,1,cron,/usr/sbin/cron -f -P,0.0,0.0338,2.62,0.0,0.0,0.0,0.0,0.0,1,sleeping,cpu
2026-09-22T13:32:26,189,1,dbus-daemon,@dbus-daemon --system --address=systemd: --nofork --nopidfile --systemd-activation --syslog-only,0.0,0.0669,5.18,0.0,0.0,0.0,0.0,0.0,1,sleeping,cpu
2026-09-22T13:32:26,203,1,systemd-logind,/usr/lib/systemd/systemd-logind,0.0,0.1112,8.62,0.0,0.0,0.0,0.0,0.0,1,sleeping,cpu
2026-09-22T13:32:26,217,1,agetty,/sbin/agetty -o -p -- \u --noclear - linux,0.0,0.0249,1.93,0.0,0.0,0.0,0.0,0.0,1,sleeping,cpu
2026-09-22T13:32:26,223,1,rsyslogd,/usr/sbin/rsyslogd -n -iNONE,0.0,0.0758,5.87,0.0,0.0,0.0,0.0,0.0,4,sleeping,cpu
2026-09-22T13:32:26,236,1,unattended-upgr,/usr/bin/python3 /usr/share/unattended-upgrades/unattended-upgrade-shutdown --wait-for-signal,0.0,0.2778,21.53,0.0,0.0,0.0,0.0,0.0,2,sleeping,cpu
2026-09-22T13:32:26,256,1,apache2,/usr/sbin/apache2 -k start,0.0,0.0634,4.91,0.0,0.0,1.0,0.0,0.0,1,sleeping,cpu
2026-09-22T13:32:26,257,256,apache2,/usr/sbin/apache2 -k start,0.0,0.0734,5.69,0.0,0.0,0.0,0.0,0.0,27,sleeping,cpu
2026-09-22T13:32:26,259,256,apache2,/usr/sbin/apache2 -k start,0.0,0.0734,5.69,0.0,0.0,0.0,0.0,0.0,27,sleeping,cpu
2026-09-22T13:32:26,386,2,login,/bin/login -f      ,0.0,0.0587,4.55,0.0,0.0,0.0,0.0,0.0,1,sleeping,cpu
2026-09-22T13:32:26,429,1,systemd,/usr/lib/systemd/systemd --user,0.0,0.145,11.24,0.0,0.0,0.0,0.0,0.0,1,sleeping,cpu
2026-09-22T13:32:26,430,429,(sd-pam),(sd-pam),0.0,0.0451,3.49,0.0,0.0,0.0,0.0,0.0,1,sleeping,cpu
2026-09-22T13:32:26,452,386,bash,-bash,0.0,0.0643,4.98,0.0,0.0,0.0,0.0,0.0,1,sleeping,cpu
2026-09-22T13:32:26,486,2,SessionLeader,/init,0.0,0.0142,1.1,0.0,0.0,0.0,0.0,0.0,1,sleeping,cpu
2026-09-22T13:32:26,487,486,Relay(488),/init,0.0,0.0159,1.23,0.0,0.0,0.0,0.0,0.0,1,sleeping,cpu
2026-09-22T13:32:26,488,487,bash,-bash,0.0,0.0666,5.16,0.0,0.0,0.0,0.0,0.0,1,sleeping,cpu
2026-09-22T13:32:26,696,2,SessionLeader,/init,0.0,0.0143,1.11,0.0,0.0,0.0,0.0,0.0,1,sleeping,cpu
2026-09-22T13:32:26,697,696,Relay(698),/init,0.0,0.0152,1.18,0.0,0.0,0.0,0.0,0.0,1,sleeping,cpu
2026-09-22T13:32:26,698,697,sh,"sh -c ""$VSCODE_WSL_EXT_LOCATION/scripts/wslServer.sh"" 7debcd0e2acdea1c52de81bf9ee1620444407dda stable code-server .vscode-server --host=127.0.0.1 --port=0 --connection-token=826864117-4248089396-2109865724-2149592531 --use-host-proxy --without-browser-env-var --disable-websocket-compression --accept-server-license-terms --telemetry-level=all",0.0,0.024,1.86,0.0,0.0,0.0,0.0,0.0,1,sleeping,cpu
2026-09-22T13:32:26,699,698,sh,sh /mnt/c/Users/Rohan/.vscode/extensions/ms-vscode-remote.remote-wsl-0.104.3/scripts/wslServer.sh 7debcd0e2acdea1c52de81bf9ee1620444407dda stable code-server .vscode-server --host=127.0.0.1 --port=0 --connection-token=826864117-4248089396-2109865724-2149592531 --use-host-proxy --without-browser-env-var --disable-websocket-compression --accept-server-license-terms --telemetry-level=all,0.0,0.0251,1.95,0.0,0.0,0.0,0.0,0.0,1,sleeping,cpu
2026-09-22T13:32:26,705,699,sh,sh /home/rohan/.vscode-server/bin/7debcd0e2acdea1c52de81bf9ee1620444407dda/bin/code-server --host=127.0.0.1 --port=0 --connection-token=826864117-4248089396-2109865724-2149592531 --use-host-proxy --without-browser-env-var --disable-websocket-compression --accept-server-license-terms --telemetry-level=all,0.0,0.025,1.93,0.0,0.0,0.0,0.0,0.0,1,sleeping,cpu
2026-09-22T13:32:26,709,705,MainThread,/home/rohan/.vscode-server/bin/7debcd0e2acdea1c52de81bf9ee1620444407dda/node /home/rohan/.vscode-server/bin/7debcd0e2acdea1c52de81bf9ee1620444407dda/out/server-main.js --host=127.0.0.1 --port=0 --connection-token=826864117-4248089396-2109865724-2149592531 --use-host-proxy --without-browser-env-var --disable-websocket-compression --accept-server-license-terms --telemetry-level=all,0.0,2.2863,177.16,0.0,0.0,5.98,0.0,0.0,11,sleeping,cpu
2026-09-22T13:32:26,721,2,SessionLeader,/init,0.0,0.0143,1.11,0.0,0.0,0.0,0.0,0.0,1,sleeping,cpu
2026-09-22T13:32:26,722,721,Relay(723),/init,0.0,0.0152,1.18,0.0,0.0,1.99,0.0,0.0,1,sleeping,cpu
2026-09-22T13:32:26,723,722,MainThread,"/home/rohan/.vscode-server/bin/7debcd0e2acdea1c52de81bf9ee1620444407dda/node -e const net = require('net'); process.stdin.pause(); const client = net.createConnection({ host: '127.0.0.1', port: 44115 }, () => { client.pipe(process.stdout); process.stdin.pipe(client); }); client.on('close', function (hadError) { console.error(hadError ? 'Remote close with error' : 'Remote close'); process.exit(hadError ? 1 : 0); }); client.on('error', function (err) { process.stderr.write(err && (err.stack || err.message) || String(err)); });",0.0,0.8724,67.6,0.0,0.0,1.99,0.0,0.0,7,sleeping,cpu
2026-09-22T13:32:26,730,2,SessionLeader,/init,0.0,0.0143,1.11,0.0,0.0,0.0,0.0,0.0,1,sleeping,cpu
2026-09-22T13:32:26,731,730,Relay(732),/init,0.0,0.0152,1.18,0.0,0.0,1.49,0.0,0.0,1,sleeping,cpu
2026-09-22T13:32:26,732,731,MainThread,"/home/rohan/.vscode-server/bin/7debcd0e2acdea1c52de81bf9ee1620444407dda/node -e const net = require('net'); process.stdin.pause(); const client = net.createConnection({ host: '127.0.0.1', port: 44115 }, () => { client.pipe(process.stdout); process.stdin.pipe(client); }); client.on('close', function (hadError) { console.error(hadError ? 'Remote close with error' : 'Remote close'); process.exit(hadError ? 1 : 0); }); client.on('error', function (err) { process.stderr.write(err && (err.stack || err.message) || String(err)); });",0.0,0.7746,60.02,0.0,0.0,1.49,0.0,0.0,7,sleeping,cpu
2026-09-22T13:32:26,743,709,MainThread,/home/rohan/.vscode-server/bin/7debcd0e2acdea1c52de81bf9ee1620444407dda/node /home/rohan/.vscode-server/bin/7debcd0e2acdea1c52de81bf9ee1620444407dda/out/bootstrap-fork --type=fileWatcher,0.0,0.8757,67.86,0.0,0.0,1.0,0.0,0.0,13,sleeping,cpu
2026-09-22T13:32:26,769,709,MainThread,/home/rohan/.vscode-server/bin/7debcd0e2acdea1c52de81bf9ee1620444407dda/node /home/rohan/.vscode-server/bin/7debcd0e2acdea1c52de81bf9ee1620444407dda/out/bootstrap-fork --type=agentHost --logsPath /home/rohan/.vscode-server/data/logs/20260922T120228 --user-data-dir /home/rohan/.vscode-server/data --telemetry-level all,0.0,1.7774,137.72,0.0,4080.94,3.49,0.0,0.0,11,sleeping,cpu
2026-09-22T13:32:26,770,709,MainThread,/home/rohan/.vscode-server/bin/7debcd0e2acdea1c52de81bf9ee1620444407dda/node --dns-result-order=ipv4first /home/rohan/.vscode-server/bin/7debcd0e2acdea1c52de81bf9ee1620444407dda/out/bootstrap-fork --type=extensionHost --transformURIs --useHostProxy=true,0.0,6.7952,526.54,0.0,0.0,13.95,33.87,0.0,32,sleeping,cpu
2026-09-22T13:32:26,811,769,MainThread,/home/rohan/.vscode-server/bin/7debcd0e2acdea1c52de81bf9ee1620444407dda/node /home/rohan/.vscode-server/bin/7debcd0e2acdea1c52de81bf9ee1620444407dda/node_modules/@github/copilot-linux-x64/index.js --headless --no-auto-update --log-level info --stdio --no-auto-login,0.0,3.3565,260.08,0.0,0.0,0.0,0.0,0.0,44,sleeping,cpu
2026-09-22T13:32:26,812,770,MainThread,/home/rohan/.vscode-server/bin/7debcd0e2acdea1c52de81bf9ee1620444407dda/node /home/rohan/.vscode-server/bin/7debcd0e2acdea1c52de81bf9ee1620444407dda/extensions/markdown-language-features/dist/serverWorkerMain --node-ipc --clientProcessId=770,0.0,0.994,77.02,0.0,0.0,0.5,0.0,0.0,7,sleeping,cpu
2026-09-22T13:32:26,833,709,MainThread,/home/rohan/.vscode-server/bin/7debcd0e2acdea1c52de81bf9ee1620444407dda/node /home/rohan/.vscode-server/bin/7debcd0e2acdea1c52de81bf9ee1620444407dda/out/bootstrap-fork --type=ptyHost --logsPath /home/rohan/.vscode-server/data/logs/20260922T120228,0.0,0.9761,75.63,0.0,0.0,5.48,0.0,0.0,13,sleeping,cpu
2026-09-22T13:32:26,964,833,bash,/bin/bash --init-file /home/rohan/.vscode-server/bin/7debcd0e2acdea1c52de81bf9ee1620444407dda/out/vs/workbench/contrib/terminal/common/scripts/shellIntegration-bash.sh,0.0,0.0674,5.22,0.0,0.0,0.0,0.0,0.0,1,sleeping,cpu
2026-09-22T13:32:26,1424,2,SessionLeader,/init,0.0,0.0142,1.1,0.0,0.0,0.0,0.0,0.0,1,sleeping,cpu
2026-09-22T13:32:26,1425,1424,Relay(1426),/init,0.0,0.0143,1.11,0.0,0.0,1.0,0.0,0.0,1,sleeping,cpu
2026-09-22T13:32:26,1426,1425,bash,-bash,0.0,0.0665,5.15,0.0,0.0,0.0,0.0,0.0,1,sleeping,cpu
2026-09-22T13:32:26,4147,770,pet,/home/rohan/.vscode-server/extensions/ms-python.vscode-python-envs-1.37.2026092101-linux-x64/python-env-tools/bin/pet server,0.0,0.0749,5.8,0.0,0.0,0.0,0.0,0.0,21,sleeping,cpu
2026-09-22T13:32:26,4156,833,bash,/bin/bash --init-file /home/rohan/.vscode-server/bin/7debcd0e2acdea1c52de81bf9ee1620444407dda/out/vs/workbench/contrib/terminal/common/scripts/shellIntegration-bash.sh,0.0,0.0664,5.15,0.0,0.0,0.0,0.0,0.0,1,sleeping,cpu
2026-09-22T13:32:26,4295,770,MainThread,/home/rohan/.vscode-server/bin/7debcd0e2acdea1c52de81bf9ee1620444407dda/node /home/rohan/.vscode-server/extensions/ms-python.vscode-pylance-2026.3.105/dist/server.bundle.js --cancellationReceive=file:2bc56d7a41ee8749874d0000b75c5745f8ddf88b1a --node-ipc --clientProcessId=770,0.0,8.4531,655.0,0.0,0.0,1.0,0.0,0.0,9,sleeping,cpu
2026-09-22T13:32:26,5890,2,SessionLeader,/init,0.0,0.0142,1.1,0.0,0.0,0.0,0.0,0.0,1,sleeping,cpu
2026-09-22T13:32:26,5891,5890,Relay(5896),/init,0.0,0.0143,1.11,0.0,0.0,0.5,0.0,0.0,1,sleeping,cpu
2026-09-22T13:32:26,5896,5891,bash,-bash,0.0,0.0669,5.18,0.0,0.0,0.0,0.0,0.0,1,sleeping,cpu
2026-09-22T13:32:26,6172,2,SessionLeader,/init,0.0,0.0142,1.1,0.0,0.0,0.0,0.0,0.0,1,sleeping,cpu
2026-09-22T13:32:26,6173,6172,Relay(6174),/init,0.0,0.0143,1.11,0.0,0.0,0.0,0.0,0.0,1,sleeping,cpu
2026-09-22T13:32:26,6174,6173,bash,-bash,0.0,0.0666,5.16,0.0,0.0,0.0,0.0,0.0,1,sleeping,cpu
2026-09-22T13:32:26,6941,2,SessionLeader,/init,0.0,0.0142,1.1,0.0,0.0,0.0,0.0,0.0,1,sleeping,cpu
2026-09-22T13:32:26,6943,6941,Relay(6945),/init,0.0,0.0143,1.11,0.0,0.0,0.0,0.0,0.0,1,sleeping,cpu
2026-09-22T13:32:26,6945,6943,bash,-bash,0.0,0.0659,5.11,0.0,0.0,0.0,0.0,0.0,1,sleeping,cpu
2026-09-22T13:32:26,8650,2,SessionLeader,/init,0.0,0.0142,1.1,0.0,0.0,0.0,0.0,0.0,1,sleeping,cpu
2026-09-22T13:32:26,8652,8650,Relay(8654),/init,0.0,0.0143,1.11,0.0,0.0,0.0,0.0,0.0,1,sleeping,cpu
2026-09-22T13:32:26,8654,8652,bash,-bash,0.0,0.0688,5.33,0.0,0.0,0.0,0.0,0.0,1,sleeping,cpu
2026-09-22T13:32:26,8853,2,SessionLeader,/init,0.0,0.0142,1.1,0.0,0.0,0.0,0.0,0.0,1,sleeping,cpu
2026-09-22T13:32:26,8854,8853,Relay(8858),/init,0.0,0.0143,1.11,0.0,0.0,0.0,0.0,0.0,1,sleeping,cpu
2026-09-22T13:32:26,8858,8854,bash,-bash,0.0,0.0681,5.27,0.0,0.0,0.0,0.0,0.0,1,sleeping,cpu
2026-09-22T13:32:26,15760,2,SessionLeader,/init,0.0,0.0142,1.1,0.0,0.0,0.0,0.0,0.0,1,sleeping,cpu
2026-09-22T13:32:26,15762,15760,Relay(15767),/init,0.0,0.0143,1.11,0.0,0.0,0.0,0.0,0.0,1,sleeping,cpu
2026-09-22T13:32:26,15767,15762,bash,-bash,0.0,0.0696,5.39,0.0,0.0,0.0,0.0,0.0,1,sleeping,cpu
2026-09-22T13:32:26,15903,2,SessionLeader,/init,0.0,0.0142,1.1,0.0,0.0,0.0,0.0,0.0,1,sleeping,cpu
2026-09-22T13:32:26,15904,15903,Relay(15909),/init,0.0,0.0143,1.11,0.0,0.0,0.0,0.0,0.0,1,sleeping,cpu
2026-09-22T13:32:26,15909,15904,bash,-bash,0.0,0.0699,5.42,0.0,0.0,0.0,0.0,0.0,1,sleeping,cpu
2026-09-22T13:32:26,16472,1426,top,top,0.0,0.0719,5.57,0.0,0.0,0.5,0.0,0.0,1,sleeping,cpu
2026-09-22T13:32:26,20473,6174,python,python workloads/cpu/cpu_workload.py,100.1,0.1181,9.15,0.0,0.0,4.48,0.0,0.0,1,running,cpu
2026-09-22T13:32:26,20518,1,wsl-pro-service,/usr/libexec/wsl-pro-service,0.0,0.1749,13.55,0.0,0.0,0.0,0.0,0.0,8,sleeping,cpu
2026-09-22T13:32:28,1,0,systemd,/sbin/init,0.0,0.1667,12.91,0.0,0.0,0.0,0.0,0.0,1,sleeping,cpu
2026-09-22T13:32:28,2,1,init-systemd(Ub,/init,0.0,0.0279,2.16,0.0,0.0,0.0,0.0,0.0,2,sleeping,cpu
2026-09-22T13:32:28,7,2,init,plan9 --control-socket 7 --log-level 4 --server-fd 8 --pipe-fd 10 --log-truncate,0.0,0.0268,2.08,0.0,0.0,0.0,0.0,0.0,2,sleeping,cpu
2026-09-22T13:32:28,43,1,systemd-journald,/usr/lib/systemd/systemd-journald,0.0,0.2005,15.54,0.0,0.0,0.0,0.0,0.0,1,sleeping,cpu
2026-09-22T13:32:28,98,1,systemd-udevd,/usr/lib/systemd/systemd-udevd,0.0,0.0799,6.19,0.0,0.0,0.0,0.0,0.0,1,sleeping,cpu
2026-09-22T13:32:28,177,1,systemd-resolved,/usr/lib/systemd/systemd-resolved,0.0,0.1656,12.83,0.0,0.0,0.0,0.0,0.0,1,sleeping,cpu
2026-09-22T13:32:28,178,1,systemd-timesyncd,/usr/lib/systemd/systemd-timesyncd,0.0,0.1002,7.77,0.0,0.0,0.0,0.0,0.0,2,sleeping,cpu
2026-09-22T13:32:28,188,1,cron,/usr/sbin/cron -f -P,0.0,0.0338,2.62,0.0,0.0,0.0,0.0,0.0,1,sleeping,cpu
2026-09-22T13:32:28,189,1,dbus-daemon,@dbus-daemon --system --address=systemd: --nofork --nopidfile --systemd-activation --syslog-only,0.0,0.0669,5.18,0.0,0.0,0.0,0.0,0.0,1,sleeping,cpu
2026-09-22T13:32:28,203,1,systemd-logind,/usr/lib/systemd/systemd-logind,0.0,0.1112,8.62,0.0,0.0,0.0,0.0,0.0,1,sleeping,cpu
2026-09-22T13:32:28,217,1,agetty,/sbin/agetty -o -p -- \u --noclear - linux,0.0,0.0249,1.93,0.0,0.0,0.0,0.0,0.0,1,sleeping,cpu
2026-09-22T13:32:28,223,1,rsyslogd,/usr/sbin/rsyslogd -n -iNONE,0.0,0.0758,5.87,0.0,0.0,0.0,0.0,0.0,4,sleeping,cpu
2026-09-22T13:32:28,236,1,unattended-upgr,/usr/bin/python3 /usr/share/unattended-upgrades/unattended-upgrade-shutdown --wait-for-signal,0.0,0.2778,21.53,0.0,0.0,0.0,0.0,0.0,2,sleeping,cpu
2026-09-22T13:32:28,256,1,apache2,/usr/sbin/apache2 -k start,0.0,0.0634,4.91,0.0,0.0,1.0,0.0,0.0,1,sleeping,cpu
2026-09-22T13:32:28,257,256,apache2,/usr/sbin/apache2 -k start,0.0,0.0734,5.69,0.0,0.0,0.0,0.0,0.0,27,sleeping,cpu
2026-09-22T13:32:28,259,256,apache2,/usr/sbin/apache2 -k start,0.0,0.0734,5.69,0.0,0.0,0.0,0.0,0.0,27,sleeping,cpu
2026-09-22T13:32:28,386,2,login,/bin/login -f      ,0.0,0.0587,4.55,0.0,0.0,0.0,0.0,0.0,1,sleeping,cpu
2026-09-22T13:32:28,429,1,systemd,/usr/lib/systemd/systemd --user,0.0,0.145,11.24,0.0,0.0,0.0,0.0,0.0,1,sleeping,cpu
2026-09-22T13:32:28,430,429,(sd-pam),(sd-pam),0.0,0.0451,3.49,0.0,0.0,0.0,0.0,0.0,1,sleeping,cpu
2026-09-22T13:32:28,452,386,bash,-bash,0.0,0.0643,4.98,0.0,0.0,0.0,0.0,0.0,1,sleeping,cpu
2026-09-22T13:32:28,486,2,SessionLeader,/init,0.0,0.0142,1.1,0.0,0.0,0.0,0.0,0.0,1,sleeping,cpu
2026-09-22T13:32:28,487,486,Relay(488),/init,0.0,0.0159,1.23,0.0,0.0,0.0,0.0,0.0,1,sleeping,cpu
2026-09-22T13:32:28,488,487,bash,-bash,0.0,0.0666,5.16,0.0,0.0,0.0,0.0,0.0,1,sleeping,cpu
2026-09-22T13:32:28,696,2,SessionLeader,/init,0.0,0.0143,1.11,0.0,0.0,0.0,0.0,0.0,1,sleeping,cpu
2026-09-22T13:32:28,697,696,Relay(698),/init,0.0,0.0152,1.18,0.0,0.0,0.0,0.0,0.0,1,sleeping,cpu
2026-09-22T13:32:28,698,697,sh,"sh -c ""$VSCODE_WSL_EXT_LOCATION/scripts/wslServer.sh"" 7debcd0e2acdea1c52de81bf9ee1620444407dda stable code-server .vscode-server --host=127.0.0.1 --port=0 --connection-token=826864117-4248089396-2109865724-2149592531 --use-host-proxy --without-browser-env-var --disable-websocket-compression --accept-server-license-terms --telemetry-level=all",0.0,0.024,1.86,0.0,0.0,0.0,0.0,0.0,1,sleeping,cpu
2026-09-22T13:32:28,699,698,sh,sh /mnt/c/Users/Rohan/.vscode/extensions/ms-vscode-remote.remote-wsl-0.104.3/scripts/wslServer.sh 7debcd0e2acdea1c52de81bf9ee1620444407dda stable code-server .vscode-server --host=127.0.0.1 --port=0 --connection-token=826864117-4248089396-2109865724-2149592531 --use-host-proxy --without-browser-env-var --disable-websocket-compression --accept-server-license-terms --telemetry-level=all,0.0,0.0251,1.95,0.0,0.0,0.0,0.0,0.0,1,sleeping,cpu
2026-09-22T13:32:28,705,699,sh,sh /home/rohan/.vscode-server/bin/7debcd0e2acdea1c52de81bf9ee1620444407dda/bin/code-server --host=127.0.0.1 --port=0 --connection-token=826864117-4248089396-2109865724-2149592531 --use-host-proxy --without-browser-env-var --disable-websocket-compression --accept-server-license-terms --telemetry-level=all,0.0,0.025,1.93,0.0,0.0,0.0,0.0,0.0,1,sleeping,cpu
2026-09-22T13:32:28,709,705,MainThread,/home/rohan/.vscode-server/bin/7debcd0e2acdea1c52de81bf9ee1620444407dda/node /home/rohan/.vscode-server/bin/7debcd0e2acdea1c52de81bf9ee1620444407dda/out/server-main.js --host=127.0.0.1 --port=0 --connection-token=826864117-4248089396-2109865724-2149592531 --use-host-proxy --without-browser-env-var --disable-websocket-compression --accept-server-license-terms --telemetry-level=all,0.0,2.2863,177.16,0.0,0.0,4.48,0.0,0.0,11,sleeping,cpu
2026-09-22T13:32:28,721,2,SessionLeader,/init,0.0,0.0143,1.11,0.0,0.0,0.0,0.0,0.0,1,sleeping,cpu
2026-09-22T13:32:28,722,721,Relay(723),/init,0.0,0.0152,1.18,0.0,0.0,0.5,0.0,0.0,1,sleeping,cpu
2026-09-22T13:32:28,723,722,MainThread,"/home/rohan/.vscode-server/bin/7debcd0e2acdea1c52de81bf9ee1620444407dda/node -e const net = require('net'); process.stdin.pause(); const client = net.createConnection({ host: '127.0.0.1', port: 44115 }, () => { client.pipe(process.stdout); process.stdin.pipe(client); }); client.on('close', function (hadError) { console.error(hadError ? 'Remote close with error' : 'Remote close'); process.exit(hadError ? 1 : 0); }); client.on('error', function (err) { process.stderr.write(err && (err.stack || err.message) || String(err)); });",0.0,0.8724,67.6,0.0,0.0,0.5,0.0,0.0,7,sleeping,cpu
2026-09-22T13:32:28,730,2,SessionLeader,/init,0.0,0.0143,1.11,0.0,0.0,0.0,0.0,0.0,1,sleeping,cpu
2026-09-22T13:32:28,731,730,Relay(732),/init,0.0,0.0152,1.18,0.0,0.0,1.0,0.0,0.0,1,sleeping,cpu
2026-09-22T13:32:28,732,731,MainThread,"/home/rohan/.vscode-server/bin/7debcd0e2acdea1c52de81bf9ee1620444407dda/node -e const net = require('net'); process.stdin.pause(); const client = net.createConnection({ host: '127.0.0.1', port: 44115 }, () => { client.pipe(process.stdout); process.stdin.pipe(client); }); client.on('close', function (hadError) { console.error(hadError ? 'Remote close with error' : 'Remote close'); process.exit(hadError ? 1 : 0); }); client.on('error', function (err) { process.stderr.write(err && (err.stack || err.message) || String(err)); });",0.0,0.7746,60.02,0.0,0.0,1.0,0.0,0.0,7,sleeping,cpu
2026-09-22T13:32:28,743,709,MainThread,/home/rohan/.vscode-server/bin/7debcd0e2acdea1c52de81bf9ee1620444407dda/node /home/rohan/.vscode-server/bin/7debcd0e2acdea1c52de81bf9ee1620444407dda/out/bootstrap-fork --type=fileWatcher,0.0,0.8757,67.86,0.0,0.0,1.99,0.0,0.0,13,sleeping,cpu
2026-09-22T13:32:28,769,709,MainThread,/home/rohan/.vscode-server/bin/7debcd0e2acdea1c52de81bf9ee1620444407dda/node /home/rohan/.vscode-server/bin/7debcd0e2acdea1c52de81bf9ee1620444407dda/out/bootstrap-fork --type=agentHost --logsPath /home/rohan/.vscode-server/data/logs/20260922T120228 --user-data-dir /home/rohan/.vscode-server/data --telemetry-level all,0.0,1.7774,137.72,0.0,0.0,0.5,0.0,0.0,11,sleeping,cpu
2026-09-22T13:32:28,770,709,MainThread,/home/rohan/.vscode-server/bin/7debcd0e2acdea1c52de81bf9ee1620444407dda/node --dns-result-order=ipv4first /home/rohan/.vscode-server/bin/7debcd0e2acdea1c52de81bf9ee1620444407dda/out/bootstrap-fork --type=extensionHost --transformURIs --useHostProxy=true,1.0,6.7952,526.54,0.0,0.0,189.86,343.34,0.0,32,sleeping,cpu
2026-09-22T13:32:28,811,769,MainThread,/home/rohan/.vscode-server/bin/7debcd0e2acdea1c52de81bf9ee1620444407dda/node /home/rohan/.vscode-server/bin/7debcd0e2acdea1c52de81bf9ee1620444407dda/node_modules/@github/copilot-linux-x64/index.js --headless --no-auto-update --log-level info --stdio --no-auto-login,0.0,3.3565,260.08,0.0,0.0,0.0,0.0,0.0,44,sleeping,cpu
2026-09-22T13:32:28,812,770,MainThread,/home/rohan/.vscode-server/bin/7debcd0e2acdea1c52de81bf9ee1620444407dda/node /home/rohan/.vscode-server/bin/7debcd0e2acdea1c52de81bf9ee1620444407dda/extensions/markdown-language-features/dist/serverWorkerMain --node-ipc --clientProcessId=770,0.0,0.994,77.02,0.0,0.0,0.0,0.0,0.0,7,sleeping,cpu
2026-09-22T13:32:28,833,709,MainThread,/home/rohan/.vscode-server/bin/7debcd0e2acdea1c52de81bf9ee1620444407dda/node /home/rohan/.vscode-server/bin/7debcd0e2acdea1c52de81bf9ee1620444407dda/out/bootstrap-fork --type=ptyHost --logsPath /home/rohan/.vscode-server/data/logs/20260922T120228,0.0,0.9761,75.63,0.0,0.0,5.98,0.0,0.0,13,sleeping,cpu
2026-09-22T13:32:28,964,833,bash,/bin/bash --init-file /home/rohan/.vscode-server/bin/7debcd0e2acdea1c52de81bf9ee1620444407dda/out/vs/workbench/contrib/terminal/common/scripts/shellIntegration-bash.sh,0.0,0.0674,5.22,0.0,0.0,0.0,0.0,0.0,1,sleeping,cpu
2026-09-22T13:32:28,1424,2,SessionLeader,/init,0.0,0.0142,1.1,0.0,0.0,0.0,0.0,0.0,1,sleeping,cpu
2026-09-22T13:32:28,1425,1424,Relay(1426),/init,0.0,0.0143,1.11,0.0,0.0,0.0,0.0,0.0,1,sleeping,cpu
2026-09-22T13:32:28,1426,1425,bash,-bash,0.0,0.0665,5.15,0.0,0.0,0.0,0.0,0.0,1,sleeping,cpu
2026-09-22T13:32:28,4147,770,pet,/home/rohan/.vscode-server/extensions/ms-python.vscode-python-envs-1.37.2026092101-linux-x64/python-env-tools/bin/pet server,0.0,0.0749,5.8,0.0,0.0,0.0,0.0,0.0,21,sleeping,cpu
2026-09-22T13:32:28,4156,833,bash,/bin/bash --init-file /home/rohan/.vscode-server/bin/7debcd0e2acdea1c52de81bf9ee1620444407dda/out/vs/workbench/contrib/terminal/common/scripts/shellIntegration-bash.sh,0.0,0.0664,5.15,0.0,0.0,0.0,0.0,0.0,1,sleeping,cpu
2026-09-22T13:32:28,4295,770,MainThread,/home/rohan/.vscode-server/bin/7debcd0e2acdea1c52de81bf9ee1620444407dda/node /home/rohan/.vscode-server/extensions/ms-python.vscode-pylance-2026.3.105/dist/server.bundle.js --cancellationReceive=file:2bc56d7a41ee8749874d0000b75c5745f8ddf88b1a --node-ipc --clientProcessId=770,0.0,8.4531,655.0,0.0,0.0,0.5,0.0,0.0,9,sleeping,cpu
2026-09-22T13:32:28,5890,2,SessionLeader,/init,0.0,0.0142,1.1,0.0,0.0,0.0,0.0,0.0,1,sleeping,cpu
2026-09-22T13:32:28,5891,5890,Relay(5896),/init,0.0,0.0143,1.11,0.0,0.0,0.5,0.0,0.0,1,sleeping,cpu
2026-09-22T13:32:28,5896,5891,bash,-bash,0.0,0.0669,5.18,0.0,0.0,0.0,0.0,0.0,1,sleeping,cpu
2026-09-22T13:32:28,6172,2,SessionLeader,/init,0.0,0.0142,1.1,0.0,0.0,0.0,0.0,0.0,1,sleeping,cpu
2026-09-22T13:32:28,6173,6172,Relay(6174),/init,0.0,0.0143,1.11,0.0,0.0,0.0,0.0,0.0,1,sleeping,cpu
2026-09-22T13:32:28,6174,6173,bash,-bash,0.0,0.0666,5.16,0.0,0.0,0.0,0.0,0.0,1,sleeping,cpu
2026-09-22T13:32:28,6941,2,SessionLeader,/init,0.0,0.0142,1.1,0.0,0.0,0.0,0.0,0.0,1,sleeping,cpu
2026-09-22T13:32:28,6943,6941,Relay(6945),/init,0.0,0.0143,1.11,0.0,0.0,0.0,0.0,0.0,1,sleeping,cpu
2026-09-22T13:32:28,6945,6943,bash,-bash,0.0,0.0659,5.11,0.0,0.0,0.0,0.0,0.0,1,sleeping,cpu
2026-09-22T13:32:28,8650,2,SessionLeader,/init,0.0,0.0142,1.1,0.0,0.0,0.0,0.0,0.0,1,sleeping,cpu
2026-09-22T13:32:28,8652,8650,Relay(8654),/init,0.0,0.0143,1.11,0.0,0.0,0.0,0.0,0.0,1,sleeping,cpu
2026-09-22T13:32:28,8654,8652,bash,-bash,0.0,0.0688,5.33,0.0,0.0,0.0,0.0,0.0,1,sleeping,cpu
2026-09-22T13:32:28,8853,2,SessionLeader,/init,0.0,0.0142,1.1,0.0,0.0,0.0,0.0,0.0,1,sleeping,cpu
2026-09-22T13:32:28,8854,8853,Relay(8858),/init,0.0,0.0143,1.11,0.0,0.0,0.0,0.0,0.0,1,sleeping,cpu
2026-09-22T13:32:28,8858,8854,bash,-bash,0.0,0.0681,5.27,0.0,0.0,0.0,0.0,0.0,1,sleeping,cpu
2026-09-22T13:32:28,15760,2,SessionLeader,/init,0.0,0.0142,1.1,0.0,0.0,0.0,0.0,0.0,1,sleeping,cpu
2026-09-22T13:32:28,15762,15760,Relay(15767),/init,0.0,0.0143,1.11,0.0,0.0,0.0,0.0,0.0,1,sleeping,cpu
2026-09-22T13:32:28,15767,15762,bash,-bash,0.0,0.0696,5.39,0.0,0.0,0.0,0.0,0.0,1,sleeping,cpu
2026-09-22T13:32:28,15903,2,SessionLeader,/init,0.0,0.0142,1.1,0.0,0.0,0.0,0.0,0.0,1,sleeping,cpu
2026-09-22T13:32:28,15904,15903,Relay(15909),/init,0.0,0.0143,1.11,0.0,0.0,0.0,0.0,0.0,1,sleeping,cpu
2026-09-22T13:32:28,15909,15904,bash,-bash,0.0,0.0699,5.42,0.0,0.0,0.0,0.0,0.0,1,sleeping,cpu
2026-09-22T13:32:28,16472,1426,top,top,0.0,0.0719,5.57,0.0,0.0,0.0,0.0,0.0,1,sleeping,cpu
2026-09-22T13:32:28,20473,6174,python,python workloads/cpu/cpu_workload.py,99.7,0.1181,9.15,0.0,0.0,3.99,0.0,0.0,1,running,cpu
2026-09-22T13:32:28,20518,1,wsl-pro-service,/usr/libexec/wsl-pro-service,0.0,0.1749,13.55,0.0,0.0,0.0,0.0,0.0,8,sleeping,cpu
2026-09-22T13:32:30,1,0,systemd,/sbin/init,0.0,0.1667,12.91,0.0,0.0,0.0,0.0,0.0,1,sleeping,cpu
2026-09-22T13:32:30,2,1,init-systemd(Ub,/init,0.0,0.0279,2.16,0.0,0.0,0.0,0.0,0.0,2,sleeping,cpu
2026-09-22T13:32:30,7,2,init,plan9 --control-socket 7 --log-level 4 --server-fd 8 --pipe-fd 10 --log-truncate,0.0,0.0268,2.08,0.0,0.0,0.0,0.0,0.0,2,sleeping,cpu
2026-09-22T13:32:30,43,1,systemd-journald,/usr/lib/systemd/systemd-journald,0.0,0.2005,15.54,0.0,0.0,1.0,0.0,0.0,1,sleeping,cpu
2026-09-22T13:32:30,98,1,systemd-udevd,/usr/lib/systemd/systemd-udevd,0.0,0.0799,6.19,0.0,0.0,1.99,45.35,0.0,1,sleeping,cpu
2026-09-22T13:32:30,177,1,systemd-resolved,/usr/lib/systemd/systemd-resolved,0.0,0.1656,12.83,0.0,0.0,0.0,0.0,0.0,1,sleeping,cpu
2026-09-22T13:32:30,178,1,systemd-timesyncd,/usr/lib/systemd/systemd-timesyncd,0.0,0.1002,7.77,0.0,0.0,0.0,0.0,0.0,2,sleeping,cpu
2026-09-22T13:32:30,188,1,cron,/usr/sbin/cron -f -P,0.0,0.0338,2.62,0.0,0.0,0.0,0.0,0.0,1,sleeping,cpu
2026-09-22T13:32:30,189,1,dbus-daemon,@dbus-daemon --system --address=systemd: --nofork --nopidfile --systemd-activation --syslog-only,0.0,0.0669,5.18,0.0,0.0,0.0,0.0,0.0,1,sleeping,cpu
2026-09-22T13:32:30,203,1,systemd-logind,/usr/lib/systemd/systemd-logind,0.0,0.1112,8.62,0.0,0.0,0.0,0.0,0.0,1,sleeping,cpu
2026-09-22T13:32:30,217,1,agetty,/sbin/agetty -o -p -- \u --noclear - linux,0.0,0.0249,1.93,0.0,0.0,0.0,0.0,0.0,1,sleeping,cpu
2026-09-22T13:32:30,223,1,rsyslogd,/usr/sbin/rsyslogd -n -iNONE,0.0,0.0758,5.87,0.0,0.0,0.0,0.0,0.0,4,sleeping,cpu
2026-09-22T13:32:30,236,1,unattended-upgr,/usr/bin/python3 /usr/share/unattended-upgrades/unattended-upgrade-shutdown --wait-for-signal,0.0,0.2778,21.53,0.0,0.0,0.0,0.0,0.0,2,sleeping,cpu
2026-09-22T13:32:30,256,1,apache2,/usr/sbin/apache2 -k start,0.0,0.0634,4.91,0.0,0.0,1.0,0.0,0.0,1,sleeping,cpu
2026-09-22T13:32:30,257,256,apache2,/usr/sbin/apache2 -k start,0.0,0.0734,5.69,0.0,0.0,0.0,0.0,0.0,27,sleeping,cpu
2026-09-22T13:32:30,259,256,apache2,/usr/sbin/apache2 -k start,0.0,0.0734,5.69,0.0,0.0,0.0,0.0,0.0,27,sleeping,cpu
2026-09-22T13:32:30,386,2,login,/bin/login -f      ,0.0,0.0587,4.55,0.0,0.0,0.0,0.0,0.0,1,sleeping,cpu
2026-09-22T13:32:30,429,1,systemd,/usr/lib/systemd/systemd --user,0.0,0.145,11.24,0.0,0.0,0.0,0.0,0.0,1,sleeping,cpu
2026-09-22T13:32:30,430,429,(sd-pam),(sd-pam),0.0,0.0451,3.49,0.0,0.0,0.0,0.0,0.0,1,sleeping,cpu
2026-09-22T13:32:30,452,386,bash,-bash,0.0,0.0643,4.98,0.0,0.0,0.0,0.0,0.0,1,sleeping,cpu
2026-09-22T13:32:30,486,2,SessionLeader,/init,0.0,0.0142,1.1,0.0,0.0,0.0,0.0,0.0,1,sleeping,cpu
2026-09-22T13:32:30,487,486,Relay(488),/init,0.0,0.0159,1.23,0.0,0.0,0.0,0.0,0.0,1,sleeping,cpu
2026-09-22T13:32:30,488,487,bash,-bash,0.0,0.0666,5.16,0.0,0.0,0.0,0.0,0.0,1,sleeping,cpu
2026-09-22T13:32:30,696,2,SessionLeader,/init,0.0,0.0143,1.11,0.0,0.0,0.0,0.0,0.0,1,sleeping,cpu
2026-09-22T13:32:30,697,696,Relay(698),/init,0.0,0.0152,1.18,0.0,0.0,0.0,0.0,0.0,1,sleeping,cpu
2026-09-22T13:32:30,698,697,sh,"sh -c ""$VSCODE_WSL_EXT_LOCATION/scripts/wslServer.sh"" 7debcd0e2acdea1c52de81bf9ee1620444407dda stable code-server .vscode-server --host=127.0.0.1 --port=0 --connection-token=826864117-4248089396-2109865724-2149592531 --use-host-proxy --without-browser-env-var --disable-websocket-compression --accept-server-license-terms --telemetry-level=all",0.0,0.024,1.86,0.0,0.0,0.0,0.0,0.0,1,sleeping,cpu
2026-09-22T13:32:30,699,698,sh,sh /mnt/c/Users/Rohan/.vscode/extensions/ms-vscode-remote.remote-wsl-0.104.3/scripts/wslServer.sh 7debcd0e2acdea1c52de81bf9ee1620444407dda stable code-server .vscode-server --host=127.0.0.1 --port=0 --connection-token=826864117-4248089396-2109865724-2149592531 --use-host-proxy --without-browser-env-var --disable-websocket-compression --accept-server-license-terms --telemetry-level=all,0.0,0.0251,1.95,0.0,0.0,0.0,0.0,0.0,1,sleeping,cpu
2026-09-22T13:32:30,705,699,sh,sh /home/rohan/.vscode-server/bin/7debcd0e2acdea1c52de81bf9ee1620444407dda/bin/code-server --host=127.0.0.1 --port=0 --connection-token=826864117-4248089396-2109865724-2149592531 --use-host-proxy --without-browser-env-var --disable-websocket-compression --accept-server-license-terms --telemetry-level=all,0.0,0.025,1.93,0.0,0.0,0.0,0.0,0.0,1,sleeping,cpu
2026-09-22T13:32:30,709,705,MainThread,/home/rohan/.vscode-server/bin/7debcd0e2acdea1c52de81bf9ee1620444407dda/node /home/rohan/.vscode-server/bin/7debcd0e2acdea1c52de81bf9ee1620444407dda/out/server-main.js --host=127.0.0.1 --port=0 --connection-token=826864117-4248089396-2109865724-2149592531 --use-host-proxy --without-browser-env-var --disable-websocket-compression --accept-server-license-terms --telemetry-level=all,0.0,2.2863,177.16,0.0,0.0,6.48,0.0,0.0,11,sleeping,cpu
2026-09-22T13:32:30,721,2,SessionLeader,/init,0.0,0.0143,1.11,0.0,0.0,0.0,0.0,0.0,1,sleeping,cpu
2026-09-22T13:32:30,722,721,Relay(723),/init,0.0,0.0152,1.18,0.0,0.0,1.99,0.0,0.0,1,sleeping,cpu
2026-09-22T13:32:30,723,722,MainThread,"/home/rohan/.vscode-server/bin/7debcd0e2acdea1c52de81bf9ee1620444407dda/node -e const net = require('net'); process.stdin.pause(); const client = net.createConnection({ host: '127.0.0.1', port: 44115 }, () => { client.pipe(process.stdout); process.stdin.pipe(client); }); client.on('close', function (hadError) { console.error(hadError ? 'Remote close with error' : 'Remote close'); process.exit(hadError ? 1 : 0); }); client.on('error', function (err) { process.stderr.write(err && (err.stack || err.message) || String(err)); });",0.0,0.8724,67.6,0.0,0.0,1.99,0.0,0.0,7,sleeping,cpu
2026-09-22T13:32:30,730,2,SessionLeader,/init,0.0,0.0143,1.11,0.0,0.0,0.0,0.0,0.0,1,sleeping,cpu
2026-09-22T13:32:30,731,730,Relay(732),/init,0.0,0.0152,1.18,0.0,0.0,1.0,0.0,0.0,1,sleeping,cpu
2026-09-22T13:32:30,732,731,MainThread,"/home/rohan/.vscode-server/bin/7debcd0e2acdea1c52de81bf9ee1620444407dda/node -e const net = require('net'); process.stdin.pause(); const client = net.createConnection({ host: '127.0.0.1', port: 44115 }, () => { client.pipe(process.stdout); process.stdin.pipe(client); }); client.on('close', function (hadError) { console.error(hadError ? 'Remote close with error' : 'Remote close'); process.exit(hadError ? 1 : 0); }); client.on('error', function (err) { process.stderr.write(err && (err.stack || err.message) || String(err)); });",0.0,0.7746,60.02,0.0,0.0,1.0,0.0,0.0,7,sleeping,cpu
2026-09-22T13:32:30,743,709,MainThread,/home/rohan/.vscode-server/bin/7debcd0e2acdea1c52de81bf9ee1620444407dda/node /home/rohan/.vscode-server/bin/7debcd0e2acdea1c52de81bf9ee1620444407dda/out/bootstrap-fork --type=fileWatcher,0.0,0.8757,67.86,0.0,0.0,2.99,0.0,0.0,13,sleeping,cpu
2026-09-22T13:32:30,769,709,MainThread,/home/rohan/.vscode-server/bin/7debcd0e2acdea1c52de81bf9ee1620444407dda/node /home/rohan/.vscode-server/bin/7debcd0e2acdea1c52de81bf9ee1620444407dda/out/bootstrap-fork --type=agentHost --logsPath /home/rohan/.vscode-server/data/logs/20260922T120228 --user-data-dir /home/rohan/.vscode-server/data --telemetry-level all,0.0,1.7774,137.72,0.0,2041.1,3.49,0.0,0.0,11,sleeping,cpu
2026-09-22T13:32:30,770,709,MainThread,/home/rohan/.vscode-server/bin/7debcd0e2acdea1c52de81bf9ee1620444407dda/node --dns-result-order=ipv4first /home/rohan/.vscode-server/bin/7debcd0e2acdea1c52de81bf9ee1620444407dda/out/bootstrap-fork --type=extensionHost --transformURIs --useHostProxy=true,1.0,6.7952,526.54,0.0,0.0,193.35,276.56,0.0,32,sleeping,cpu
2026-09-22T13:32:30,811,769,MainThread,/home/rohan/.vscode-server/bin/7debcd0e2acdea1c52de81bf9ee1620444407dda/node /home/rohan/.vscode-server/bin/7debcd0e2acdea1c52de81bf9ee1620444407dda/node_modules/@github/copilot-linux-x64/index.js --headless --no-auto-update --log-level info --stdio --no-auto-login,0.0,3.3565,260.08,0.0,0.0,0.0,0.0,0.0,44,sleeping,cpu
2026-09-22T13:32:30,812,770,MainThread,/home/rohan/.vscode-server/bin/7debcd0e2acdea1c52de81bf9ee1620444407dda/node /home/rohan/.vscode-server/bin/7debcd0e2acdea1c52de81bf9ee1620444407dda/extensions/markdown-language-features/dist/serverWorkerMain --node-ipc --clientProcessId=770,0.0,0.994,77.02,0.0,0.0,1.0,0.0,0.0,7,sleeping,cpu
2026-09-22T13:32:30,833,709,MainThread,/home/rohan/.vscode-server/bin/7debcd0e2acdea1c52de81bf9ee1620444407dda/node /home/rohan/.vscode-server/bin/7debcd0e2acdea1c52de81bf9ee1620444407dda/out/bootstrap-fork --type=ptyHost --logsPath /home/rohan/.vscode-server/data/logs/20260922T120228,0.0,0.9761,75.63,0.0,0.0,5.48,0.0,0.0,13,sleeping,cpu
2026-09-22T13:32:30,964,833,bash,/bin/bash --init-file /home/rohan/.vscode-server/bin/7debcd0e2acdea1c52de81bf9ee1620444407dda/out/vs/workbench/contrib/terminal/common/scripts/shellIntegration-bash.sh,0.0,0.0674,5.22,0.0,0.0,0.0,0.0,0.0,1,sleeping,cpu
2026-09-22T13:32:30,1424,2,SessionLeader,/init,0.0,0.0142,1.1,0.0,0.0,0.0,0.0,0.0,1,sleeping,cpu
2026-09-22T13:32:30,1425,1424,Relay(1426),/init,0.0,0.0143,1.11,0.0,0.0,0.5,0.0,0.0,1,sleeping,cpu
2026-09-22T13:32:30,1426,1425,bash,-bash,0.0,0.0665,5.15,0.0,0.0,0.0,0.0,0.0,1,sleeping,cpu
2026-09-22T13:32:30,4147,770,pet,/home/rohan/.vscode-server/extensions/ms-python.vscode-python-envs-1.37.2026092101-linux-x64/python-env-tools/bin/pet server,0.0,0.0749,5.8,0.0,0.0,0.0,0.0,0.0,21,sleeping,cpu
2026-09-22T13:32:30,4156,833,bash,/bin/bash --init-file /home/rohan/.vscode-server/bin/7debcd0e2acdea1c52de81bf9ee1620444407dda/out/vs/workbench/contrib/terminal/common/scripts/shellIntegration-bash.sh,0.0,0.0664,5.15,0.0,0.0,0.0,0.0,0.0,1,sleeping,cpu
2026-09-22T13:32:30,4295,770,MainThread,/home/rohan/.vscode-server/bin/7debcd0e2acdea1c52de81bf9ee1620444407dda/node /home/rohan/.vscode-server/extensions/ms-python.vscode-pylance-2026.3.105/dist/server.bundle.js --cancellationReceive=file:2bc56d7a41ee8749874d0000b75c5745f8ddf88b1a --node-ipc --clientProcessId=770,0.0,8.4531,655.0,0.0,0.0,1.0,0.0,0.0,9,sleeping,cpu
2026-09-22T13:32:30,5890,2,SessionLeader,/init,0.0,0.0142,1.1,0.0,0.0,0.0,0.0,0.0,1,sleeping,cpu
2026-09-22T13:32:30,5891,5890,Relay(5896),/init,0.0,0.0143,1.11,0.0,0.0,0.5,0.0,0.0,1,sleeping,cpu
2026-09-22T13:32:30,5896,5891,bash,-bash,0.0,0.0669,5.18,0.0,0.0,0.0,0.0,0.0,1,sleeping,cpu
2026-09-22T13:32:30,6172,2,SessionLeader,/init,0.0,0.0142,1.1,0.0,0.0,0.0,0.0,0.0,1,sleeping,cpu
2026-09-22T13:32:30,6173,6172,Relay(6174),/init,0.0,0.0143,1.11,0.0,0.0,0.0,0.0,0.0,1,sleeping,cpu
2026-09-22T13:32:30,6174,6173,bash,-bash,0.0,0.0666,5.16,0.0,0.0,0.0,0.0,0.0,1,sleeping,cpu
2026-09-22T13:32:30,6941,2,SessionLeader,/init,0.0,0.0142,1.1,0.0,0.0,0.0,0.0,0.0,1,sleeping,cpu
2026-09-22T13:32:30,6943,6941,Relay(6945),/init,0.0,0.0143,1.11,0.0,0.0,0.0,0.0,0.0,1,sleeping,cpu
2026-09-22T13:32:30,6945,6943,bash,-bash,0.0,0.0659,5.11,0.0,0.0,0.0,0.0,0.0,1,sleeping,cpu
2026-09-22T13:32:30,8650,2,SessionLeader,/init,0.0,0.0142,1.1,0.0,0.0,0.0,0.0,0.0,1,sleeping,cpu
2026-09-22T13:32:30,8652,8650,Relay(8654),/init,0.0,0.0143,1.11,0.0,0.0,0.0,0.0,0.0,1,sleeping,cpu
2026-09-22T13:32:30,8654,8652,bash,-bash,0.0,0.0688,5.33,0.0,0.0,0.0,0.0,0.0,1,sleeping,cpu
2026-09-22T13:32:30,8853,2,SessionLeader,/init,0.0,0.0142,1.1,0.0,0.0,0.0,0.0,0.0,1,sleeping,cpu
2026-09-22T13:32:30,8854,8853,Relay(8858),/init,0.0,0.0143,1.11,0.0,0.0,0.0,0.0,0.0,1,sleeping,cpu
2026-09-22T13:32:30,8858,8854,bash,-bash,0.0,0.0681,5.27,0.0,0.0,0.0,0.0,0.0,1,sleeping,cpu
2026-09-22T13:32:30,15760,2,SessionLeader,/init,0.0,0.0142,1.1,0.0,0.0,0.0,0.0,0.0,1,sleeping,cpu
2026-09-22T13:32:30,15762,15760,Relay(15767),/init,0.0,0.0143,1.11,0.0,0.0,0.0,0.0,0.0,1,sleeping,cpu
2026-09-22T13:32:30,15767,15762,bash,-bash,0.0,0.0696,5.39,0.0,0.0,0.0,0.0,0.0,1,sleeping,cpu
2026-09-22T13:32:30,15903,2,SessionLeader,/init,0.0,0.0142,1.1,0.0,0.0,0.0,0.0,0.0,1,sleeping,cpu
2026-09-22T13:32:30,15904,15903,Relay(15909),/init,0.0,0.0143,1.11,0.0,0.0,0.0,0.0,0.0,1,sleeping,cpu
2026-09-22T13:32:30,15909,15904,bash,-bash,0.0,0.0699,5.42,0.0,0.0,0.0,0.0,0.0,1,sleeping,cpu
2026-09-22T13:32:30,16472,1426,top,top,0.0,0.0719,5.57,0.0,0.0,0.5,0.0,0.0,1,sleeping,cpu
2026-09-22T13:32:30,20473,6174,python,python workloads/cpu/cpu_workload.py,100.2,0.1181,9.15,0.0,0.0,3.49,0.0,0.0,1,running,cpu
2026-09-22T13:32:30,20518,1,wsl-pro-service,/usr/libexec/wsl-pro-service,0.0,0.1749,13.55,0.0,0.0,0.0,0.0,0.0,8,sleeping,cpu
2026-09-22T13:32:30,20561,98,(udev-worker),(udev-worker),0.0,0.0492,3.81,0,0,0,0,0,1,sleeping,cpu
2026-09-22T13:32:30,20562,98,(udev-worker),(udev-worker),0.0,0.0468,3.62,0,0,0,0,0,1,sleeping,cpu
2026-09-22T13:32:21,1,0,systemd,/sbin/init,0.0,0.1667,12.91,0,0,0,0,0,1,sleeping,cpu
2026-09-22T13:32:21,2,1,init-systemd(Ub,/init,0.0,0.0279,2.16,0,0,0,0,0,2,sleeping,cpu
2026-09-22T13:32:21,7,2,init,plan9 --control-socket 7 --log-level 4 --server-fd 8 --pipe-fd 10 --log-truncate,0.0,0.0268,2.08,0,0,0,0,0,2,sleeping,cpu
2026-09-22T13:32:21,43,1,systemd-journald,/usr/lib/systemd/systemd-journald,0.5,0.2003,15.52,0,0,0,0,0,1,sleeping,cpu
2026-09-22T13:32:21,98,1,systemd-udevd,/usr/lib/systemd/systemd-udevd,0.0,0.0799,6.19,0,0,0,0,0,1,sleeping,cpu
2026-09-22T13:32:21,177,1,systemd-resolved,/usr/lib/systemd/systemd-resolved,0.0,0.1656,12.83,0,0,0,0,0,1,sleeping,cpu
2026-09-22T13:32:21,178,1,systemd-timesyncd,/usr/lib/systemd/systemd-timesyncd,0.0,0.1002,7.77,0,0,0,0,0,2,sleeping,cpu
2026-09-22T13:32:21,188,1,cron,/usr/sbin/cron -f -P,0.0,0.0338,2.62,0,0,0,0,0,1,sleeping,cpu
2026-09-22T13:32:21,189,1,dbus-daemon,@dbus-daemon --system --address=systemd: --nofork --nopidfile --systemd-activation --syslog-only,0.0,0.0669,5.18,0,0,0,0,0,1,sleeping,cpu
2026-09-22T13:32:21,203,1,systemd-logind,/usr/lib/systemd/systemd-logind,0.0,0.1112,8.62,0,0,0,0,0,1,sleeping,cpu
2026-09-22T13:32:21,217,1,agetty,/sbin/agetty -o -p -- \u --noclear - linux,0.0,0.0249,1.93,0,0,0,0,0,1,sleeping,cpu
2026-09-22T13:32:21,223,1,rsyslogd,/usr/sbin/rsyslogd -n -iNONE,0.0,0.0758,5.87,0,0,0,0,0,4,sleeping,cpu
2026-09-22T13:32:21,236,1,unattended-upgr,/usr/bin/python3 /usr/share/unattended-upgrades/unattended-upgrade-shutdown --wait-for-signal,0.0,0.2778,21.53,0,0,0,0,0,2,sleeping,cpu
2026-09-22T13:32:21,256,1,apache2,/usr/sbin/apache2 -k start,0.0,0.0634,4.91,0,0,0,0,0,1,sleeping,cpu
2026-09-22T13:32:21,257,256,apache2,/usr/sbin/apache2 -k start,0.0,0.0734,5.69,0,0,0,0,0,27,sleeping,cpu
2026-09-22T13:32:21,259,256,apache2,/usr/sbin/apache2 -k start,0.0,0.0734,5.69,0,0,0,0,0,27,sleeping,cpu
2026-09-22T13:32:21,386,2,login,/bin/login -f      ,0.0,0.0587,4.55,0,0,0,0,0,1,sleeping,cpu
2026-09-22T13:32:21,429,1,systemd,/usr/lib/systemd/systemd --user,0.0,0.145,11.24,0,0,0,0,0,1,sleeping,cpu
2026-09-22T13:32:21,430,429,(sd-pam),(sd-pam),0.0,0.0451,3.49,0,0,0,0,0,1,sleeping,cpu
2026-09-22T13:32:21,452,386,bash,-bash,0.0,0.0643,4.98,0,0,0,0,0,1,sleeping,cpu
2026-09-22T13:32:21,486,2,SessionLeader,/init,0.0,0.0142,1.1,0,0,0,0,0,1,sleeping,cpu
2026-09-22T13:32:21,487,486,Relay(488),/init,0.0,0.0159,1.23,0,0,0,0,0,1,sleeping,cpu
2026-09-22T13:32:21,488,487,bash,-bash,0.0,0.0666,5.16,0,0,0,0,0,1,sleeping,cpu
2026-09-22T13:32:21,696,2,SessionLeader,/init,0.0,0.0143,1.11,0,0,0,0,0,1,sleeping,cpu
2026-09-22T13:32:21,697,696,Relay(698),/init,0.0,0.0152,1.18,0,0,0,0,0,1,sleeping,cpu
2026-09-22T13:32:21,698,697,sh,"sh -c ""$VSCODE_WSL_EXT_LOCATION/scripts/wslServer.sh"" 7debcd0e2acdea1c52de81bf9ee1620444407dda stable code-server .vscode-server --host=127.0.0.1 --port=0 --connection-token=826864117-4248089396-2109865724-2149592531 --use-host-proxy --without-browser-env-var --disable-websocket-compression --accept-server-license-terms --telemetry-level=all",0.0,0.024,1.86,0,0,0,0,0,1,sleeping,cpu
2026-09-22T13:32:21,699,698,sh,sh /mnt/c/Users/Rohan/.vscode/extensions/ms-vscode-remote.remote-wsl-0.104.3/scripts/wslServer.sh 7debcd0e2acdea1c52de81bf9ee1620444407dda stable code-server .vscode-server --host=127.0.0.1 --port=0 --connection-token=826864117-4248089396-2109865724-2149592531 --use-host-proxy --without-browser-env-var --disable-websocket-compression --accept-server-license-terms --telemetry-level=all,0.0,0.0251,1.95,0,0,0,0,0,1,sleeping,cpu
2026-09-22T13:32:21,705,699,sh,sh /home/rohan/.vscode-server/bin/7debcd0e2acdea1c52de81bf9ee1620444407dda/bin/code-server --host=127.0.0.1 --port=0 --connection-token=826864117-4248089396-2109865724-2149592531 --use-host-proxy --without-browser-env-var --disable-websocket-compression --accept-server-license-terms --telemetry-level=all,0.0,0.025,1.93,0,0,0,0,0,1,sleeping,cpu
2026-09-22T13:32:21,709,705,MainThread,/home/rohan/.vscode-server/bin/7debcd0e2acdea1c52de81bf9ee1620444407dda/node /home/rohan/.vscode-server/bin/7debcd0e2acdea1c52de81bf9ee1620444407dda/out/server-main.js --host=127.0.0.1 --port=0 --connection-token=826864117-4248089396-2109865724-2149592531 --use-host-proxy --without-browser-env-var --disable-websocket-compression --accept-server-license-terms --telemetry-level=all,0.0,2.2863,177.16,0,0,0,0,0,11,sleeping,cpu
2026-09-22T13:32:21,721,2,SessionLeader,/init,0.0,0.0143,1.11,0,0,0,0,0,1,sleeping,cpu
2026-09-22T13:32:21,722,721,Relay(723),/init,0.0,0.0152,1.18,0,0,0,0,0,1,sleeping,cpu
2026-09-22T13:32:21,723,722,MainThread,"/home/rohan/.vscode-server/bin/7debcd0e2acdea1c52de81bf9ee1620444407dda/node -e const net = require('net'); process.stdin.pause(); const client = net.createConnection({ host: '127.0.0.1', port: 44115 }, () => { client.pipe(process.stdout); process.stdin.pipe(client); }); client.on('close', function (hadError) { console.error(hadError ? 'Remote close with error' : 'Remote close'); process.exit(hadError ? 1 : 0); }); client.on('error', function (err) { process.stderr.write(err && (err.stack || err.message) || String(err)); });",0.0,0.8724,67.6,0,0,0,0,0,7,sleeping,cpu
2026-09-22T13:32:21,730,2,SessionLeader,/init,0.0,0.0143,1.11,0,0,0,0,0,1,sleeping,cpu
2026-09-22T13:32:21,731,730,Relay(732),/init,0.0,0.0152,1.18,0,0,0,0,0,1,sleeping,cpu
2026-09-22T13:32:21,732,731,MainThread,"/home/rohan/.vscode-server/bin/7debcd0e2acdea1c52de81bf9ee1620444407dda/node -e const net = require('net'); process.stdin.pause(); const client = net.createConnection({ host: '127.0.0.1', port: 44115 }, () => { client.pipe(process.stdout); process.stdin.pipe(client); }); client.on('close', function (hadError) { console.error(hadError ? 'Remote close with error' : 'Remote close'); process.exit(hadError ? 1 : 0); }); client.on('error', function (err) { process.stderr.write(err && (err.stack || err.message) || String(err)); });",0.0,0.7746,60.02,0,0,0,0,0,7,sleeping,cpu
2026-09-22T13:32:21,743,709,MainThread,/home/rohan/.vscode-server/bin/7debcd0e2acdea1c52de81bf9ee1620444407dda/node /home/rohan/.vscode-server/bin/7debcd0e2acdea1c52de81bf9ee1620444407dda/out/bootstrap-fork --type=fileWatcher,0.0,0.8757,67.86,0,0,0,0,0,13,sleeping,cpu
2026-09-22T13:32:21,769,709,MainThread,/home/rohan/.vscode-server/bin/7debcd0e2acdea1c52de81bf9ee1620444407dda/node /home/rohan/.vscode-server/bin/7debcd0e2acdea1c52de81bf9ee1620444407dda/out/bootstrap-fork --type=agentHost --logsPath /home/rohan/.vscode-server/data/logs/20260922T120228 --user-data-dir /home/rohan/.vscode-server/data --telemetry-level all,0.0,1.7774,137.72,0,0,0,0,0,11,sleeping,cpu
2026-09-22T13:32:21,770,709,MainThread,/home/rohan/.vscode-server/bin/7debcd0e2acdea1c52de81bf9ee1620444407dda/node --dns-result-order=ipv4first /home/rohan/.vscode-server/bin/7debcd0e2acdea1c52de81bf9ee1620444407dda/out/bootstrap-fork --type=extensionHost --transformURIs --useHostProxy=true,1.0,6.7952,526.54,0,0,0,0,0,32,sleeping,cpu
2026-09-22T13:32:21,811,769,MainThread,/home/rohan/.vscode-server/bin/7debcd0e2acdea1c52de81bf9ee1620444407dda/node /home/rohan/.vscode-server/bin/7debcd0e2acdea1c52de81bf9ee1620444407dda/node_modules/@github/copilot-linux-x64/index.js --headless --no-auto-update --log-level info --stdio --no-auto-login,0.0,3.3565,260.08,0,0,0,0,0,44,sleeping,cpu
2026-09-22T13:32:21,812,770,MainThread,/home/rohan/.vscode-server/bin/7debcd0e2acdea1c52de81bf9ee1620444407dda/node /home/rohan/.vscode-server/bin/7debcd0e2acdea1c52de81bf9ee1620444407dda/extensions/markdown-language-features/dist/serverWorkerMain --node-ipc --clientProcessId=770,0.0,0.994,77.02,0,0,0,0,0,7,sleeping,cpu
2026-09-22T13:32:21,833,709,MainThread,/home/rohan/.vscode-server/bin/7debcd0e2acdea1c52de81bf9ee1620444407dda/node /home/rohan/.vscode-server/bin/7debcd0e2acdea1c52de81bf9ee1620444407dda/out/bootstrap-fork --type=ptyHost --logsPath /home/rohan/.vscode-server/data/logs/20260922T120228,0.0,0.9761,75.63,0,0,0,0,0,13,sleeping,cpu
2026-09-22T13:32:21,964,833,bash,/bin/bash --init-file /home/rohan/.vscode-server/bin/7debcd0e2acdea1c52de81bf9ee1620444407dda/out/vs/workbench/contrib/terminal/common/scripts/shellIntegration-bash.sh,0.0,0.0674,5.22,0,0,0,0,0,1,sleeping,cpu
2026-09-22T13:32:21,1424,2,SessionLeader,/init,0.0,0.0142,1.1,0,0,0,0,0,1,sleeping,cpu
2026-09-22T13:32:21,1425,1424,Relay(1426),/init,0.0,0.0143,1.11,0,0,0,0,0,1,sleeping,cpu
2026-09-22T13:32:21,1426,1425,bash,-bash,0.0,0.0665,5.15,0,0,0,0,0,1,sleeping,cpu
2026-09-22T13:32:21,4147,770,pet,/home/rohan/.vscode-server/extensions/ms-python.vscode-python-envs-1.37.2026092101-linux-x64/python-env-tools/bin/pet server,0.0,0.0749,5.8,0,0,0,0,0,21,sleeping,cpu
2026-09-22T13:32:21,4156,833,bash,/bin/bash --init-file /home/rohan/.vscode-server/bin/7debcd0e2acdea1c52de81bf9ee1620444407dda/out/vs/workbench/contrib/terminal/common/scripts/shellIntegration-bash.sh,0.0,0.0664,5.15,0,0,0,0,0,1,sleeping,cpu
2026-09-22T13:32:21,4295,770,MainThread,/home/rohan/.vscode-server/bin/7debcd0e2acdea1c52de81bf9ee1620444407dda/node /home/rohan/.vscode-server/extensions/ms-python.vscode-pylance-2026.3.105/dist/server.bundle.js --cancellationReceive=file:2bc56d7a41ee8749874d0000b75c5745f8ddf88b1a --node-ipc --clientProcessId=770,0.0,8.4531,655.0,0,0,0,0,0,9,sleeping,cpu
2026-09-22T13:32:21,5890,2,SessionLeader,/init,0.0,0.0142,1.1,0,0,0,0,0,1,sleeping,cpu
2026-09-22T13:32:21,5891,5890,Relay(5896),/init,0.0,0.0143,1.11,0,0,0,0,0,1,sleeping,cpu
2026-09-22T13:32:21,5896,5891,bash,-bash,0.0,0.0669,5.18,0,0,0,0,0,1,sleeping,cpu
2026-09-22T13:32:21,6172,2,SessionLeader,/init,0.0,0.0142,1.1,0,0,0,0,0,1,sleeping,cpu
2026-09-22T13:32:21,6173,6172,Relay(6174),/init,0.0,0.0143,1.11,0,0,0,0,0,1,sleeping,cpu
2026-09-22T13:32:21,6174,6173,bash,-bash,0.0,0.0666,5.16,0,0,0,0,0,1,sleeping,cpu
2026-09-22T13:32:21,6941,2,SessionLeader,/init,0.0,0.0142,1.1,0,0,0,0,0,1,sleeping,cpu
2026-09-22T13:32:21,6943,6941,Relay(6945),/init,0.0,0.0143,1.11,0,0,0,0,0,1,sleeping,cpu
2026-09-22T13:32:21,6945,6943,bash,-bash,0.0,0.0659,5.11,0,0,0,0,0,1,sleeping,cpu
2026-09-22T13:32:21,8650,2,SessionLeader,/init,0.0,0.0142,1.1,0,0,0,0,0,1,sleeping,cpu
2026-09-22T13:32:21,8652,8650,Relay(8654),/init,0.0,0.0143,1.11,0,0,0,0,0,1,sleeping,cpu
2026-09-22T13:32:21,8654,8652,bash,-bash,0.0,0.0688,5.33,0,0,0,0,0,1,sleeping,cpu
2026-09-22T13:32:21,8853,2,SessionLeader,/init,0.0,0.0142,1.1,0,0,0,0,0,1,sleeping,cpu
2026-09-22T13:32:21,8854,8853,Relay(8858),/init,0.0,0.0143,1.11,0,0,0,0,0,1,sleeping,cpu
2026-09-22T13:32:21,8858,8854,bash,-bash,0.0,0.0681,5.27,0,0,0,0,0,1,sleeping,cpu
2026-09-22T13:32:21,15760,2,SessionLeader,/init,0.0,0.0142,1.1,0,0,0,0,0,1,sleeping,cpu
2026-09-22T13:32:21,15762,15760,Relay(15767),/init,0.0,0.0143,1.11,0,0,0,0,0,1,sleeping,cpu
2026-09-22T13:32:21,15767,15762,bash,-bash,0.0,0.0696,5.39,0,0,0,0,0,1,sleeping,cpu
2026-09-22T13:32:21,15903,2,SessionLeader,/init,0.0,0.0142,1.1,0,0,0,0,0,1,sleeping,cpu
2026-09-22T13:32:21,15904,15903,Relay(15909),/init,0.0,0.0143,1.11,0,0,0,0,0,1,sleeping,cpu
2026-09-22T13:32:21,15909,15904,bash,-bash,0.0,0.0699,5.42,0,0,0,0,0,1,sleeping,cpu
2026-09-22T13:32:21,16472,1426,top,top,0.0,0.0719,5.57,0,0,0,0,0,1,sleeping,cpu
2026-09-22T13:32:21,20473,6174,python,python workloads/cpu/cpu_workload.py,99.7,0.1181,9.15,0,0,0,0,0,1,running,cpu
2026-09-22T13:32:21,20518,1,wsl-pro-service,/usr/libexec/wsl-pro-service,0.0,0.1749,13.55,0,0,0,0,0,8,sleeping,cpu
2026-09-22T13:32:21,20561,98,(udev-worker),(udev-worker),0.0,0.0492,3.81,0,0,0,0,0,1,sleeping,cpu
2026-09-22T13:32:21,20562,98,(udev-worker),(udev-worker),0.0,0.0468,3.62,0,0,0,0,0,1,sleeping,cpu
2026-09-22T13:32:23,1,0,systemd,/sbin/init,0.0,0.1667,12.91,0.0,0.0,0.0,0.0,0.0,1,sleeping,cpu
2026-09-22T13:32:23,2,1,init-systemd(Ub,/init,0.0,0.0279,2.16,0.0,0.0,0.0,0.0,0.0,2,sleeping,cpu
2026-09-22T13:32:23,7,2,init,plan9 --control-socket 7 --log-level 4 --server-fd 8 --pipe-fd 10 --log-truncate,0.0,0.0268,2.08,0.0,0.0,0.0,0.0,0.0,2,sleeping,cpu
2026-09-22T13:32:23,43,1,systemd-journald,/usr/lib/systemd/systemd-journald,0.0,0.2003,15.52,0.0,0.0,0.0,0.0,0.0,1,sleeping,cpu
2026-09-22T13:32:23,98,1,systemd-udevd,/usr/lib/systemd/systemd-udevd,0.0,0.0799,6.19,0.0,0.0,1.0,5.98,0.0,1,sleeping,cpu
2026-09-22T13:32:23,177,1,systemd-resolved,/usr/lib/systemd/systemd-resolved,0.0,0.1656,12.83,0.0,0.0,0.0,0.0,0.0,1,sleeping,cpu
2026-09-22T13:32:23,178,1,systemd-timesyncd,/usr/lib/systemd/systemd-timesyncd,0.0,0.1002,7.77,0.0,0.0,0.0,0.0,0.0,2,sleeping,cpu
2026-09-22T13:32:23,188,1,cron,/usr/sbin/cron -f -P,0.0,0.0338,2.62,0.0,0.0,0.0,0.0,0.0,1,sleeping,cpu
2026-09-22T13:32:23,189,1,dbus-daemon,@dbus-daemon --system --address=systemd: --nofork --nopidfile --systemd-activation --syslog-only,0.0,0.0669,5.18,0.0,0.0,0.0,0.0,0.0,1,sleeping,cpu
2026-09-22T13:32:23,203,1,systemd-logind,/usr/lib/systemd/systemd-logind,0.0,0.1112,8.62,0.0,0.0,0.0,0.0,0.0,1,sleeping,cpu
2026-09-22T13:32:23,217,1,agetty,/sbin/agetty -o -p -- \u --noclear - linux,0.0,0.0249,1.93,0.0,0.0,0.0,0.0,0.0,1,sleeping,cpu
2026-09-22T13:32:23,223,1,rsyslogd,/usr/sbin/rsyslogd -n -iNONE,0.0,0.0758,5.87,0.0,0.0,0.0,0.0,0.0,4,sleeping,cpu
2026-09-22T13:32:23,236,1,unattended-upgr,/usr/bin/python3 /usr/share/unattended-upgrades/unattended-upgrade-shutdown --wait-for-signal,0.0,0.2778,21.53,0.0,0.0,0.0,0.0,0.0,2,sleeping,cpu
2026-09-22T13:32:23,256,1,apache2,/usr/sbin/apache2 -k start,0.0,0.0634,4.91,0.0,0.0,1.0,0.0,0.0,1,sleeping,cpu
2026-09-22T13:32:23,257,256,apache2,/usr/sbin/apache2 -k start,0.0,0.0734,5.69,0.0,0.0,0.0,0.0,0.0,27,sleeping,cpu
2026-09-22T13:32:23,259,256,apache2,/usr/sbin/apache2 -k start,0.0,0.0734,5.69,0.0,0.0,0.0,0.0,0.0,27,sleeping,cpu
2026-09-22T13:32:23,386,2,login,/bin/login -f      ,0.0,0.0587,4.55,0.0,0.0,0.0,0.0,0.0,1,sleeping,cpu
2026-09-22T13:32:23,429,1,systemd,/usr/lib/systemd/systemd --user,0.0,0.145,11.24,0.0,0.0,0.0,0.0,0.0,1,sleeping,cpu
2026-09-22T13:32:23,430,429,(sd-pam),(sd-pam),0.0,0.0451,3.49,0.0,0.0,0.0,0.0,0.0,1,sleeping,cpu
2026-09-22T13:32:23,452,386,bash,-bash,0.0,0.0643,4.98,0.0,0.0,0.0,0.0,0.0,1,sleeping,cpu
2026-09-22T13:32:23,486,2,SessionLeader,/init,0.0,0.0142,1.1,0.0,0.0,0.0,0.0,0.0,1,sleeping,cpu
2026-09-22T13:32:23,487,486,Relay(488),/init,0.0,0.0159,1.23,0.0,0.0,0.0,0.0,0.0,1,sleeping,cpu
2026-09-22T13:32:23,488,487,bash,-bash,0.0,0.0666,5.16,0.0,0.0,0.0,0.0,0.0,1,sleeping,cpu
2026-09-22T13:32:23,696,2,SessionLeader,/init,0.0,0.0143,1.11,0.0,0.0,0.0,0.0,0.0,1,sleeping,cpu
2026-09-22T13:32:23,697,696,Relay(698),/init,0.0,0.0152,1.18,0.0,0.0,0.0,0.0,0.0,1,sleeping,cpu
2026-09-22T13:32:23,698,697,sh,"sh -c ""$VSCODE_WSL_EXT_LOCATION/scripts/wslServer.sh"" 7debcd0e2acdea1c52de81bf9ee1620444407dda stable code-server .vscode-server --host=127.0.0.1 --port=0 --connection-token=826864117-4248089396-2109865724-2149592531 --use-host-proxy --without-browser-env-var --disable-websocket-compression --accept-server-license-terms --telemetry-level=all",0.0,0.024,1.86,0.0,0.0,0.0,0.0,0.0,1,sleeping,cpu
2026-09-22T13:32:23,699,698,sh,sh /mnt/c/Users/Rohan/.vscode/extensions/ms-vscode-remote.remote-wsl-0.104.3/scripts/wslServer.sh 7debcd0e2acdea1c52de81bf9ee1620444407dda stable code-server .vscode-server --host=127.0.0.1 --port=0 --connection-token=826864117-4248089396-2109865724-2149592531 --use-host-proxy --without-browser-env-var --disable-websocket-compression --accept-server-license-terms --telemetry-level=all,0.0,0.0251,1.95,0.0,0.0,0.0,0.0,0.0,1,sleeping,cpu
2026-09-22T13:32:23,705,699,sh,sh /home/rohan/.vscode-server/bin/7debcd0e2acdea1c52de81bf9ee1620444407dda/bin/code-server --host=127.0.0.1 --port=0 --connection-token=826864117-4248089396-2109865724-2149592531 --use-host-proxy --without-browser-env-var --disable-websocket-compression --accept-server-license-terms --telemetry-level=all,0.0,0.025,1.93,0.0,0.0,0.0,0.0,0.0,1,sleeping,cpu
2026-09-22T13:32:23,709,705,MainThread,/home/rohan/.vscode-server/bin/7debcd0e2acdea1c52de81bf9ee1620444407dda/node /home/rohan/.vscode-server/bin/7debcd0e2acdea1c52de81bf9ee1620444407dda/out/server-main.js --host=127.0.0.1 --port=0 --connection-token=826864117-4248089396-2109865724-2149592531 --use-host-proxy --without-browser-env-var --disable-websocket-compression --accept-server-license-terms --telemetry-level=all,0.0,2.2863,177.16,0.0,0.0,3.99,0.0,0.0,11,sleeping,cpu
2026-09-22T13:32:23,721,2,SessionLeader,/init,0.0,0.0143,1.11,0.0,0.0,0.0,0.0,0.0,1,sleeping,cpu
2026-09-22T13:32:23,722,721,Relay(723),/init,0.0,0.0152,1.18,0.0,0.0,0.5,0.0,0.0,1,sleeping,cpu
2026-09-22T13:32:23,723,722,MainThread,"/home/rohan/.vscode-server/bin/7debcd0e2acdea1c52de81bf9ee1620444407dda/node -e const net = require('net'); process.stdin.pause(); const client = net.createConnection({ host: '127.0.0.1', port: 44115 }, () => { client.pipe(process.stdout); process.stdin.pipe(client); }); client.on('close', function (hadError) { console.error(hadError ? 'Remote close with error' : 'Remote close'); process.exit(hadError ? 1 : 0); }); client.on('error', function (err) { process.stderr.write(err && (err.stack || err.message) || String(err)); });",0.0,0.8724,67.6,0.0,0.0,0.5,0.0,0.0,7,sleeping,cpu
2026-09-22T13:32:23,730,2,SessionLeader,/init,0.0,0.0143,1.11,0.0,0.0,0.0,0.0,0.0,1,sleeping,cpu
2026-09-22T13:32:23,731,730,Relay(732),/init,0.0,0.0152,1.18,0.0,0.0,1.0,0.0,0.0,1,sleeping,cpu
2026-09-22T13:32:23,732,731,MainThread,"/home/rohan/.vscode-server/bin/7debcd0e2acdea1c52de81bf9ee1620444407dda/node -e const net = require('net'); process.stdin.pause(); const client = net.createConnection({ host: '127.0.0.1', port: 44115 }, () => { client.pipe(process.stdout); process.stdin.pipe(client); }); client.on('close', function (hadError) { console.error(hadError ? 'Remote close with error' : 'Remote close'); process.exit(hadError ? 1 : 0); }); client.on('error', function (err) { process.stderr.write(err && (err.stack || err.message) || String(err)); });",0.0,0.7746,60.02,0.0,0.0,1.0,0.0,0.0,7,sleeping,cpu
2026-09-22T13:32:23,743,709,MainThread,/home/rohan/.vscode-server/bin/7debcd0e2acdea1c52de81bf9ee1620444407dda/node /home/rohan/.vscode-server/bin/7debcd0e2acdea1c52de81bf9ee1620444407dda/out/bootstrap-fork --type=fileWatcher,0.0,0.8757,67.86,0.0,0.0,3.99,0.0,0.0,13,sleeping,cpu
2026-09-22T13:32:23,769,709,MainThread,/home/rohan/.vscode-server/bin/7debcd0e2acdea1c52de81bf9ee1620444407dda/node /home/rohan/.vscode-server/bin/7debcd0e2acdea1c52de81bf9ee1620444407dda/out/bootstrap-fork --type=agentHost --logsPath /home/rohan/.vscode-server/data/logs/20260922T120228 --user-data-dir /home/rohan/.vscode-server/data --telemetry-level all,0.0,1.7774,137.72,0.0,0.0,0.5,0.0,0.0,11,sleeping,cpu
2026-09-22T13:32:23,770,709,MainThread,/home/rohan/.vscode-server/bin/7debcd0e2acdea1c52de81bf9ee1620444407dda/node --dns-result-order=ipv4first /home/rohan/.vscode-server/bin/7debcd0e2acdea1c52de81bf9ee1620444407dda/out/bootstrap-fork --type=extensionHost --transformURIs --useHostProxy=true,1.5,6.7952,526.54,0.0,0.0,195.83,401.63,0.0,32,sleeping,cpu
2026-09-22T13:32:23,811,769,MainThread,/home/rohan/.vscode-server/bin/7debcd0e2acdea1c52de81bf9ee1620444407dda/node /home/rohan/.vscode-server/bin/7debcd0e2acdea1c52de81bf9ee1620444407dda/node_modules/@github/copilot-linux-x64/index.js --headless --no-auto-update --log-level info --stdio --no-auto-login,0.0,3.3565,260.08,0.0,0.0,0.0,0.0,0.0,44,sleeping,cpu
2026-09-22T13:32:23,812,770,MainThread,/home/rohan/.vscode-server/bin/7debcd0e2acdea1c52de81bf9ee1620444407dda/node /home/rohan/.vscode-server/bin/7debcd0e2acdea1c52de81bf9ee1620444407dda/extensions/markdown-language-features/dist/serverWorkerMain --node-ipc --clientProcessId=770,0.0,0.994,77.02,0.0,0.0,0.0,0.0,0.0,7,sleeping,cpu
2026-09-22T13:32:23,833,709,MainThread,/home/rohan/.vscode-server/bin/7debcd0e2acdea1c52de81bf9ee1620444407dda/node /home/rohan/.vscode-server/bin/7debcd0e2acdea1c52de81bf9ee1620444407dda/out/bootstrap-fork --type=ptyHost --logsPath /home/rohan/.vscode-server/data/logs/20260922T120228,0.0,0.9761,75.63,0.0,0.0,6.98,0.0,0.0,13,sleeping,cpu
2026-09-22T13:32:23,964,833,bash,/bin/bash --init-file /home/rohan/.vscode-server/bin/7debcd0e2acdea1c52de81bf9ee1620444407dda/out/vs/workbench/contrib/terminal/common/scripts/shellIntegration-bash.sh,0.0,0.0674,5.22,0.0,0.0,0.0,0.0,0.0,1,sleeping,cpu
2026-09-22T13:32:23,1424,2,SessionLeader,/init,0.0,0.0142,1.1,0.0,0.0,0.0,0.0,0.0,1,sleeping,cpu
2026-09-22T13:32:23,1425,1424,Relay(1426),/init,0.0,0.0143,1.11,0.0,0.0,0.0,0.0,0.0,1,sleeping,cpu
2026-09-22T13:32:23,1426,1425,bash,-bash,0.0,0.0665,5.15,0.0,0.0,0.0,0.0,0.0,1,sleeping,cpu
2026-09-22T13:32:23,4147,770,pet,/home/rohan/.vscode-server/extensions/ms-python.vscode-python-envs-1.37.2026092101-linux-x64/python-env-tools/bin/pet server,0.0,0.0749,5.8,0.0,0.0,0.0,0.0,0.0,21,sleeping,cpu
2026-09-22T13:32:23,4156,833,bash,/bin/bash --init-file /home/rohan/.vscode-server/bin/7debcd0e2acdea1c52de81bf9ee1620444407dda/out/vs/workbench/contrib/terminal/common/scripts/shellIntegration-bash.sh,0.0,0.0664,5.15,0.0,0.0,0.0,0.0,0.0,1,sleeping,cpu
2026-09-22T13:32:23,4295,770,MainThread,/home/rohan/.vscode-server/bin/7debcd0e2acdea1c52de81bf9ee1620444407dda/node /home/rohan/.vscode-server/extensions/ms-python.vscode-pylance-2026.3.105/dist/server.bundle.js --cancellationReceive=file:2bc56d7a41ee8749874d0000b75c5745f8ddf88b1a --node-ipc --clientProcessId=770,0.0,8.4531,655.0,0.0,0.0,0.5,0.0,0.0,9,sleeping,cpu
2026-09-22T13:32:23,5890,2,SessionLeader,/init,0.0,0.0142,1.1,0.0,0.0,0.0,0.0,0.0,1,sleeping,cpu
2026-09-22T13:32:23,5891,5890,Relay(5896),/init,0.0,0.0143,1.11,0.0,0.0,0.5,0.0,0.0,1,sleeping,cpu
2026-09-22T13:32:23,5896,5891,bash,-bash,0.0,0.0669,5.18,0.0,0.0,0.0,0.0,0.0,1,sleeping,cpu
2026-09-22T13:32:23,6172,2,SessionLeader,/init,0.0,0.0142,1.1,0.0,0.0,0.0,0.0,0.0,1,sleeping,cpu
2026-09-22T13:32:23,6173,6172,Relay(6174),/init,0.0,0.0143,1.11,0.0,0.0,0.0,0.0,0.0,1,sleeping,cpu
2026-09-22T13:32:23,6174,6173,bash,-bash,0.0,0.0666,5.16,0.0,0.0,0.0,0.0,0.0,1,sleeping,cpu
2026-09-22T13:32:23,6941,2,SessionLeader,/init,0.0,0.0142,1.1,0.0,0.0,0.0,0.0,0.0,1,sleeping,cpu
2026-09-22T13:32:23,6943,6941,Relay(6945),/init,0.0,0.0143,1.11,0.0,0.0,0.0,0.0,0.0,1,sleeping,cpu
2026-09-22T13:32:23,6945,6943,bash,-bash,0.0,0.0659,5.11,0.0,0.0,0.0,0.0,0.0,1,sleeping,cpu
2026-09-22T13:32:23,8650,2,SessionLeader,/init,0.0,0.0142,1.1,0.0,0.0,0.0,0.0,0.0,1,sleeping,cpu
2026-09-22T13:32:23,8652,8650,Relay(8654),/init,0.0,0.0143,1.11,0.0,0.0,0.0,0.0,0.0,1,sleeping,cpu
2026-09-22T13:32:23,8654,8652,bash,-bash,0.0,0.0688,5.33,0.0,0.0,0.0,0.0,0.0,1,sleeping,cpu
2026-09-22T13:32:23,8853,2,SessionLeader,/init,0.0,0.0142,1.1,0.0,0.0,0.0,0.0,0.0,1,sleeping,cpu
2026-09-22T13:32:23,8854,8853,Relay(8858),/init,0.0,0.0143,1.11,0.0,0.0,0.0,0.0,0.0,1,sleeping,cpu
2026-09-22T13:32:23,8858,8854,bash,-bash,0.0,0.0681,5.27,0.0,0.0,0.0,0.0,0.0,1,sleeping,cpu
2026-09-22T13:32:23,15760,2,SessionLeader,/init,0.0,0.0142,1.1,0.0,0.0,0.0,0.0,0.0,1,sleeping,cpu
2026-09-22T13:32:23,15762,15760,Relay(15767),/init,0.0,0.0143,1.11,0.0,0.0,0.0,0.0,0.0,1,sleeping,cpu
2026-09-22T13:32:23,15767,15762,bash,-bash,0.0,0.0696,5.39,0.0,0.0,0.0,0.0,0.0,1,sleeping,cpu
2026-09-22T13:32:23,15903,2,SessionLeader,/init,0.0,0.0142,1.1,0.0,0.0,0.0,0.0,0.0,1,sleeping,cpu
2026-09-22T13:32:23,15904,15903,Relay(15909),/init,0.0,0.0143,1.11,0.0,0.0,0.0,0.0,0.0,1,sleeping,cpu
2026-09-22T13:32:23,15909,15904,bash,-bash,0.0,0.0699,5.42,0.0,0.0,0.0,0.0,0.0,1,sleeping,cpu
2026-09-22T13:32:23,16472,1426,top,top,0.0,0.0719,5.57,0.0,0.0,0.0,0.0,0.0,1,sleeping,cpu
2026-09-22T13:32:23,20473,6174,python,python workloads/cpu/cpu_workload.py,100.2,0.1181,9.15,0.0,0.0,5.48,0.0,0.0,1,running,cpu
2026-09-22T13:32:23,20518,1,wsl-pro-service,/usr/libexec/wsl-pro-service,0.0,0.1749,13.55,0.0,0.0,0.0,0.0,0.0,8,sleeping,cpu
2026-09-22T13:32:25,1,0,systemd,/sbin/init,0.5,0.1667,12.91,0.0,0.0,0.99,0.0,0.0,1,sleeping,cpu
2026-09-22T13:32:25,2,1,init-systemd(Ub,/init,0.0,0.0279,2.16,0.0,0.0,0.0,0.0,0.0,2,sleeping,cpu
2026-09-22T13:32:25,7,2,init,plan9 --control-socket 7 --log-level 4 --server-fd 8 --pipe-fd 10 --log-truncate,0.0,0.0268,2.08,0.0,0.0,0.0,0.0,0.0,2,sleeping,cpu
2026-09-22T13:32:25,43,1,systemd-journald,/usr/lib/systemd/systemd-journald,1.0,0.2003,15.52,0.0,0.0,5.45,908.28,1.49,1,sleeping,cpu
2026-09-22T13:32:25,98,1,systemd-udevd,/usr/lib/systemd/systemd-udevd,0.0,0.0799,6.19,0.0,0.0,0.0,0.0,0.0,1,sleeping,cpu
2026-09-22T13:32:25,177,1,systemd-resolved,/usr/lib/systemd/systemd-resolved,0.0,0.1656,12.83,0.0,0.0,0.99,0.0,0.0,1,sleeping,cpu
2026-09-22T13:32:25,178,1,systemd-timesyncd,/usr/lib/systemd/systemd-timesyncd,0.0,0.1002,7.77,0.0,0.0,0.99,0.0,0.0,2,sleeping,cpu
2026-09-22T13:32:25,188,1,cron,/usr/sbin/cron -f -P,0.0,0.0338,2.62,0.0,0.0,0.0,0.0,0.0,1,sleeping,cpu
2026-09-22T13:32:25,189,1,dbus-daemon,@dbus-daemon --system --address=systemd: --nofork --nopidfile --systemd-activation --syslog-only,0.0,0.0669,5.18,0.0,0.0,1.49,0.0,0.0,1,sleeping,cpu
2026-09-22T13:32:25,203,1,systemd-logind,/usr/lib/systemd/systemd-logind,0.0,0.1112,8.62,0.0,0.0,2.48,0.0,0.0,1,sleeping,cpu
2026-09-22T13:32:25,217,1,agetty,/sbin/agetty -o -p -- \u --noclear - linux,0.0,0.0249,1.93,0.0,0.0,0.0,0.0,0.0,1,sleeping,cpu
2026-09-22T13:32:25,223,1,rsyslogd,/usr/sbin/rsyslogd -n -iNONE,0.0,0.0758,5.87,0.0,0.0,0.0,0.0,0.0,4,sleeping,cpu
2026-09-22T13:32:25,236,1,unattended-upgr,/usr/bin/python3 /usr/share/unattended-upgrades/unattended-upgrade-shutdown --wait-for-signal,0.0,0.2778,21.53,0.0,0.0,0.0,0.0,0.0,2,sleeping,cpu
2026-09-22T13:32:25,256,1,apache2,/usr/sbin/apache2 -k start,0.0,0.0634,4.91,0.0,0.0,0.99,0.0,0.0,1,sleeping,cpu
2026-09-22T13:32:25,257,256,apache2,/usr/sbin/apache2 -k start,0.0,0.0734,5.69,0.0,0.0,0.0,0.0,0.0,27,sleeping,cpu
2026-09-22T13:32:25,259,256,apache2,/usr/sbin/apache2 -k start,0.0,0.0734,5.69,0.0,0.0,0.0,0.0,0.0,27,sleeping,cpu
2026-09-22T13:32:25,386,2,login,/bin/login -f      ,0.0,0.0587,4.55,0.0,0.0,0.0,0.0,0.0,1,sleeping,cpu
2026-09-22T13:32:25,429,1,systemd,/usr/lib/systemd/systemd --user,0.0,0.145,11.24,0.0,0.0,0.99,0.0,0.0,1,sleeping,cpu
2026-09-22T13:32:25,430,429,(sd-pam),(sd-pam),0.0,0.0451,3.49,0.0,0.0,0.0,0.0,0.0,1,sleeping,cpu
2026-09-22T13:32:25,452,386,bash,-bash,0.0,0.0643,4.98,0.0,0.0,0.0,0.0,0.0,1,sleeping,cpu
2026-09-22T13:32:25,486,2,SessionLeader,/init,0.0,0.0142,1.1,0.0,0.0,0.0,0.0,0.0,1,sleeping,cpu
2026-09-22T13:32:25,487,486,Relay(488),/init,0.0,0.0159,1.23,0.0,0.0,0.0,0.0,0.0,1,sleeping,cpu
2026-09-22T13:32:25,488,487,bash,-bash,0.0,0.0666,5.16,0.0,0.0,0.0,0.0,0.0,1,sleeping,cpu
2026-09-22T13:32:25,696,2,SessionLeader,/init,0.0,0.0143,1.11,0.0,0.0,0.0,0.0,0.0,1,sleeping,cpu
2026-09-22T13:32:25,697,696,Relay(698),/init,0.0,0.0152,1.18,0.0,0.0,0.0,0.0,0.0,1,sleeping,cpu
2026-09-22T13:32:25,698,697,sh,"sh -c ""$VSCODE_WSL_EXT_LOCATION/scripts/wslServer.sh"" 7debcd0e2acdea1c52de81bf9ee1620444407dda stable code-server .vscode-server --host=127.0.0.1 --port=0 --connection-token=826864117-4248089396-2109865724-2149592531 --use-host-proxy --without-browser-env-var --disable-websocket-compression --accept-server-license-terms --telemetry-level=all",0.0,0.024,1.86,0.0,0.0,0.0,0.0,0.0,1,sleeping,cpu
2026-09-22T13:32:25,699,698,sh,sh /mnt/c/Users/Rohan/.vscode/extensions/ms-vscode-remote.remote-wsl-0.104.3/scripts/wslServer.sh 7debcd0e2acdea1c52de81bf9ee1620444407dda stable code-server .vscode-server --host=127.0.0.1 --port=0 --connection-token=826864117-4248089396-2109865724-2149592531 --use-host-proxy --without-browser-env-var --disable-websocket-compression --accept-server-license-terms --telemetry-level=all,0.0,0.0251,1.95,0.0,0.0,0.0,0.0,0.0,1,sleeping,cpu
2026-09-22T13:32:25,705,699,sh,sh /home/rohan/.vscode-server/bin/7debcd0e2acdea1c52de81bf9ee1620444407dda/bin/code-server --host=127.0.0.1 --port=0 --connection-token=826864117-4248089396-2109865724-2149592531 --use-host-proxy --without-browser-env-var --disable-websocket-compression --accept-server-license-terms --telemetry-level=all,0.0,0.025,1.93,0.0,0.0,0.0,0.0,0.0,1,sleeping,cpu
2026-09-22T13:32:25,709,705,MainThread,/home/rohan/.vscode-server/bin/7debcd0e2acdea1c52de81bf9ee1620444407dda/node /home/rohan/.vscode-server/bin/7debcd0e2acdea1c52de81bf9ee1620444407dda/out/server-main.js --host=127.0.0.1 --port=0 --connection-token=826864117-4248089396-2109865724-2149592531 --use-host-proxy --without-browser-env-var --disable-websocket-compression --accept-server-license-terms --telemetry-level=all,0.0,2.2863,177.16,0.0,0.0,4.96,0.0,0.0,11,sleeping,cpu
2026-09-22T13:32:25,721,2,SessionLeader,/init,0.0,0.0143,1.11,0.0,0.0,0.0,0.0,0.0,1,sleeping,cpu
2026-09-22T13:32:25,722,721,Relay(723),/init,0.0,0.0152,1.18,0.0,0.0,0.99,0.0,0.0,1,sleeping,cpu
2026-09-22T13:32:25,723,722,MainThread,"/home/rohan/.vscode-server/bin/7debcd0e2acdea1c52de81bf9ee1620444407dda/node -e const net = require('net'); process.stdin.pause(); const client = net.createConnection({ host: '127.0.0.1', port: 44115 }, () => { client.pipe(process.stdout); process.stdin.pipe(client); }); client.on('close', function (hadError) { console.error(hadError ? 'Remote close with error' : 'Remote close'); process.exit(hadError ? 1 : 0); }); client.on('error', function (err) { process.stderr.write(err && (err.stack || err.message) || String(err)); });",0.0,0.8724,67.6,0.0,0.0,0.99,0.0,0.0,7,sleeping,cpu
2026-09-22T13:32:25,730,2,SessionLeader,/init,0.0,0.0143,1.11,0.0,0.0,0.0,0.0,0.0,1,sleeping,cpu
2026-09-22T13:32:25,731,730,Relay(732),/init,0.0,0.0152,1.18,0.0,0.0,0.5,0.0,0.0,1,sleeping,cpu
2026-09-22T13:32:25,732,731,MainThread,"/home/rohan/.vscode-server/bin/7debcd0e2acdea1c52de81bf9ee1620444407dda/node -e const net = require('net'); process.stdin.pause(); const client = net.createConnection({ host: '127.0.0.1', port: 44115 }, () => { client.pipe(process.stdout); process.stdin.pipe(client); }); client.on('close', function (hadError) { console.error(hadError ? 'Remote close with error' : 'Remote close'); process.exit(hadError ? 1 : 0); }); client.on('error', function (err) { process.stderr.write(err && (err.stack || err.message) || String(err)); });",0.0,0.7746,60.02,0.0,0.0,0.5,0.0,0.0,7,sleeping,cpu
2026-09-22T13:32:25,743,709,MainThread,/home/rohan/.vscode-server/bin/7debcd0e2acdea1c52de81bf9ee1620444407dda/node /home/rohan/.vscode-server/bin/7debcd0e2acdea1c52de81bf9ee1620444407dda/out/bootstrap-fork --type=fileWatcher,0.0,0.8757,67.86,0.0,0.0,1.49,0.0,0.0,13,sleeping,cpu
2026-09-22T13:32:25,769,709,MainThread,/home/rohan/.vscode-server/bin/7debcd0e2acdea1c52de81bf9ee1620444407dda/node /home/rohan/.vscode-server/bin/7debcd0e2acdea1c52de81bf9ee1620444407dda/out/bootstrap-fork --type=agentHost --logsPath /home/rohan/.vscode-server/data/logs/20260922T120228 --user-data-dir /home/rohan/.vscode-server/data --telemetry-level all,0.0,1.7774,137.72,0.0,0.0,0.0,0.0,0.0,11,sleeping,cpu
2026-09-22T13:32:25,770,709,MainThread,/home/rohan/.vscode-server/bin/7debcd0e2acdea1c52de81bf9ee1620444407dda/node --dns-result-order=ipv4first /home/rohan/.vscode-server/bin/7debcd0e2acdea1c52de81bf9ee1620444407dda/out/bootstrap-fork --type=extensionHost --transformURIs --useHostProxy=true,1.0,6.7952,526.54,0.0,0.0,190.87,260.28,0.0,32,sleeping,cpu
2026-09-22T13:32:25,811,769,MainThread,/home/rohan/.vscode-server/bin/7debcd0e2acdea1c52de81bf9ee1620444407dda/node /home/rohan/.vscode-server/bin/7debcd0e2acdea1c52de81bf9ee1620444407dda/node_modules/@github/copilot-linux-x64/index.js --headless --no-auto-update --log-level info --stdio --no-auto-login,0.0,3.3565,260.08,0.0,0.0,0.0,0.0,0.0,44,sleeping,cpu
2026-09-22T13:32:25,812,770,MainThread,/home/rohan/.vscode-server/bin/7debcd0e2acdea1c52de81bf9ee1620444407dda/node /home/rohan/.vscode-server/bin/7debcd0e2acdea1c52de81bf9ee1620444407dda/extensions/markdown-language-features/dist/serverWorkerMain --node-ipc --clientProcessId=770,0.0,0.994,77.02,0.0,0.0,0.5,0.0,0.0,7,sleeping,cpu
2026-09-22T13:32:25,833,709,MainThread,/home/rohan/.vscode-server/bin/7debcd0e2acdea1c52de81bf9ee1620444407dda/node /home/rohan/.vscode-server/bin/7debcd0e2acdea1c52de81bf9ee1620444407dda/out/bootstrap-fork --type=ptyHost --logsPath /home/rohan/.vscode-server/data/logs/20260922T120228,0.0,0.9761,75.63,0.0,0.0,6.45,0.0,0.0,13,sleeping,cpu
2026-09-22T13:32:25,964,833,bash,/bin/bash --init-file /home/rohan/.vscode-server/bin/7debcd0e2acdea1c52de81bf9ee1620444407dda/out/vs/workbench/contrib/terminal/common/scripts/shellIntegration-bash.sh,0.0,0.0674,5.22,0.0,0.0,0.0,0.0,0.0,1,sleeping,cpu
2026-09-22T13:32:25,1424,2,SessionLeader,/init,0.0,0.0142,1.1,0.0,0.0,0.0,0.0,0.0,1,sleeping,cpu
2026-09-22T13:32:25,1425,1424,Relay(1426),/init,0.0,0.0143,1.11,0.0,0.0,0.5,0.0,0.0,1,sleeping,cpu
2026-09-22T13:32:25,1426,1425,bash,-bash,0.0,0.0665,5.15,0.0,0.0,0.0,0.0,0.0,1,sleeping,cpu
2026-09-22T13:32:25,4147,770,pet,/home/rohan/.vscode-server/extensions/ms-python.vscode-python-envs-1.37.2026092101-linux-x64/python-env-tools/bin/pet server,0.0,0.0749,5.8,0.0,0.0,0.0,0.0,0.0,21,sleeping,cpu
2026-09-22T13:32:25,4156,833,bash,/bin/bash --init-file /home/rohan/.vscode-server/bin/7debcd0e2acdea1c52de81bf9ee1620444407dda/out/vs/workbench/contrib/terminal/common/scripts/shellIntegration-bash.sh,0.0,0.0664,5.15,0.0,0.0,0.0,0.0,0.0,1,sleeping,cpu
2026-09-22T13:32:25,4295,770,MainThread,/home/rohan/.vscode-server/bin/7debcd0e2acdea1c52de81bf9ee1620444407dda/node /home/rohan/.vscode-server/extensions/ms-python.vscode-pylance-2026.3.105/dist/server.bundle.js --cancellationReceive=file:2bc56d7a41ee8749874d0000b75c5745f8ddf88b1a --node-ipc --clientProcessId=770,0.0,8.4531,655.0,0.0,0.0,0.5,0.0,0.0,9,sleeping,cpu
2026-09-22T13:32:25,5890,2,SessionLeader,/init,0.0,0.0142,1.1,0.0,0.0,0.0,0.0,0.0,1,sleeping,cpu
2026-09-22T13:32:25,5891,5890,Relay(5896),/init,0.0,0.0143,1.11,0.0,0.0,0.5,0.0,0.0,1,sleeping,cpu
2026-09-22T13:32:25,5896,5891,bash,-bash,0.0,0.0669,5.18,0.0,0.0,0.0,0.0,0.0,1,sleeping,cpu
2026-09-22T13:32:25,6172,2,SessionLeader,/init,0.0,0.0142,1.1,0.0,0.0,0.0,0.0,0.0,1,sleeping,cpu
2026-09-22T13:32:25,6173,6172,Relay(6174),/init,0.0,0.0143,1.11,0.0,0.0,0.0,0.0,0.0,1,sleeping,cpu
2026-09-22T13:32:25,6174,6173,bash,-bash,0.0,0.0666,5.16,0.0,0.0,0.0,0.0,0.0,1,sleeping,cpu
2026-09-22T13:32:25,6941,2,SessionLeader,/init,0.0,0.0142,1.1,0.0,0.0,0.0,0.0,0.0,1,sleeping,cpu
2026-09-22T13:32:25,6943,6941,Relay(6945),/init,0.0,0.0143,1.11,0.0,0.0,0.0,0.0,0.0,1,sleeping,cpu
2026-09-22T13:32:25,6945,6943,bash,-bash,0.0,0.0659,5.11,0.0,0.0,0.0,0.0,0.0,1,sleeping,cpu
2026-09-22T13:32:25,8650,2,SessionLeader,/init,0.0,0.0142,1.1,0.0,0.0,0.0,0.0,0.0,1,sleeping,cpu
2026-09-22T13:32:25,8652,8650,Relay(8654),/init,0.0,0.0143,1.11,0.0,0.0,0.0,0.0,0.0,1,sleeping,cpu
2026-09-22T13:32:25,8654,8652,bash,-bash,0.0,0.0688,5.33,0.0,0.0,0.0,0.0,0.0,1,sleeping,cpu
2026-09-22T13:32:25,8853,2,SessionLeader,/init,0.0,0.0142,1.1,0.0,0.0,0.0,0.0,0.0,1,sleeping,cpu
2026-09-22T13:32:25,8854,8853,Relay(8858),/init,0.0,0.0143,1.11,0.0,0.0,0.0,0.0,0.0,1,sleeping,cpu
2026-09-22T13:32:25,8858,8854,bash,-bash,0.0,0.0681,5.27,0.0,0.0,0.0,0.0,0.0,1,sleeping,cpu
2026-09-22T13:32:25,15760,2,SessionLeader,/init,0.0,0.0142,1.1,0.0,0.0,0.0,0.0,0.0,1,sleeping,cpu
2026-09-22T13:32:25,15762,15760,Relay(15767),/init,0.0,0.0143,1.11,0.0,0.0,0.0,0.0,0.0,1,sleeping,cpu
2026-09-22T13:32:25,15767,15762,bash,-bash,0.0,0.0696,5.39,0.0,0.0,0.0,0.0,0.0,1,sleeping,cpu
2026-09-22T13:32:25,15903,2,SessionLeader,/init,0.0,0.0142,1.1,0.0,0.0,0.0,0.0,0.0,1,sleeping,cpu
2026-09-22T13:32:25,15904,15903,Relay(15909),/init,0.0,0.0143,1.11,0.0,0.0,0.0,0.0,0.0,1,sleeping,cpu
2026-09-22T13:32:25,15909,15904,bash,-bash,0.0,0.0699,5.42,0.0,0.0,0.0,0.0,0.0,1,sleeping,cpu
2026-09-22T13:32:25,16472,1426,top,top,0.0,0.0719,5.57,0.0,0.0,0.5,0.0,0.0,1,sleeping,cpu
2026-09-22T13:32:25,20473,6174,python,python workloads/cpu/cpu_workload.py,100.2,0.1181,9.15,0.0,0.0,3.97,0.0,0.0,1,running,cpu
2026-09-22T13:32:25,20518,1,wsl-pro-service,/usr/libexec/wsl-pro-service,0.0,0.1749,13.55,0.0,0.0,0.0,0.0,0.0,8,sleeping,cpu
2026-09-22T13:32:27,1,0,systemd,/sbin/init,0.0,0.1667,12.91,0.0,0.0,0.0,0.0,0.0,1,sleeping,cpu
2026-09-22T13:32:27,2,1,init-systemd(Ub,/init,0.0,0.0279,2.16,0.0,0.0,0.0,0.0,0.0,2,sleeping,cpu
2026-09-22T13:32:27,7,2,init,plan9 --control-socket 7 --log-level 4 --server-fd 8 --pipe-fd 10 --log-truncate,0.0,0.0268,2.08,0.0,0.0,0.0,0.0,0.0,2,sleeping,cpu
2026-09-22T13:32:27,43,1,systemd-journald,/usr/lib/systemd/systemd-journald,0.0,0.2004,15.53,0.0,0.0,1.49,0.5,0.0,1,sleeping,cpu
2026-09-22T13:32:27,98,1,systemd-udevd,/usr/lib/systemd/systemd-udevd,0.0,0.0799,6.19,0.0,0.0,0.5,0.0,0.0,1,sleeping,cpu
2026-09-22T13:32:27,177,1,systemd-resolved,/usr/lib/systemd/systemd-resolved,0.0,0.1656,12.83,0.0,0.0,0.0,0.0,0.0,1,sleeping,cpu
2026-09-22T13:32:27,178,1,systemd-timesyncd,/usr/lib/systemd/systemd-timesyncd,0.0,0.1002,7.77,0.0,0.0,0.0,0.0,0.0,2,sleeping,cpu
2026-09-22T13:32:27,188,1,cron,/usr/sbin/cron -f -P,0.0,0.0338,2.62,0.0,0.0,0.0,0.0,0.0,1,sleeping,cpu
2026-09-22T13:32:27,189,1,dbus-daemon,@dbus-daemon --system --address=systemd: --nofork --nopidfile --systemd-activation --syslog-only,0.0,0.0669,5.18,0.0,0.0,0.0,0.0,0.0,1,sleeping,cpu
2026-09-22T13:32:27,203,1,systemd-logind,/usr/lib/systemd/systemd-logind,0.0,0.1112,8.62,0.0,0.0,0.0,0.0,0.0,1,sleeping,cpu
2026-09-22T13:32:27,217,1,agetty,/sbin/agetty -o -p -- \u --noclear - linux,0.0,0.0249,1.93,0.0,0.0,0.0,0.0,0.0,1,sleeping,cpu
2026-09-22T13:32:27,223,1,rsyslogd,/usr/sbin/rsyslogd -n -iNONE,0.0,0.0758,5.87,0.0,0.0,0.0,0.0,0.0,4,sleeping,cpu
2026-09-22T13:32:27,236,1,unattended-upgr,/usr/bin/python3 /usr/share/unattended-upgrades/unattended-upgrade-shutdown --wait-for-signal,0.0,0.2778,21.53,0.0,0.0,0.0,0.0,0.0,2,sleeping,cpu
2026-09-22T13:32:27,256,1,apache2,/usr/sbin/apache2 -k start,0.0,0.0634,4.91,0.0,0.0,1.0,0.0,0.0,1,sleeping,cpu
2026-09-22T13:32:27,257,256,apache2,/usr/sbin/apache2 -k start,0.0,0.0734,5.69,0.0,0.0,0.0,0.0,0.0,27,sleeping,cpu
2026-09-22T13:32:27,259,256,apache2,/usr/sbin/apache2 -k start,0.0,0.0734,5.69,0.0,0.0,0.0,0.0,0.0,27,sleeping,cpu
2026-09-22T13:32:27,386,2,login,/bin/login -f      ,0.0,0.0587,4.55,0.0,0.0,0.0,0.0,0.0,1,sleeping,cpu
2026-09-22T13:32:27,429,1,systemd,/usr/lib/systemd/systemd --user,0.0,0.145,11.24,0.0,0.0,0.0,0.0,0.0,1,sleeping,cpu
2026-09-22T13:32:27,430,429,(sd-pam),(sd-pam),0.0,0.0451,3.49,0.0,0.0,0.0,0.0,0.0,1,sleeping,cpu
2026-09-22T13:32:27,452,386,bash,-bash,0.0,0.0643,4.98,0.0,0.0,0.0,0.0,0.0,1,sleeping,cpu
2026-09-22T13:32:27,486,2,SessionLeader,/init,0.0,0.0142,1.1,0.0,0.0,0.0,0.0,0.0,1,sleeping,cpu
2026-09-22T13:32:27,487,486,Relay(488),/init,0.0,0.0159,1.23,0.0,0.0,0.0,0.0,0.0,1,sleeping,cpu
2026-09-22T13:32:27,488,487,bash,-bash,0.0,0.0666,5.16,0.0,0.0,0.0,0.0,0.0,1,sleeping,cpu
2026-09-22T13:32:27,696,2,SessionLeader,/init,0.0,0.0143,1.11,0.0,0.0,0.0,0.0,0.0,1,sleeping,cpu
2026-09-22T13:32:27,697,696,Relay(698),/init,0.0,0.0152,1.18,0.0,0.0,0.0,0.0,0.0,1,sleeping,cpu
2026-09-22T13:32:27,698,697,sh,"sh -c ""$VSCODE_WSL_EXT_LOCATION/scripts/wslServer.sh"" 7debcd0e2acdea1c52de81bf9ee1620444407dda stable code-server .vscode-server --host=127.0.0.1 --port=0 --connection-token=826864117-4248089396-2109865724-2149592531 --use-host-proxy --without-browser-env-var --disable-websocket-compression --accept-server-license-terms --telemetry-level=all",0.0,0.024,1.86,0.0,0.0,0.0,0.0,0.0,1,sleeping,cpu
2026-09-22T13:32:27,699,698,sh,sh /mnt/c/Users/Rohan/.vscode/extensions/ms-vscode-remote.remote-wsl-0.104.3/scripts/wslServer.sh 7debcd0e2acdea1c52de81bf9ee1620444407dda stable code-server .vscode-server --host=127.0.0.1 --port=0 --connection-token=826864117-4248089396-2109865724-2149592531 --use-host-proxy --without-browser-env-var --disable-websocket-compression --accept-server-license-terms --telemetry-level=all,0.0,0.0251,1.95,0.0,0.0,0.0,0.0,0.0,1,sleeping,cpu
2026-09-22T13:32:27,705,699,sh,sh /home/rohan/.vscode-server/bin/7debcd0e2acdea1c52de81bf9ee1620444407dda/bin/code-server --host=127.0.0.1 --port=0 --connection-token=826864117-4248089396-2109865724-2149592531 --use-host-proxy --without-browser-env-var --disable-websocket-compression --accept-server-license-terms --telemetry-level=all,0.0,0.025,1.93,0.0,0.0,0.0,0.0,0.0,1,sleeping,cpu
2026-09-22T13:32:27,709,705,MainThread,/home/rohan/.vscode-server/bin/7debcd0e2acdea1c52de81bf9ee1620444407dda/node /home/rohan/.vscode-server/bin/7debcd0e2acdea1c52de81bf9ee1620444407dda/out/server-main.js --host=127.0.0.1 --port=0 --connection-token=826864117-4248089396-2109865724-2149592531 --use-host-proxy --without-browser-env-var --disable-websocket-compression --accept-server-license-terms --telemetry-level=all,0.0,2.2863,177.16,0.0,0.0,3.49,0.0,0.0,11,sleeping,cpu
2026-09-22T13:32:27,721,2,SessionLeader,/init,0.0,0.0143,1.11,0.0,0.0,0.0,0.0,0.0,1,sleeping,cpu
2026-09-22T13:32:27,722,721,Relay(723),/init,0.0,0.0152,1.18,0.0,0.0,0.5,0.0,0.0,1,sleeping,cpu
2026-09-22T13:32:27,723,722,MainThread,"/home/rohan/.vscode-server/bin/7debcd0e2acdea1c52de81bf9ee1620444407dda/node -e const net = require('net'); process.stdin.pause(); const client = net.createConnection({ host: '127.0.0.1', port: 44115 }, () => { client.pipe(process.stdout); process.stdin.pipe(client); }); client.on('close', function (hadError) { console.error(hadError ? 'Remote close with error' : 'Remote close'); process.exit(hadError ? 1 : 0); }); client.on('error', function (err) { process.stderr.write(err && (err.stack || err.message) || String(err)); });",0.0,0.8724,67.6,0.0,0.0,0.5,0.0,0.0,7,sleeping,cpu
2026-09-22T13:32:27,730,2,SessionLeader,/init,0.0,0.0143,1.11,0.0,0.0,0.0,0.0,0.0,1,sleeping,cpu
2026-09-22T13:32:27,731,730,Relay(732),/init,0.0,0.0152,1.18,0.0,0.0,0.0,0.0,0.0,1,sleeping,cpu
2026-09-22T13:32:27,732,731,MainThread,"/home/rohan/.vscode-server/bin/7debcd0e2acdea1c52de81bf9ee1620444407dda/node -e const net = require('net'); process.stdin.pause(); const client = net.createConnection({ host: '127.0.0.1', port: 44115 }, () => { client.pipe(process.stdout); process.stdin.pipe(client); }); client.on('close', function (hadError) { console.error(hadError ? 'Remote close with error' : 'Remote close'); process.exit(hadError ? 1 : 0); }); client.on('error', function (err) { process.stderr.write(err && (err.stack || err.message) || String(err)); });",0.0,0.7746,60.02,0.0,0.0,0.0,0.0,0.0,7,sleeping,cpu
2026-09-22T13:32:27,743,709,MainThread,/home/rohan/.vscode-server/bin/7debcd0e2acdea1c52de81bf9ee1620444407dda/node /home/rohan/.vscode-server/bin/7debcd0e2acdea1c52de81bf9ee1620444407dda/out/bootstrap-fork --type=fileWatcher,0.0,0.8757,67.86,0.0,0.0,1.49,0.0,0.0,13,sleeping,cpu
2026-09-22T13:32:27,769,709,MainThread,/home/rohan/.vscode-server/bin/7debcd0e2acdea1c52de81bf9ee1620444407dda/node /home/rohan/.vscode-server/bin/7debcd0e2acdea1c52de81bf9ee1620444407dda/out/bootstrap-fork --type=agentHost --logsPath /home/rohan/.vscode-server/data/logs/20260922T120228 --user-data-dir /home/rohan/.vscode-server/data --telemetry-level all,0.0,1.7774,137.72,0.0,0.0,0.5,0.0,0.0,11,sleeping,cpu
2026-09-22T13:32:27,770,709,MainThread,/home/rohan/.vscode-server/bin/7debcd0e2acdea1c52de81bf9ee1620444407dda/node --dns-result-order=ipv4first /home/rohan/.vscode-server/bin/7debcd0e2acdea1c52de81bf9ee1620444407dda/out/bootstrap-fork --type=extensionHost --transformURIs --useHostProxy=true,1.0,6.7952,526.54,0.0,0.0,188.86,381.72,0.0,32,sleeping,cpu
2026-09-22T13:32:27,811,769,MainThread,/home/rohan/.vscode-server/bin/7debcd0e2acdea1c52de81bf9ee1620444407dda/node /home/rohan/.vscode-server/bin/7debcd0e2acdea1c52de81bf9ee1620444407dda/node_modules/@github/copilot-linux-x64/index.js --headless --no-auto-update --log-level info --stdio --no-auto-login,0.0,3.3565,260.08,0.0,0.0,0.0,0.0,0.0,44,sleeping,cpu
2026-09-22T13:32:27,812,770,MainThread,/home/rohan/.vscode-server/bin/7debcd0e2acdea1c52de81bf9ee1620444407dda/node /home/rohan/.vscode-server/bin/7debcd0e2acdea1c52de81bf9ee1620444407dda/extensions/markdown-language-features/dist/serverWorkerMain --node-ipc --clientProcessId=770,0.0,0.994,77.02,0.0,0.0,1.0,0.0,0.0,7,sleeping,cpu
2026-09-22T13:32:27,833,709,MainThread,/home/rohan/.vscode-server/bin/7debcd0e2acdea1c52de81bf9ee1620444407dda/node /home/rohan/.vscode-server/bin/7debcd0e2acdea1c52de81bf9ee1620444407dda/out/bootstrap-fork --type=ptyHost --logsPath /home/rohan/.vscode-server/data/logs/20260922T120228,0.0,0.9761,75.63,0.0,0.0,9.97,0.0,0.0,13,sleeping,cpu
2026-09-22T13:32:27,964,833,bash,/bin/bash --init-file /home/rohan/.vscode-server/bin/7debcd0e2acdea1c52de81bf9ee1620444407dda/out/vs/workbench/contrib/terminal/common/scripts/shellIntegration-bash.sh,0.0,0.0674,5.22,0.0,0.0,0.0,0.0,0.0,1,sleeping,cpu
2026-09-22T13:32:27,1424,2,SessionLeader,/init,0.0,0.0142,1.1,0.0,0.0,0.0,0.0,0.0,1,sleeping,cpu
2026-09-22T13:32:27,1425,1424,Relay(1426),/init,0.0,0.0143,1.11,0.0,0.0,1.0,0.0,0.0,1,sleeping,cpu
2026-09-22T13:32:27,1426,1425,bash,-bash,0.0,0.0665,5.15,0.0,0.0,0.0,0.0,0.0,1,sleeping,cpu
2026-09-22T13:32:27,4147,770,pet,/home/rohan/.vscode-server/extensions/ms-python.vscode-python-envs-1.37.2026092101-linux-x64/python-env-tools/bin/pet server,0.0,0.0749,5.8,0.0,0.0,0.0,0.0,0.0,21,sleeping,cpu
2026-09-22T13:32:27,4156,833,bash,/bin/bash --init-file /home/rohan/.vscode-server/bin/7debcd0e2acdea1c52de81bf9ee1620444407dda/out/vs/workbench/contrib/terminal/common/scripts/shellIntegration-bash.sh,0.0,0.0664,5.15,0.0,0.0,0.0,0.0,0.0,1,sleeping,cpu
2026-09-22T13:32:27,4295,770,MainThread,/home/rohan/.vscode-server/bin/7debcd0e2acdea1c52de81bf9ee1620444407dda/node /home/rohan/.vscode-server/extensions/ms-python.vscode-pylance-2026.3.105/dist/server.bundle.js --cancellationReceive=file:2bc56d7a41ee8749874d0000b75c5745f8ddf88b1a --node-ipc --clientProcessId=770,0.0,8.4531,655.0,0.0,0.0,0.5,0.0,0.0,9,sleeping,cpu
2026-09-22T13:32:27,5890,2,SessionLeader,/init,0.0,0.0142,1.1,0.0,0.0,0.0,0.0,0.0,1,sleeping,cpu
2026-09-22T13:32:27,5891,5890,Relay(5896),/init,0.0,0.0143,1.11,0.0,0.0,0.5,0.0,0.0,1,sleeping,cpu
2026-09-22T13:32:27,5896,5891,bash,-bash,0.0,0.0669,5.18,0.0,0.0,0.0,0.0,0.0,1,sleeping,cpu
2026-09-22T13:32:27,6172,2,SessionLeader,/init,0.0,0.0142,1.1,0.0,0.0,0.0,0.0,0.0,1,sleeping,cpu
2026-09-22T13:32:27,6173,6172,Relay(6174),/init,0.0,0.0143,1.11,0.0,0.0,0.0,0.0,0.0,1,sleeping,cpu
2026-09-22T13:32:27,6174,6173,bash,-bash,0.0,0.0666,5.16,0.0,0.0,0.0,0.0,0.0,1,sleeping,cpu
2026-09-22T13:32:27,6941,2,SessionLeader,/init,0.0,0.0142,1.1,0.0,0.0,0.0,0.0,0.0,1,sleeping,cpu
2026-09-22T13:32:27,6943,6941,Relay(6945),/init,0.0,0.0143,1.11,0.0,0.0,0.0,0.0,0.0,1,sleeping,cpu
2026-09-22T13:32:27,6945,6943,bash,-bash,0.0,0.0659,5.11,0.0,0.0,0.0,0.0,0.0,1,sleeping,cpu
2026-09-22T13:32:27,8650,2,SessionLeader,/init,0.0,0.0142,1.1,0.0,0.0,0.0,0.0,0.0,1,sleeping,cpu
2026-09-22T13:32:27,8652,8650,Relay(8654),/init,0.0,0.0143,1.11,0.0,0.0,0.0,0.0,0.0,1,sleeping,cpu
2026-09-22T13:32:27,8654,8652,bash,-bash,0.0,0.0688,5.33,0.0,0.0,0.0,0.0,0.0,1,sleeping,cpu
2026-09-22T13:32:27,8853,2,SessionLeader,/init,0.0,0.0142,1.1,0.0,0.0,0.0,0.0,0.0,1,sleeping,cpu
2026-09-22T13:32:27,8854,8853,Relay(8858),/init,0.0,0.0143,1.11,0.0,0.0,0.0,0.0,0.0,1,sleeping,cpu
2026-09-22T13:32:27,8858,8854,bash,-bash,0.0,0.0681,5.27,0.0,0.0,0.0,0.0,0.0,1,sleeping,cpu
2026-09-22T13:32:27,15760,2,SessionLeader,/init,0.0,0.0142,1.1,0.0,0.0,0.0,0.0,0.0,1,sleeping,cpu
2026-09-22T13:32:27,15762,15760,Relay(15767),/init,0.0,0.0143,1.11,0.0,0.0,0.0,0.0,0.0,1,sleeping,cpu
2026-09-22T13:32:27,15767,15762,bash,-bash,0.0,0.0696,5.39,0.0,0.0,0.0,0.0,0.0,1,sleeping,cpu
2026-09-22T13:32:27,15903,2,SessionLeader,/init,0.0,0.0142,1.1,0.0,0.0,0.0,0.0,0.0,1,sleeping,cpu
2026-09-22T13:32:27,15904,15903,Relay(15909),/init,0.0,0.0143,1.11,0.0,0.0,0.0,0.0,0.0,1,sleeping,cpu
2026-09-22T13:32:27,15909,15904,bash,-bash,0.0,0.0699,5.42,0.0,0.0,0.0,0.0,0.0,1,sleeping,cpu
2026-09-22T13:32:27,16472,1426,top,top,0.0,0.0719,5.57,0.0,0.0,0.5,0.0,0.0,1,sleeping,cpu
2026-09-22T13:32:27,20473,6174,python,python workloads/cpu/cpu_workload.py,99.7,0.1181,9.15,0.0,0.0,4.49,0.0,0.0,1,running,cpu
2026-09-22T13:32:27,20518,1,wsl-pro-service,/usr/libexec/wsl-pro-service,0.0,0.1749,13.55,0.0,0.0,0.0,0.0,0.0,8,sleeping,cpu
2026-09-22T13:32:29,1,0,systemd,/sbin/init,0.0,0.1667,12.91,0.0,0.0,0.0,0.0,0.0,1,sleeping,cpu
2026-09-22T13:32:29,2,1,init-systemd(Ub,/init,0.0,0.0279,2.16,0.0,0.0,0.0,0.0,0.0,2,sleeping,cpu
2026-09-22T13:32:29,7,2,init,plan9 --control-socket 7 --log-level 4 --server-fd 8 --pipe-fd 10 --log-truncate,0.0,0.0268,2.08,0.0,0.0,0.0,0.0,0.0,2,sleeping,cpu
2026-09-22T13:32:29,43,1,systemd-journald,/usr/lib/systemd/systemd-journald,0.0,0.2004,15.53,0.0,0.0,0.0,0.0,0.0,1,sleeping,cpu
2026-09-22T13:32:29,98,1,systemd-udevd,/usr/lib/systemd/systemd-udevd,0.0,0.0799,6.19,0.0,0.0,0.0,0.0,0.0,1,sleeping,cpu
2026-09-22T13:32:29,177,1,systemd-resolved,/usr/lib/systemd/systemd-resolved,0.0,0.1656,12.83,0.0,0.0,0.0,0.0,0.0,1,sleeping,cpu
2026-09-22T13:32:29,178,1,systemd-timesyncd,/usr/lib/systemd/systemd-timesyncd,0.0,0.1002,7.77,0.0,0.0,0.0,0.0,0.0,2,sleeping,cpu
2026-09-22T13:32:29,188,1,cron,/usr/sbin/cron -f -P,0.0,0.0338,2.62,0.0,0.0,0.0,0.0,0.0,1,sleeping,cpu
2026-09-22T13:32:29,189,1,dbus-daemon,@dbus-daemon --system --address=systemd: --nofork --nopidfile --systemd-activation --syslog-only,0.0,0.0669,5.18,0.0,0.0,0.0,0.0,0.0,1,sleeping,cpu
2026-09-22T13:32:29,203,1,systemd-logind,/usr/lib/systemd/systemd-logind,0.0,0.1112,8.62,0.0,0.0,0.0,0.0,0.0,1,sleeping,cpu
2026-09-22T13:32:29,217,1,agetty,/sbin/agetty -o -p -- \u --noclear - linux,0.0,0.0249,1.93,0.0,0.0,0.0,0.0,0.0,1,sleeping,cpu
2026-09-22T13:32:29,223,1,rsyslogd,/usr/sbin/rsyslogd -n -iNONE,0.0,0.0758,5.87,0.0,0.0,0.0,0.0,0.0,4,sleeping,cpu
2026-09-22T13:32:29,236,1,unattended-upgr,/usr/bin/python3 /usr/share/unattended-upgrades/unattended-upgrade-shutdown --wait-for-signal,0.0,0.2778,21.53,0.0,0.0,0.0,0.0,0.0,2,sleeping,cpu
2026-09-22T13:32:29,256,1,apache2,/usr/sbin/apache2 -k start,0.0,0.0634,4.91,0.0,0.0,1.0,0.0,0.0,1,sleeping,cpu
2026-09-22T13:32:29,257,256,apache2,/usr/sbin/apache2 -k start,0.0,0.0734,5.69,0.0,0.0,0.0,0.0,0.0,27,sleeping,cpu
2026-09-22T13:32:29,259,256,apache2,/usr/sbin/apache2 -k start,0.0,0.0734,5.69,0.0,0.0,0.0,0.0,0.0,27,sleeping,cpu
2026-09-22T13:32:29,386,2,login,/bin/login -f      ,0.0,0.0587,4.55,0.0,0.0,0.0,0.0,0.0,1,sleeping,cpu
2026-09-22T13:32:29,429,1,systemd,/usr/lib/systemd/systemd --user,0.0,0.145,11.24,0.0,0.0,0.0,0.0,0.0,1,sleeping,cpu
2026-09-22T13:32:29,430,429,(sd-pam),(sd-pam),0.0,0.0451,3.49,0.0,0.0,0.0,0.0,0.0,1,sleeping,cpu
2026-09-22T13:32:29,452,386,bash,-bash,0.0,0.0643,4.98,0.0,0.0,0.0,0.0,0.0,1,sleeping,cpu
2026-09-22T13:32:29,486,2,SessionLeader,/init,0.0,0.0142,1.1,0.0,0.0,0.0,0.0,0.0,1,sleeping,cpu
2026-09-22T13:32:29,487,486,Relay(488),/init,0.0,0.0159,1.23,0.0,0.0,0.0,0.0,0.0,1,sleeping,cpu
2026-09-22T13:32:29,488,487,bash,-bash,0.0,0.0666,5.16,0.0,0.0,0.0,0.0,0.0,1,sleeping,cpu
2026-09-22T13:32:29,696,2,SessionLeader,/init,0.0,0.0143,1.11,0.0,0.0,0.0,0.0,0.0,1,sleeping,cpu
2026-09-22T13:32:29,697,696,Relay(698),/init,0.0,0.0152,1.18,0.0,0.0,0.0,0.0,0.0,1,sleeping,cpu
2026-09-22T13:32:29,698,697,sh,"sh -c ""$VSCODE_WSL_EXT_LOCATION/scripts/wslServer.sh"" 7debcd0e2acdea1c52de81bf9ee1620444407dda stable code-server .vscode-server --host=127.0.0.1 --port=0 --connection-token=826864117-4248089396-2109865724-2149592531 --use-host-proxy --without-browser-env-var --disable-websocket-compression --accept-server-license-terms --telemetry-level=all",0.0,0.024,1.86,0.0,0.0,0.0,0.0,0.0,1,sleeping,cpu
2026-09-22T13:32:29,699,698,sh,sh /mnt/c/Users/Rohan/.vscode/extensions/ms-vscode-remote.remote-wsl-0.104.3/scripts/wslServer.sh 7debcd0e2acdea1c52de81bf9ee1620444407dda stable code-server .vscode-server --host=127.0.0.1 --port=0 --connection-token=826864117-4248089396-2109865724-2149592531 --use-host-proxy --without-browser-env-var --disable-websocket-compression --accept-server-license-terms --telemetry-level=all,0.0,0.0251,1.95,0.0,0.0,0.0,0.0,0.0,1,sleeping,cpu
2026-09-22T13:32:29,705,699,sh,sh /home/rohan/.vscode-server/bin/7debcd0e2acdea1c52de81bf9ee1620444407dda/bin/code-server --host=127.0.0.1 --port=0 --connection-token=826864117-4248089396-2109865724-2149592531 --use-host-proxy --without-browser-env-var --disable-websocket-compression --accept-server-license-terms --telemetry-level=all,0.0,0.025,1.93,0.0,0.0,0.0,0.0,0.0,1,sleeping,cpu
2026-09-22T13:32:29,709,705,MainThread,/home/rohan/.vscode-server/bin/7debcd0e2acdea1c52de81bf9ee1620444407dda/node /home/rohan/.vscode-server/bin/7debcd0e2acdea1c52de81bf9ee1620444407dda/out/server-main.js --host=127.0.0.1 --port=0 --connection-token=826864117-4248089396-2109865724-2149592531 --use-host-proxy --without-browser-env-var --disable-websocket-compression --accept-server-license-terms --telemetry-level=all,0.0,2.2863,177.16,0.0,0.0,5.48,0.0,0.0,11,sleeping,cpu
2026-09-22T13:32:29,721,2,SessionLeader,/init,0.0,0.0143,1.11,0.0,0.0,0.0,0.0,0.0,1,sleeping,cpu
2026-09-22T13:32:29,722,721,Relay(723),/init,0.0,0.0152,1.18,0.0,0.0,1.0,0.0,0.0,1,sleeping,cpu
2026-09-22T13:32:29,723,722,MainThread,"/home/rohan/.vscode-server/bin/7debcd0e2acdea1c52de81bf9ee1620444407dda/node -e const net = require('net'); process.stdin.pause(); const client = net.createConnection({ host: '127.0.0.1', port: 44115 }, () => { client.pipe(process.stdout); process.stdin.pipe(client); }); client.on('close', function (hadError) { console.error(hadError ? 'Remote close with error' : 'Remote close'); process.exit(hadError ? 1 : 0); }); client.on('error', function (err) { process.stderr.write(err && (err.stack || err.message) || String(err)); });",0.0,0.8724,67.6,0.0,0.0,1.0,0.0,0.0,7,sleeping,cpu
2026-09-22T13:32:29,730,2,SessionLeader,/init,0.0,0.0143,1.11,0.0,0.0,0.0,0.0,0.0,1,sleeping,cpu
2026-09-22T13:32:29,731,730,Relay(732),/init,0.0,0.0152,1.18,0.0,0.0,0.0,0.0,0.0,1,sleeping,cpu
2026-09-22T13:32:29,732,731,MainThread,"/home/rohan/.vscode-server/bin/7debcd0e2acdea1c52de81bf9ee1620444407dda/node -e const net = require('net'); process.stdin.pause(); const client = net.createConnection({ host: '127.0.0.1', port: 44115 }, () => { client.pipe(process.stdout); process.stdin.pipe(client); }); client.on('close', function (hadError) { console.error(hadError ? 'Remote close with error' : 'Remote close'); process.exit(hadError ? 1 : 0); }); client.on('error', function (err) { process.stderr.write(err && (err.stack || err.message) || String(err)); });",0.0,0.7746,60.02,0.0,0.0,0.0,0.0,0.0,7,sleeping,cpu
2026-09-22T13:32:29,743,709,MainThread,/home/rohan/.vscode-server/bin/7debcd0e2acdea1c52de81bf9ee1620444407dda/node /home/rohan/.vscode-server/bin/7debcd0e2acdea1c52de81bf9ee1620444407dda/out/bootstrap-fork --type=fileWatcher,0.0,0.8757,67.86,0.0,0.0,2.49,0.0,0.0,13,sleeping,cpu
2026-09-22T13:32:29,769,709,MainThread,/home/rohan/.vscode-server/bin/7debcd0e2acdea1c52de81bf9ee1620444407dda/node /home/rohan/.vscode-server/bin/7debcd0e2acdea1c52de81bf9ee1620444407dda/out/bootstrap-fork --type=agentHost --logsPath /home/rohan/.vscode-server/data/logs/20260922T120228 --user-data-dir /home/rohan/.vscode-server/data --telemetry-level all,0.0,1.7774,137.72,0.0,0.0,0.5,0.0,0.0,11,sleeping,cpu
2026-09-22T13:32:29,770,709,MainThread,/home/rohan/.vscode-server/bin/7debcd0e2acdea1c52de81bf9ee1620444407dda/node --dns-result-order=ipv4first /home/rohan/.vscode-server/bin/7debcd0e2acdea1c52de81bf9ee1620444407dda/out/bootstrap-fork --type=extensionHost --transformURIs --useHostProxy=true,1.0,6.7952,526.54,0.0,0.0,190.36,286.04,0.0,32,sleeping,cpu
2026-09-22T13:32:29,811,769,MainThread,/home/rohan/.vscode-server/bin/7debcd0e2acdea1c52de81bf9ee1620444407dda/node /home/rohan/.vscode-server/bin/7debcd0e2acdea1c52de81bf9ee1620444407dda/node_modules/@github/copilot-linux-x64/index.js --headless --no-auto-update --log-level info --stdio --no-auto-login,0.0,3.3565,260.08,0.0,0.0,0.0,0.0,0.0,44,sleeping,cpu
2026-09-22T13:32:29,812,770,MainThread,/home/rohan/.vscode-server/bin/7debcd0e2acdea1c52de81bf9ee1620444407dda/node /home/rohan/.vscode-server/bin/7debcd0e2acdea1c52de81bf9ee1620444407dda/extensions/markdown-language-features/dist/serverWorkerMain --node-ipc --clientProcessId=770,0.0,0.994,77.02,0.0,0.0,0.0,0.0,0.0,7,sleeping,cpu
2026-09-22T13:32:29,833,709,MainThread,/home/rohan/.vscode-server/bin/7debcd0e2acdea1c52de81bf9ee1620444407dda/node /home/rohan/.vscode-server/bin/7debcd0e2acdea1c52de81bf9ee1620444407dda/out/bootstrap-fork --type=ptyHost --logsPath /home/rohan/.vscode-server/data/logs/20260922T120228,0.0,0.9761,75.63,0.0,0.0,4.98,0.0,0.0,13,sleeping,cpu
2026-09-22T13:32:29,964,833,bash,/bin/bash --init-file /home/rohan/.vscode-server/bin/7debcd0e2acdea1c52de81bf9ee1620444407dda/out/vs/workbench/contrib/terminal/common/scripts/shellIntegration-bash.sh,0.0,0.0674,5.22,0.0,0.0,0.0,0.0,0.0,1,sleeping,cpu
2026-09-22T13:32:29,1424,2,SessionLeader,/init,0.0,0.0142,1.1,0.0,0.0,0.0,0.0,0.0,1,sleeping,cpu
2026-09-22T13:32:29,1425,1424,Relay(1426),/init,0.0,0.0143,1.11,0.0,0.0,0.0,0.0,0.0,1,sleeping,cpu
2026-09-22T13:32:29,1426,1425,bash,-bash,0.0,0.0665,5.15,0.0,0.0,0.0,0.0,0.0,1,sleeping,cpu
2026-09-22T13:32:29,4147,770,pet,/home/rohan/.vscode-server/extensions/ms-python.vscode-python-envs-1.37.2026092101-linux-x64/python-env-tools/bin/pet server,0.0,0.0749,5.8,0.0,0.0,0.0,0.0,0.0,21,sleeping,cpu
2026-09-22T13:32:29,4156,833,bash,/bin/bash --init-file /home/rohan/.vscode-server/bin/7debcd0e2acdea1c52de81bf9ee1620444407dda/out/vs/workbench/contrib/terminal/common/scripts/shellIntegration-bash.sh,0.0,0.0664,5.15,0.0,0.0,0.0,0.0,0.0,1,sleeping,cpu
2026-09-22T13:32:29,4295,770,MainThread,/home/rohan/.vscode-server/bin/7debcd0e2acdea1c52de81bf9ee1620444407dda/node /home/rohan/.vscode-server/extensions/ms-python.vscode-pylance-2026.3.105/dist/server.bundle.js --cancellationReceive=file:2bc56d7a41ee8749874d0000b75c5745f8ddf88b1a --node-ipc --clientProcessId=770,0.0,8.4531,655.0,0.0,0.0,0.0,0.0,0.0,9,sleeping,cpu
2026-09-22T13:32:29,5890,2,SessionLeader,/init,0.0,0.0142,1.1,0.0,0.0,0.0,0.0,0.0,1,sleeping,cpu
2026-09-22T13:32:29,5891,5890,Relay(5896),/init,0.0,0.0143,1.11,0.0,0.0,0.5,0.0,0.0,1,sleeping,cpu
2026-09-22T13:32:29,5896,5891,bash,-bash,0.0,0.0669,5.18,0.0,0.0,0.0,0.0,0.0,1,sleeping,cpu
2026-09-22T13:32:29,6172,2,SessionLeader,/init,0.0,0.0142,1.1,0.0,0.0,0.0,0.0,0.0,1,sleeping,cpu
2026-09-22T13:32:29,6173,6172,Relay(6174),/init,0.0,0.0143,1.11,0.0,0.0,0.0,0.0,0.0,1,sleeping,cpu
2026-09-22T13:32:29,6174,6173,bash,-bash,0.0,0.0666,5.16,0.0,0.0,0.0,0.0,0.0,1,sleeping,cpu
2026-09-22T13:32:29,6941,2,SessionLeader,/init,0.0,0.0142,1.1,0.0,0.0,0.0,0.0,0.0,1,sleeping,cpu
2026-09-22T13:32:29,6943,6941,Relay(6945),/init,0.0,0.0143,1.11,0.0,0.0,0.0,0.0,0.0,1,sleeping,cpu
2026-09-22T13:32:29,6945,6943,bash,-bash,0.0,0.0659,5.11,0.0,0.0,0.0,0.0,0.0,1,sleeping,cpu
2026-09-22T13:32:29,8650,2,SessionLeader,/init,0.0,0.0142,1.1,0.0,0.0,0.0,0.0,0.0,1,sleeping,cpu
2026-09-22T13:32:29,8652,8650,Relay(8654),/init,0.0,0.0143,1.11,0.0,0.0,0.0,0.0,0.0,1,sleeping,cpu
2026-09-22T13:32:29,8654,8652,bash,-bash,0.0,0.0688,5.33,0.0,0.0,0.0,0.0,0.0,1,sleeping,cpu
2026-09-22T13:32:29,8853,2,SessionLeader,/init,0.0,0.0142,1.1,0.0,0.0,0.0,0.0,0.0,1,sleeping,cpu
2026-09-22T13:32:29,8854,8853,Relay(8858),/init,0.0,0.0143,1.11,0.0,0.0,0.0,0.0,0.0,1,sleeping,cpu
2026-09-22T13:32:29,8858,8854,bash,-bash,0.0,0.0681,5.27,0.0,0.0,0.0,0.0,0.0,1,sleeping,cpu
2026-09-22T13:32:29,15760,2,SessionLeader,/init,0.0,0.0142,1.1,0.0,0.0,0.0,0.0,0.0,1,sleeping,cpu
2026-09-22T13:32:29,15762,15760,Relay(15767),/init,0.0,0.0143,1.11,0.0,0.0,0.0,0.0,0.0,1,sleeping,cpu
2026-09-22T13:32:29,15767,15762,bash,-bash,0.0,0.0696,5.39,0.0,0.0,0.0,0.0,0.0,1,sleeping,cpu
2026-09-22T13:32:29,15903,2,SessionLeader,/init,0.0,0.0142,1.1,0.0,0.0,0.0,0.0,0.0,1,sleeping,cpu
2026-09-22T13:32:29,15904,15903,Relay(15909),/init,0.0,0.0143,1.11,0.0,0.0,0.0,0.0,0.0,1,sleeping,cpu
2026-09-22T13:32:29,15909,15904,bash,-bash,0.0,0.0699,5.42,0.0,0.0,0.0,0.0,0.0,1,sleeping,cpu
2026-09-22T13:32:29,16472,1426,top,top,0.0,0.0719,5.57,0.0,0.0,0.0,0.0,0.0,1,sleeping,cpu
2026-09-22T13:32:29,20473,6174,python,python workloads/cpu/cpu_workload.py,100.2,0.1181,9.15,0.0,0.0,4.98,0.0,0.0,1,running,cpu
2026-09-22T13:32:29,20518,1,wsl-pro-service,/usr/libexec/wsl-pro-service,0.0,0.1749,13.55,0.0,0.0,0.0,0.0,0.0,8,sleeping,cpu
2026-09-22T13:32:31,1,0,systemd,/sbin/init,0.0,0.1667,12.91,0.0,0.0,1.0,0.0,0.0,1,sleeping,cpu
2026-09-22T13:32:31,2,1,init-systemd(Ub,/init,0.0,0.0279,2.16,0.0,0.0,0.0,0.0,0.0,2,sleeping,cpu
2026-09-22T13:32:31,7,2,init,plan9 --control-socket 7 --log-level 4 --server-fd 8 --pipe-fd 10 --log-truncate,0.0,0.0268,2.08,0.0,0.0,0.0,0.0,0.0,2,sleeping,cpu
2026-09-22T13:32:31,43,1,systemd-journald,/usr/lib/systemd/systemd-journald,1.0,0.2003,15.52,0.0,0.0,6.0,916.26,1.5,1,sleeping,cpu
2026-09-22T13:32:31,98,1,systemd-udevd,/usr/lib/systemd/systemd-udevd,0.0,0.0799,6.19,0.0,0.0,0.0,0.0,0.0,1,sleeping,cpu
2026-09-22T13:32:31,177,1,systemd-resolved,/usr/lib/systemd/systemd-resolved,0.0,0.1656,12.83,0.0,0.0,1.0,0.0,0.0,1,sleeping,cpu
2026-09-22T13:32:31,178,1,systemd-timesyncd,/usr/lib/systemd/systemd-timesyncd,0.0,0.1002,7.77,0.0,0.0,1.0,0.0,0.0,2,sleeping,cpu
2026-09-22T13:32:31,188,1,cron,/usr/sbin/cron -f -P,0.0,0.0338,2.62,0.0,0.0,0.0,0.0,0.0,1,sleeping,cpu
2026-09-22T13:32:31,189,1,dbus-daemon,@dbus-daemon --system --address=systemd: --nofork --nopidfile --systemd-activation --syslog-only,0.0,0.0669,5.18,0.0,0.0,1.5,0.0,0.0,1,sleeping,cpu
2026-09-22T13:32:31,203,1,systemd-logind,/usr/lib/systemd/systemd-logind,0.0,0.1112,8.62,0.0,0.0,2.5,0.0,0.0,1,sleeping,cpu
2026-09-22T13:32:31,217,1,agetty,/sbin/agetty -o -p -- \u --noclear - linux,0.0,0.0249,1.93,0.0,0.0,0.0,0.0,0.0,1,sleeping,cpu
2026-09-22T13:32:31,223,1,rsyslogd,/usr/sbin/rsyslogd -n -iNONE,0.0,0.0758,5.87,0.0,0.0,0.0,0.0,0.0,4,sleeping,cpu
2026-09-22T13:32:31,236,1,unattended-upgr,/usr/bin/python3 /usr/share/unattended-upgrades/unattended-upgrade-shutdown --wait-for-signal,0.0,0.2778,21.53,0.0,0.0,0.0,0.0,0.0,2,sleeping,cpu
2026-09-22T13:32:31,256,1,apache2,/usr/sbin/apache2 -k start,0.0,0.0634,4.91,0.0,0.0,1.0,0.0,0.0,1,sleeping,cpu
2026-09-22T13:32:31,257,256,apache2,/usr/sbin/apache2 -k start,0.0,0.0734,5.69,0.0,0.0,0.0,0.0,0.0,27,sleeping,cpu
2026-09-22T13:32:31,259,256,apache2,/usr/sbin/apache2 -k start,0.0,0.0734,5.69,0.0,0.0,0.0,0.0,0.0,27,sleeping,cpu
2026-09-22T13:32:31,386,2,login,/bin/login -f      ,0.0,0.0587,4.55,0.0,0.0,0.0,0.0,0.0,1,sleeping,cpu
2026-09-22T13:32:31,429,1,systemd,/usr/lib/systemd/systemd --user,0.0,0.145,11.24,0.0,0.0,1.0,0.0,0.0,1,sleeping,cpu
2026-09-22T13:32:31,430,429,(sd-pam),(sd-pam),0.0,0.0451,3.49,0.0,0.0,0.0,0.0,0.0,1,sleeping,cpu
2026-09-22T13:32:31,452,386,bash,-bash,0.0,0.0643,4.98,0.0,0.0,0.0,0.0,0.0,1,sleeping,cpu
2026-09-22T13:32:31,486,2,SessionLeader,/init,0.0,0.0142,1.1,0.0,0.0,0.0,0.0,0.0,1,sleeping,cpu
2026-09-22T13:32:31,487,486,Relay(488),/init,0.0,0.0159,1.23,0.0,0.0,0.0,0.0,0.0,1,sleeping,cpu
2026-09-22T13:32:31,488,487,bash,-bash,0.0,0.0666,5.16,0.0,0.0,0.0,0.0,0.0,1,sleeping,cpu
2026-09-22T13:32:31,696,2,SessionLeader,/init,0.0,0.0143,1.11,0.0,0.0,0.0,0.0,0.0,1,sleeping,cpu
2026-09-22T13:32:31,697,696,Relay(698),/init,0.0,0.0152,1.18,0.0,0.0,0.0,0.0,0.0,1,sleeping,cpu
2026-09-22T13:32:31,698,697,sh,"sh -c ""$VSCODE_WSL_EXT_LOCATION/scripts/wslServer.sh"" 7debcd0e2acdea1c52de81bf9ee1620444407dda stable code-server .vscode-server --host=127.0.0.1 --port=0 --connection-token=826864117-4248089396-2109865724-2149592531 --use-host-proxy --without-browser-env-var --disable-websocket-compression --accept-server-license-terms --telemetry-level=all",0.0,0.024,1.86,0.0,0.0,0.0,0.0,0.0,1,sleeping,cpu
2026-09-22T13:32:31,699,698,sh,sh /mnt/c/Users/Rohan/.vscode/extensions/ms-vscode-remote.remote-wsl-0.104.3/scripts/wslServer.sh 7debcd0e2acdea1c52de81bf9ee1620444407dda stable code-server .vscode-server --host=127.0.0.1 --port=0 --connection-token=826864117-4248089396-2109865724-2149592531 --use-host-proxy --without-browser-env-var --disable-websocket-compression --accept-server-license-terms --telemetry-level=all,0.0,0.0251,1.95,0.0,0.0,0.0,0.0,0.0,1,sleeping,cpu
2026-09-22T13:32:31,705,699,sh,sh /home/rohan/.vscode-server/bin/7debcd0e2acdea1c52de81bf9ee1620444407dda/bin/code-server --host=127.0.0.1 --port=0 --connection-token=826864117-4248089396-2109865724-2149592531 --use-host-proxy --without-browser-env-var --disable-websocket-compression --accept-server-license-terms --telemetry-level=all,0.0,0.025,1.93,0.0,0.0,0.0,0.0,0.0,1,sleeping,cpu
2026-09-22T13:32:31,709,705,MainThread,/home/rohan/.vscode-server/bin/7debcd0e2acdea1c52de81bf9ee1620444407dda/node /home/rohan/.vscode-server/bin/7debcd0e2acdea1c52de81bf9ee1620444407dda/out/server-main.js --host=127.0.0.1 --port=0 --connection-token=826864117-4248089396-2109865724-2149592531 --use-host-proxy --without-browser-env-var --disable-websocket-compression --accept-server-license-terms --telemetry-level=all,0.5,2.2863,177.16,0.0,0.0,2.0,0.0,0.0,11,sleeping,cpu
2026-09-22T13:32:31,721,2,SessionLeader,/init,0.0,0.0143,1.11,0.0,0.0,0.0,0.0,0.0,1,sleeping,cpu
2026-09-22T13:32:31,722,721,Relay(723),/init,0.0,0.0152,1.18,0.0,0.0,0.5,0.0,0.0,1,sleeping,cpu
2026-09-22T13:32:31,723,722,MainThread,"/home/rohan/.vscode-server/bin/7debcd0e2acdea1c52de81bf9ee1620444407dda/node -e const net = require('net'); process.stdin.pause(); const client = net.createConnection({ host: '127.0.0.1', port: 44115 }, () => { client.pipe(process.stdout); process.stdin.pipe(client); }); client.on('close', function (hadError) { console.error(hadError ? 'Remote close with error' : 'Remote close'); process.exit(hadError ? 1 : 0); }); client.on('error', function (err) { process.stderr.write(err && (err.stack || err.message) || String(err)); });",0.0,0.8724,67.6,0.0,0.0,0.5,0.0,0.0,7,sleeping,cpu
2026-09-22T13:32:31,730,2,SessionLeader,/init,0.0,0.0143,1.11,0.0,0.0,0.0,0.0,0.0,1,sleeping,cpu
2026-09-22T13:32:31,731,730,Relay(732),/init,0.0,0.0152,1.18,0.0,0.0,0.5,0.0,0.0,1,sleeping,cpu
2026-09-22T13:32:31,732,731,MainThread,"/home/rohan/.vscode-server/bin/7debcd0e2acdea1c52de81bf9ee1620444407dda/node -e const net = require('net'); process.stdin.pause(); const client = net.createConnection({ host: '127.0.0.1', port: 44115 }, () => { client.pipe(process.stdout); process.stdin.pipe(client); }); client.on('close', function (hadError) { console.error(hadError ? 'Remote close with error' : 'Remote close'); process.exit(hadError ? 1 : 0); }); client.on('error', function (err) { process.stderr.write(err && (err.stack || err.message) || String(err)); });",0.0,0.7746,60.02,0.0,0.0,0.5,0.0,0.0,7,sleeping,cpu
2026-09-22T13:32:31,743,709,MainThread,/home/rohan/.vscode-server/bin/7debcd0e2acdea1c52de81bf9ee1620444407dda/node /home/rohan/.vscode-server/bin/7debcd0e2acdea1c52de81bf9ee1620444407dda/out/bootstrap-fork --type=fileWatcher,0.0,0.8757,67.86,0.0,0.0,1.0,0.0,0.0,13,sleeping,cpu
2026-09-22T13:32:31,769,709,MainThread,/home/rohan/.vscode-server/bin/7debcd0e2acdea1c52de81bf9ee1620444407dda/node /home/rohan/.vscode-server/bin/7debcd0e2acdea1c52de81bf9ee1620444407dda/out/bootstrap-fork --type=agentHost --logsPath /home/rohan/.vscode-server/data/logs/20260922T120228 --user-data-dir /home/rohan/.vscode-server/data --telemetry-level all,0.0,1.7774,137.72,0.0,0.0,0.5,0.0,0.0,11,sleeping,cpu
2026-09-22T13:32:31,770,709,MainThread,/home/rohan/.vscode-server/bin/7debcd0e2acdea1c52de81bf9ee1620444407dda/node --dns-result-order=ipv4first /home/rohan/.vscode-server/bin/7debcd0e2acdea1c52de81bf9ee1620444407dda/out/bootstrap-fork --type=extensionHost --transformURIs --useHostProxy=true,2.5,6.7952,526.54,0.0,0.0,196.04,835.16,0.0,32,sleeping,cpu
2026-09-22T13:32:31,811,769,MainThread,/home/rohan/.vscode-server/bin/7debcd0e2acdea1c52de81bf9ee1620444407dda/node /home/rohan/.vscode-server/bin/7debcd0e2acdea1c52de81bf9ee1620444407dda/node_modules/@github/copilot-linux-x64/index.js --headless --no-auto-update --log-level info --stdio --no-auto-login,0.0,3.3565,260.08,0.0,0.0,0.0,0.0,0.0,44,sleeping,cpu
2026-09-22T13:32:31,812,770,MainThread,/home/rohan/.vscode-server/bin/7debcd0e2acdea1c52de81bf9ee1620444407dda/node /home/rohan/.vscode-server/bin/7debcd0e2acdea1c52de81bf9ee1620444407dda/extensions/markdown-language-features/dist/serverWorkerMain --node-ipc --clientProcessId=770,0.5,0.994,77.02,0.0,0.0,0.5,0.0,0.0,7,sleeping,cpu
2026-09-22T13:32:31,833,709,MainThread,/home/rohan/.vscode-server/bin/7debcd0e2acdea1c52de81bf9ee1620444407dda/node /home/rohan/.vscode-server/bin/7debcd0e2acdea1c52de81bf9ee1620444407dda/out/bootstrap-fork --type=ptyHost --logsPath /home/rohan/.vscode-server/data/logs/20260922T120228,0.0,0.9761,75.63,0.0,0.0,5.0,0.0,0.0,13,sleeping,cpu
2026-09-22T13:32:31,964,833,bash,/bin/bash --init-file /home/rohan/.vscode-server/bin/7debcd0e2acdea1c52de81bf9ee1620444407dda/out/vs/workbench/contrib/terminal/common/scripts/shellIntegration-bash.sh,0.0,0.0674,5.22,0.0,0.0,0.0,0.0,0.0,1,sleeping,cpu
2026-09-22T13:32:31,1424,2,SessionLeader,/init,0.0,0.0142,1.1,0.0,0.0,0.0,0.0,0.0,1,sleeping,cpu
2026-09-22T13:32:31,1425,1424,Relay(1426),/init,0.0,0.0143,1.11,0.0,0.0,1.0,0.0,0.0,1,sleeping,cpu
2026-09-22T13:32:31,1426,1425,bash,-bash,0.0,0.0665,5.15,0.0,0.0,0.0,0.0,0.0,1,sleeping,cpu
2026-09-22T13:32:31,4147,770,pet,/home/rohan/.vscode-server/extensions/ms-python.vscode-python-envs-1.37.2026092101-linux-x64/python-env-tools/bin/pet server,0.0,0.0749,5.8,0.0,0.0,0.0,0.0,0.0,21,sleeping,cpu
2026-09-22T13:32:31,4156,833,bash,/bin/bash --init-file /home/rohan/.vscode-server/bin/7debcd0e2acdea1c52de81bf9ee1620444407dda/out/vs/workbench/contrib/terminal/common/scripts/shellIntegration-bash.sh,0.0,0.0664,5.15,0.0,0.0,0.0,0.0,0.0,1,sleeping,cpu
2026-09-22T13:32:31,4295,770,MainThread,/home/rohan/.vscode-server/bin/7debcd0e2acdea1c52de81bf9ee1620444407dda/node /home/rohan/.vscode-server/extensions/ms-python.vscode-pylance-2026.3.105/dist/server.bundle.js --cancellationReceive=file:2bc56d7a41ee8749874d0000b75c5745f8ddf88b1a --node-ipc --clientProcessId=770,0.0,8.4531,655.0,0.0,0.0,0.5,0.0,0.0,9,sleeping,cpu
2026-09-22T13:32:31,5890,2,SessionLeader,/init,0.0,0.0142,1.1,0.0,0.0,0.0,0.0,0.0,1,sleeping,cpu
2026-09-22T13:32:31,5891,5890,Relay(5896),/init,0.0,0.0143,1.11,0.0,0.0,0.5,0.0,0.0,1,sleeping,cpu
2026-09-22T13:32:31,5896,5891,bash,-bash,0.0,0.0669,5.18,0.0,0.0,0.0,0.0,0.0,1,sleeping,cpu
2026-09-22T13:32:31,6172,2,SessionLeader,/init,0.0,0.0142,1.1,0.0,0.0,0.0,0.0,0.0,1,sleeping,cpu
2026-09-22T13:32:31,6173,6172,Relay(6174),/init,0.0,0.0143,1.11,0.0,0.0,0.0,0.0,0.0,1,sleeping,cpu
2026-09-22T13:32:31,6174,6173,bash,-bash,0.0,0.0666,5.16,0.0,0.0,0.0,0.0,0.0,1,sleeping,cpu
2026-09-22T13:32:31,6941,2,SessionLeader,/init,0.0,0.0142,1.1,0.0,0.0,0.0,0.0,0.0,1,sleeping,cpu
2026-09-22T13:32:31,6943,6941,Relay(6945),/init,0.0,0.0143,1.11,0.0,0.0,0.0,0.0,0.0,1,sleeping,cpu
2026-09-22T13:32:31,6945,6943,bash,-bash,0.0,0.0659,5.11,0.0,0.0,0.0,0.0,0.0,1,sleeping,cpu
2026-09-22T13:32:31,8650,2,SessionLeader,/init,0.0,0.0142,1.1,0.0,0.0,0.0,0.0,0.0,1,sleeping,cpu
2026-09-22T13:32:31,8652,8650,Relay(8654),/init,0.0,0.0143,1.11,0.0,0.0,0.0,0.0,0.0,1,sleeping,cpu
2026-09-22T13:32:31,8654,8652,bash,-bash,0.0,0.0688,5.33,0.0,0.0,0.0,0.0,0.0,1,sleeping,cpu
2026-09-22T13:32:31,8853,2,SessionLeader,/init,0.0,0.0142,1.1,0.0,0.0,0.0,0.0,0.0,1,sleeping,cpu
2026-09-22T13:32:31,8854,8853,Relay(8858),/init,0.0,0.0143,1.11,0.0,0.0,0.0,0.0,0.0,1,sleeping,cpu
2026-09-22T13:32:31,8858,8854,bash,-bash,0.0,0.0681,5.27,0.0,0.0,0.0,0.0,0.0,1,sleeping,cpu
2026-09-22T13:32:31,15760,2,SessionLeader,/init,0.0,0.0142,1.1,0.0,0.0,0.0,0.0,0.0,1,sleeping,cpu
2026-09-22T13:32:31,15762,15760,Relay(15767),/init,0.0,0.0143,1.11,0.0,0.0,0.0,0.0,0.0,1,sleeping,cpu
2026-09-22T13:32:31,15767,15762,bash,-bash,0.0,0.0696,5.39,0.0,0.0,0.0,0.0,0.0,1,sleeping,cpu
2026-09-22T13:32:31,15903,2,SessionLeader,/init,0.0,0.0142,1.1,0.0,0.0,0.0,0.0,0.0,1,sleeping,cpu
2026-09-22T13:32:31,15904,15903,Relay(15909),/init,0.0,0.0143,1.11,0.0,0.0,0.0,0.0,0.0,1,sleeping,cpu
2026-09-22T13:32:31,15909,15904,bash,-bash,0.0,0.0699,5.42,0.0,0.0,0.0,0.0,0.0,1,sleeping,cpu
2026-09-22T13:32:31,16472,1426,top,top,0.0,0.0719,5.57,0.0,0.0,0.5,0.0,0.0,1,sleeping,cpu
2026-09-22T13:32:31,20473,6174,python,python workloads/cpu/cpu_workload.py,100.2,0.1181,9.15,0.0,0.0,2.5,0.0,0.0,1,running,cpu
2026-09-22T13:32:31,20518,1,wsl-pro-service,/usr/libexec/wsl-pro-service,0.0,0.1749,13.55,0.0,0.0,0.0,0.0,0.0,8,sleeping,cpu
2026-09-22T13:32:33,1,0,systemd,/sbin/init,0.0,0.1667,12.91,0.0,0.0,0.0,0.0,0.0,1,sleeping,cpu
2026-09-22T13:32:33,2,1,init-systemd(Ub,/init,0.0,0.0279,2.16,0.0,0.0,0.0,0.0,0.0,2,sleeping,cpu
2026-09-22T13:32:33,7,2,init,plan9 --control-socket 7 --log-level 4 --server-fd 8 --pipe-fd 10 --log-truncate,0.0,0.0268,2.08,0.0,0.0,0.0,0.0,0.0,2,sleeping,cpu
2026-09-22T13:32:33,43,1,systemd-journald,/usr/lib/systemd/systemd-journald,0.0,0.2003,15.52,0.0,0.0,0.0,0.0,0.0,1,sleeping,cpu
2026-09-22T13:32:33,98,1,systemd-udevd,/usr/lib/systemd/systemd-udevd,0.0,0.0799,6.19,0.0,0.0,0.0,0.0,0.0,1,sleeping,cpu
2026-09-22T13:32:33,177,1,systemd-resolved,/usr/lib/systemd/systemd-resolved,0.0,0.1656,12.83,0.0,0.0,0.0,0.0,0.0,1,sleeping,cpu
2026-09-22T13:32:33,178,1,systemd-timesyncd,/usr/lib/systemd/systemd-timesyncd,0.0,0.1002,7.77,0.0,0.0,0.0,0.0,0.0,2,sleeping,cpu
2026-09-22T13:32:33,188,1,cron,/usr/sbin/cron -f -P,0.0,0.0338,2.62,0.0,0.0,0.0,0.0,0.0,1,sleeping,cpu
2026-09-22T13:32:33,189,1,dbus-daemon,@dbus-daemon --system --address=systemd: --nofork --nopidfile --systemd-activation --syslog-only,0.0,0.0669,5.18,0.0,0.0,0.0,0.0,0.0,1,sleeping,cpu
2026-09-22T13:32:33,203,1,systemd-logind,/usr/lib/systemd/systemd-logind,0.0,0.1112,8.62,0.0,0.0,0.0,0.0,0.0,1,sleeping,cpu
2026-09-22T13:32:33,217,1,agetty,/sbin/agetty -o -p -- \u --noclear - linux,0.0,0.0249,1.93,0.0,0.0,0.0,0.0,0.0,1,sleeping,cpu
2026-09-22T13:32:33,223,1,rsyslogd,/usr/sbin/rsyslogd -n -iNONE,0.0,0.0758,5.87,0.0,0.0,0.0,0.0,0.0,4,sleeping,cpu
2026-09-22T13:32:33,236,1,unattended-upgr,/usr/bin/python3 /usr/share/unattended-upgrades/unattended-upgrade-shutdown --wait-for-signal,0.0,0.2778,21.53,0.0,0.0,0.0,0.0,0.0,2,sleeping,cpu
2026-09-22T13:32:33,256,1,apache2,/usr/sbin/apache2 -k start,0.0,0.0634,4.91,0.0,0.0,1.0,0.0,0.0,1,sleeping,cpu
2026-09-22T13:32:33,257,256,apache2,/usr/sbin/apache2 -k start,0.0,0.0734,5.69,0.0,0.0,0.0,0.0,0.0,27,sleeping,cpu
2026-09-22T13:32:33,259,256,apache2,/usr/sbin/apache2 -k start,0.0,0.0734,5.69,0.0,0.0,0.0,0.0,0.0,27,sleeping,cpu
2026-09-22T13:32:33,386,2,login,/bin/login -f      ,0.0,0.0587,4.55,0.0,0.0,0.0,0.0,0.0,1,sleeping,cpu
2026-09-22T13:32:33,429,1,systemd,/usr/lib/systemd/systemd --user,0.0,0.145,11.24,0.0,0.0,0.0,0.0,0.0,1,sleeping,cpu
2026-09-22T13:32:33,430,429,(sd-pam),(sd-pam),0.0,0.0451,3.49,0.0,0.0,0.0,0.0,0.0,1,sleeping,cpu
2026-09-22T13:32:33,452,386,bash,-bash,0.0,0.0643,4.98,0.0,0.0,0.0,0.0,0.0,1,sleeping,cpu
2026-09-22T13:32:33,486,2,SessionLeader,/init,0.0,0.0142,1.1,0.0,0.0,0.0,0.0,0.0,1,sleeping,cpu
2026-09-22T13:32:33,487,486,Relay(488),/init,0.0,0.0159,1.23,0.0,0.0,0.0,0.0,0.0,1,sleeping,cpu
2026-09-22T13:32:33,488,487,bash,-bash,0.0,0.0666,5.16,0.0,0.0,0.0,0.0,0.0,1,sleeping,cpu
2026-09-22T13:32:33,696,2,SessionLeader,/init,0.0,0.0143,1.11,0.0,0.0,0.0,0.0,0.0,1,sleeping,cpu
2026-09-22T13:32:33,697,696,Relay(698),/init,0.0,0.0152,1.18,0.0,0.0,0.0,0.0,0.0,1,sleeping,cpu
2026-09-22T13:32:33,698,697,sh,"sh -c ""$VSCODE_WSL_EXT_LOCATION/scripts/wslServer.sh"" 7debcd0e2acdea1c52de81bf9ee1620444407dda stable code-server .vscode-server --host=127.0.0.1 --port=0 --connection-token=826864117-4248089396-2109865724-2149592531 --use-host-proxy --without-browser-env-var --disable-websocket-compression --accept-server-license-terms --telemetry-level=all",0.0,0.024,1.86,0.0,0.0,0.0,0.0,0.0,1,sleeping,cpu
2026-09-22T13:32:33,699,698,sh,sh /mnt/c/Users/Rohan/.vscode/extensions/ms-vscode-remote.remote-wsl-0.104.3/scripts/wslServer.sh 7debcd0e2acdea1c52de81bf9ee1620444407dda stable code-server .vscode-server --host=127.0.0.1 --port=0 --connection-token=826864117-4248089396-2109865724-2149592531 --use-host-proxy --without-browser-env-var --disable-websocket-compression --accept-server-license-terms --telemetry-level=all,0.0,0.0251,1.95,0.0,0.0,0.0,0.0,0.0,1,sleeping,cpu
2026-09-22T13:32:33,705,699,sh,sh /home/rohan/.vscode-server/bin/7debcd0e2acdea1c52de81bf9ee1620444407dda/bin/code-server --host=127.0.0.1 --port=0 --connection-token=826864117-4248089396-2109865724-2149592531 --use-host-proxy --without-browser-env-var --disable-websocket-compression --accept-server-license-terms --telemetry-level=all,0.0,0.025,1.93,0.0,0.0,0.0,0.0,0.0,1,sleeping,cpu
2026-09-22T13:32:33,709,705,MainThread,/home/rohan/.vscode-server/bin/7debcd0e2acdea1c52de81bf9ee1620444407dda/node /home/rohan/.vscode-server/bin/7debcd0e2acdea1c52de81bf9ee1620444407dda/out/server-main.js --host=127.0.0.1 --port=0 --connection-token=826864117-4248089396-2109865724-2149592531 --use-host-proxy --without-browser-env-var --disable-websocket-compression --accept-server-license-terms --telemetry-level=all,0.0,2.2863,177.16,0.0,0.0,4.48,0.0,0.0,11,sleeping,cpu
2026-09-22T13:32:33,721,2,SessionLeader,/init,0.0,0.0143,1.11,0.0,0.0,0.0,0.0,0.0,1,sleeping,cpu
2026-09-22T13:32:33,722,721,Relay(723),/init,0.0,0.0152,1.18,0.0,0.0,0.5,0.0,0.0,1,sleeping,cpu
2026-09-22T13:32:33,723,722,MainThread,"/home/rohan/.vscode-server/bin/7debcd0e2acdea1c52de81bf9ee1620444407dda/node -e const net = require('net'); process.stdin.pause(); const client = net.createConnection({ host: '127.0.0.1', port: 44115 }, () => { client.pipe(process.stdout); process.stdin.pipe(client); }); client.on('close', function (hadError) { console.error(hadError ? 'Remote close with error' : 'Remote close'); process.exit(hadError ? 1 : 0); }); client.on('error', function (err) { process.stderr.write(err && (err.stack || err.message) || String(err)); });",0.0,0.8724,67.6,0.0,0.0,0.5,0.0,0.0,7,sleeping,cpu
2026-09-22T13:32:33,730,2,SessionLeader,/init,0.0,0.0143,1.11,0.0,0.0,0.0,0.0,0.0,1,sleeping,cpu
2026-09-22T13:32:33,731,730,Relay(732),/init,0.0,0.0152,1.18,0.0,0.0,0.5,0.0,0.0,1,sleeping,cpu
2026-09-22T13:32:33,732,731,MainThread,"/home/rohan/.vscode-server/bin/7debcd0e2acdea1c52de81bf9ee1620444407dda/node -e const net = require('net'); process.stdin.pause(); const client = net.createConnection({ host: '127.0.0.1', port: 44115 }, () => { client.pipe(process.stdout); process.stdin.pipe(client); }); client.on('close', function (hadError) { console.error(hadError ? 'Remote close with error' : 'Remote close'); process.exit(hadError ? 1 : 0); }); client.on('error', function (err) { process.stderr.write(err && (err.stack || err.message) || String(err)); });",0.0,0.7746,60.02,0.0,0.0,0.5,0.0,0.0,7,sleeping,cpu
2026-09-22T13:32:33,743,709,MainThread,/home/rohan/.vscode-server/bin/7debcd0e2acdea1c52de81bf9ee1620444407dda/node /home/rohan/.vscode-server/bin/7debcd0e2acdea1c52de81bf9ee1620444407dda/out/bootstrap-fork --type=fileWatcher,0.5,0.8757,67.86,0.0,0.0,3.99,0.0,0.0,13,sleeping,cpu
2026-09-22T13:32:33,769,709,MainThread,/home/rohan/.vscode-server/bin/7debcd0e2acdea1c52de81bf9ee1620444407dda/node /home/rohan/.vscode-server/bin/7debcd0e2acdea1c52de81bf9ee1620444407dda/out/bootstrap-fork --type=agentHost --logsPath /home/rohan/.vscode-server/data/logs/20260922T120228 --user-data-dir /home/rohan/.vscode-server/data --telemetry-level all,0.0,1.7774,137.72,0.0,0.0,0.5,0.0,0.0,11,sleeping,cpu
2026-09-22T13:32:33,770,709,MainThread,/home/rohan/.vscode-server/bin/7debcd0e2acdea1c52de81bf9ee1620444407dda/node --dns-result-order=ipv4first /home/rohan/.vscode-server/bin/7debcd0e2acdea1c52de81bf9ee1620444407dda/out/bootstrap-fork --type=extensionHost --transformURIs --useHostProxy=true,2.0,6.7952,526.54,0.0,0.0,201.31,874.51,0.0,32,sleeping,cpu
2026-09-22T13:32:33,811,769,MainThread,/home/rohan/.vscode-server/bin/7debcd0e2acdea1c52de81bf9ee1620444407dda/node /home/rohan/.vscode-server/bin/7debcd0e2acdea1c52de81bf9ee1620444407dda/node_modules/@github/copilot-linux-x64/index.js --headless --no-auto-update --log-level info --stdio --no-auto-login,0.0,3.3565,260.08,0.0,0.0,0.0,0.0,0.0,44,sleeping,cpu
2026-09-22T13:32:33,812,770,MainThread,/home/rohan/.vscode-server/bin/7debcd0e2acdea1c52de81bf9ee1620444407dda/node /home/rohan/.vscode-server/bin/7debcd0e2acdea1c52de81bf9ee1620444407dda/extensions/markdown-language-features/dist/serverWorkerMain --node-ipc --clientProcessId=770,0.0,0.994,77.02,0.0,0.0,0.5,0.0,0.0,7,sleeping,cpu
2026-09-22T13:32:33,833,709,MainThread,/home/rohan/.vscode-server/bin/7debcd0e2acdea1c52de81bf9ee1620444407dda/node /home/rohan/.vscode-server/bin/7debcd0e2acdea1c52de81bf9ee1620444407dda/out/bootstrap-fork --type=ptyHost --logsPath /home/rohan/.vscode-server/data/logs/20260922T120228,0.0,0.9761,75.63,0.0,0.0,6.48,0.0,0.0,13,sleeping,cpu
2026-09-22T13:32:33,964,833,bash,/bin/bash --init-file /home/rohan/.vscode-server/bin/7debcd0e2acdea1c52de81bf9ee1620444407dda/out/vs/workbench/contrib/terminal/common/scripts/shellIntegration-bash.sh,0.0,0.0674,5.22,0.0,0.0,0.0,0.0,0.0,1,sleeping,cpu
2026-09-22T13:32:33,1424,2,SessionLeader,/init,0.0,0.0142,1.1,0.0,0.0,0.0,0.0,0.0,1,sleeping,cpu
2026-09-22T13:32:33,1425,1424,Relay(1426),/init,0.0,0.0143,1.11,0.0,0.0,1.0,0.0,0.0,1,sleeping,cpu
2026-09-22T13:32:33,1426,1425,bash,-bash,0.0,0.0665,5.15,0.0,0.0,0.0,0.0,0.0,1,sleeping,cpu
2026-09-22T13:32:33,4147,770,pet,/home/rohan/.vscode-server/extensions/ms-python.vscode-python-envs-1.37.2026092101-linux-x64/python-env-tools/bin/pet server,0.0,0.0749,5.8,0.0,0.0,0.0,0.0,0.0,21,sleeping,cpu
2026-09-22T13:32:33,4156,833,bash,/bin/bash --init-file /home/rohan/.vscode-server/bin/7debcd0e2acdea1c52de81bf9ee1620444407dda/out/vs/workbench/contrib/terminal/common/scripts/shellIntegration-bash.sh,0.0,0.0664,5.15,0.0,0.0,0.0,0.0,0.0,1,sleeping,cpu
2026-09-22T13:32:33,4295,770,MainThread,/home/rohan/.vscode-server/bin/7debcd0e2acdea1c52de81bf9ee1620444407dda/node /home/rohan/.vscode-server/extensions/ms-python.vscode-pylance-2026.3.105/dist/server.bundle.js --cancellationReceive=file:2bc56d7a41ee8749874d0000b75c5745f8ddf88b1a --node-ipc --clientProcessId=770,0.0,8.4531,655.0,0.0,0.0,0.5,0.0,0.0,9,sleeping,cpu
2026-09-22T13:32:33,5890,2,SessionLeader,/init,0.0,0.0142,1.1,0.0,0.0,0.0,0.0,0.0,1,sleeping,cpu
2026-09-22T13:32:33,5891,5890,Relay(5896),/init,0.0,0.0143,1.11,0.0,0.0,0.5,0.0,0.0,1,sleeping,cpu
2026-09-22T13:32:33,5896,5891,bash,-bash,0.0,0.0669,5.18,0.0,0.0,0.0,0.0,0.0,1,sleeping,cpu
2026-09-22T13:32:33,6172,2,SessionLeader,/init,0.0,0.0142,1.1,0.0,0.0,0.0,0.0,0.0,1,sleeping,cpu
2026-09-22T13:32:33,6173,6172,Relay(6174),/init,0.0,0.0143,1.11,0.0,0.0,0.0,0.0,0.0,1,sleeping,cpu
2026-09-22T13:32:33,6174,6173,bash,-bash,0.0,0.0666,5.16,0.0,0.0,0.0,0.0,0.0,1,sleeping,cpu
2026-09-22T13:32:33,6941,2,SessionLeader,/init,0.0,0.0142,1.1,0.0,0.0,0.0,0.0,0.0,1,sleeping,cpu
2026-09-22T13:32:33,6943,6941,Relay(6945),/init,0.0,0.0143,1.11,0.0,0.0,0.0,0.0,0.0,1,sleeping,cpu
2026-09-22T13:32:33,6945,6943,bash,-bash,0.0,0.0659,5.11,0.0,0.0,0.0,0.0,0.0,1,sleeping,cpu
2026-09-22T13:32:33,8650,2,SessionLeader,/init,0.0,0.0142,1.1,0.0,0.0,0.0,0.0,0.0,1,sleeping,cpu
2026-09-22T13:32:33,8652,8650,Relay(8654),/init,0.0,0.0143,1.11,0.0,0.0,0.0,0.0,0.0,1,sleeping,cpu
2026-09-22T13:32:33,8654,8652,bash,-bash,0.0,0.0688,5.33,0.0,0.0,0.0,0.0,0.0,1,sleeping,cpu
2026-09-22T13:32:33,8853,2,SessionLeader,/init,0.0,0.0142,1.1,0.0,0.0,0.0,0.0,0.0,1,sleeping,cpu
2026-09-22T13:32:33,8854,8853,Relay(8858),/init,0.0,0.0143,1.11,0.0,0.0,0.0,0.0,0.0,1,sleeping,cpu
2026-09-22T13:32:33,8858,8854,bash,-bash,0.0,0.0681,5.27,0.0,0.0,0.0,0.0,0.0,1,sleeping,cpu
2026-09-22T13:32:33,15760,2,SessionLeader,/init,0.0,0.0142,1.1,0.0,0.0,0.0,0.0,0.0,1,sleeping,cpu
2026-09-22T13:32:33,15762,15760,Relay(15767),/init,0.0,0.0143,1.11,0.0,0.0,0.0,0.0,0.0,1,sleeping,cpu
2026-09-22T13:32:33,15767,15762,bash,-bash,0.0,0.0696,5.39,0.0,0.0,0.0,0.0,0.0,1,sleeping,cpu
2026-09-22T13:32:33,15903,2,SessionLeader,/init,0.0,0.0142,1.1,0.0,0.0,0.0,0.0,0.0,1,sleeping,cpu
2026-09-22T13:32:33,15904,15903,Relay(15909),/init,0.0,0.0143,1.11,0.0,0.0,0.0,0.0,0.0,1,sleeping,cpu
2026-09-22T13:32:33,15909,15904,bash,-bash,0.0,0.0699,5.42,0.0,0.0,0.0,0.0,0.0,1,sleeping,cpu
2026-09-22T13:32:33,16472,1426,top,top,0.0,0.0719,5.57,0.0,0.0,0.5,0.0,0.0,1,sleeping,cpu
2026-09-22T13:32:33,20473,6174,python,python workloads/cpu/cpu_workload.py,99.7,0.1181,9.15,0.0,0.0,3.99,0.0,0.0,1,running,cpu
2026-09-22T13:32:33,20518,1,wsl-pro-service,/usr/libexec/wsl-pro-service,0.0,0.1749,13.55,0.0,0.0,0.0,0.0,0.0,8,sleeping,cpu
2026-09-22T13:32:35,1,0,systemd,/sbin/init,0.0,0.1667,12.91,0.0,0.0,1.01,0.0,0.0,1,sleeping,cpu
2026-09-22T13:32:35,2,1,init-systemd(Ub,/init,0.0,0.0279,2.16,0.0,0.0,0.0,0.0,0.0,2,sleeping,cpu
2026-09-22T13:32:35,7,2,init,plan9 --control-socket 7 --log-level 4 --server-fd 8 --pipe-fd 10 --log-truncate,0.0,0.0268,2.08,0.0,0.0,0.0,0.0,0.0,2,sleeping,cpu
2026-09-22T13:32:35,43,1,systemd-journald,/usr/lib/systemd/systemd-journald,0.0,0.2003,15.52,0.0,0.0,1.01,0.0,0.0,1,disk-sleep,cpu
2026-09-22T13:32:35,98,1,systemd-udevd,/usr/lib/systemd/systemd-udevd,0.0,0.0799,6.19,0.0,0.0,0.0,0.0,0.0,1,sleeping,cpu
2026-09-22T13:32:35,177,1,systemd-resolved,/usr/lib/systemd/systemd-resolved,0.0,0.1656,12.83,0.0,0.0,1.01,0.0,0.0,1,sleeping,cpu
2026-09-22T13:32:35,178,1,systemd-timesyncd,/usr/lib/systemd/systemd-timesyncd,0.0,0.1002,7.77,0.0,0.0,1.01,0.0,0.0,2,sleeping,cpu
2026-09-22T13:32:35,188,1,cron,/usr/sbin/cron -f -P,0.0,0.0338,2.62,0.0,0.0,0.0,0.0,0.0,1,sleeping,cpu
2026-09-22T13:32:35,189,1,dbus-daemon,@dbus-daemon --system --address=systemd: --nofork --nopidfile --systemd-activation --syslog-only,0.0,0.0669,5.18,0.0,0.0,1.52,0.0,0.0,1,sleeping,cpu
2026-09-22T13:32:35,203,1,systemd-logind,/usr/lib/systemd/systemd-logind,0.0,0.1112,8.62,0.0,0.0,3.54,0.0,0.0,1,sleeping,cpu
2026-09-22T13:32:35,217,1,agetty,/sbin/agetty -o -p -- \u --noclear - linux,0.0,0.0249,1.93,0.0,0.0,0.0,0.0,0.0,1,sleeping,cpu
2026-09-22T13:32:35,223,1,rsyslogd,/usr/sbin/rsyslogd -n -iNONE,0.0,0.0758,5.87,0.0,0.0,0.0,0.0,0.0,4,sleeping,cpu
2026-09-22T13:32:35,236,1,unattended-upgr,/usr/bin/python3 /usr/share/unattended-upgrades/unattended-upgrade-shutdown --wait-for-signal,0.0,0.2778,21.53,0.0,0.0,0.0,0.0,0.0,2,sleeping,cpu
2026-09-22T13:32:35,256,1,apache2,/usr/sbin/apache2 -k start,0.0,0.0634,4.91,0.0,0.0,1.01,0.0,0.0,1,sleeping,cpu
2026-09-22T13:32:35,257,256,apache2,/usr/sbin/apache2 -k start,0.0,0.0734,5.69,0.0,0.0,0.0,0.0,0.0,27,sleeping,cpu
2026-09-22T13:32:35,259,256,apache2,/usr/sbin/apache2 -k start,0.0,0.0734,5.69,0.0,0.0,0.0,0.0,0.0,27,sleeping,cpu
2026-09-22T13:32:35,386,2,login,/bin/login -f      ,0.0,0.0587,4.55,0.0,0.0,0.0,0.0,0.0,1,sleeping,cpu
2026-09-22T13:32:35,429,1,systemd,/usr/lib/systemd/systemd --user,0.0,0.145,11.24,0.0,0.0,1.01,0.0,0.0,1,sleeping,cpu
2026-09-22T13:32:35,430,429,(sd-pam),(sd-pam),0.0,0.0451,3.49,0.0,0.0,0.0,0.0,0.0,1,sleeping,cpu
2026-09-22T13:32:35,452,386,bash,-bash,0.0,0.0643,4.98,0.0,0.0,0.0,0.0,0.0,1,sleeping,cpu
2026-09-22T13:32:35,486,2,SessionLeader,/init,0.0,0.0142,1.1,0.0,0.0,0.0,0.0,0.0,1,sleeping,cpu
2026-09-22T13:32:35,487,486,Relay(488),/init,0.0,0.0159,1.23,0.0,0.0,0.0,0.0,0.0,1,sleeping,cpu
2026-09-22T13:32:35,488,487,bash,-bash,0.0,0.0666,5.16,0.0,0.0,0.0,0.0,0.0,1,sleeping,cpu
2026-09-22T13:32:35,696,2,SessionLeader,/init,0.0,0.0143,1.11,0.0,0.0,0.0,0.0,0.0,1,sleeping,cpu
2026-09-22T13:32:35,697,696,Relay(698),/init,0.0,0.0152,1.18,0.0,0.0,0.0,0.0,0.0,1,sleeping,cpu
2026-09-22T13:32:35,698,697,sh,"sh -c ""$VSCODE_WSL_EXT_LOCATION/scripts/wslServer.sh"" 7debcd0e2acdea1c52de81bf9ee1620444407dda stable code-server .vscode-server --host=127.0.0.1 --port=0 --connection-token=826864117-4248089396-2109865724-2149592531 --use-host-proxy --without-browser-env-var --disable-websocket-compression --accept-server-license-terms --telemetry-level=all",0.0,0.024,1.86,0.0,0.0,0.0,0.0,0.0,1,sleeping,cpu
2026-09-22T13:32:35,699,698,sh,sh /mnt/c/Users/Rohan/.vscode/extensions/ms-vscode-remote.remote-wsl-0.104.3/scripts/wslServer.sh 7debcd0e2acdea1c52de81bf9ee1620444407dda stable code-server .vscode-server --host=127.0.0.1 --port=0 --connection-token=826864117-4248089396-2109865724-2149592531 --use-host-proxy --without-browser-env-var --disable-websocket-compression --accept-server-license-terms --telemetry-level=all,0.0,0.0251,1.95,0.0,0.0,0.0,0.0,0.0,1,sleeping,cpu
2026-09-22T13:32:35,705,699,sh,sh /home/rohan/.vscode-server/bin/7debcd0e2acdea1c52de81bf9ee1620444407dda/bin/code-server --host=127.0.0.1 --port=0 --connection-token=826864117-4248089396-2109865724-2149592531 --use-host-proxy --without-browser-env-var --disable-websocket-compression --accept-server-license-terms --telemetry-level=all,0.0,0.025,1.93,0.0,0.0,0.0,0.0,0.0,1,sleeping,cpu
2026-09-22T13:32:35,709,705,MainThread,/home/rohan/.vscode-server/bin/7debcd0e2acdea1c52de81bf9ee1620444407dda/node /home/rohan/.vscode-server/bin/7debcd0e2acdea1c52de81bf9ee1620444407dda/out/server-main.js --host=127.0.0.1 --port=0 --connection-token=826864117-4248089396-2109865724-2149592531 --use-host-proxy --without-browser-env-var --disable-websocket-compression --accept-server-license-terms --telemetry-level=all,0.0,2.2863,177.16,0.0,0.0,5.57,0.0,0.0,11,sleeping,cpu
2026-09-22T13:32:35,721,2,SessionLeader,/init,0.0,0.0143,1.11,0.0,0.0,0.0,0.0,0.0,1,sleeping,cpu
2026-09-22T13:32:35,722,721,Relay(723),/init,0.0,0.0152,1.18,0.0,0.0,1.01,0.0,0.0,1,sleeping,cpu
2026-09-22T13:32:35,723,722,MainThread,"/home/rohan/.vscode-server/bin/7debcd0e2acdea1c52de81bf9ee1620444407dda/node -e const net = require('net'); process.stdin.pause(); const client = net.createConnection({ host: '127.0.0.1', port: 44115 }, () => { client.pipe(process.stdout); process.stdin.pipe(client); }); client.on('close', function (hadError) { console.error(hadError ? 'Remote close with error' : 'Remote close'); process.exit(hadError ? 1 : 0); }); client.on('error', function (err) { process.stderr.write(err && (err.stack || err.message) || String(err)); });",0.0,0.8724,67.6,0.0,0.0,1.01,0.0,0.0,7,sleeping,cpu
2026-09-22T13:32:35,730,2,SessionLeader,/init,0.0,0.0143,1.11,0.0,0.0,0.0,0.0,0.0,1,sleeping,cpu
2026-09-22T13:32:35,731,730,Relay(732),/init,0.0,0.0152,1.18,0.0,0.0,0.51,0.0,0.0,1,sleeping,cpu
2026-09-22T13:32:35,732,731,MainThread,"/home/rohan/.vscode-server/bin/7debcd0e2acdea1c52de81bf9ee1620444407dda/node -e const net = require('net'); process.stdin.pause(); const client = net.createConnection({ host: '127.0.0.1', port: 44115 }, () => { client.pipe(process.stdout); process.stdin.pipe(client); }); client.on('close', function (hadError) { console.error(hadError ? 'Remote close with error' : 'Remote close'); process.exit(hadError ? 1 : 0); }); client.on('error', function (err) { process.stderr.write(err && (err.stack || err.message) || String(err)); });",0.0,0.7746,60.02,0.0,0.0,0.51,0.0,0.0,7,sleeping,cpu
2026-09-22T13:32:35,743,709,MainThread,/home/rohan/.vscode-server/bin/7debcd0e2acdea1c52de81bf9ee1620444407dda/node /home/rohan/.vscode-server/bin/7debcd0e2acdea1c52de81bf9ee1620444407dda/out/bootstrap-fork --type=fileWatcher,0.0,0.8757,67.86,0.0,0.0,1.01,0.0,0.0,13,sleeping,cpu
2026-09-22T13:32:35,769,709,MainThread,/home/rohan/.vscode-server/bin/7debcd0e2acdea1c52de81bf9ee1620444407dda/node /home/rohan/.vscode-server/bin/7debcd0e2acdea1c52de81bf9ee1620444407dda/out/bootstrap-fork --type=agentHost --logsPath /home/rohan/.vscode-server/data/logs/20260922T120228 --user-data-dir /home/rohan/.vscode-server/data --telemetry-level all,0.0,1.7774,137.72,0.0,0.0,0.0,0.0,0.0,11,sleeping,cpu
2026-09-22T13:32:35,770,709,MainThread,/home/rohan/.vscode-server/bin/7debcd0e2acdea1c52de81bf9ee1620444407dda/node --dns-result-order=ipv4first /home/rohan/.vscode-server/bin/7debcd0e2acdea1c52de81bf9ee1620444407dda/out/bootstrap-fork --type=extensionHost --transformURIs --useHostProxy=true,1.5,6.7952,526.54,0.0,0.0,196.44,425.27,0.0,32,sleeping,cpu
2026-09-22T13:32:35,811,769,MainThread,/home/rohan/.vscode-server/bin/7debcd0e2acdea1c52de81bf9ee1620444407dda/node /home/rohan/.vscode-server/bin/7debcd0e2acdea1c52de81bf9ee1620444407dda/node_modules/@github/copilot-linux-x64/index.js --headless --no-auto-update --log-level info --stdio --no-auto-login,0.0,3.3565,260.08,0.0,0.0,0.0,0.0,0.0,44,sleeping,cpu
2026-09-22T13:32:35,812,770,MainThread,/home/rohan/.vscode-server/bin/7debcd0e2acdea1c52de81bf9ee1620444407dda/node /home/rohan/.vscode-server/bin/7debcd0e2acdea1c52de81bf9ee1620444407dda/extensions/markdown-language-features/dist/serverWorkerMain --node-ipc --clientProcessId=770,0.0,0.994,77.02,0.0,0.0,0.51,0.0,0.0,7,sleeping,cpu
2026-09-22T13:32:35,833,709,MainThread,/home/rohan/.vscode-server/bin/7debcd0e2acdea1c52de81bf9ee1620444407dda/node /home/rohan/.vscode-server/bin/7debcd0e2acdea1c52de81bf9ee1620444407dda/out/bootstrap-fork --type=ptyHost --logsPath /home/rohan/.vscode-server/data/logs/20260922T120228,0.5,0.9761,75.63,0.0,0.0,5.57,0.0,0.0,13,sleeping,cpu
2026-09-22T13:32:35,964,833,bash,/bin/bash --init-file /home/rohan/.vscode-server/bin/7debcd0e2acdea1c52de81bf9ee1620444407dda/out/vs/workbench/contrib/terminal/common/scripts/shellIntegration-bash.sh,0.0,0.0674,5.22,0.0,0.0,0.0,0.0,0.0,1,sleeping,cpu
2026-09-22T13:32:35,1424,2,SessionLeader,/init,0.0,0.0142,1.1,0.0,0.0,0.0,0.0,0.0,1,sleeping,cpu
2026-09-22T13:32:35,1425,1424,Relay(1426),/init,0.0,0.0143,1.11,0.0,0.0,0.0,0.0,0.0,1,sleeping,cpu
2026-09-22T13:32:35,1426,1425,bash,-bash,0.0,0.0665,5.15,0.0,0.0,0.0,0.0,0.0,1,sleeping,cpu
2026-09-22T13:32:35,4147,770,pet,/home/rohan/.vscode-server/extensions/ms-python.vscode-python-envs-1.37.2026092101-linux-x64/python-env-tools/bin/pet server,0.0,0.0749,5.8,0.0,0.0,0.0,0.0,0.0,21,sleeping,cpu
2026-09-22T13:32:35,4156,833,bash,/bin/bash --init-file /home/rohan/.vscode-server/bin/7debcd0e2acdea1c52de81bf9ee1620444407dda/out/vs/workbench/contrib/terminal/common/scripts/shellIntegration-bash.sh,0.0,0.0664,5.15,0.0,0.0,0.0,0.0,0.0,1,sleeping,cpu
2026-09-22T13:32:35,4295,770,MainThread,/home/rohan/.vscode-server/bin/7debcd0e2acdea1c52de81bf9ee1620444407dda/node /home/rohan/.vscode-server/extensions/ms-python.vscode-pylance-2026.3.105/dist/server.bundle.js --cancellationReceive=file:2bc56d7a41ee8749874d0000b75c5745f8ddf88b1a --node-ipc --clientProcessId=770,0.0,8.4531,655.0,0.0,0.0,0.51,0.0,0.0,9,sleeping,cpu
2026-09-22T13:32:35,5890,2,SessionLeader,/init,0.0,0.0142,1.1,0.0,0.0,0.0,0.0,0.0,1,sleeping,cpu
2026-09-22T13:32:35,5891,5890,Relay(5896),/init,0.0,0.0143,1.11,0.0,0.0,0.51,0.0,0.0,1,sleeping,cpu
2026-09-22T13:32:35,5896,5891,bash,-bash,0.0,0.0669,5.18,0.0,0.0,0.0,0.0,0.0,1,sleeping,cpu
2026-09-22T13:32:35,6172,2,SessionLeader,/init,0.0,0.0142,1.1,0.0,0.0,0.0,0.0,0.0,1,sleeping,cpu
2026-09-22T13:32:35,6173,6172,Relay(6174),/init,0.0,0.0143,1.11,0.0,0.0,0.0,0.0,0.0,1,sleeping,cpu
2026-09-22T13:32:35,6174,6173,bash,-bash,0.0,0.0666,5.16,0.0,0.0,0.0,0.0,0.0,1,sleeping,cpu
2026-09-22T13:32:35,6941,2,SessionLeader,/init,0.0,0.0142,1.1,0.0,0.0,0.0,0.0,0.0,1,sleeping,cpu
2026-09-22T13:32:35,6943,6941,Relay(6945),/init,0.0,0.0143,1.11,0.0,0.0,0.0,0.0,0.0,1,sleeping,cpu
2026-09-22T13:32:35,6945,6943,bash,-bash,0.0,0.0659,5.11,0.0,0.0,0.0,0.0,0.0,1,sleeping,cpu
2026-09-22T13:32:35,8650,2,SessionLeader,/init,0.0,0.0142,1.1,0.0,0.0,0.0,0.0,0.0,1,sleeping,cpu
2026-09-22T13:32:35,8652,8650,Relay(8654),/init,0.0,0.0143,1.11,0.0,0.0,0.0,0.0,0.0,1,sleeping,cpu
2026-09-22T13:32:35,8654,8652,bash,-bash,0.0,0.0688,5.33,0.0,0.0,0.0,0.0,0.0,1,sleeping,cpu
2026-09-22T13:32:35,8853,2,SessionLeader,/init,0.0,0.0142,1.1,0.0,0.0,0.0,0.0,0.0,1,sleeping,cpu
2026-09-22T13:32:35,8854,8853,Relay(8858),/init,0.0,0.0143,1.11,0.0,0.0,0.0,0.0,0.0,1,sleeping,cpu
2026-09-22T13:32:35,8858,8854,bash,-bash,0.0,0.0681,5.27,0.0,0.0,0.0,0.0,0.0,1,sleeping,cpu
2026-09-22T13:32:35,15760,2,SessionLeader,/init,0.0,0.0142,1.1,0.0,0.0,0.0,0.0,0.0,1,sleeping,cpu
2026-09-22T13:32:35,15762,15760,Relay(15767),/init,0.0,0.0143,1.11,0.0,0.0,0.0,0.0,0.0,1,sleeping,cpu
2026-09-22T13:32:35,15767,15762,bash,-bash,0.0,0.0696,5.39,0.0,0.0,0.0,0.0,0.0,1,sleeping,cpu
2026-09-22T13:32:35,15903,2,SessionLeader,/init,0.0,0.0142,1.1,0.0,0.0,0.0,0.0,0.0,1,sleeping,cpu
2026-09-22T13:32:35,15904,15903,Relay(15909),/init,0.0,0.0143,1.11,0.0,0.0,0.0,0.0,0.0,1,sleeping,cpu
2026-09-22T13:32:35,15909,15904,bash,-bash,0.0,0.0699,5.42,0.0,0.0,0.0,0.0,0.0,1,sleeping,cpu
2026-09-22T13:32:35,16472,1426,top,top,0.0,0.0719,5.57,0.0,0.0,0.0,0.0,0.0,1,sleeping,cpu
2026-09-22T13:32:35,20473,6174,python,python workloads/cpu/cpu_workload.py,100.1,0.1181,9.15,0.0,0.0,4.05,0.0,0.0,1,running,cpu
2026-09-22T13:32:35,20518,1,wsl-pro-service,/usr/libexec/wsl-pro-service,0.0,0.1749,13.55,0.0,0.0,0.0,0.0,0.0,8,sleeping,cpu
2026-09-22T13:32:37,1,0,systemd,/sbin/init,0.0,0.1667,12.91,0.0,0.0,0.0,0.0,0.0,1,sleeping,cpu
2026-09-22T13:32:37,2,1,init-systemd(Ub,/init,0.0,0.0279,2.16,0.0,0.0,0.0,0.0,0.0,2,sleeping,cpu
2026-09-22T13:32:37,7,2,init,plan9 --control-socket 7 --log-level 4 --server-fd 8 --pipe-fd 10 --log-truncate,0.0,0.0268,2.08,0.0,0.0,0.0,0.0,0.0,2,sleeping,cpu
2026-09-22T13:32:37,43,1,systemd-journald,/usr/lib/systemd/systemd-journald,0.5,0.2003,15.52,0.0,0.0,5.48,912.7,1.49,1,sleeping,cpu
2026-09-22T13:32:37,98,1,systemd-udevd,/usr/lib/systemd/systemd-udevd,0.0,0.0799,6.19,0.0,0.0,0.0,0.0,0.0,1,sleeping,cpu
2026-09-22T13:32:37,177,1,systemd-resolved,/usr/lib/systemd/systemd-resolved,0.0,0.1656,12.83,0.0,0.0,0.0,0.0,0.0,1,sleeping,cpu
2026-09-22T13:32:37,178,1,systemd-timesyncd,/usr/lib/systemd/systemd-timesyncd,0.0,0.1002,7.77,0.0,0.0,0.0,0.0,0.0,2,sleeping,cpu
2026-09-22T13:32:37,188,1,cron,/usr/sbin/cron -f -P,0.0,0.0338,2.62,0.0,0.0,0.0,0.0,0.0,1,sleeping,cpu
2026-09-22T13:32:37,189,1,dbus-daemon,@dbus-daemon --system --address=systemd: --nofork --nopidfile --systemd-activation --syslog-only,0.0,0.0669,5.18,0.0,0.0,0.0,0.0,0.0,1,sleeping,cpu
2026-09-22T13:32:37,203,1,systemd-logind,/usr/lib/systemd/systemd-logind,0.0,0.1112,8.62,0.0,0.0,0.0,0.0,0.0,1,sleeping,cpu
2026-09-22T13:32:37,217,1,agetty,/sbin/agetty -o -p -- \u --noclear - linux,0.0,0.0249,1.93,0.0,0.0,0.0,0.0,0.0,1,sleeping,cpu
2026-09-22T13:32:37,223,1,rsyslogd,/usr/sbin/rsyslogd -n -iNONE,0.0,0.0758,5.87,0.0,0.0,0.0,0.0,0.0,4,sleeping,cpu
2026-09-22T13:32:37,236,1,unattended-upgr,/usr/bin/python3 /usr/share/unattended-upgrades/unattended-upgrade-shutdown --wait-for-signal,0.0,0.2778,21.53,0.0,0.0,0.0,0.0,0.0,2,sleeping,cpu
2026-09-22T13:32:37,256,1,apache2,/usr/sbin/apache2 -k start,0.0,0.0634,4.91,0.0,0.0,1.0,0.0,0.0,1,sleeping,cpu
2026-09-22T13:32:37,257,256,apache2,/usr/sbin/apache2 -k start,0.0,0.0734,5.69,0.0,0.0,0.0,0.0,0.0,27,sleeping,cpu
2026-09-22T13:32:37,259,256,apache2,/usr/sbin/apache2 -k start,0.0,0.0734,5.69,0.0,0.0,0.0,0.0,0.0,27,sleeping,cpu
2026-09-22T13:32:37,386,2,login,/bin/login -f      ,0.0,0.0587,4.55,0.0,0.0,0.0,0.0,0.0,1,sleeping,cpu
2026-09-22T13:32:37,429,1,systemd,/usr/lib/systemd/systemd --user,0.0,0.145,11.24,0.0,0.0,0.0,0.0,0.0,1,sleeping,cpu
2026-09-22T13:32:37,430,429,(sd-pam),(sd-pam),0.0,0.0451,3.49,0.0,0.0,0.0,0.0,0.0,1,sleeping,cpu
2026-09-22T13:32:37,452,386,bash,-bash,0.0,0.0643,4.98,0.0,0.0,0.0,0.0,0.0,1,sleeping,cpu
2026-09-22T13:32:37,486,2,SessionLeader,/init,0.0,0.0142,1.1,0.0,0.0,0.0,0.0,0.0,1,sleeping,cpu
2026-09-22T13:32:37,487,486,Relay(488),/init,0.0,0.0159,1.23,0.0,0.0,0.0,0.0,0.0,1,sleeping,cpu
2026-09-22T13:32:37,488,487,bash,-bash,0.0,0.0666,5.16,0.0,0.0,0.0,0.0,0.0,1,sleeping,cpu
2026-09-22T13:32:37,696,2,SessionLeader,/init,0.0,0.0143,1.11,0.0,0.0,0.0,0.0,0.0,1,sleeping,cpu
2026-09-22T13:32:37,697,696,Relay(698),/init,0.0,0.0152,1.18,0.0,0.0,0.0,0.0,0.0,1,sleeping,cpu
2026-09-22T13:32:37,698,697,sh,"sh -c ""$VSCODE_WSL_EXT_LOCATION/scripts/wslServer.sh"" 7debcd0e2acdea1c52de81bf9ee1620444407dda stable code-server .vscode-server --host=127.0.0.1 --port=0 --connection-token=826864117-4248089396-2109865724-2149592531 --use-host-proxy --without-browser-env-var --disable-websocket-compression --accept-server-license-terms --telemetry-level=all",0.0,0.024,1.86,0.0,0.0,0.0,0.0,0.0,1,sleeping,cpu
2026-09-22T13:32:37,699,698,sh,sh /mnt/c/Users/Rohan/.vscode/extensions/ms-vscode-remote.remote-wsl-0.104.3/scripts/wslServer.sh 7debcd0e2acdea1c52de81bf9ee1620444407dda stable code-server .vscode-server --host=127.0.0.1 --port=0 --connection-token=826864117-4248089396-2109865724-2149592531 --use-host-proxy --without-browser-env-var --disable-websocket-compression --accept-server-license-terms --telemetry-level=all,0.0,0.0251,1.95,0.0,0.0,0.0,0.0,0.0,1,sleeping,cpu
2026-09-22T13:32:37,705,699,sh,sh /home/rohan/.vscode-server/bin/7debcd0e2acdea1c52de81bf9ee1620444407dda/bin/code-server --host=127.0.0.1 --port=0 --connection-token=826864117-4248089396-2109865724-2149592531 --use-host-proxy --without-browser-env-var --disable-websocket-compression --accept-server-license-terms --telemetry-level=all,0.0,0.025,1.93,0.0,0.0,0.0,0.0,0.0,1,sleeping,cpu
2026-09-22T13:32:37,709,705,MainThread,/home/rohan/.vscode-server/bin/7debcd0e2acdea1c52de81bf9ee1620444407dda/node /home/rohan/.vscode-server/bin/7debcd0e2acdea1c52de81bf9ee1620444407dda/out/server-main.js --host=127.0.0.1 --port=0 --connection-token=826864117-4248089396-2109865724-2149592531 --use-host-proxy --without-browser-env-var --disable-websocket-compression --accept-server-license-terms --telemetry-level=all,0.0,2.2863,177.16,0.0,0.0,6.98,0.0,0.0,11,sleeping,cpu
2026-09-22T13:32:37,721,2,SessionLeader,/init,0.0,0.0143,1.11,0.0,0.0,0.0,0.0,0.0,1,sleeping,cpu
2026-09-22T13:32:37,722,721,Relay(723),/init,0.0,0.0152,1.18,0.0,0.0,0.5,0.0,0.0,1,sleeping,cpu
2026-09-22T13:32:37,723,722,MainThread,"/home/rohan/.vscode-server/bin/7debcd0e2acdea1c52de81bf9ee1620444407dda/node -e const net = require('net'); process.stdin.pause(); const client = net.createConnection({ host: '127.0.0.1', port: 44115 }, () => { client.pipe(process.stdout); process.stdin.pipe(client); }); client.on('close', function (hadError) { console.error(hadError ? 'Remote close with error' : 'Remote close'); process.exit(hadError ? 1 : 0); }); client.on('error', function (err) { process.stderr.write(err && (err.stack || err.message) || String(err)); });",0.0,0.8724,67.6,0.0,0.0,0.5,0.0,0.0,7,sleeping,cpu
2026-09-22T13:32:37,730,2,SessionLeader,/init,0.0,0.0143,1.11,0.0,0.0,0.0,0.0,0.0,1,sleeping,cpu
2026-09-22T13:32:37,731,730,Relay(732),/init,0.0,0.0152,1.18,0.0,0.0,0.0,0.0,0.0,1,sleeping,cpu
2026-09-22T13:32:37,732,731,MainThread,"/home/rohan/.vscode-server/bin/7debcd0e2acdea1c52de81bf9ee1620444407dda/node -e const net = require('net'); process.stdin.pause(); const client = net.createConnection({ host: '127.0.0.1', port: 44115 }, () => { client.pipe(process.stdout); process.stdin.pipe(client); }); client.on('close', function (hadError) { console.error(hadError ? 'Remote close with error' : 'Remote close'); process.exit(hadError ? 1 : 0); }); client.on('error', function (err) { process.stderr.write(err && (err.stack || err.message) || String(err)); });",0.0,0.7746,60.02,0.0,0.0,0.0,0.0,0.0,7,sleeping,cpu
2026-09-22T13:32:37,743,709,MainThread,/home/rohan/.vscode-server/bin/7debcd0e2acdea1c52de81bf9ee1620444407dda/node /home/rohan/.vscode-server/bin/7debcd0e2acdea1c52de81bf9ee1620444407dda/out/bootstrap-fork --type=fileWatcher,0.0,0.8757,67.86,0.0,0.0,1.99,0.0,0.0,13,sleeping,cpu
2026-09-22T13:32:37,769,709,MainThread,/home/rohan/.vscode-server/bin/7debcd0e2acdea1c52de81bf9ee1620444407dda/node /home/rohan/.vscode-server/bin/7debcd0e2acdea1c52de81bf9ee1620444407dda/out/bootstrap-fork --type=agentHost --logsPath /home/rohan/.vscode-server/data/logs/20260922T120228 --user-data-dir /home/rohan/.vscode-server/data --telemetry-level all,0.0,1.7774,137.72,0.0,0.0,0.5,0.0,0.0,11,sleeping,cpu
2026-09-22T13:32:37,770,709,MainThread,/home/rohan/.vscode-server/bin/7debcd0e2acdea1c52de81bf9ee1620444407dda/node --dns-result-order=ipv4first /home/rohan/.vscode-server/bin/7debcd0e2acdea1c52de81bf9ee1620444407dda/out/bootstrap-fork --type=extensionHost --transformURIs --useHostProxy=true,1.0,6.7952,526.54,0.0,0.0,191.82,262.57,0.0,32,sleeping,cpu
2026-09-22T13:32:37,811,769,MainThread,/home/rohan/.vscode-server/bin/7debcd0e2acdea1c52de81bf9ee1620444407dda/node /home/rohan/.vscode-server/bin/7debcd0e2acdea1c52de81bf9ee1620444407dda/node_modules/@github/copilot-linux-x64/index.js --headless --no-auto-update --log-level info --stdio --no-auto-login,0.0,3.3565,260.08,0.0,0.0,0.0,0.0,0.0,44,sleeping,cpu
2026-09-22T13:32:37,812,770,MainThread,/home/rohan/.vscode-server/bin/7debcd0e2acdea1c52de81bf9ee1620444407dda/node /home/rohan/.vscode-server/bin/7debcd0e2acdea1c52de81bf9ee1620444407dda/extensions/markdown-language-features/dist/serverWorkerMain --node-ipc --clientProcessId=770,0.0,0.994,77.02,0.0,0.0,0.5,0.0,0.0,7,sleeping,cpu
2026-09-22T13:32:37,833,709,MainThread,/home/rohan/.vscode-server/bin/7debcd0e2acdea1c52de81bf9ee1620444407dda/node /home/rohan/.vscode-server/bin/7debcd0e2acdea1c52de81bf9ee1620444407dda/out/bootstrap-fork --type=ptyHost --logsPath /home/rohan/.vscode-server/data/logs/20260922T120228,0.0,0.9761,75.63,0.0,0.0,5.98,0.0,0.0,13,sleeping,cpu
2026-09-22T13:32:37,964,833,bash,/bin/bash --init-file /home/rohan/.vscode-server/bin/7debcd0e2acdea1c52de81bf9ee1620444407dda/out/vs/workbench/contrib/terminal/common/scripts/shellIntegration-bash.sh,0.0,0.0674,5.22,0.0,0.0,0.0,0.0,0.0,1,sleeping,cpu
2026-09-22T13:32:37,1424,2,SessionLeader,/init,0.0,0.0142,1.1,0.0,0.0,0.0,0.0,0.0,1,sleeping,cpu
2026-09-22T13:32:37,1425,1424,Relay(1426),/init,0.0,0.0143,1.11,0.0,0.0,1.0,0.0,0.0,1,sleeping,cpu
2026-09-22T13:32:37,1426,1425,bash,-bash,0.0,0.0665,5.15,0.0,0.0,0.0,0.0,0.0,1,sleeping,cpu
2026-09-22T13:32:37,4147,770,pet,/home/rohan/.vscode-server/extensions/ms-python.vscode-python-envs-1.37.2026092101-linux-x64/python-env-tools/bin/pet server,0.0,0.0749,5.8,0.0,0.0,0.0,0.0,0.0,21,sleeping,cpu
2026-09-22T13:32:37,4156,833,bash,/bin/bash --init-file /home/rohan/.vscode-server/bin/7debcd0e2acdea1c52de81bf9ee1620444407dda/out/vs/workbench/contrib/terminal/common/scripts/shellIntegration-bash.sh,0.0,0.0664,5.15,0.0,0.0,0.0,0.0,0.0,1,sleeping,cpu
2026-09-22T13:32:37,4295,770,MainThread,/home/rohan/.vscode-server/bin/7debcd0e2acdea1c52de81bf9ee1620444407dda/node /home/rohan/.vscode-server/extensions/ms-python.vscode-pylance-2026.3.105/dist/server.bundle.js --cancellationReceive=file:2bc56d7a41ee8749874d0000b75c5745f8ddf88b1a --node-ipc --clientProcessId=770,0.0,8.4531,655.0,0.0,0.0,0.5,0.0,0.0,9,sleeping,cpu
2026-09-22T13:32:37,5890,2,SessionLeader,/init,0.0,0.0142,1.1,0.0,0.0,0.0,0.0,0.0,1,sleeping,cpu
2026-09-22T13:32:37,5891,5890,Relay(5896),/init,0.0,0.0143,1.11,0.0,0.0,0.5,0.0,0.0,1,sleeping,cpu
2026-09-22T13:32:37,5896,5891,bash,-bash,0.0,0.0669,5.18,0.0,0.0,0.0,0.0,0.0,1,sleeping,cpu
2026-09-22T13:32:37,6172,2,SessionLeader,/init,0.0,0.0142,1.1,0.0,0.0,0.0,0.0,0.0,1,sleeping,cpu
2026-09-22T13:32:37,6173,6172,Relay(6174),/init,0.0,0.0143,1.11,0.0,0.0,0.0,0.0,0.0,1,sleeping,cpu
2026-09-22T13:32:37,6174,6173,bash,-bash,0.0,0.0666,5.16,0.0,0.0,0.0,0.0,0.0,1,sleeping,cpu
2026-09-22T13:32:37,6941,2,SessionLeader,/init,0.0,0.0142,1.1,0.0,0.0,0.0,0.0,0.0,1,sleeping,cpu
2026-09-22T13:32:37,6943,6941,Relay(6945),/init,0.0,0.0143,1.11,0.0,0.0,0.0,0.0,0.0,1,sleeping,cpu
2026-09-22T13:32:37,6945,6943,bash,-bash,0.0,0.0659,5.11,0.0,0.0,0.0,0.0,0.0,1,sleeping,cpu
2026-09-22T13:32:37,8650,2,SessionLeader,/init,0.0,0.0142,1.1,0.0,0.0,0.0,0.0,0.0,1,sleeping,cpu
2026-09-22T13:32:37,8652,8650,Relay(8654),/init,0.0,0.0143,1.11,0.0,0.0,0.0,0.0,0.0,1,sleeping,cpu
2026-09-22T13:32:37,8654,8652,bash,-bash,0.0,0.0688,5.33,0.0,0.0,0.0,0.0,0.0,1,sleeping,cpu
2026-09-22T13:32:37,8853,2,SessionLeader,/init,0.0,0.0142,1.1,0.0,0.0,0.0,0.0,0.0,1,sleeping,cpu
2026-09-22T13:32:37,8854,8853,Relay(8858),/init,0.0,0.0143,1.11,0.0,0.0,0.0,0.0,0.0,1,sleeping,cpu
2026-09-22T13:32:37,8858,8854,bash,-bash,0.0,0.0681,5.27,0.0,0.0,0.0,0.0,0.0,1,sleeping,cpu
2026-09-22T13:32:37,15760,2,SessionLeader,/init,0.0,0.0142,1.1,0.0,0.0,0.0,0.0,0.0,1,sleeping,cpu
2026-09-22T13:32:37,15762,15760,Relay(15767),/init,0.0,0.0143,1.11,0.0,0.0,0.0,0.0,0.0,1,sleeping,cpu
2026-09-22T13:32:37,15767,15762,bash,-bash,0.0,0.0696,5.39,0.0,0.0,0.0,0.0,0.0,1,sleeping,cpu
2026-09-22T13:32:37,15903,2,SessionLeader,/init,0.0,0.0142,1.1,0.0,0.0,0.0,0.0,0.0,1,sleeping,cpu
2026-09-22T13:32:37,15904,15903,Relay(15909),/init,0.0,0.0143,1.11,0.0,0.0,0.0,0.0,0.0,1,sleeping,cpu
2026-09-22T13:32:37,15909,15904,bash,-bash,0.0,0.0699,5.42,0.0,0.0,0.0,0.0,0.0,1,sleeping,cpu
2026-09-22T13:32:37,16472,1426,top,top,0.0,0.0719,5.57,0.0,0.0,0.5,0.0,0.0,1,sleeping,cpu
2026-09-22T13:32:37,20473,6174,python,python workloads/cpu/cpu_workload.py,100.2,0.1181,9.15,0.0,0.0,3.49,0.0,0.0,1,running,cpu
2026-09-22T13:32:37,20518,1,wsl-pro-service,/usr/libexec/wsl-pro-service,0.0,0.1749,13.55,0.0,0.0,0.0,0.0,0.0,8,sleeping,cpu
2026-09-22T13:32:39,1,0,systemd,/sbin/init,0.0,0.1667,12.91,0.0,0.0,0.0,0.0,0.0,1,sleeping,cpu
2026-09-22T13:32:39,2,1,init-systemd(Ub,/init,0.0,0.0279,2.16,0.0,0.0,0.0,0.0,0.0,2,sleeping,cpu
2026-09-22T13:32:39,7,2,init,plan9 --control-socket 7 --log-level 4 --server-fd 8 --pipe-fd 10 --log-truncate,0.0,0.0268,2.08,0.0,0.0,0.0,0.0,0.0,2,sleeping,cpu
2026-09-22T13:32:39,43,1,systemd-journald,/usr/lib/systemd/systemd-journald,0.0,0.2003,15.52,0.0,0.0,0.0,0.0,0.0,1,sleeping,cpu
2026-09-22T13:32:39,98,1,systemd-udevd,/usr/lib/systemd/systemd-udevd,0.0,0.0799,6.19,0.0,0.0,0.0,0.0,0.0,1,sleeping,cpu
2026-09-22T13:32:39,177,1,systemd-resolved,/usr/lib/systemd/systemd-resolved,0.0,0.1656,12.83,0.0,0.0,0.0,0.0,0.0,1,sleeping,cpu
2026-09-22T13:32:39,178,1,systemd-timesyncd,/usr/lib/systemd/systemd-timesyncd,0.0,0.1002,7.77,0.0,0.0,0.0,0.0,0.0,2,sleeping,cpu
2026-09-22T13:32:39,188,1,cron,/usr/sbin/cron -f -P,0.0,0.0338,2.62,0.0,0.0,0.0,0.0,0.0,1,sleeping,cpu
2026-09-22T13:32:39,189,1,dbus-daemon,@dbus-daemon --system --address=systemd: --nofork --nopidfile --systemd-activation --syslog-only,0.0,0.0669,5.18,0.0,0.0,0.0,0.0,0.0,1,sleeping,cpu
2026-09-22T13:32:39,203,1,systemd-logind,/usr/lib/systemd/systemd-logind,0.0,0.1112,8.62,0.0,0.0,0.0,0.0,0.0,1,sleeping,cpu
2026-09-22T13:32:39,217,1,agetty,/sbin/agetty -o -p -- \u --noclear - linux,0.0,0.0249,1.93,0.0,0.0,0.0,0.0,0.0,1,sleeping,cpu
2026-09-22T13:32:39,223,1,rsyslogd,/usr/sbin/rsyslogd -n -iNONE,0.0,0.0758,5.87,0.0,0.0,0.0,0.0,0.0,4,sleeping,cpu
2026-09-22T13:32:39,236,1,unattended-upgr,/usr/bin/python3 /usr/share/unattended-upgrades/unattended-upgrade-shutdown --wait-for-signal,0.0,0.2778,21.53,0.0,0.0,0.0,0.0,0.0,2,sleeping,cpu
2026-09-22T13:32:39,256,1,apache2,/usr/sbin/apache2 -k start,0.0,0.0634,4.91,0.0,0.0,1.0,0.0,0.0,1,sleeping,cpu
2026-09-22T13:32:39,257,256,apache2,/usr/sbin/apache2 -k start,0.0,0.0734,5.69,0.0,0.0,0.0,0.0,0.0,27,sleeping,cpu
2026-09-22T13:32:39,259,256,apache2,/usr/sbin/apache2 -k start,0.0,0.0734,5.69,0.0,0.0,0.0,0.0,0.0,27,sleeping,cpu
2026-09-22T13:32:39,386,2,login,/bin/login -f      ,0.0,0.0587,4.55,0.0,0.0,0.0,0.0,0.0,1,sleeping,cpu
2026-09-22T13:32:39,429,1,systemd,/usr/lib/systemd/systemd --user,0.0,0.145,11.24,0.0,0.0,0.0,0.0,0.0,1,sleeping,cpu
2026-09-22T13:32:39,430,429,(sd-pam),(sd-pam),0.0,0.0451,3.49,0.0,0.0,0.0,0.0,0.0,1,sleeping,cpu
2026-09-22T13:32:39,452,386,bash,-bash,0.0,0.0643,4.98,0.0,0.0,0.0,0.0,0.0,1,sleeping,cpu
2026-09-22T13:32:39,486,2,SessionLeader,/init,0.0,0.0142,1.1,0.0,0.0,0.0,0.0,0.0,1,sleeping,cpu
2026-09-22T13:32:39,487,486,Relay(488),/init,0.0,0.0159,1.23,0.0,0.0,0.0,0.0,0.0,1,sleeping,cpu
2026-09-22T13:32:39,488,487,bash,-bash,0.0,0.0666,5.16,0.0,0.0,0.0,0.0,0.0,1,sleeping,cpu
2026-09-22T13:32:39,696,2,SessionLeader,/init,0.0,0.0143,1.11,0.0,0.0,0.0,0.0,0.0,1,sleeping,cpu
2026-09-22T13:32:39,697,696,Relay(698),/init,0.0,0.0152,1.18,0.0,0.0,0.0,0.0,0.0,1,sleeping,cpu
2026-09-22T13:32:39,698,697,sh,"sh -c ""$VSCODE_WSL_EXT_LOCATION/scripts/wslServer.sh"" 7debcd0e2acdea1c52de81bf9ee1620444407dda stable code-server .vscode-server --host=127.0.0.1 --port=0 --connection-token=826864117-4248089396-2109865724-2149592531 --use-host-proxy --without-browser-env-var --disable-websocket-compression --accept-server-license-terms --telemetry-level=all",0.0,0.024,1.86,0.0,0.0,0.0,0.0,0.0,1,sleeping,cpu
2026-09-22T13:32:39,699,698,sh,sh /mnt/c/Users/Rohan/.vscode/extensions/ms-vscode-remote.remote-wsl-0.104.3/scripts/wslServer.sh 7debcd0e2acdea1c52de81bf9ee1620444407dda stable code-server .vscode-server --host=127.0.0.1 --port=0 --connection-token=826864117-4248089396-2109865724-2149592531 --use-host-proxy --without-browser-env-var --disable-websocket-compression --accept-server-license-terms --telemetry-level=all,0.0,0.0251,1.95,0.0,0.0,0.0,0.0,0.0,1,sleeping,cpu
2026-09-22T13:32:39,705,699,sh,sh /home/rohan/.vscode-server/bin/7debcd0e2acdea1c52de81bf9ee1620444407dda/bin/code-server --host=127.0.0.1 --port=0 --connection-token=826864117-4248089396-2109865724-2149592531 --use-host-proxy --without-browser-env-var --disable-websocket-compression --accept-server-license-terms --telemetry-level=all,0.0,0.025,1.93,0.0,0.0,0.0,0.0,0.0,1,sleeping,cpu
2026-09-22T13:32:39,709,705,MainThread,/home/rohan/.vscode-server/bin/7debcd0e2acdea1c52de81bf9ee1620444407dda/node /home/rohan/.vscode-server/bin/7debcd0e2acdea1c52de81bf9ee1620444407dda/out/server-main.js --host=127.0.0.1 --port=0 --connection-token=826864117-4248089396-2109865724-2149592531 --use-host-proxy --without-browser-env-var --disable-websocket-compression --accept-server-license-terms --telemetry-level=all,0.0,2.2863,177.16,0.0,0.0,4.98,0.0,0.0,11,sleeping,cpu
2026-09-22T13:32:39,721,2,SessionLeader,/init,0.0,0.0143,1.11,0.0,0.0,0.0,0.0,0.0,1,sleeping,cpu
2026-09-22T13:32:39,722,721,Relay(723),/init,0.0,0.0152,1.18,0.0,0.0,1.0,0.0,0.0,1,sleeping,cpu
2026-09-22T13:32:39,723,722,MainThread,"/home/rohan/.vscode-server/bin/7debcd0e2acdea1c52de81bf9ee1620444407dda/node -e const net = require('net'); process.stdin.pause(); const client = net.createConnection({ host: '127.0.0.1', port: 44115 }, () => { client.pipe(process.stdout); process.stdin.pipe(client); }); client.on('close', function (hadError) { console.error(hadError ? 'Remote close with error' : 'Remote close'); process.exit(hadError ? 1 : 0); }); client.on('error', function (err) { process.stderr.write(err && (err.stack || err.message) || String(err)); });",0.0,0.8724,67.6,0.0,0.0,1.0,0.0,0.0,7,sleeping,cpu
2026-09-22T13:32:39,730,2,SessionLeader,/init,0.0,0.0143,1.11,0.0,0.0,0.0,0.0,0.0,1,sleeping,cpu
2026-09-22T13:32:39,731,730,Relay(732),/init,0.0,0.0152,1.18,0.0,0.0,0.0,0.0,0.0,1,sleeping,cpu
2026-09-22T13:32:39,732,731,MainThread,"/home/rohan/.vscode-server/bin/7debcd0e2acdea1c52de81bf9ee1620444407dda/node -e const net = require('net'); process.stdin.pause(); const client = net.createConnection({ host: '127.0.0.1', port: 44115 }, () => { client.pipe(process.stdout); process.stdin.pipe(client); }); client.on('close', function (hadError) { console.error(hadError ? 'Remote close with error' : 'Remote close'); process.exit(hadError ? 1 : 0); }); client.on('error', function (err) { process.stderr.write(err && (err.stack || err.message) || String(err)); });",0.0,0.7746,60.02,0.0,0.0,0.0,0.0,0.0,7,sleeping,cpu
2026-09-22T13:32:39,743,709,MainThread,/home/rohan/.vscode-server/bin/7debcd0e2acdea1c52de81bf9ee1620444407dda/node /home/rohan/.vscode-server/bin/7debcd0e2acdea1c52de81bf9ee1620444407dda/out/bootstrap-fork --type=fileWatcher,0.0,0.8757,67.86,0.0,0.0,1.99,0.0,0.0,13,sleeping,cpu
2026-09-22T13:32:39,769,709,MainThread,/home/rohan/.vscode-server/bin/7debcd0e2acdea1c52de81bf9ee1620444407dda/node /home/rohan/.vscode-server/bin/7debcd0e2acdea1c52de81bf9ee1620444407dda/out/bootstrap-fork --type=agentHost --logsPath /home/rohan/.vscode-server/data/logs/20260922T120228 --user-data-dir /home/rohan/.vscode-server/data --telemetry-level all,0.0,1.7774,137.72,0.0,0.0,0.0,0.0,0.0,11,sleeping,cpu
2026-09-22T13:32:39,770,709,MainThread,/home/rohan/.vscode-server/bin/7debcd0e2acdea1c52de81bf9ee1620444407dda/node --dns-result-order=ipv4first /home/rohan/.vscode-server/bin/7debcd0e2acdea1c52de81bf9ee1620444407dda/out/bootstrap-fork --type=extensionHost --transformURIs --useHostProxy=true,1.0,6.7952,526.54,0.0,0.0,189.36,380.71,0.0,32,sleeping,cpu
2026-09-22T13:32:39,811,769,MainThread,/home/rohan/.vscode-server/bin/7debcd0e2acdea1c52de81bf9ee1620444407dda/node /home/rohan/.vscode-server/bin/7debcd0e2acdea1c52de81bf9ee1620444407dda/node_modules/@github/copilot-linux-x64/index.js --headless --no-auto-update --log-level info --stdio --no-auto-login,0.0,3.3565,260.08,0.0,0.0,0.0,0.0,0.0,44,sleeping,cpu
2026-09-22T13:32:39,812,770,MainThread,/home/rohan/.vscode-server/bin/7debcd0e2acdea1c52de81bf9ee1620444407dda/node /home/rohan/.vscode-server/bin/7debcd0e2acdea1c52de81bf9ee1620444407dda/extensions/markdown-language-features/dist/serverWorkerMain --node-ipc --clientProcessId=770,0.0,0.994,77.02,0.0,0.0,0.5,0.0,0.0,7,sleeping,cpu
2026-09-22T13:32:39,833,709,MainThread,/home/rohan/.vscode-server/bin/7debcd0e2acdea1c52de81bf9ee1620444407dda/node /home/rohan/.vscode-server/bin/7debcd0e2acdea1c52de81bf9ee1620444407dda/out/bootstrap-fork --type=ptyHost --logsPath /home/rohan/.vscode-server/data/logs/20260922T120228,0.5,0.9761,75.63,0.0,0.0,6.48,0.0,0.0,13,sleeping,cpu
2026-09-22T13:32:39,964,833,bash,/bin/bash --init-file /home/rohan/.vscode-server/bin/7debcd0e2acdea1c52de81bf9ee1620444407dda/out/vs/workbench/contrib/terminal/common/scripts/shellIntegration-bash.sh,0.0,0.0674,5.22,0.0,0.0,0.0,0.0,0.0,1,sleeping,cpu
2026-09-22T13:32:39,1424,2,SessionLeader,/init,0.0,0.0142,1.1,0.0,0.0,0.0,0.0,0.0,1,sleeping,cpu
2026-09-22T13:32:39,1425,1424,Relay(1426),/init,0.0,0.0143,1.11,0.0,0.0,0.5,0.0,0.0,1,sleeping,cpu
2026-09-22T13:32:39,1426,1425,bash,-bash,0.0,0.0665,5.15,0.0,0.0,0.0,0.0,0.0,1,sleeping,cpu
2026-09-22T13:32:39,4147,770,pet,/home/rohan/.vscode-server/extensions/ms-python.vscode-python-envs-1.37.2026092101-linux-x64/python-env-tools/bin/pet server,0.0,0.0749,5.8,0.0,0.0,0.0,0.0,0.0,21,sleeping,cpu
2026-09-22T13:32:39,4156,833,bash,/bin/bash --init-file /home/rohan/.vscode-server/bin/7debcd0e2acdea1c52de81bf9ee1620444407dda/out/vs/workbench/contrib/terminal/common/scripts/shellIntegration-bash.sh,0.0,0.0664,5.15,0.0,0.0,0.0,0.0,0.0,1,sleeping,cpu
2026-09-22T13:32:39,4295,770,MainThread,/home/rohan/.vscode-server/bin/7debcd0e2acdea1c52de81bf9ee1620444407dda/node /home/rohan/.vscode-server/extensions/ms-python.vscode-pylance-2026.3.105/dist/server.bundle.js --cancellationReceive=file:2bc56d7a41ee8749874d0000b75c5745f8ddf88b1a --node-ipc --clientProcessId=770,0.0,8.4531,655.0,0.0,0.0,0.5,0.0,0.0,9,sleeping,cpu
2026-09-22T13:32:39,5890,2,SessionLeader,/init,0.0,0.0142,1.1,0.0,0.0,0.0,0.0,0.0,1,sleeping,cpu
2026-09-22T13:32:39,5891,5890,Relay(5896),/init,0.0,0.0143,1.11,0.0,0.0,0.5,0.0,0.0,1,sleeping,cpu
2026-09-22T13:32:39,5896,5891,bash,-bash,0.0,0.0669,5.18,0.0,0.0,0.0,0.0,0.0,1,sleeping,cpu
2026-09-22T13:32:39,6172,2,SessionLeader,/init,0.0,0.0142,1.1,0.0,0.0,0.0,0.0,0.0,1,sleeping,cpu
2026-09-22T13:32:39,6173,6172,Relay(6174),/init,0.0,0.0143,1.11,0.0,0.0,0.0,0.0,0.0,1,sleeping,cpu
2026-09-22T13:32:39,6174,6173,bash,-bash,0.0,0.0666,5.16,0.0,0.0,0.0,0.0,0.0,1,sleeping,cpu
2026-09-22T13:32:39,6941,2,SessionLeader,/init,0.0,0.0142,1.1,0.0,0.0,0.0,0.0,0.0,1,sleeping,cpu
2026-09-22T13:32:39,6943,6941,Relay(6945),/init,0.0,0.0143,1.11,0.0,0.0,0.0,0.0,0.0,1,sleeping,cpu
2026-09-22T13:32:39,6945,6943,bash,-bash,0.0,0.0659,5.11,0.0,0.0,0.0,0.0,0.0,1,sleeping,cpu
2026-09-22T13:32:39,8650,2,SessionLeader,/init,0.0,0.0142,1.1,0.0,0.0,0.0,0.0,0.0,1,sleeping,cpu
2026-09-22T13:32:39,8652,8650,Relay(8654),/init,0.0,0.0143,1.11,0.0,0.0,0.0,0.0,0.0,1,sleeping,cpu
2026-09-22T13:32:39,8654,8652,bash,-bash,0.0,0.0688,5.33,0.0,0.0,0.0,0.0,0.0,1,sleeping,cpu
2026-09-22T13:32:39,8853,2,SessionLeader,/init,0.0,0.0142,1.1,0.0,0.0,0.0,0.0,0.0,1,sleeping,cpu
2026-09-22T13:32:39,8854,8853,Relay(8858),/init,0.0,0.0143,1.11,0.0,0.0,0.0,0.0,0.0,1,sleeping,cpu
2026-09-22T13:32:39,8858,8854,bash,-bash,0.0,0.0681,5.27,0.0,0.0,0.0,0.0,0.0,1,sleeping,cpu
2026-09-22T13:32:39,15760,2,SessionLeader,/init,0.0,0.0142,1.1,0.0,0.0,0.0,0.0,0.0,1,sleeping,cpu
2026-09-22T13:32:39,15762,15760,Relay(15767),/init,0.0,0.0143,1.11,0.0,0.0,0.0,0.0,0.0,1,sleeping,cpu
2026-09-22T13:32:39,15767,15762,bash,-bash,0.0,0.0696,5.39,0.0,0.0,0.0,0.0,0.0,1,sleeping,cpu
2026-09-22T13:32:39,15903,2,SessionLeader,/init,0.0,0.0142,1.1,0.0,0.0,0.0,0.0,0.0,1,sleeping,cpu
2026-09-22T13:32:39,15904,15903,Relay(15909),/init,0.0,0.0143,1.11,0.0,0.0,0.0,0.0,0.0,1,sleeping,cpu
2026-09-22T13:32:39,15909,15904,bash,-bash,0.0,0.0699,5.42,0.0,0.0,0.0,0.0,0.0,1,sleeping,cpu
2026-09-22T13:32:39,16472,1426,top,top,0.0,0.0719,5.57,0.0,0.0,0.5,0.0,0.0,1,sleeping,cpu
2026-09-22T13:32:39,20473,6174,python,python workloads/cpu/cpu_workload.py,99.7,0.1181,9.15,0.0,0.0,3.49,0.0,0.0,1,running,cpu
2026-09-22T13:32:39,20518,1,wsl-pro-service,/usr/libexec/wsl-pro-service,0.0,0.1749,13.55,0.0,0.0,0.0,0.0,0.0,8,sleeping,cpu
2026-09-22T13:32:41,1,0,systemd,/sbin/init,0.0,0.1667,12.91,0.0,0.0,0.98,0.0,0.0,1,sleeping,cpu
2026-09-22T13:32:41,2,1,init-systemd(Ub,/init,0.0,0.0279,2.16,0.0,0.0,0.0,0.0,0.0,2,sleeping,cpu
2026-09-22T13:32:41,7,2,init,plan9 --control-socket 7 --log-level 4 --server-fd 8 --pipe-fd 10 --log-truncate,0.0,0.0268,2.08,0.0,0.0,0.0,0.0,0.0,2,sleeping,cpu
2026-09-22T13:32:41,43,1,systemd-journald,/usr/lib/systemd/systemd-journald,1.0,0.2003,15.52,0.0,0.0,5.88,897.78,1.47,1,sleeping,cpu
2026-09-22T13:32:41,98,1,systemd-udevd,/usr/lib/systemd/systemd-udevd,0.0,0.0799,6.19,0.0,0.0,0.0,0.0,0.0,1,sleeping,cpu
2026-09-22T13:32:41,177,1,systemd-resolved,/usr/lib/systemd/systemd-resolved,0.0,0.1656,12.83,0.0,0.0,0.98,0.0,0.0,1,sleeping,cpu
2026-09-22T13:32:41,178,1,systemd-timesyncd,/usr/lib/systemd/systemd-timesyncd,0.0,0.1002,7.77,0.0,0.0,0.98,0.0,0.0,2,sleeping,cpu
2026-09-22T13:32:41,188,1,cron,/usr/sbin/cron -f -P,0.0,0.0338,2.62,0.0,0.0,0.0,0.0,0.0,1,sleeping,cpu
2026-09-22T13:32:41,189,1,dbus-daemon,@dbus-daemon --system --address=systemd: --nofork --nopidfile --systemd-activation --syslog-only,0.0,0.0669,5.18,0.0,0.0,1.47,0.0,0.0,1,sleeping,cpu
2026-09-22T13:32:41,203,1,systemd-logind,/usr/lib/systemd/systemd-logind,0.0,0.1112,8.62,0.0,0.0,1.96,0.0,0.0,1,sleeping,cpu
2026-09-22T13:32:41,217,1,agetty,/sbin/agetty -o -p -- \u --noclear - linux,0.0,0.0249,1.93,0.0,0.0,0.0,0.0,0.0,1,sleeping,cpu
2026-09-22T13:32:41,223,1,rsyslogd,/usr/sbin/rsyslogd -n -iNONE,0.0,0.0758,5.87,0.0,0.0,0.0,0.0,0.0,4,sleeping,cpu
2026-09-22T13:32:41,236,1,unattended-upgr,/usr/bin/python3 /usr/share/unattended-upgrades/unattended-upgrade-shutdown --wait-for-signal,0.0,0.2778,21.53,0.0,0.0,0.0,0.0,0.0,2,sleeping,cpu
2026-09-22T13:32:41,256,1,apache2,/usr/sbin/apache2 -k start,0.0,0.0634,4.91,0.0,0.0,0.98,0.0,0.0,1,sleeping,cpu
2026-09-22T13:32:41,257,256,apache2,/usr/sbin/apache2 -k start,0.0,0.0734,5.69,0.0,0.0,0.0,0.0,0.0,27,sleeping,cpu
2026-09-22T13:32:41,259,256,apache2,/usr/sbin/apache2 -k start,0.0,0.0734,5.69,0.0,0.0,0.0,0.0,0.0,27,sleeping,cpu
2026-09-22T13:32:41,386,2,login,/bin/login -f      ,0.0,0.0587,4.55,0.0,0.0,0.0,0.0,0.0,1,sleeping,cpu
2026-09-22T13:32:41,429,1,systemd,/usr/lib/systemd/systemd --user,0.0,0.145,11.24,0.0,0.0,0.98,0.0,0.0,1,sleeping,cpu
2026-09-22T13:32:41,430,429,(sd-pam),(sd-pam),0.0,0.0451,3.49,0.0,0.0,0.0,0.0,0.0,1,sleeping,cpu
2026-09-22T13:32:41,452,386,bash,-bash,0.0,0.0643,4.98,0.0,0.0,0.0,0.0,0.0,1,sleeping,cpu
2026-09-22T13:32:41,486,2,SessionLeader,/init,0.0,0.0142,1.1,0.0,0.0,0.0,0.0,0.0,1,sleeping,cpu
2026-09-22T13:32:41,487,486,Relay(488),/init,0.0,0.0159,1.23,0.0,0.0,0.0,0.0,0.0,1,sleeping,cpu
2026-09-22T13:32:41,488,487,bash,-bash,0.0,0.0666,5.16,0.0,0.0,0.0,0.0,0.0,1,sleeping,cpu
2026-09-22T13:32:41,696,2,SessionLeader,/init,0.0,0.0143,1.11,0.0,0.0,0.0,0.0,0.0,1,sleeping,cpu
2026-09-22T13:32:41,697,696,Relay(698),/init,0.0,0.0152,1.18,0.0,0.0,0.0,0.0,0.0,1,sleeping,cpu
2026-09-22T13:32:41,698,697,sh,"sh -c ""$VSCODE_WSL_EXT_LOCATION/scripts/wslServer.sh"" 7debcd0e2acdea1c52de81bf9ee1620444407dda stable code-server .vscode-server --host=127.0.0.1 --port=0 --connection-token=826864117-4248089396-2109865724-2149592531 --use-host-proxy --without-browser-env-var --disable-websocket-compression --accept-server-license-terms --telemetry-level=all",0.0,0.024,1.86,0.0,0.0,0.0,0.0,0.0,1,sleeping,cpu
2026-09-22T13:32:41,699,698,sh,sh /mnt/c/Users/Rohan/.vscode/extensions/ms-vscode-remote.remote-wsl-0.104.3/scripts/wslServer.sh 7debcd0e2acdea1c52de81bf9ee1620444407dda stable code-server .vscode-server --host=127.0.0.1 --port=0 --connection-token=826864117-4248089396-2109865724-2149592531 --use-host-proxy --without-browser-env-var --disable-websocket-compression --accept-server-license-terms --telemetry-level=all,0.0,0.0251,1.95,0.0,0.0,0.0,0.0,0.0,1,sleeping,cpu
2026-09-22T13:32:41,705,699,sh,sh /home/rohan/.vscode-server/bin/7debcd0e2acdea1c52de81bf9ee1620444407dda/bin/code-server --host=127.0.0.1 --port=0 --connection-token=826864117-4248089396-2109865724-2149592531 --use-host-proxy --without-browser-env-var --disable-websocket-compression --accept-server-license-terms --telemetry-level=all,0.0,0.025,1.93,0.0,0.0,0.0,0.0,0.0,1,sleeping,cpu
2026-09-22T13:32:41,709,705,MainThread,/home/rohan/.vscode-server/bin/7debcd0e2acdea1c52de81bf9ee1620444407dda/node /home/rohan/.vscode-server/bin/7debcd0e2acdea1c52de81bf9ee1620444407dda/out/server-main.js --host=127.0.0.1 --port=0 --connection-token=826864117-4248089396-2109865724-2149592531 --use-host-proxy --without-browser-env-var --disable-websocket-compression --accept-server-license-terms --telemetry-level=all,0.0,2.2863,177.16,0.0,0.0,1.96,0.0,0.0,11,sleeping,cpu
2026-09-22T13:32:41,721,2,SessionLeader,/init,0.0,0.0143,1.11,0.0,0.0,0.0,0.0,0.0,1,sleeping,cpu
2026-09-22T13:32:41,722,721,Relay(723),/init,0.0,0.0152,1.18,0.0,0.0,0.49,0.0,0.0,1,sleeping,cpu
2026-09-22T13:32:41,723,722,MainThread,"/home/rohan/.vscode-server/bin/7debcd0e2acdea1c52de81bf9ee1620444407dda/node -e const net = require('net'); process.stdin.pause(); const client = net.createConnection({ host: '127.0.0.1', port: 44115 }, () => { client.pipe(process.stdout); process.stdin.pipe(client); }); client.on('close', function (hadError) { console.error(hadError ? 'Remote close with error' : 'Remote close'); process.exit(hadError ? 1 : 0); }); client.on('error', function (err) { process.stderr.write(err && (err.stack || err.message) || String(err)); });",0.0,0.8724,67.6,0.0,0.0,0.49,0.0,0.0,7,sleeping,cpu
2026-09-22T13:32:41,730,2,SessionLeader,/init,0.0,0.0143,1.11,0.0,0.0,0.0,0.0,0.0,1,sleeping,cpu
2026-09-22T13:32:41,731,730,Relay(732),/init,0.0,0.0152,1.18,0.0,0.0,0.49,0.0,0.0,1,sleeping,cpu
2026-09-22T13:32:41,732,731,MainThread,"/home/rohan/.vscode-server/bin/7debcd0e2acdea1c52de81bf9ee1620444407dda/node -e const net = require('net'); process.stdin.pause(); const client = net.createConnection({ host: '127.0.0.1', port: 44115 }, () => { client.pipe(process.stdout); process.stdin.pipe(client); }); client.on('close', function (hadError) { console.error(hadError ? 'Remote close with error' : 'Remote close'); process.exit(hadError ? 1 : 0); }); client.on('error', function (err) { process.stderr.write(err && (err.stack || err.message) || String(err)); });",0.0,0.7746,60.02,0.0,0.0,0.49,0.0,0.0,7,sleeping,cpu
2026-09-22T13:32:41,743,709,MainThread,/home/rohan/.vscode-server/bin/7debcd0e2acdea1c52de81bf9ee1620444407dda/node /home/rohan/.vscode-server/bin/7debcd0e2acdea1c52de81bf9ee1620444407dda/out/bootstrap-fork --type=fileWatcher,0.0,0.8757,67.86,0.0,0.0,1.47,0.0,0.0,13,sleeping,cpu
2026-09-22T13:32:41,769,709,MainThread,/home/rohan/.vscode-server/bin/7debcd0e2acdea1c52de81bf9ee1620444407dda/node /home/rohan/.vscode-server/bin/7debcd0e2acdea1c52de81bf9ee1620444407dda/out/bootstrap-fork --type=agentHost --logsPath /home/rohan/.vscode-server/data/logs/20260922T120228 --user-data-dir /home/rohan/.vscode-server/data --telemetry-level all,0.0,1.7774,137.72,0.0,0.0,0.0,0.0,0.0,11,sleeping,cpu
2026-09-22T13:32:41,770,709,MainThread,/home/rohan/.vscode-server/bin/7debcd0e2acdea1c52de81bf9ee1620444407dda/node --dns-result-order=ipv4first /home/rohan/.vscode-server/bin/7debcd0e2acdea1c52de81bf9ee1620444407dda/out/bootstrap-fork --type=extensionHost --transformURIs --useHostProxy=true,1.0,6.7952,526.54,0.0,0.0,189.17,244.55,0.0,32,sleeping,cpu
2026-09-22T13:32:41,811,769,MainThread,/home/rohan/.vscode-server/bin/7debcd0e2acdea1c52de81bf9ee1620444407dda/node /home/rohan/.vscode-server/bin/7debcd0e2acdea1c52de81bf9ee1620444407dda/node_modules/@github/copilot-linux-x64/index.js --headless --no-auto-update --log-level info --stdio --no-auto-login,0.0,3.3565,260.08,0.0,0.0,0.0,0.0,0.0,44,sleeping,cpu
2026-09-22T13:32:41,812,770,MainThread,/home/rohan/.vscode-server/bin/7debcd0e2acdea1c52de81bf9ee1620444407dda/node /home/rohan/.vscode-server/bin/7debcd0e2acdea1c52de81bf9ee1620444407dda/extensions/markdown-language-features/dist/serverWorkerMain --node-ipc --clientProcessId=770,0.0,0.994,77.02,0.0,0.0,0.0,0.0,0.0,7,sleeping,cpu
2026-09-22T13:32:41,833,709,MainThread,/home/rohan/.vscode-server/bin/7debcd0e2acdea1c52de81bf9ee1620444407dda/node /home/rohan/.vscode-server/bin/7debcd0e2acdea1c52de81bf9ee1620444407dda/out/bootstrap-fork --type=ptyHost --logsPath /home/rohan/.vscode-server/data/logs/20260922T120228,0.0,0.9761,75.63,0.0,0.0,6.37,0.0,0.0,13,sleeping,cpu
2026-09-22T13:32:41,964,833,bash,/bin/bash --init-file /home/rohan/.vscode-server/bin/7debcd0e2acdea1c52de81bf9ee1620444407dda/out/vs/workbench/contrib/terminal/common/scripts/shellIntegration-bash.sh,0.0,0.0674,5.22,0.0,0.0,0.0,0.0,0.0,1,sleeping,cpu
2026-09-22T13:32:41,1424,2,SessionLeader,/init,0.0,0.0142,1.1,0.0,0.0,0.0,0.0,0.0,1,sleeping,cpu
2026-09-22T13:32:41,1425,1424,Relay(1426),/init,0.0,0.0143,1.11,0.0,0.0,0.0,0.0,0.0,1,sleeping,cpu
2026-09-22T13:32:41,1426,1425,bash,-bash,0.0,0.0665,5.15,0.0,0.0,0.0,0.0,0.0,1,sleeping,cpu
2026-09-22T13:32:41,4147,770,pet,/home/rohan/.vscode-server/extensions/ms-python.vscode-python-envs-1.37.2026092101-linux-x64/python-env-tools/bin/pet server,0.0,0.0749,5.8,0.0,0.0,0.0,0.0,0.0,21,sleeping,cpu
2026-09-22T13:32:41,4156,833,bash,/bin/bash --init-file /home/rohan/.vscode-server/bin/7debcd0e2acdea1c52de81bf9ee1620444407dda/out/vs/workbench/contrib/terminal/common/scripts/shellIntegration-bash.sh,0.0,0.0664,5.15,0.0,0.0,0.0,0.0,0.0,1,sleeping,cpu
2026-09-22T13:32:41,4295,770,MainThread,/home/rohan/.vscode-server/bin/7debcd0e2acdea1c52de81bf9ee1620444407dda/node /home/rohan/.vscode-server/extensions/ms-python.vscode-pylance-2026.3.105/dist/server.bundle.js --cancellationReceive=file:2bc56d7a41ee8749874d0000b75c5745f8ddf88b1a --node-ipc --clientProcessId=770,0.0,8.4531,655.0,0.0,0.0,0.0,0.0,0.0,9,sleeping,cpu
2026-09-22T13:32:41,5890,2,SessionLeader,/init,0.0,0.0142,1.1,0.0,0.0,0.0,0.0,0.0,1,sleeping,cpu
2026-09-22T13:32:41,5891,5890,Relay(5896),/init,0.0,0.0143,1.11,0.0,0.0,0.49,0.0,0.0,1,sleeping,cpu
2026-09-22T13:32:41,5896,5891,bash,-bash,0.0,0.0669,5.18,0.0,0.0,0.0,0.0,0.0,1,sleeping,cpu
2026-09-22T13:32:41,6172,2,SessionLeader,/init,0.0,0.0142,1.1,0.0,0.0,0.0,0.0,0.0,1,sleeping,cpu
2026-09-22T13:32:41,6173,6172,Relay(6174),/init,0.0,0.0143,1.11,0.0,0.0,0.0,0.0,0.0,1,sleeping,cpu
2026-09-22T13:32:41,6174,6173,bash,-bash,0.0,0.0666,5.16,0.0,0.0,0.0,0.0,0.0,1,sleeping,cpu
2026-09-22T13:32:41,6941,2,SessionLeader,/init,0.0,0.0142,1.1,0.0,0.0,0.0,0.0,0.0,1,sleeping,cpu
2026-09-22T13:32:41,6943,6941,Relay(6945),/init,0.0,0.0143,1.11,0.0,0.0,0.0,0.0,0.0,1,sleeping,cpu
2026-09-22T13:32:41,6945,6943,bash,-bash,0.0,0.0659,5.11,0.0,0.0,0.0,0.0,0.0,1,sleeping,cpu
2026-09-22T13:32:41,8650,2,SessionLeader,/init,0.0,0.0142,1.1,0.0,0.0,0.0,0.0,0.0,1,sleeping,cpu
2026-09-22T13:32:41,8652,8650,Relay(8654),/init,0.0,0.0143,1.11,0.0,0.0,0.0,0.0,0.0,1,sleeping,cpu
2026-09-22T13:32:41,8654,8652,bash,-bash,0.0,0.0688,5.33,0.0,0.0,0.0,0.0,0.0,1,sleeping,cpu
2026-09-22T13:32:41,8853,2,SessionLeader,/init,0.0,0.0142,1.1,0.0,0.0,0.0,0.0,0.0,1,sleeping,cpu
2026-09-22T13:32:41,8854,8853,Relay(8858),/init,0.0,0.0143,1.11,0.0,0.0,0.0,0.0,0.0,1,sleeping,cpu
2026-09-22T13:32:41,8858,8854,bash,-bash,0.0,0.0681,5.27,0.0,0.0,0.0,0.0,0.0,1,sleeping,cpu
2026-09-22T13:32:41,15760,2,SessionLeader,/init,0.0,0.0142,1.1,0.0,0.0,0.0,0.0,0.0,1,sleeping,cpu
2026-09-22T13:32:41,15762,15760,Relay(15767),/init,0.0,0.0143,1.11,0.0,0.0,0.0,0.0,0.0,1,sleeping,cpu
2026-09-22T13:32:41,15767,15762,bash,-bash,0.0,0.0696,5.39,0.0,0.0,0.0,0.0,0.0,1,sleeping,cpu
2026-09-22T13:32:41,15903,2,SessionLeader,/init,0.0,0.0142,1.1,0.0,0.0,0.0,0.0,0.0,1,sleeping,cpu
2026-09-22T13:32:41,15904,15903,Relay(15909),/init,0.0,0.0143,1.11,0.0,0.0,0.0,0.0,0.0,1,sleeping,cpu
2026-09-22T13:32:41,15909,15904,bash,-bash,0.0,0.0699,5.42,0.0,0.0,0.0,0.0,0.0,1,sleeping,cpu
2026-09-22T13:32:41,16472,1426,top,top,0.0,0.0719,5.57,0.0,0.0,0.0,0.0,0.0,1,sleeping,cpu
2026-09-22T13:32:41,20473,6174,python,python workloads/cpu/cpu_workload.py,100.2,0.1181,9.15,0.0,0.0,2.94,0.0,0.0,1,running,cpu
2026-09-22T13:32:41,20518,1,wsl-pro-service,/usr/libexec/wsl-pro-service,0.0,0.1749,13.55,0.0,0.0,0.0,0.0,0.0,8,sleeping,cpu
2026-09-22T13:32:43,1,0,systemd,/sbin/init,0.0,0.1667,12.91,0.0,0.0,0.0,0.0,0.0,1,sleeping,cpu
2026-09-22T13:32:43,2,1,init-systemd(Ub,/init,0.0,0.0279,2.16,0.0,0.0,0.0,0.0,0.0,2,sleeping,cpu
2026-09-22T13:32:43,7,2,init,plan9 --control-socket 7 --log-level 4 --server-fd 8 --pipe-fd 10 --log-truncate,0.0,0.0268,2.08,0.0,0.0,0.0,0.0,0.0,2,sleeping,cpu
2026-09-22T13:32:43,43,1,systemd-journald,/usr/lib/systemd/systemd-journald,0.0,0.2004,15.53,0.0,0.0,1.0,0.5,0.0,1,sleeping,cpu
2026-09-22T13:32:43,98,1,systemd-udevd,/usr/lib/systemd/systemd-udevd,0.0,0.0799,6.19,0.0,0.0,0.0,0.0,0.0,1,sleeping,cpu
2026-09-22T13:32:43,177,1,systemd-resolved,/usr/lib/systemd/systemd-resolved,0.0,0.1656,12.83,0.0,0.0,0.0,0.0,0.0,1,sleeping,cpu
2026-09-22T13:32:43,178,1,systemd-timesyncd,/usr/lib/systemd/systemd-timesyncd,0.0,0.1002,7.77,0.0,0.0,0.0,0.0,0.0,2,sleeping,cpu
2026-09-22T13:32:43,188,1,cron,/usr/sbin/cron -f -P,0.0,0.0338,2.62,0.0,0.0,0.0,0.0,0.0,1,sleeping,cpu
2026-09-22T13:32:43,189,1,dbus-daemon,@dbus-daemon --system --address=systemd: --nofork --nopidfile --systemd-activation --syslog-only,0.0,0.0669,5.18,0.0,0.0,0.0,0.0,0.0,1,sleeping,cpu
2026-09-22T13:32:43,203,1,systemd-logind,/usr/lib/systemd/systemd-logind,0.0,0.1112,8.62,0.0,0.0,0.0,0.0,0.0,1,sleeping,cpu
2026-09-22T13:32:43,217,1,agetty,/sbin/agetty -o -p -- \u --noclear - linux,0.0,0.0249,1.93,0.0,0.0,0.0,0.0,0.0,1,sleeping,cpu
2026-09-22T13:32:43,223,1,rsyslogd,/usr/sbin/rsyslogd -n -iNONE,0.0,0.0758,5.87,0.0,0.0,0.0,0.0,0.0,4,sleeping,cpu
2026-09-22T13:32:43,236,1,unattended-upgr,/usr/bin/python3 /usr/share/unattended-upgrades/unattended-upgrade-shutdown --wait-for-signal,0.0,0.2778,21.53,0.0,0.0,0.0,0.0,0.0,2,sleeping,cpu
2026-09-22T13:32:43,256,1,apache2,/usr/sbin/apache2 -k start,0.0,0.0634,4.91,0.0,0.0,1.0,0.0,0.0,1,sleeping,cpu
2026-09-22T13:32:43,257,256,apache2,/usr/sbin/apache2 -k start,0.0,0.0734,5.69,0.0,0.0,0.0,0.0,0.0,27,sleeping,cpu
2026-09-22T13:32:43,259,256,apache2,/usr/sbin/apache2 -k start,0.0,0.0734,5.69,0.0,0.0,0.0,0.0,0.0,27,sleeping,cpu
2026-09-22T13:32:43,386,2,login,/bin/login -f      ,0.0,0.0587,4.55,0.0,0.0,0.0,0.0,0.0,1,sleeping,cpu
2026-09-22T13:32:43,429,1,systemd,/usr/lib/systemd/systemd --user,0.0,0.145,11.24,0.0,0.0,0.0,0.0,0.0,1,sleeping,cpu
2026-09-22T13:32:43,430,429,(sd-pam),(sd-pam),0.0,0.0451,3.49,0.0,0.0,0.0,0.0,0.0,1,sleeping,cpu
2026-09-22T13:32:43,452,386,bash,-bash,0.0,0.0643,4.98,0.0,0.0,0.0,0.0,0.0,1,sleeping,cpu
2026-09-22T13:32:43,486,2,SessionLeader,/init,0.0,0.0142,1.1,0.0,0.0,0.0,0.0,0.0,1,sleeping,cpu
2026-09-22T13:32:43,487,486,Relay(488),/init,0.0,0.0159,1.23,0.0,0.0,0.0,0.0,0.0,1,sleeping,cpu
2026-09-22T13:32:43,488,487,bash,-bash,0.0,0.0666,5.16,0.0,0.0,0.0,0.0,0.0,1,sleeping,cpu
2026-09-22T13:32:43,696,2,SessionLeader,/init,0.0,0.0143,1.11,0.0,0.0,0.0,0.0,0.0,1,sleeping,cpu
2026-09-22T13:32:43,697,696,Relay(698),/init,0.0,0.0152,1.18,0.0,0.0,0.0,0.0,0.0,1,sleeping,cpu
2026-09-22T13:32:43,698,697,sh,"sh -c ""$VSCODE_WSL_EXT_LOCATION/scripts/wslServer.sh"" 7debcd0e2acdea1c52de81bf9ee1620444407dda stable code-server .vscode-server --host=127.0.0.1 --port=0 --connection-token=826864117-4248089396-2109865724-2149592531 --use-host-proxy --without-browser-env-var --disable-websocket-compression --accept-server-license-terms --telemetry-level=all",0.0,0.024,1.86,0.0,0.0,0.0,0.0,0.0,1,sleeping,cpu
2026-09-22T13:32:43,699,698,sh,sh /mnt/c/Users/Rohan/.vscode/extensions/ms-vscode-remote.remote-wsl-0.104.3/scripts/wslServer.sh 7debcd0e2acdea1c52de81bf9ee1620444407dda stable code-server .vscode-server --host=127.0.0.1 --port=0 --connection-token=826864117-4248089396-2109865724-2149592531 --use-host-proxy --without-browser-env-var --disable-websocket-compression --accept-server-license-terms --telemetry-level=all,0.0,0.0251,1.95,0.0,0.0,0.0,0.0,0.0,1,sleeping,cpu
2026-09-22T13:32:43,705,699,sh,sh /home/rohan/.vscode-server/bin/7debcd0e2acdea1c52de81bf9ee1620444407dda/bin/code-server --host=127.0.0.1 --port=0 --connection-token=826864117-4248089396-2109865724-2149592531 --use-host-proxy --without-browser-env-var --disable-websocket-compression --accept-server-license-terms --telemetry-level=all,0.0,0.025,1.93,0.0,0.0,0.0,0.0,0.0,1,sleeping,cpu
2026-09-22T13:32:43,709,705,MainThread,/home/rohan/.vscode-server/bin/7debcd0e2acdea1c52de81bf9ee1620444407dda/node /home/rohan/.vscode-server/bin/7debcd0e2acdea1c52de81bf9ee1620444407dda/out/server-main.js --host=127.0.0.1 --port=0 --connection-token=826864117-4248089396-2109865724-2149592531 --use-host-proxy --without-browser-env-var --disable-websocket-compression --accept-server-license-terms --telemetry-level=all,0.0,2.2863,177.16,0.0,0.0,4.48,0.0,0.0,11,sleeping,cpu
2026-09-22T13:32:43,721,2,SessionLeader,/init,0.0,0.0143,1.11,0.0,0.0,0.0,0.0,0.0,1,sleeping,cpu
2026-09-22T13:32:43,722,721,Relay(723),/init,0.0,0.0152,1.18,0.0,0.0,0.5,0.0,0.0,1,sleeping,cpu
2026-09-22T13:32:43,723,722,MainThread,"/home/rohan/.vscode-server/bin/7debcd0e2acdea1c52de81bf9ee1620444407dda/node -e const net = require('net'); process.stdin.pause(); const client = net.createConnection({ host: '127.0.0.1', port: 44115 }, () => { client.pipe(process.stdout); process.stdin.pipe(client); }); client.on('close', function (hadError) { console.error(hadError ? 'Remote close with error' : 'Remote close'); process.exit(hadError ? 1 : 0); }); client.on('error', function (err) { process.stderr.write(err && (err.stack || err.message) || String(err)); });",0.0,0.8724,67.6,0.0,0.0,0.5,0.0,0.0,7,sleeping,cpu
2026-09-22T13:32:43,730,2,SessionLeader,/init,0.0,0.0143,1.11,0.0,0.0,0.0,0.0,0.0,1,sleeping,cpu
2026-09-22T13:32:43,731,730,Relay(732),/init,0.0,0.0152,1.18,0.0,0.0,0.0,0.0,0.0,1,sleeping,cpu
2026-09-22T13:32:43,732,731,MainThread,"/home/rohan/.vscode-server/bin/7debcd0e2acdea1c52de81bf9ee1620444407dda/node -e const net = require('net'); process.stdin.pause(); const client = net.createConnection({ host: '127.0.0.1', port: 44115 }, () => { client.pipe(process.stdout); process.stdin.pipe(client); }); client.on('close', function (hadError) { console.error(hadError ? 'Remote close with error' : 'Remote close'); process.exit(hadError ? 1 : 0); }); client.on('error', function (err) { process.stderr.write(err && (err.stack || err.message) || String(err)); });",0.0,0.7746,60.02,0.0,0.0,0.0,0.0,0.0,7,sleeping,cpu
2026-09-22T13:32:43,743,709,MainThread,/home/rohan/.vscode-server/bin/7debcd0e2acdea1c52de81bf9ee1620444407dda/node /home/rohan/.vscode-server/bin/7debcd0e2acdea1c52de81bf9ee1620444407dda/out/bootstrap-fork --type=fileWatcher,0.0,0.8757,67.86,0.0,0.0,2.99,0.0,0.0,13,sleeping,cpu
2026-09-22T13:32:43,769,709,MainThread,/home/rohan/.vscode-server/bin/7debcd0e2acdea1c52de81bf9ee1620444407dda/node /home/rohan/.vscode-server/bin/7debcd0e2acdea1c52de81bf9ee1620444407dda/out/bootstrap-fork --type=agentHost --logsPath /home/rohan/.vscode-server/data/logs/20260922T120228 --user-data-dir /home/rohan/.vscode-server/data --telemetry-level all,0.0,1.7774,137.72,0.0,0.0,0.5,0.0,0.0,11,sleeping,cpu
2026-09-22T13:32:43,770,709,MainThread,/home/rohan/.vscode-server/bin/7debcd0e2acdea1c52de81bf9ee1620444407dda/node --dns-result-order=ipv4first /home/rohan/.vscode-server/bin/7debcd0e2acdea1c52de81bf9ee1620444407dda/out/bootstrap-fork --type=extensionHost --transformURIs --useHostProxy=true,1.0,6.7952,526.54,0.0,0.0,194.34,373.74,0.0,32,sleeping,cpu
2026-09-22T13:32:43,811,769,MainThread,/home/rohan/.vscode-server/bin/7debcd0e2acdea1c52de81bf9ee1620444407dda/node /home/rohan/.vscode-server/bin/7debcd0e2acdea1c52de81bf9ee1620444407dda/node_modules/@github/copilot-linux-x64/index.js --headless --no-auto-update --log-level info --stdio --no-auto-login,0.0,3.3565,260.08,0.0,0.0,0.0,0.0,0.0,44,sleeping,cpu
2026-09-22T13:32:43,812,770,MainThread,/home/rohan/.vscode-server/bin/7debcd0e2acdea1c52de81bf9ee1620444407dda/node /home/rohan/.vscode-server/bin/7debcd0e2acdea1c52de81bf9ee1620444407dda/extensions/markdown-language-features/dist/serverWorkerMain --node-ipc --clientProcessId=770,0.0,0.994,77.02,0.0,0.0,1.0,0.0,0.0,7,sleeping,cpu
2026-09-22T13:32:43,833,709,MainThread,/home/rohan/.vscode-server/bin/7debcd0e2acdea1c52de81bf9ee1620444407dda/node /home/rohan/.vscode-server/bin/7debcd0e2acdea1c52de81bf9ee1620444407dda/out/bootstrap-fork --type=ptyHost --logsPath /home/rohan/.vscode-server/data/logs/20260922T120228,0.0,0.9761,75.63,0.0,0.0,6.48,0.0,0.0,13,sleeping,cpu
2026-09-22T13:32:43,964,833,bash,/bin/bash --init-file /home/rohan/.vscode-server/bin/7debcd0e2acdea1c52de81bf9ee1620444407dda/out/vs/workbench/contrib/terminal/common/scripts/shellIntegration-bash.sh,0.0,0.0674,5.22,0.0,0.0,0.0,0.0,0.0,1,sleeping,cpu
2026-09-22T13:32:43,1424,2,SessionLeader,/init,0.0,0.0142,1.1,0.0,0.0,0.0,0.0,0.0,1,sleeping,cpu
2026-09-22T13:32:43,1425,1424,Relay(1426),/init,0.0,0.0143,1.11,0.0,0.0,1.0,0.0,0.0,1,sleeping,cpu
2026-09-22T13:32:43,1426,1425,bash,-bash,0.0,0.0665,5.15,0.0,0.0,0.0,0.0,0.0,1,sleeping,cpu
2026-09-22T13:32:43,4147,770,pet,/home/rohan/.vscode-server/extensions/ms-python.vscode-python-envs-1.37.2026092101-linux-x64/python-env-tools/bin/pet server,0.0,0.0749,5.8,0.0,0.0,0.0,0.0,0.0,21,sleeping,cpu
2026-09-22T13:32:43,4156,833,bash,/bin/bash --init-file /home/rohan/.vscode-server/bin/7debcd0e2acdea1c52de81bf9ee1620444407dda/out/vs/workbench/contrib/terminal/common/scripts/shellIntegration-bash.sh,0.0,0.0664,5.15,0.0,0.0,0.0,0.0,0.0,1,sleeping,cpu
2026-09-22T13:32:43,4295,770,MainThread,/home/rohan/.vscode-server/bin/7debcd0e2acdea1c52de81bf9ee1620444407dda/node /home/rohan/.vscode-server/extensions/ms-python.vscode-pylance-2026.3.105/dist/server.bundle.js --cancellationReceive=file:2bc56d7a41ee8749874d0000b75c5745f8ddf88b1a --node-ipc --clientProcessId=770,0.0,8.4531,655.0,0.0,0.0,0.5,0.0,0.0,9,sleeping,cpu
2026-09-22T13:32:43,5890,2,SessionLeader,/init,0.0,0.0142,1.1,0.0,0.0,0.0,0.0,0.0,1,sleeping,cpu
2026-09-22T13:32:43,5891,5890,Relay(5896),/init,0.0,0.0143,1.11,0.0,0.0,0.5,0.0,0.0,1,sleeping,cpu
2026-09-22T13:32:43,5896,5891,bash,-bash,0.0,0.0669,5.18,0.0,0.0,0.0,0.0,0.0,1,sleeping,cpu
2026-09-22T13:32:43,6172,2,SessionLeader,/init,0.0,0.0142,1.1,0.0,0.0,0.0,0.0,0.0,1,sleeping,cpu
2026-09-22T13:32:43,6173,6172,Relay(6174),/init,0.0,0.0143,1.11,0.0,0.0,0.0,0.0,0.0,1,sleeping,cpu
2026-09-22T13:32:43,6174,6173,bash,-bash,0.0,0.0666,5.16,0.0,0.0,0.0,0.0,0.0,1,sleeping,cpu
2026-09-22T13:32:43,6941,2,SessionLeader,/init,0.0,0.0142,1.1,0.0,0.0,0.0,0.0,0.0,1,sleeping,cpu
2026-09-22T13:32:43,6943,6941,Relay(6945),/init,0.0,0.0143,1.11,0.0,0.0,0.0,0.0,0.0,1,sleeping,cpu
2026-09-22T13:32:43,6945,6943,bash,-bash,0.0,0.0659,5.11,0.0,0.0,0.0,0.0,0.0,1,sleeping,cpu
2026-09-22T13:32:43,8650,2,SessionLeader,/init,0.0,0.0142,1.1,0.0,0.0,0.0,0.0,0.0,1,sleeping,cpu
2026-09-22T13:32:43,8652,8650,Relay(8654),/init,0.0,0.0143,1.11,0.0,0.0,0.0,0.0,0.0,1,sleeping,cpu
2026-09-22T13:32:43,8654,8652,bash,-bash,0.0,0.0688,5.33,0.0,0.0,0.0,0.0,0.0,1,sleeping,cpu
2026-09-22T13:32:43,8853,2,SessionLeader,/init,0.0,0.0142,1.1,0.0,0.0,0.0,0.0,0.0,1,sleeping,cpu
2026-09-22T13:32:43,8854,8853,Relay(8858),/init,0.0,0.0143,1.11,0.0,0.0,0.0,0.0,0.0,1,sleeping,cpu
2026-09-22T13:32:43,8858,8854,bash,-bash,0.0,0.0681,5.27,0.0,0.0,0.0,0.0,0.0,1,sleeping,cpu
2026-09-22T13:32:43,15760,2,SessionLeader,/init,0.0,0.0142,1.1,0.0,0.0,0.0,0.0,0.0,1,sleeping,cpu
2026-09-22T13:32:43,15762,15760,Relay(15767),/init,0.0,0.0143,1.11,0.0,0.0,0.0,0.0,0.0,1,sleeping,cpu
2026-09-22T13:32:43,15767,15762,bash,-bash,0.0,0.0696,5.39,0.0,0.0,0.0,0.0,0.0,1,sleeping,cpu
2026-09-22T13:32:43,15903,2,SessionLeader,/init,0.0,0.0142,1.1,0.0,0.0,0.0,0.0,0.0,1,sleeping,cpu
2026-09-22T13:32:43,15904,15903,Relay(15909),/init,0.0,0.0143,1.11,0.0,0.0,0.0,0.0,0.0,1,sleeping,cpu
2026-09-22T13:32:43,15909,15904,bash,-bash,0.0,0.0699,5.42,0.0,0.0,0.0,0.0,0.0,1,sleeping,cpu
2026-09-22T13:32:43,16472,1426,top,top,0.0,0.0719,5.57,0.0,0.0,0.5,0.0,0.0,1,sleeping,cpu
2026-09-22T13:32:43,20473,6174,python,python workloads/cpu/cpu_workload.py,100.2,0.1181,9.15,0.0,0.0,4.98,0.0,0.0,1,running,cpu
2026-09-22T13:32:43,20518,1,wsl-pro-service,/usr/libexec/wsl-pro-service,0.0,0.1749,13.55,0.0,0.0,0.0,0.0,0.0,8,sleeping,cpu
2026-09-22T13:32:45,1,0,systemd,/sbin/init,0.0,0.1667,12.91,0.0,0.0,1.0,0.0,0.0,1,sleeping,cpu
2026-09-22T13:32:45,2,1,init-systemd(Ub,/init,0.0,0.0279,2.16,0.0,0.0,0.0,0.0,0.0,2,sleeping,cpu
2026-09-22T13:32:45,7,2,init,plan9 --control-socket 7 --log-level 4 --server-fd 8 --pipe-fd 10 --log-truncate,0.0,0.0268,2.08,0.0,0.0,0.0,0.0,0.0,2,sleeping,cpu
2026-09-22T13:32:45,43,1,systemd-journald,/usr/lib/systemd/systemd-journald,0.5,0.2003,15.52,0.0,0.0,5.48,912.58,1.49,1,sleeping,cpu
2026-09-22T13:32:45,98,1,systemd-udevd,/usr/lib/systemd/systemd-udevd,0.0,0.0799,6.19,0.0,0.0,0.0,0.0,0.0,1,sleeping,cpu
2026-09-22T13:32:45,177,1,systemd-resolved,/usr/lib/systemd/systemd-resolved,0.0,0.1656,12.83,0.0,0.0,1.0,0.0,0.0,1,sleeping,cpu
2026-09-22T13:32:45,178,1,systemd-timesyncd,/usr/lib/systemd/systemd-timesyncd,0.0,0.1002,7.77,0.0,0.0,1.0,0.0,0.0,2,sleeping,cpu
2026-09-22T13:32:45,188,1,cron,/usr/sbin/cron -f -P,0.0,0.0338,2.62,0.0,0.0,0.0,0.0,0.0,1,sleeping,cpu
2026-09-22T13:32:45,189,1,dbus-daemon,@dbus-daemon --system --address=systemd: --nofork --nopidfile --systemd-activation --syslog-only,0.0,0.0669,5.18,0.0,0.0,1.49,0.0,0.0,1,sleeping,cpu
2026-09-22T13:32:45,203,1,systemd-logind,/usr/lib/systemd/systemd-logind,0.0,0.1112,8.62,0.0,0.0,2.99,0.0,0.0,1,sleeping,cpu
2026-09-22T13:32:45,217,1,agetty,/sbin/agetty -o -p -- \u --noclear - linux,0.0,0.0249,1.93,0.0,0.0,0.0,0.0,0.0,1,sleeping,cpu
2026-09-22T13:32:45,223,1,rsyslogd,/usr/sbin/rsyslogd -n -iNONE,0.0,0.0758,5.87,0.0,0.0,0.0,0.0,0.0,4,sleeping,cpu
2026-09-22T13:32:45,236,1,unattended-upgr,/usr/bin/python3 /usr/share/unattended-upgrades/unattended-upgrade-shutdown --wait-for-signal,0.0,0.2778,21.53,0.0,0.0,0.0,0.0,0.0,2,sleeping,cpu
2026-09-22T13:32:45,256,1,apache2,/usr/sbin/apache2 -k start,0.0,0.0634,4.91,0.0,0.0,1.0,0.0,0.0,1,sleeping,cpu
2026-09-22T13:32:45,257,256,apache2,/usr/sbin/apache2 -k start,0.0,0.0734,5.69,0.0,0.0,0.0,0.0,0.0,27,sleeping,cpu
2026-09-22T13:32:45,259,256,apache2,/usr/sbin/apache2 -k start,0.0,0.0734,5.69,0.0,0.0,0.0,0.0,0.0,27,sleeping,cpu
2026-09-22T13:32:45,386,2,login,/bin/login -f      ,0.0,0.0587,4.55,0.0,0.0,0.0,0.0,0.0,1,sleeping,cpu
2026-09-22T13:32:45,429,1,systemd,/usr/lib/systemd/systemd --user,0.0,0.145,11.24,0.0,0.0,1.0,0.0,0.0,1,sleeping,cpu
2026-09-22T13:32:45,430,429,(sd-pam),(sd-pam),0.0,0.0451,3.49,0.0,0.0,0.0,0.0,0.0,1,sleeping,cpu
2026-09-22T13:32:45,452,386,bash,-bash,0.0,0.0643,4.98,0.0,0.0,0.0,0.0,0.0,1,sleeping,cpu
2026-09-22T13:32:45,486,2,SessionLeader,/init,0.0,0.0142,1.1,0.0,0.0,0.0,0.0,0.0,1,sleeping,cpu
2026-09-22T13:32:45,487,486,Relay(488),/init,0.0,0.0159,1.23,0.0,0.0,0.0,0.0,0.0,1,sleeping,cpu
2026-09-22T13:32:45,488,487,bash,-bash,0.0,0.0666,5.16,0.0,0.0,0.0,0.0,0.0,1,sleeping,cpu
2026-09-22T13:32:45,696,2,SessionLeader,/init,0.0,0.0143,1.11,0.0,0.0,0.0,0.0,0.0,1,sleeping,cpu
2026-09-22T13:32:45,697,696,Relay(698),/init,0.0,0.0152,1.18,0.0,0.0,0.0,0.0,0.0,1,sleeping,cpu
2026-09-22T13:32:45,698,697,sh,"sh -c ""$VSCODE_WSL_EXT_LOCATION/scripts/wslServer.sh"" 7debcd0e2acdea1c52de81bf9ee1620444407dda stable code-server .vscode-server --host=127.0.0.1 --port=0 --connection-token=826864117-4248089396-2109865724-2149592531 --use-host-proxy --without-browser-env-var --disable-websocket-compression --accept-server-license-terms --telemetry-level=all",0.0,0.024,1.86,0.0,0.0,0.0,0.0,0.0,1,sleeping,cpu
2026-09-22T13:32:45,699,698,sh,sh /mnt/c/Users/Rohan/.vscode/extensions/ms-vscode-remote.remote-wsl-0.104.3/scripts/wslServer.sh 7debcd0e2acdea1c52de81bf9ee1620444407dda stable code-server .vscode-server --host=127.0.0.1 --port=0 --connection-token=826864117-4248089396-2109865724-2149592531 --use-host-proxy --without-browser-env-var --disable-websocket-compression --accept-server-license-terms --telemetry-level=all,0.0,0.0251,1.95,0.0,0.0,0.0,0.0,0.0,1,sleeping,cpu
2026-09-22T13:32:45,705,699,sh,sh /home/rohan/.vscode-server/bin/7debcd0e2acdea1c52de81bf9ee1620444407dda/bin/code-server --host=127.0.0.1 --port=0 --connection-token=826864117-4248089396-2109865724-2149592531 --use-host-proxy --without-browser-env-var --disable-websocket-compression --accept-server-license-terms --telemetry-level=all,0.0,0.025,1.93,0.0,0.0,0.0,0.0,0.0,1,sleeping,cpu
2026-09-22T13:32:45,709,705,MainThread,/home/rohan/.vscode-server/bin/7debcd0e2acdea1c52de81bf9ee1620444407dda/node /home/rohan/.vscode-server/bin/7debcd0e2acdea1c52de81bf9ee1620444407dda/out/server-main.js --host=127.0.0.1 --port=0 --connection-token=826864117-4248089396-2109865724-2149592531 --use-host-proxy --without-browser-env-var --disable-websocket-compression --accept-server-license-terms --telemetry-level=all,0.0,2.2863,177.16,0.0,0.0,4.98,0.0,0.0,11,sleeping,cpu
2026-09-22T13:32:45,721,2,SessionLeader,/init,0.0,0.0143,1.11,0.0,0.0,0.0,0.0,0.0,1,sleeping,cpu
2026-09-22T13:32:45,722,721,Relay(723),/init,0.0,0.0152,1.18,0.0,0.0,1.0,0.0,0.0,1,sleeping,cpu
2026-09-22T13:32:45,723,722,MainThread,"/home/rohan/.vscode-server/bin/7debcd0e2acdea1c52de81bf9ee1620444407dda/node -e const net = require('net'); process.stdin.pause(); const client = net.createConnection({ host: '127.0.0.1', port: 44115 }, () => { client.pipe(process.stdout); process.stdin.pipe(client); }); client.on('close', function (hadError) { console.error(hadError ? 'Remote close with error' : 'Remote close'); process.exit(hadError ? 1 : 0); }); client.on('error', function (err) { process.stderr.write(err && (err.stack || err.message) || String(err)); });",0.0,0.8724,67.6,0.0,0.0,1.0,0.0,0.0,7,sleeping,cpu
2026-09-22T13:32:45,730,2,SessionLeader,/init,0.0,0.0143,1.11,0.0,0.0,0.0,0.0,0.0,1,sleeping,cpu
2026-09-22T13:32:45,731,730,Relay(732),/init,0.0,0.0152,1.18,0.0,0.0,0.5,0.0,0.0,1,sleeping,cpu
2026-09-22T13:32:45,732,731,MainThread,"/home/rohan/.vscode-server/bin/7debcd0e2acdea1c52de81bf9ee1620444407dda/node -e const net = require('net'); process.stdin.pause(); const client = net.createConnection({ host: '127.0.0.1', port: 44115 }, () => { client.pipe(process.stdout); process.stdin.pipe(client); }); client.on('close', function (hadError) { console.error(hadError ? 'Remote close with error' : 'Remote close'); process.exit(hadError ? 1 : 0); }); client.on('error', function (err) { process.stderr.write(err && (err.stack || err.message) || String(err)); });",0.0,0.7746,60.02,0.0,0.0,0.5,0.0,0.0,7,sleeping,cpu
2026-09-22T13:32:45,743,709,MainThread,/home/rohan/.vscode-server/bin/7debcd0e2acdea1c52de81bf9ee1620444407dda/node /home/rohan/.vscode-server/bin/7debcd0e2acdea1c52de81bf9ee1620444407dda/out/bootstrap-fork --type=fileWatcher,0.0,0.8757,67.86,0.0,0.0,1.0,0.0,0.0,13,sleeping,cpu
2026-09-22T13:32:45,769,709,MainThread,/home/rohan/.vscode-server/bin/7debcd0e2acdea1c52de81bf9ee1620444407dda/node /home/rohan/.vscode-server/bin/7debcd0e2acdea1c52de81bf9ee1620444407dda/out/bootstrap-fork --type=agentHost --logsPath /home/rohan/.vscode-server/data/logs/20260922T120228 --user-data-dir /home/rohan/.vscode-server/data --telemetry-level all,0.0,1.7774,137.72,0.0,0.0,0.0,0.0,0.0,11,sleeping,cpu
2026-09-22T13:32:45,770,709,MainThread,/home/rohan/.vscode-server/bin/7debcd0e2acdea1c52de81bf9ee1620444407dda/node --dns-result-order=ipv4first /home/rohan/.vscode-server/bin/7debcd0e2acdea1c52de81bf9ee1620444407dda/out/bootstrap-fork --type=extensionHost --transformURIs --useHostProxy=true,1.0,6.7952,526.54,0.0,0.0,191.68,250.43,0.0,32,sleeping,cpu
2026-09-22T13:32:45,811,769,MainThread,/home/rohan/.vscode-server/bin/7debcd0e2acdea1c52de81bf9ee1620444407dda/node /home/rohan/.vscode-server/bin/7debcd0e2acdea1c52de81bf9ee1620444407dda/node_modules/@github/copilot-linux-x64/index.js --headless --no-auto-update --log-level info --stdio --no-auto-login,0.0,3.3565,260.08,0.0,0.0,0.0,0.0,0.0,44,sleeping,cpu
2026-09-22T13:32:45,812,770,MainThread,/home/rohan/.vscode-server/bin/7debcd0e2acdea1c52de81bf9ee1620444407dda/node /home/rohan/.vscode-server/bin/7debcd0e2acdea1c52de81bf9ee1620444407dda/extensions/markdown-language-features/dist/serverWorkerMain --node-ipc --clientProcessId=770,0.0,0.994,77.02,0.0,0.0,0.5,0.0,0.0,7,sleeping,cpu
2026-09-22T13:32:45,833,709,MainThread,/home/rohan/.vscode-server/bin/7debcd0e2acdea1c52de81bf9ee1620444407dda/node /home/rohan/.vscode-server/bin/7debcd0e2acdea1c52de81bf9ee1620444407dda/out/bootstrap-fork --type=ptyHost --logsPath /home/rohan/.vscode-server/data/logs/20260922T120228,0.0,0.9761,75.63,0.0,0.0,5.48,0.0,0.0,13,sleeping,cpu
2026-09-22T13:32:45,964,833,bash,/bin/bash --init-file /home/rohan/.vscode-server/bin/7debcd0e2acdea1c52de81bf9ee1620444407dda/out/vs/workbench/contrib/terminal/common/scripts/shellIntegration-bash.sh,0.0,0.0674,5.22,0.0,0.0,0.0,0.0,0.0,1,sleeping,cpu
2026-09-22T13:32:45,1424,2,SessionLeader,/init,0.0,0.0142,1.1,0.0,0.0,0.0,0.0,0.0,1,sleeping,cpu
2026-09-22T13:32:45,1425,1424,Relay(1426),/init,0.0,0.0143,1.11,0.0,0.0,0.5,0.0,0.0,1,sleeping,cpu
2026-09-22T13:32:45,1426,1425,bash,-bash,0.0,0.0665,5.15,0.0,0.0,0.0,0.0,0.0,1,sleeping,cpu
2026-09-22T13:32:45,4147,770,pet,/home/rohan/.vscode-server/extensions/ms-python.vscode-python-envs-1.37.2026092101-linux-x64/python-env-tools/bin/pet server,0.0,0.0749,5.8,0.0,0.0,0.0,0.0,0.0,21,sleeping,cpu
2026-09-22T13:32:45,4156,833,bash,/bin/bash --init-file /home/rohan/.vscode-server/bin/7debcd0e2acdea1c52de81bf9ee1620444407dda/out/vs/workbench/contrib/terminal/common/scripts/shellIntegration-bash.sh,0.0,0.0664,5.15,0.0,0.0,0.0,0.0,0.0,1,sleeping,cpu
2026-09-22T13:32:45,4295,770,MainThread,/home/rohan/.vscode-server/bin/7debcd0e2acdea1c52de81bf9ee1620444407dda/node /home/rohan/.vscode-server/extensions/ms-python.vscode-pylance-2026.3.105/dist/server.bundle.js --cancellationReceive=file:2bc56d7a41ee8749874d0000b75c5745f8ddf88b1a --node-ipc --clientProcessId=770,0.0,8.4531,655.0,0.0,0.0,0.5,0.0,0.0,9,sleeping,cpu
2026-09-22T13:32:45,5890,2,SessionLeader,/init,0.0,0.0142,1.1,0.0,0.0,0.0,0.0,0.0,1,sleeping,cpu
2026-09-22T13:32:45,5891,5890,Relay(5896),/init,0.0,0.0143,1.11,0.0,0.0,0.5,0.0,0.0,1,sleeping,cpu
2026-09-22T13:32:45,5896,5891,bash,-bash,0.0,0.0669,5.18,0.0,0.0,0.0,0.0,0.0,1,sleeping,cpu
2026-09-22T13:32:45,6172,2,SessionLeader,/init,0.0,0.0142,1.1,0.0,0.0,0.0,0.0,0.0,1,sleeping,cpu
2026-09-22T13:32:45,6173,6172,Relay(6174),/init,0.0,0.0143,1.11,0.0,0.0,1.0,0.0,0.0,1,sleeping,cpu
2026-09-22T13:32:45,6174,6173,bash,-bash,0.0,0.0666,5.16,0.0,0.0,0.5,18.42,0.0,1,sleeping,cpu
2026-09-22T13:32:45,6941,2,SessionLeader,/init,0.0,0.0142,1.1,0.0,0.0,0.0,0.0,0.0,1,sleeping,cpu
2026-09-22T13:32:45,6943,6941,Relay(6945),/init,0.0,0.0143,1.11,0.0,0.0,0.0,0.0,0.0,1,sleeping,cpu
2026-09-22T13:32:45,6945,6943,bash,-bash,0.0,0.0659,5.11,0.0,0.0,0.0,0.0,0.0,1,sleeping,cpu
2026-09-22T13:32:45,8650,2,SessionLeader,/init,0.0,0.0142,1.1,0.0,0.0,0.0,0.0,0.0,1,sleeping,cpu
2026-09-22T13:32:45,8652,8650,Relay(8654),/init,0.0,0.0143,1.11,0.0,0.0,0.0,0.0,0.0,1,sleeping,cpu
2026-09-22T13:32:45,8654,8652,bash,-bash,0.0,0.0688,5.33,0.0,0.0,0.0,0.0,0.0,1,sleeping,cpu
2026-09-22T13:32:45,8853,2,SessionLeader,/init,0.0,0.0142,1.1,0.0,0.0,0.0,0.0,0.0,1,sleeping,cpu
2026-09-22T13:32:45,8854,8853,Relay(8858),/init,0.0,0.0143,1.11,0.0,0.0,0.0,0.0,0.0,1,sleeping,cpu
2026-09-22T13:32:45,8858,8854,bash,-bash,0.0,0.0681,5.27,0.0,0.0,0.0,0.0,0.0,1,sleeping,cpu
2026-09-22T13:32:45,15760,2,SessionLeader,/init,0.0,0.0142,1.1,0.0,0.0,0.0,0.0,0.0,1,sleeping,cpu
2026-09-22T13:32:45,15762,15760,Relay(15767),/init,0.0,0.0143,1.11,0.0,0.0,0.0,0.0,0.0,1,sleeping,cpu
2026-09-22T13:32:45,15767,15762,bash,-bash,0.0,0.0696,5.39,0.0,0.0,0.0,0.0,0.0,1,sleeping,cpu
2026-09-22T13:32:45,15903,2,SessionLeader,/init,0.0,0.0142,1.1,0.0,0.0,0.0,0.0,0.0,1,sleeping,cpu
2026-09-22T13:32:45,15904,15903,Relay(15909),/init,0.0,0.0143,1.11,0.0,0.0,0.0,0.0,0.0,1,sleeping,cpu
2026-09-22T13:32:45,15909,15904,bash,-bash,0.0,0.0699,5.42,0.0,0.0,0.0,0.0,0.0,1,sleeping,cpu
2026-09-22T13:32:45,16472,1426,top,top,0.0,0.0719,5.57,0.0,0.0,0.5,0.0,0.0,1,sleeping,cpu
2026-09-22T13:32:45,20518,1,wsl-pro-service,/usr/libexec/wsl-pro-service,0.0,0.1749,13.55,0.0,0.0,0.0,0.0,0.0,8,sleeping,cpu
