timestamp,pid,ppid,name,cmdline,cpu_percent,memory_percent,rss_mb,read_bytes_per_sec,write_bytes_per_sec,context_switches_per_sec,minor_page_faults_per_sec,major_page_faults_per_sec,num_threads,status,workload_type
2026-09-22T13:39:00,1,0,systemd,/sbin/init,0.0,0.1667,12.91,0,0,0,0,0,1,sleeping,io
2026-09-22T13:39:00,2,1,init-systemd(Ub,/init,0.0,0.0279,2.16,0,0,0,0,0,2,sleeping,io
2026-09-22T13:39:00,7,2,init,plan9 --control-socket 7 --log-level 4 --server-fd 8 --pipe-fd 10 --log-truncate,0.0,0.0268,2.08,0,0,0,0,0,2,sleeping,io
2026-09-22T13:39:00,43,1,systemd-journald,/usr/lib/systemd/systemd-journald,0.0,0.2003,15.52,0,0,0,0,0,1,sleeping,io
2026-09-22T13:39:00,98,1,systemd-udevd,/usr/lib/systemd/systemd-udevd,0.0,0.0799,6.19,0,0,0,0,0,1,sleeping,io
2026-09-22T13:39:00,177,1,systemd-resolved,/usr/lib/systemd/systemd-resolved,0.0,0.1656,12.83,0,0,0,0,0,1,sleeping,io
2026-09-22T13:39:00,178,1,systemd-timesyncd,/usr/lib/systemd/systemd-timesyncd,0.0,0.1002,7.77,0,0,0,0,0,2,sleeping,io
2026-09-22T13:39:00,188,1,cron,/usr/sbin/cron -f -P,0.0,0.0338,2.62,0,0,0,0,0,1,sleeping,io
2026-09-22T13:39:00,189,1,dbus-daemon,@dbus-daemon --system --address=systemd: --nofork --nopidfile --systemd-activation --syslog-only,0.0,0.0669,5.18,0,0,0,0,0,1,sleeping,io
2026-09-22T13:39:00,203,1,systemd-logind,/usr/lib/systemd/systemd-logind,0.0,0.1112,8.62,0,0,0,0,0,1,sleeping,io
2026-09-22T13:39:00,217,1,agetty,/sbin/agetty -o -p -- \u --noclear - linux,0.0,0.0249,1.93,0,0,0,0,0,1,sleeping,io
2026-09-22T13:39:00,223,1,rsyslogd,/usr/sbin/rsyslogd -n -iNONE,0.0,0.0758,5.87,0,0,0,0,0,4,sleeping,io
2026-09-22T13:39:00,236,1,unattended-upgr,/usr/bin/python3 /usr/share/unattended-upgrades/unattended-upgrade-shutdown --wait-for-signal,0.0,0.2778,21.53,0,0,0,0,0,2,sleeping,io
2026-09-22T13:39:00,256,1,apache2,/usr/sbin/apache2 -k start,0.0,0.0634,4.91,0,0,0,0,0,1,sleeping,io
2026-09-22T13:39:00,257,256,apache2,/usr/sbin/apache2 -k start,0.0,0.0734,5.69,0,0,0,0,0,27,sleeping,io
2026-09-22T13:39:00,259,256,apache2,/usr/sbin/apache2 -k start,0.0,0.0734,5.69,0,0,0,0,0,27,sleeping,io
2026-09-22T13:39:00,386,2,login,/bin/login -f      ,0.0,0.0587,4.55,0,0,0,0,0,1,sleeping,io
2026-09-22T13:39:00,429,1,systemd,/usr/lib/systemd/systemd --user,0.0,0.145,11.24,0,0,0,0,0,1,sleeping,io
2026-09-22T13:39:00,430,429,(sd-pam),(sd-pam),0.0,0.0451,3.49,0,0,0,0,0,1,sleeping,io
2026-09-22T13:39:00,452,386,bash,-bash,0.0,0.0643,4.98,0,0,0,0,0,1,sleeping,io
2026-09-22T13:39:00,486,2,SessionLeader,/init,0.0,0.0142,1.1,0,0,0,0,0,1,sleeping,io
2026-09-22T13:39:00,487,486,Relay(488),/init,0.0,0.0159,1.23,0,0,0,0,0,1,sleeping,io
2026-09-22T13:39:00,488,487,bash,-bash,0.0,0.0666,5.16,0,0,0,0,0,1,sleeping,io
2026-09-22T13:39:00,696,2,SessionLeader,/init,0.0,0.0143,1.11,0,0,0,0,0,1,sleeping,io
2026-09-22T13:39:00,697,696,Relay(698),/init,0.0,0.0152,1.18,0,0,0,0,0,1,sleeping,io
2026-09-22T13:39:00,698,697,sh,"sh -c ""$VSCODE_WSL_EXT_LOCATION/scripts/wslServer.sh"" 7debcd0e2acdea1c52de81bf9ee1620444407dda stable code-server .vscode-server --host=127.0.0.1 --port=0 --connection-token=826864117-4248089396-2109865724-2149592531 --use-host-proxy --without-browser-env-var --disable-websocket-compression --accept-server-license-terms --telemetry-level=all",0.0,0.024,1.86,0,0,0,0,0,1,sleeping,io
2026-09-22T13:39:00,699,698,sh,sh /mnt/c/Users/Rohan/.vscode/extensions/ms-vscode-remote.remote-wsl-0.104.3/scripts/wslServer.sh 7debcd0e2acdea1c52de81bf9ee1620444407dda stable code-server .vscode-server --host=127.0.0.1 --port=0 --connection-token=826864117-4248089396-2109865724-2149592531 --use-host-proxy --without-browser-env-var --disable-websocket-compression --accept-server-license-terms --telemetry-level=all,0.0,0.0251,1.95,0,0,0,0,0,1,sleeping,io
2026-09-22T13:39:00,705,699,sh,sh /home/rohan/.vscode-server/bin/7debcd0e2acdea1c52de81bf9ee1620444407dda/bin/code-server --host=127.0.0.1 --port=0 --connection-token=826864117-4248089396-2109865724-2149592531 --use-host-proxy --without-browser-env-var --disable-websocket-compression --accept-server-license-terms --telemetry-level=all,0.0,0.025,1.93,0,0,0,0,0,1,sleeping,io
2026-09-22T13:39:00,709,705,MainThread,/home/rohan/.vscode-server/bin/7debcd0e2acdea1c52de81bf9ee1620444407dda/node /home/rohan/.vscode-server/bin/7debcd0e2acdea1c52de81bf9ee1620444407dda/out/server-main.js --host=127.0.0.1 --port=0 --connection-token=826864117-4248089396-2109865724-2149592531 --use-host-proxy --without-browser-env-var --disable-websocket-compression --accept-server-license-terms --telemetry-level=all,0.0,2.2866,177.18,0,0,0,0,0,11,sleeping,io
2026-09-22T13:39:00,721,2,SessionLeader,/init,0.0,0.0143,1.11,0,0,0,0,0,1,sleeping,io
2026-09-22T13:39:00,722,721,Relay(723),/init,0.0,0.0152,1.18,0,0,0,0,0,1,sleeping,io
2026-09-22T13:39:00,723,722,MainThread,"/home/rohan/.vscode-server/bin/7debcd0e2acdea1c52de81bf9ee1620444407dda/node -e const net = require('net'); process.stdin.pause(); const client = net.createConnection({ host: '127.0.0.1', port: 44115 }, () => { client.pipe(process.stdout); process.stdin.pipe(client); }); client.on('close', function (hadError) { console.error(hadError ? 'Remote close with error' : 'Remote close'); process.exit(hadError ? 1 : 0); }); client.on('error', function (err) { process.stderr.write(err && (err.stack || err.message) || String(err)); });",0.0,0.8724,67.6,0,0,0,0,0,7,sleeping,io
2026-09-22T13:39:00,730,2,SessionLeader,/init,0.0,0.0143,1.11,0,0,0,0,0,1,sleeping,io
2026-09-22T13:39:00,731,730,Relay(732),/init,0.0,0.0152,1.18,0,0,0,0,0,1,sleeping,io
2026-09-22T13:39:00,732,731,MainThread,"/home/rohan/.vscode-server/bin/7debcd0e2acdea1c52de81bf9ee1620444407dda/node -e const net = require('net'); process.stdin.pause(); const client = net.createConnection({ host: '127.0.0.1', port: 44115 }, () => { client.pipe(process.stdout); process.stdin.pipe(client); }); client.on('close', function (hadError) { console.error(hadError ? 'Remote close with error' : 'Remote close'); process.exit(hadError ? 1 : 0); }); client.on('error', function (err) { process.stderr.write(err && (err.stack || err.message) || String(err)); });",0.0,0.7837,60.73,0,0,0,0,0,7,sleeping,io
2026-09-22T13:39:00,743,709,MainThread,/home/rohan/.vscode-server/bin/7debcd0e2acdea1c52de81bf9ee1620444407dda/node /home/rohan/.vscode-server/bin/7debcd0e2acdea1c52de81bf9ee1620444407dda/out/bootstrap-fork --type=fileWatcher,0.0,0.8757,67.86,0,0,0,0,0,13,sleeping,io
2026-09-22T13:39:00,769,709,MainThread,/home/rohan/.vscode-server/bin/7debcd0e2acdea1c52de81bf9ee1620444407dda/node /home/rohan/.vscode-server/bin/7debcd0e2acdea1c52de81bf9ee1620444407dda/out/bootstrap-fork --type=agentHost --logsPath /home/rohan/.vscode-server/data/logs/20260922T120228 --user-data-dir /home/rohan/.vscode-server/data --telemetry-level all,0.0,1.7797,137.91,0,0,0,0,0,11,sleeping,io
2026-09-22T13:39:00,770,709,MainThread,/home/rohan/.vscode-server/bin/7debcd0e2acdea1c52de81bf9ee1620444407dda/node --dns-result-order=ipv4first /home/rohan/.vscode-server/bin/7debcd0e2acdea1c52de81bf9ee1620444407dda/out/bootstrap-fork --type=extensionHost --transformURIs --useHostProxy=true,0.0,6.7966,526.64,0,0,0,0,0,32,sleeping,io
2026-09-22T13:39:00,811,769,MainThread,/home/rohan/.vscode-server/bin/7debcd0e2acdea1c52de81bf9ee1620444407dda/node /home/rohan/.vscode-server/bin/7debcd0e2acdea1c52de81bf9ee1620444407dda/node_modules/@github/copilot-linux-x64/index.js --headless --no-auto-update --log-level info --stdio --no-auto-login,0.0,3.3565,260.08,0,0,0,0,0,44,sleeping,io
2026-09-22T13:39:00,812,770,MainThread,/home/rohan/.vscode-server/bin/7debcd0e2acdea1c52de81bf9ee1620444407dda/node /home/rohan/.vscode-server/bin/7debcd0e2acdea1c52de81bf9ee1620444407dda/extensions/markdown-language-features/dist/serverWorkerMain --node-ipc --clientProcessId=770,0.0,0.994,77.02,0,0,0,0,0,7,sleeping,io
2026-09-22T13:39:00,833,709,MainThread,/home/rohan/.vscode-server/bin/7debcd0e2acdea1c52de81bf9ee1620444407dda/node /home/rohan/.vscode-server/bin/7debcd0e2acdea1c52de81bf9ee1620444407dda/out/bootstrap-fork --type=ptyHost --logsPath /home/rohan/.vscode-server/data/logs/20260922T120228,0.0,0.9761,75.63,0,0,0,0,0,13,sleeping,io
2026-09-22T13:39:00,964,833,bash,/bin/bash --init-file /home/rohan/.vscode-server/bin/7debcd0e2acdea1c52de81bf9ee1620444407dda/out/vs/workbench/contrib/terminal/common/scripts/shellIntegration-bash.sh,0.0,0.0674,5.22,0,0,0,0,0,1,sleeping,io
2026-09-22T13:39:00,1424,2,SessionLeader,/init,0.0,0.0142,1.1,0,0,0,0,0,1,sleeping,io
2026-09-22T13:39:00,1425,1424,Relay(1426),/init,0.0,0.0143,1.11,0,0,0,0,0,1,sleeping,io
2026-09-22T13:39:00,1426,1425,bash,-bash,0.0,0.0665,5.15,0,0,0,0,0,1,sleeping,io
2026-09-22T13:39:00,4147,770,pet,/home/rohan/.vscode-server/extensions/ms-python.vscode-python-envs-1.37.2026092101-linux-x64/python-env-tools/bin/pet server,0.0,0.0749,5.8,0,0,0,0,0,21,sleeping,io
2026-09-22T13:39:00,4156,833,bash,/bin/bash --init-file /home/rohan/.vscode-server/bin/7debcd0e2acdea1c52de81bf9ee1620444407dda/out/vs/workbench/contrib/terminal/common/scripts/shellIntegration-bash.sh,0.0,0.0664,5.15,0,0,0,0,0,1,sleeping,io
2026-09-22T13:39:00,4295,770,MainThread,/home/rohan/.vscode-server/bin/7debcd0e2acdea1c52de81bf9ee1620444407dda/node /home/rohan/.vscode-server/extensions/ms-python.vscode-pylance-2026.3.105/dist/server.bundle.js --cancellationReceive=file:2bc56d7a41ee8749874d0000b75c5745f8ddf88b1a --node-ipc --clientProcessId=770,0.0,8.4531,655.0,0,0,0,0,0,9,sleeping,io
2026-09-22T13:39:00,5890,2,SessionLeader,/init,0.0,0.0142,1.1,0,0,0,0,0,1,sleeping,io
2026-09-22T13:39:00,5891,5890,Relay(5896),/init,0.0,0.0143,1.11,0,0,0,0,0,1,sleeping,io
2026-09-22T13:39:00,5896,5891,bash,-bash,0.0,0.0669,5.18,0,0,0,0,0,1,sleeping,io
2026-09-22T13:39:00,6172,2,SessionLeader,/init,0.0,0.0142,1.1,0,0,0,0,0,1,sleeping,io
2026-09-22T13:39:00,6173,6172,Relay(6174),/init,0.0,0.0143,1.11,0,0,0,0,0,1,sleeping,io
2026-09-22T13:39:00,6174,6173,bash,-bash,0.0,0.0666,5.16,0,0,0,0,0,1,sleeping,io
2026-09-22T13:39:00,6941,2,SessionLeader,/init,0.0,0.0142,1.1,0,0,0,0,0,1,sleeping,io
2026-09-22T13:39:00,6943,6941,Relay(6945),/init,0.0,0.0143,1.11,0,0,0,0,0,1,sleeping,io
2026-09-22T13:39:00,6945,6943,bash,-bash,0.0,0.0659,5.11,0,0,0,0,0,1,sleeping,io
2026-09-22T13:39:00,8650,2,SessionLeader,/init,0.0,0.0142,1.1,0,0,0,0,0,1,sleeping,io
2026-09-22T13:39:00,8652,8650,Relay(8654),/init,0.0,0.0143,1.11,0,0,0,0,0,1,sleeping,io
2026-09-22T13:39:00,8654,8652,bash,-bash,0.0,0.0688,5.33,0,0,0,0,0,1,sleeping,io
2026-09-22T13:39:00,8853,2,SessionLeader,/init,0.0,0.0142,1.1,0,0,0,0,0,1,sleeping,io
2026-09-22T13:39:00,8854,8853,Relay(8858),/init,0.0,0.0143,1.11,0,0,0,0,0,1,sleeping,io
2026-09-22T13:39:00,8858,8854,bash,-bash,0.0,0.0681,5.27,0,0,0,0,0,1,sleeping,io
2026-09-22T13:39:00,15760,2,SessionLeader,/init,0.0,0.0142,1.1,0,0,0,0,0,1,sleeping,io
2026-09-22T13:39:00,15762,15760,Relay(15767),/init,0.0,0.0143,1.11,0,0,0,0,0,1,sleeping,io
2026-09-22T13:39:00,15767,15762,bash,-bash,0.0,0.0696,5.39,0,0,0,0,0,1,sleeping,io
2026-09-22T13:39:00,15903,2,SessionLeader,/init,0.0,0.0142,1.1,0,0,0,0,0,1,sleeping,io
2026-09-22T13:39:00,15904,15903,Relay(15909),/init,0.0,0.0143,1.11,0,0,0,0,0,1,sleeping,io
2026-09-22T13:39:00,15909,15904,bash,-bash,0.0,0.0699,5.42,0,0,0,0,0,1,sleeping,io
2026-09-22T13:39:00,20518,1,wsl-pro-service,/usr/libexec/wsl-pro-service,0.0,0.1491,11.55,0,0,0,0,0,8,sleeping,io
2026-09-22T13:39:13,1,0,systemd,/sbin/init,0.0,0.1667,12.91,0.0,0.0,0.07,0.0,0.0,1,sleeping,io
2026-09-22T13:39:13,2,1,init-systemd(Ub,/init,0.0,0.0279,2.16,0.0,0.0,0.0,0.0,0.0,2,sleeping,io
2026-09-22T13:39:13,7,2,init,plan9 --control-socket 7 --log-level 4 --server-fd 8 --pipe-fd 10 --log-truncate,0.0,0.0268,2.08,0.0,0.0,0.0,0.0,0.0,2,sleeping,io
2026-09-22T13:39:13,43,1,systemd-journald,/usr/lib/systemd/systemd-journald,0.0,0.2003,15.52,0.0,0.0,0.15,0.0,0.0,1,sleeping,io
2026-09-22T13:39:13,98,1,systemd-udevd,/usr/lib/systemd/systemd-udevd,0.0,0.0799,6.19,0.0,0.0,0.0,0.0,0.0,1,sleeping,io
2026-09-22T13:39:13,177,1,systemd-resolved,/usr/lib/systemd/systemd-resolved,0.0,0.1656,12.83,0.0,0.0,0.07,0.0,0.0,1,sleeping,io
2026-09-22T13:39:13,178,1,systemd-timesyncd,/usr/lib/systemd/systemd-timesyncd,0.0,0.1002,7.77,0.0,0.0,0.07,0.0,0.0,2,sleeping,io
2026-09-22T13:39:13,188,1,cron,/usr/sbin/cron -f -P,0.0,0.0338,2.62,0.0,0.0,0.07,0.0,0.0,1,sleeping,io
2026-09-22T13:39:13,189,1,dbus-daemon,@dbus-daemon --system --address=systemd: --nofork --nopidfile --systemd-activation --syslog-only,0.0,0.0669,5.18,0.0,0.0,0.07,0.0,0.0,1,sleeping,io
2026-09-22T13:39:13,203,1,systemd-logind,/usr/lib/systemd/systemd-logind,0.0,0.1112,8.62,0.0,0.0,0.29,0.0,0.0,1,sleeping,io
2026-09-22T13:39:13,217,1,agetty,/sbin/agetty -o -p -- \u --noclear - linux,0.0,0.0249,1.93,0.0,0.0,0.0,0.0,0.0,1,sleeping,io
2026-09-22T13:39:13,223,1,rsyslogd,/usr/sbin/rsyslogd -n -iNONE,0.0,0.0758,5.87,0.0,0.0,0.0,0.0,0.0,4,sleeping,io
2026-09-22T13:39:13,236,1,unattended-upgr,/usr/bin/python3 /usr/share/unattended-upgrades/unattended-upgrade-shutdown --wait-for-signal,0.0,0.2778,21.53,0.0,0.0,0.0,0.0,0.0,2,sleeping,io
2026-09-22T13:39:13,256,1,apache2,/usr/sbin/apache2 -k start,0.0,0.0634,4.91,0.0,0.0,0.15,0.0,0.0,1,sleeping,io
2026-09-22T13:39:13,257,256,apache2,/usr/sbin/apache2 -k start,0.0,0.0734,5.69,0.0,0.0,0.0,0.0,0.0,27,sleeping,io
2026-09-22T13:39:13,259,256,apache2,/usr/sbin/apache2 -k start,0.0,0.0734,5.69,0.0,0.0,0.0,0.0,0.0,27,sleeping,io
2026-09-22T13:39:13,386,2,login,/bin/login -f      ,0.0,0.0587,4.55,0.0,0.0,0.0,0.0,0.0,1,sleeping,io
2026-09-22T13:39:13,429,1,systemd,/usr/lib/systemd/systemd --user,0.0,0.145,11.24,0.0,0.0,0.07,0.0,0.0,1,sleeping,io
2026-09-22T13:39:13,430,429,(sd-pam),(sd-pam),0.0,0.0451,3.49,0.0,0.0,0.0,0.0,0.0,1,sleeping,io
2026-09-22T13:39:13,452,386,bash,-bash,0.0,0.0643,4.98,0.0,0.0,0.0,0.0,0.0,1,sleeping,io
2026-09-22T13:39:13,486,2,SessionLeader,/init,0.0,0.0142,1.1,0.0,0.0,0.0,0.0,0.0,1,sleeping,io
2026-09-22T13:39:13,487,486,Relay(488),/init,0.0,0.0159,1.23,0.0,0.0,0.0,0.0,0.0,1,sleeping,io
2026-09-22T13:39:13,488,487,bash,-bash,0.0,0.0666,5.16,0.0,0.0,0.0,0.0,0.0,1,sleeping,io
2026-09-22T13:39:13,696,2,SessionLeader,/init,0.0,0.0143,1.11,0.0,0.0,0.0,0.0,0.0,1,sleeping,io
2026-09-22T13:39:13,697,696,Relay(698),/init,0.0,0.0152,1.18,0.0,0.0,0.0,0.0,0.0,1,sleeping,io
2026-09-22T13:39:13,698,697,sh,"sh -c ""$VSCODE_WSL_EXT_LOCATION/scripts/wslServer.sh"" 7debcd0e2acdea1c52de81bf9ee1620444407dda stable code-server .vscode-server --host=127.0.0.1 --port=0 --connection-token=826864117-4248089396-2109865724-2149592531 --use-host-proxy --without-browser-env-var --disable-websocket-compression --accept-server-license-terms --telemetry-level=all",0.0,0.024,1.86,0.0,0.0,0.0,0.0,0.0,1,sleeping,io
2026-09-22T13:39:13,699,698,sh,sh /mnt/c/Users/Rohan/.vscode/extensions/ms-vscode-remote.remote-wsl-0.104.3/scripts/wslServer.sh 7debcd0e2acdea1c52de81bf9ee1620444407dda stable code-server .vscode-server --host=127.0.0.1 --port=0 --connection-token=826864117-4248089396-2109865724-2149592531 --use-host-proxy --without-browser-env-var --disable-websocket-compression --accept-server-license-terms --telemetry-level=all,0.0,0.0251,1.95,0.0,0.0,0.0,0.0,0.0,1,sleeping,io
2026-09-22T13:39:13,705,699,sh,sh /home/rohan/.vscode-server/bin/7debcd0e2acdea1c52de81bf9ee1620444407dda/bin/code-server --host=127.0.0.1 --port=0 --connection-token=826864117-4248089396-2109865724-2149592531 --use-host-proxy --without-browser-env-var --disable-websocket-compression --accept-server-license-terms --telemetry-level=all,0.0,0.025,1.93,0.0,0.0,0.0,0.0,0.0,1,sleeping,io
2026-09-22T13:39:13,709,705,MainThread,/home/rohan/.vscode-server/bin/7debcd0e2acdea1c52de81bf9ee1620444407dda/node /home/rohan/.vscode-server/bin/7debcd0e2acdea1c52de81bf9ee1620444407dda/out/server-main.js --host=127.0.0.1 --port=0 --connection-token=826864117-4248089396-2109865724-2149592531 --use-host-proxy --without-browser-env-var --disable-websocket-compression --accept-server-license-terms --telemetry-level=all,0.0,2.2866,177.18,0.0,0.0,0.8,0.0,0.0,11,sleeping,io
2026-09-22T13:39:13,721,2,SessionLeader,/init,0.0,0.0143,1.11,0.0,0.0,0.0,0.0,0.0,1,sleeping,io
2026-09-22T13:39:13,722,721,Relay(723),/init,0.0,0.0152,1.18,0.0,0.0,0.22,0.0,0.0,1,sleeping,io
2026-09-22T13:39:13,723,722,MainThread,"/home/rohan/.vscode-server/bin/7debcd0e2acdea1c52de81bf9ee1620444407dda/node -e const net = require('net'); process.stdin.pause(); const client = net.createConnection({ host: '127.0.0.1', port: 44115 }, () => { client.pipe(process.stdout); process.stdin.pipe(client); }); client.on('close', function (hadError) { console.error(hadError ? 'Remote close with error' : 'Remote close'); process.exit(hadError ? 1 : 0); }); client.on('error', function (err) { process.stderr.write(err && (err.stack || err.message) || String(err)); });",0.0,0.8724,67.6,0.0,0.0,0.22,0.0,0.0,7,sleeping,io
2026-09-22T13:39:13,730,2,SessionLeader,/init,0.0,0.0143,1.11,0.0,0.0,0.0,0.0,0.0,1,sleeping,io
2026-09-22T13:39:13,731,730,Relay(732),/init,0.0,0.0152,1.18,0.0,0.0,0.15,0.0,0.0,1,sleeping,io
2026-09-22T13:39:13,732,731,MainThread,"/home/rohan/.vscode-server/bin/7debcd0e2acdea1c52de81bf9ee1620444407dda/node -e const net = require('net'); process.stdin.pause(); const client = net.createConnection({ host: '127.0.0.1', port: 44115 }, () => { client.pipe(process.stdout); process.stdin.pipe(client); }); client.on('close', function (hadError) { console.error(hadError ? 'Remote close with error' : 'Remote close'); process.exit(hadError ? 1 : 0); }); client.on('error', function (err) { process.stderr.write(err && (err.stack || err.message) || String(err)); });",0.0,0.7837,60.73,0.0,0.0,0.15,0.0,0.0,7,sleeping,io
2026-09-22T13:39:13,743,709,MainThread,/home/rohan/.vscode-server/bin/7debcd0e2acdea1c52de81bf9ee1620444407dda/node /home/rohan/.vscode-server/bin/7debcd0e2acdea1c52de81bf9ee1620444407dda/out/bootstrap-fork --type=fileWatcher,0.0,0.8757,67.86,0.0,0.0,0.29,0.0,0.0,13,sleeping,io
2026-09-22T13:39:13,769,709,MainThread,/home/rohan/.vscode-server/bin/7debcd0e2acdea1c52de81bf9ee1620444407dda/node /home/rohan/.vscode-server/bin/7debcd0e2acdea1c52de81bf9ee1620444407dda/out/bootstrap-fork --type=agentHost --logsPath /home/rohan/.vscode-server/data/logs/20260922T120228 --user-data-dir /home/rohan/.vscode-server/data --telemetry-level all,0.0,1.7797,137.91,0.0,298.35,0.58,0.0,0.0,11,sleeping,io
2026-09-22T13:39:13,770,709,MainThread,/home/rohan/.vscode-server/bin/7debcd0e2acdea1c52de81bf9ee1620444407dda/node --dns-result-order=ipv4first /home/rohan/.vscode-server/bin/7debcd0e2acdea1c52de81bf9ee1620444407dda/out/bootstrap-fork --type=extensionHost --transformURIs --useHostProxy=true,1.0,6.7966,526.64,0.0,0.0,26.44,142.77,0.0,32,sleeping,io
2026-09-22T13:39:13,811,769,MainThread,/home/rohan/.vscode-server/bin/7debcd0e2acdea1c52de81bf9ee1620444407dda/node /home/rohan/.vscode-server/bin/7debcd0e2acdea1c52de81bf9ee1620444407dda/node_modules/@github/copilot-linux-x64/index.js --headless --no-auto-update --log-level info --stdio --no-auto-login,0.0,3.3565,260.08,0.0,0.0,0.0,0.0,0.0,44,sleeping,io
2026-09-22T13:39:13,812,770,MainThread,/home/rohan/.vscode-server/bin/7debcd0e2acdea1c52de81bf9ee1620444407dda/node /home/rohan/.vscode-server/bin/7debcd0e2acdea1c52de81bf9ee1620444407dda/extensions/markdown-language-features/dist/serverWorkerMain --node-ipc --clientProcessId=770,0.0,0.994,77.02,0.0,0.0,0.0,0.0,0.0,7,sleeping,io
2026-09-22T13:39:13,833,709,MainThread,/home/rohan/.vscode-server/bin/7debcd0e2acdea1c52de81bf9ee1620444407dda/node /home/rohan/.vscode-server/bin/7debcd0e2acdea1c52de81bf9ee1620444407dda/out/bootstrap-fork --type=ptyHost --logsPath /home/rohan/.vscode-server/data/logs/20260922T120228,0.5,0.9761,75.63,0.0,0.0,0.87,0.0,0.0,13,sleeping,io
2026-09-22T13:39:13,964,833,bash,/bin/bash --init-file /home/rohan/.vscode-server/bin/7debcd0e2acdea1c52de81bf9ee1620444407dda/out/vs/workbench/contrib/terminal/common/scripts/shellIntegration-bash.sh,0.0,0.0674,5.22,0.0,0.0,0.0,0.0,0.0,1,sleeping,io
2026-09-22T13:39:13,1424,2,SessionLeader,/init,0.0,0.0142,1.1,0.0,0.0,0.0,0.0,0.0,1,sleeping,io
2026-09-22T13:39:13,1425,1424,Relay(1426),/init,0.0,0.0143,1.11,0.0,0.0,0.0,0.0,0.0,1,sleeping,io
2026-09-22T13:39:13,1426,1425,bash,-bash,0.0,0.0665,5.15,0.0,0.0,0.0,0.0,0.0,1,sleeping,io
2026-09-22T13:39:13,4147,770,pet,/home/rohan/.vscode-server/extensions/ms-python.vscode-python-envs-1.37.2026092101-linux-x64/python-env-tools/bin/pet server,0.0,0.0749,5.8,0.0,0.0,0.0,0.0,0.0,21,sleeping,io
2026-09-22T13:39:13,4156,833,bash,/bin/bash --init-file /home/rohan/.vscode-server/bin/7debcd0e2acdea1c52de81bf9ee1620444407dda/out/vs/workbench/contrib/terminal/common/scripts/shellIntegration-bash.sh,0.0,0.0664,5.15,0.0,0.0,0.0,0.0,0.0,1,sleeping,io
2026-09-22T13:39:13,4295,770,MainThread,/home/rohan/.vscode-server/bin/7debcd0e2acdea1c52de81bf9ee1620444407dda/node /home/rohan/.vscode-server/extensions/ms-python.vscode-pylance-2026.3.105/dist/server.bundle.js --cancellationReceive=file:2bc56d7a41ee8749874d0000b75c5745f8ddf88b1a --node-ipc --clientProcessId=770,0.0,8.4531,655.0,0.0,0.0,0.07,0.0,0.0,9,sleeping,io
2026-09-22T13:39:13,5890,2,SessionLeader,/init,0.0,0.0142,1.1,0.0,0.0,0.0,0.0,0.0,1,sleeping,io
2026-09-22T13:39:13,5891,5890,Relay(5896),/init,0.0,0.0143,1.11,0.0,0.0,0.07,0.0,0.0,1,sleeping,io
2026-09-22T13:39:13,5896,5891,bash,-bash,0.0,0.0669,5.18,0.0,0.0,0.0,0.0,0.0,1,sleeping,io
2026-09-22T13:39:13,6172,2,SessionLeader,/init,0.0,0.0142,1.1,0.0,0.0,0.0,0.0,0.0,1,sleeping,io
2026-09-22T13:39:13,6173,6172,Relay(6174),/init,0.0,0.0143,1.11,0.0,0.0,0.0,0.0,0.0,1,sleeping,io
2026-09-22T13:39:13,6174,6173,bash,-bash,0.0,0.0666,5.16,0.0,0.0,0.0,0.0,0.0,1,sleeping,io
2026-09-22T13:39:13,6941,2,SessionLeader,/init,0.0,0.0142,1.1,0.0,0.0,0.0,0.0,0.0,1,sleeping,io
2026-09-22T13:39:13,6943,6941,Relay(6945),/init,0.0,0.0143,1.11,0.0,0.0,0.0,0.0,0.0,1,sleeping,io
2026-09-22T13:39:13,6945,6943,bash,-bash,0.0,0.0659,5.11,0.0,0.0,0.0,0.0,0.0,1,sleeping,io
2026-09-22T13:39:13,8650,2,SessionLeader,/init,0.0,0.0142,1.1,0.0,0.0,0.0,0.0,0.0,1,sleeping,io
2026-09-22T13:39:13,8652,8650,Relay(8654),/init,0.0,0.0143,1.11,0.0,0.0,0.0,0.0,0.0,1,sleeping,io
2026-09-22T13:39:13,8654,8652,bash,-bash,0.0,0.0688,5.33,0.0,0.0,0.0,0.0,0.0,1,sleeping,io
2026-09-22T13:39:13,8853,2,SessionLeader,/init,0.0,0.0142,1.1,0.0,0.0,0.0,0.0,0.0,1,sleeping,io
2026-09-22T13:39:13,8854,8853,Relay(8858),/init,0.0,0.0143,1.11,0.0,0.0,0.0,0.0,0.0,1,sleeping,io
2026-09-22T13:39:13,8858,8854,bash,-bash,0.0,0.0681,5.27,0.0,0.0,0.0,0.0,0.0,1,sleeping,io
2026-09-22T13:39:13,15760,2,SessionLeader,/init,0.0,0.0142,1.1,0.0,0.0,0.0,0.0,0.0,1,sleeping,io
2026-09-22T13:39:13,15762,15760,Relay(15767),/init,0.0,0.0143,1.11,0.0,0.0,0.0,0.0,0.0,1,sleeping,io
2026-09-22T13:39:13,15767,15762,bash,-bash,0.0,0.0696,5.39,0.0,0.0,0.0,0.0,0.0,1,sleeping,io
2026-09-22T13:39:13,15903,2,SessionLeader,/init,0.0,0.0142,1.1,0.0,0.0,0.0,0.0,0.0,1,sleeping,io
2026-09-22T13:39:13,15904,15903,Relay(15909),/init,0.0,0.0143,1.11,0.0,0.0,0.0,0.0,0.0,1,sleeping,io
2026-09-22T13:39:13,15909,15904,bash,-bash,0.0,0.0699,5.42,0.0,0.0,0.0,0.0,0.0,1,sleeping,io
2026-09-22T13:39:13,20518,1,wsl-pro-service,/usr/libexec/wsl-pro-service,0.0,0.1491,11.55,0.0,0.0,0.0,0.0,0.0,8,sleeping,io
2026-09-22T13:39:15,1,0,systemd,/sbin/init,0.0,0.1667,12.91,0.0,0.0,0.0,0.0,0.0,1,sleeping,io
2026-09-22T13:39:15,2,1,init-systemd(Ub,/init,0.0,0.0279,2.16,0.0,0.0,0.0,0.0,0.0,2,sleeping,io
2026-09-22T13:39:15,7,2,init,plan9 --control-socket 7 --log-level 4 --server-fd 8 --pipe-fd 10 --log-truncate,0.0,0.0268,2.08,0.0,0.0,0.0,0.0,0.0,2,sleeping,io
2026-09-22T13:39:15,43,1,systemd-journald,/usr/lib/systemd/systemd-journald,0.0,0.2003,15.52,0.0,0.0,0.0,0.0,0.0,1,sleeping,io
2026-09-22T13:39:15,98,1,systemd-udevd,/usr/lib/systemd/systemd-udevd,0.0,0.0799,6.19,0.0,0.0,0.0,0.0,0.0,1,sleeping,io
2026-09-22T13:39:15,177,1,systemd-resolved,/usr/lib/systemd/systemd-resolved,0.0,0.1656,12.83,0.0,0.0,0.0,0.0,0.0,1,sleeping,io
2026-09-22T13:39:15,178,1,systemd-timesyncd,/usr/lib/systemd/systemd-timesyncd,0.0,0.1002,7.77,0.0,0.0,0.0,0.0,0.0,2,sleeping,io
2026-09-22T13:39:15,188,1,cron,/usr/sbin/cron -f -P,0.0,0.0338,2.62,0.0,0.0,0.0,0.0,0.0,1,sleeping,io
2026-09-22T13:39:15,189,1,dbus-daemon,@dbus-daemon --system --address=systemd: --nofork --nopidfile --systemd-activation --syslog-only,0.0,0.0669,5.18,0.0,0.0,0.0,0.0,0.0,1,sleeping,io
2026-09-22T13:39:15,203,1,systemd-logind,/usr/lib/systemd/systemd-logind,0.0,0.1112,8.62,0.0,0.0,0.0,0.0,0.0,1,sleeping,io
2026-09-22T13:39:15,217,1,agetty,/sbin/agetty -o -p -- \u --noclear - linux,0.0,0.0249,1.93,0.0,0.0,0.0,0.0,0.0,1,sleeping,io
2026-09-22T13:39:15,223,1,rsyslogd,/usr/sbin/rsyslogd -n -iNONE,0.0,0.0758,5.87,0.0,0.0,0.0,0.0,0.0,4,sleeping,io
2026-09-22T13:39:15,236,1,unattended-upgr,/usr/bin/python3 /usr/share/unattended-upgrades/unattended-upgrade-shutdown --wait-for-signal,0.0,0.2778,21.53,0.0,0.0,0.0,0.0,0.0,2,sleeping,io
2026-09-22T13:39:15,256,1,apache2,/usr/sbin/apache2 -k start,0.0,0.0634,4.91,0.0,0.0,1.0,0.0,0.0,1,sleeping,io
2026-09-22T13:39:15,257,256,apache2,/usr/sbin/apache2 -k start,0.0,0.0734,5.69,0.0,0.0,0.0,0.0,0.0,27,sleeping,io
2026-09-22T13:39:15,259,256,apache2,/usr/sbin/apache2 -k start,0.0,0.0734,5.69,0.0,0.0,0.0,0.0,0.0,27,sleeping,io
2026-09-22T13:39:15,386,2,login,/bin/login -f      ,0.0,0.0587,4.55,0.0,0.0,0.0,0.0,0.0,1,sleeping,io
2026-09-22T13:39:15,429,1,systemd,/usr/lib/systemd/systemd --user,0.0,0.145,11.24,0.0,0.0,0.0,0.0,0.0,1,sleeping,io
2026-09-22T13:39:15,430,429,(sd-pam),(sd-pam),0.0,0.0451,3.49,0.0,0.0,0.0,0.0,0.0,1,sleeping,io
2026-09-22T13:39:15,452,386,bash,-bash,0.0,0.0643,4.98,0.0,0.0,0.0,0.0,0.0,1,sleeping,io
2026-09-22T13:39:15,486,2,SessionLeader,/init,0.0,0.0142,1.1,0.0,0.0,0.0,0.0,0.0,1,sleeping,io
2026-09-22T13:39:15,487,486,Relay(488),/init,0.0,0.0159,1.23,0.0,0.0,0.0,0.0,0.0,1,sleeping,io
2026-09-22T13:39:15,488,487,bash,-bash,0.0,0.0666,5.16,0.0,0.0,0.0,0.0,0.0,1,sleeping,io
2026-09-22T13:39:15,696,2,SessionLeader,/init,0.0,0.0143,1.11,0.0,0.0,0.0,0.0,0.0,1,sleeping,io
2026-09-22T13:39:15,697,696,Relay(698),/init,0.0,0.0152,1.18,0.0,0.0,0.0,0.0,0.0,1,sleeping,io
2026-09-22T13:39:15,698,697,sh,"sh -c ""$VSCODE_WSL_EXT_LOCATION/scripts/wslServer.sh"" 7debcd0e2acdea1c52de81bf9ee1620444407dda stable code-server .vscode-server --host=127.0.0.1 --port=0 --connection-token=826864117-4248089396-2109865724-2149592531 --use-host-proxy --without-browser-env-var --disable-websocket-compression --accept-server-license-terms --telemetry-level=all",0.0,0.024,1.86,0.0,0.0,0.0,0.0,0.0,1,sleeping,io
2026-09-22T13:39:15,699,698,sh,sh /mnt/c/Users/Rohan/.vscode/extensions/ms-vscode-remote.remote-wsl-0.104.3/scripts/wslServer.sh 7debcd0e2acdea1c52de81bf9ee1620444407dda stable code-server .vscode-server --host=127.0.0.1 --port=0 --connection-token=826864117-4248089396-2109865724-2149592531 --use-host-proxy --without-browser-env-var --disable-websocket-compression --accept-server-license-terms --telemetry-level=all,0.0,0.0251,1.95,0.0,0.0,0.0,0.0,0.0,1,sleeping,io
2026-09-22T13:39:15,705,699,sh,sh /home/rohan/.vscode-server/bin/7debcd0e2acdea1c52de81bf9ee1620444407dda/bin/code-server --host=127.0.0.1 --port=0 --connection-token=826864117-4248089396-2109865724-2149592531 --use-host-proxy --without-browser-env-var --disable-websocket-compression --accept-server-license-terms --telemetry-level=all,0.0,0.025,1.93,0.0,0.0,0.0,0.0,0.0,1,sleeping,io
2026-09-22T13:39:15,709,705,MainThread,/home/rohan/.vscode-server/bin/7debcd0e2acdea1c52de81bf9ee1620444407dda/node /home/rohan/.vscode-server/bin/7debcd0e2acdea1c52de81bf9ee1620444407dda/out/server-main.js --host=127.0.0.1 --port=0 --connection-token=826864117-4248089396-2109865724-2149592531 --use-host-proxy --without-browser-env-var --disable-websocket-compression --accept-server-license-terms --telemetry-level=all,0.0,2.2866,177.18,0.0,0.0,6.48,0.0,0.0,11,sleeping,io
2026-09-22T13:39:15,721,2,SessionLeader,/init,0.0,0.0143,1.11,0.0,0.0,0.0,0.0,0.0,1,sleeping,io
2026-09-22T13:39:15,722,721,Relay(723),/init,0.0,0.0152,1.18,0.0,0.0,2.49,0.0,0.0,1,sleeping,io
2026-09-22T13:39:15,723,722,MainThread,"/home/rohan/.vscode-server/bin/7debcd0e2acdea1c52de81bf9ee1620444407dda/node -e const net = require('net'); process.stdin.pause(); const client = net.createConnection({ host: '127.0.0.1', port: 44115 }, () => { client.pipe(process.stdout); process.stdin.pipe(client); }); client.on('close', function (hadError) { console.error(hadError ? 'Remote close with error' : 'Remote close'); process.exit(hadError ? 1 : 0); }); client.on('error', function (err) { process.stderr.write(err && (err.stack || err.message) || String(err)); });",0.0,0.8724,67.6,0.0,0.0,2.49,0.0,0.0,7,sleeping,io
2026-09-22T13:39:15,730,2,SessionLeader,/init,0.0,0.0143,1.11,0.0,0.0,0.0,0.0,0.0,1,sleeping,io
2026-09-22T13:39:15,731,730,Relay(732),/init,0.0,0.0152,1.18,0.0,0.0,3.49,0.0,0.0,1,sleeping,io
2026-09-22T13:39:15,732,731,MainThread,"/home/rohan/.vscode-server/bin/7debcd0e2acdea1c52de81bf9ee1620444407dda/node -e const net = require('net'); process.stdin.pause(); const client = net.createConnection({ host: '127.0.0.1', port: 44115 }, () => { client.pipe(process.stdout); process.stdin.pipe(client); }); client.on('close', function (hadError) { console.error(hadError ? 'Remote close with error' : 'Remote close'); process.exit(hadError ? 1 : 0); }); client.on('error', function (err) { process.stderr.write(err && (err.stack || err.message) || String(err)); });",0.0,0.7837,60.73,0.0,0.0,3.49,0.0,0.0,7,sleeping,io
2026-09-22T13:39:15,743,709,MainThread,/home/rohan/.vscode-server/bin/7debcd0e2acdea1c52de81bf9ee1620444407dda/node /home/rohan/.vscode-server/bin/7debcd0e2acdea1c52de81bf9ee1620444407dda/out/bootstrap-fork --type=fileWatcher,0.5,0.8757,67.86,0.0,0.0,4.48,0.0,0.0,13,sleeping,io
2026-09-22T13:39:15,769,709,MainThread,/home/rohan/.vscode-server/bin/7debcd0e2acdea1c52de81bf9ee1620444407dda/node /home/rohan/.vscode-server/bin/7debcd0e2acdea1c52de81bf9ee1620444407dda/out/bootstrap-fork --type=agentHost --logsPath /home/rohan/.vscode-server/data/logs/20260922T120228 --user-data-dir /home/rohan/.vscode-server/data --telemetry-level all,0.0,1.7797,137.91,0.0,0.0,0.0,0.0,0.0,11,sleeping,io
2026-09-22T13:39:15,770,709,MainThread,/home/rohan/.vscode-server/bin/7debcd0e2acdea1c52de81bf9ee1620444407dda/node --dns-result-order=ipv4first /home/rohan/.vscode-server/bin/7debcd0e2acdea1c52de81bf9ee1620444407dda/out/bootstrap-fork --type=extensionHost --transformURIs --useHostProxy=true,1.5,6.7966,526.64,0.0,0.0,188.83,943.66,0.0,32,sleeping,io
2026-09-22T13:39:15,811,769,MainThread,/home/rohan/.vscode-server/bin/7debcd0e2acdea1c52de81bf9ee1620444407dda/node /home/rohan/.vscode-server/bin/7debcd0e2acdea1c52de81bf9ee1620444407dda/node_modules/@github/copilot-linux-x64/index.js --headless --no-auto-update --log-level info --stdio --no-auto-login,0.0,3.3565,260.08,0.0,0.0,0.0,0.0,0.0,44,sleeping,io
2026-09-22T13:39:15,812,770,MainThread,/home/rohan/.vscode-server/bin/7debcd0e2acdea1c52de81bf9ee1620444407dda/node /home/rohan/.vscode-server/bin/7debcd0e2acdea1c52de81bf9ee1620444407dda/extensions/markdown-language-features/dist/serverWorkerMain --node-ipc --clientProcessId=770,0.0,0.994,77.02,0.0,0.0,1.0,0.0,0.0,7,sleeping,io
2026-09-22T13:39:15,833,709,MainThread,/home/rohan/.vscode-server/bin/7debcd0e2acdea1c52de81bf9ee1620444407dda/node /home/rohan/.vscode-server/bin/7debcd0e2acdea1c52de81bf9ee1620444407dda/out/bootstrap-fork --type=ptyHost --logsPath /home/rohan/.vscode-server/data/logs/20260922T120228,0.5,0.9761,75.63,0.0,0.0,6.48,0.0,0.0,13,sleeping,io
2026-09-22T13:39:15,964,833,bash,/bin/bash --init-file /home/rohan/.vscode-server/bin/7debcd0e2acdea1c52de81bf9ee1620444407dda/out/vs/workbench/contrib/terminal/common/scripts/shellIntegration-bash.sh,0.0,0.0674,5.22,0.0,0.0,0.0,0.0,0.0,1,sleeping,io
2026-09-22T13:39:15,1424,2,SessionLeader,/init,0.0,0.0142,1.1,0.0,0.0,0.0,0.0,0.0,1,sleeping,io
2026-09-22T13:39:15,1425,1424,Relay(1426),/init,0.0,0.0143,1.11,0.0,0.0,0.0,0.0,0.0,1,sleeping,io
2026-09-22T13:39:15,1426,1425,bash,-bash,0.0,0.0665,5.15,0.0,0.0,0.0,0.0,0.0,1,sleeping,io
2026-09-22T13:39:15,4147,770,pet,/home/rohan/.vscode-server/extensions/ms-python.vscode-python-envs-1.37.2026092101-linux-x64/python-env-tools/bin/pet server,0.0,0.0749,5.8,0.0,0.0,0.0,0.0,0.0,21,sleeping,io
2026-09-22T13:39:15,4156,833,bash,/bin/bash --init-file /home/rohan/.vscode-server/bin/7debcd0e2acdea1c52de81bf9ee1620444407dda/out/vs/workbench/contrib/terminal/common/scripts/shellIntegration-bash.sh,0.0,0.0664,5.15,0.0,0.0,0.0,0.0,0.0,1,sleeping,io
2026-09-22T13:39:15,4295,770,MainThread,/home/rohan/.vscode-server/bin/7debcd0e2acdea1c52de81bf9ee1620444407dda/node /home/rohan/.vscode-server/extensions/ms-python.vscode-pylance-2026.3.105/dist/server.bundle.js --cancellationReceive=file:2bc56d7a41ee8749874d0000b75c5745f8ddf88b1a --node-ipc --clientProcessId=770,0.0,8.4531,655.0,0.0,0.0,1.49,0.0,0.0,9,sleeping,io
2026-09-22T13:39:15,5890,2,SessionLeader,/init,0.0,0.0142,1.1,0.0,0.0,0.0,0.0,0.0,1,sleeping,io
2026-09-22T13:39:15,5891,5890,Relay(5896),/init,0.0,0.0143,1.11,0.0,0.0,0.5,0.0,0.0,1,sleeping,io
2026-09-22T13:39:15,5896,5891,bash,-bash,0.0,0.0669,5.18,0.0,0.0,0.0,0.0,0.0,1,sleeping,io
2026-09-22T13:39:15,6172,2,SessionLeader,/init,0.0,0.0142,1.1,0.0,0.0,0.0,0.0,0.0,1,sleeping,io
2026-09-22T13:39:15,6173,6172,Relay(6174),/init,0.0,0.0143,1.11,0.0,0.0,0.0,0.0,0.0,1,sleeping,io
2026-09-22T13:39:15,6174,6173,bash,-bash,0.0,0.0666,5.16,0.0,0.0,0.0,0.0,0.0,1,sleeping,io
2026-09-22T13:39:15,6941,2,SessionLeader,/init,0.0,0.0142,1.1,0.0,0.0,0.0,0.0,0.0,1,sleeping,io
2026-09-22T13:39:15,6943,6941,Relay(6945),/init,0.0,0.0143,1.11,0.0,0.0,1.49,0.0,0.0,1,sleeping,io
2026-09-22T13:39:15,6945,6943,bash,-bash,0.5,0.0667,5.17,0.0,0.0,0.5,16.94,0.0,1,sleeping,io
2026-09-22T13:39:15,8650,2,SessionLeader,/init,0.0,0.0142,1.1,0.0,0.0,0.0,0.0,0.0,1,sleeping,io
2026-09-22T13:39:15,8652,8650,Relay(8654),/init,0.0,0.0143,1.11,0.0,0.0,0.0,0.0,0.0,1,sleeping,io
2026-09-22T13:39:15,8654,8652,bash,-bash,0.0,0.0688,5.33,0.0,0.0,0.0,0.0,0.0,1,sleeping,io
2026-09-22T13:39:15,8853,2,SessionLeader,/init,0.0,0.0142,1.1,0.0,0.0,0.0,0.0,0.0,1,sleeping,io
2026-09-22T13:39:15,8854,8853,Relay(8858),/init,0.0,0.0143,1.11,0.0,0.0,0.0,0.0,0.0,1,sleeping,io
2026-09-22T13:39:15,8858,8854,bash,-bash,0.0,0.0681,5.27,0.0,0.0,0.0,0.0,0.0,1,sleeping,io
2026-09-22T13:39:15,15760,2,SessionLeader,/init,0.0,0.0142,1.1,0.0,0.0,0.0,0.0,0.0,1,sleeping,io
2026-09-22T13:39:15,15762,15760,Relay(15767),/init,0.0,0.0143,1.11,0.0,0.0,0.0,0.0,0.0,1,sleeping,io
2026-09-22T13:39:15,15767,15762,bash,-bash,0.0,0.0696,5.39,0.0,0.0,0.0,0.0,0.0,1,sleeping,io
2026-09-22T13:39:15,15903,2,SessionLeader,/init,0.0,0.0142,1.1,0.0,0.0,0.0,0.0,0.0,1,sleeping,io
2026-09-22T13:39:15,15904,15903,Relay(15909),/init,0.0,0.0143,1.11,0.0,0.0,0.0,0.0,0.0,1,sleeping,io
2026-09-22T13:39:15,15909,15904,bash,-bash,0.0,0.0699,5.42,0.0,0.0,0.0,0.0,0.0,1,sleeping,io
2026-09-22T13:39:15,20518,1,wsl-pro-service,/usr/libexec/wsl-pro-service,0.0,0.1491,11.55,0.0,0.0,0.0,0.0,0.0,8,sleeping,io
2026-09-22T13:39:15,21891,6945,python,python workloads/io/io_workload.py,0.0,0.1304,10.11,0,0,0,0,0,1,disk-sleep,io
2026-09-22T13:39:17,1,0,systemd,/sbin/init,0.0,0.1667,12.91,0.0,0.0,0.0,0.0,0.0,1,sleeping,io
2026-09-22T13:39:17,2,1,init-systemd(Ub,/init,0.0,0.0279,2.16,0.0,0.0,0.0,0.0,0.0,2,sleeping,io
2026-09-22T13:39:17,7,2,init,plan9 --control-socket 7 --log-level 4 --server-fd 8 --pipe-fd 10 --log-truncate,0.0,0.0268,2.08,0.0,0.0,0.0,0.0,0.0,2,sleeping,io
2026-09-22T13:39:17,43,1,systemd-journald,/usr/lib/systemd/systemd-journald,0.0,0.2003,15.52,0.0,0.0,0.0,0.0,0.0,1,sleeping,io
2026-09-22T13:39:17,98,1,systemd-udevd,/usr/lib/systemd/systemd-udevd,0.0,0.0799,6.19,0.0,0.0,0.0,0.0,0.0,1,sleeping,io
2026-09-22T13:39:17,177,1,systemd-resolved,/usr/lib/systemd/systemd-resolved,0.0,0.1656,12.83,0.0,0.0,0.0,0.0,0.0,1,sleeping,io
2026-09-22T13:39:17,178,1,systemd-timesyncd,/usr/lib/systemd/systemd-timesyncd,0.0,0.1002,7.77,0.0,0.0,0.0,0.0,0.0,2,sleeping,io
2026-09-22T13:39:17,188,1,cron,/usr/sbin/cron -f -P,0.0,0.0338,2.62,0.0,0.0,0.0,0.0,0.0,1,sleeping,io
2026-09-22T13:39:17,189,1,dbus-daemon,@dbus-daemon --system --address=systemd: --nofork --nopidfile --systemd-activation --syslog-only,0.0,0.0669,5.18,0.0,0.0,0.0,0.0,0.0,1,sleeping,io
2026-09-22T13:39:17,203,1,systemd-logind,/usr/lib/systemd/systemd-logind,0.0,0.1112,8.62,0.0,0.0,0.0,0.0,0.0,1,sleeping,io
2026-09-22T13:39:17,217,1,agetty,/sbin/agetty -o -p -- \u --noclear - linux,0.0,0.0249,1.93,0.0,0.0,0.0,0.0,0.0,1,sleeping,io
2026-09-22T13:39:17,223,1,rsyslogd,/usr/sbin/rsyslogd -n -iNONE,0.0,0.0758,5.87,0.0,0.0,0.0,0.0,0.0,4,sleeping,io
2026-09-22T13:39:17,236,1,unattended-upgr,/usr/bin/python3 /usr/share/unattended-upgrades/unattended-upgrade-shutdown --wait-for-signal,0.0,0.2778,21.53,0.0,0.0,0.0,0.0,0.0,2,sleeping,io
2026-09-22T13:39:17,256,1,apache2,/usr/sbin/apache2 -k start,0.0,0.0634,4.91,0.0,0.0,1.0,0.0,0.0,1,sleeping,io
2026-09-22T13:39:17,257,256,apache2,/usr/sbin/apache2 -k start,0.0,0.0734,5.69,0.0,0.0,0.0,0.0,0.0,27,sleeping,io
2026-09-22T13:39:17,259,256,apache2,/usr/sbin/apache2 -k start,0.0,0.0734,5.69,0.0,0.0,0.0,0.0,0.0,27,sleeping,io
2026-09-22T13:39:17,386,2,login,/bin/login -f      ,0.0,0.0587,4.55,0.0,0.0,0.0,0.0,0.0,1,sleeping,io
2026-09-22T13:39:17,429,1,systemd,/usr/lib/systemd/systemd --user,0.0,0.145,11.24,0.0,0.0,0.0,0.0,0.0,1,sleeping,io
2026-09-22T13:39:17,430,429,(sd-pam),(sd-pam),0.0,0.0451,3.49,0.0,0.0,0.0,0.0,0.0,1,sleeping,io
2026-09-22T13:39:17,452,386,bash,-bash,0.0,0.0643,4.98,0.0,0.0,0.0,0.0,0.0,1,sleeping,io
2026-09-22T13:39:17,486,2,SessionLeader,/init,0.0,0.0142,1.1,0.0,0.0,0.0,0.0,0.0,1,sleeping,io
2026-09-22T13:39:17,487,486,Relay(488),/init,0.0,0.0159,1.23,0.0,0.0,0.0,0.0,0.0,1,sleeping,io
2026-09-22T13:39:17,488,487,bash,-bash,0.0,0.0666,5.16,0.0,0.0,0.0,0.0,0.0,1,sleeping,io
2026-09-22T13:39:17,696,2,SessionLeader,/init,0.0,0.0143,1.11,0.0,0.0,0.0,0.0,0.0,1,sleeping,io
2026-09-22T13:39:17,697,696,Relay(698),/init,0.0,0.0152,1.18,0.0,0.0,0.0,0.0,0.0,1,sleeping,io
2026-09-22T13:39:17,698,697,sh,"sh -c ""$VSCODE_WSL_EXT_LOCATION/scripts/wslServer.sh"" 7debcd0e2acdea1c52de81bf9ee1620444407dda stable code-server .vscode-server --host=127.0.0.1 --port=0 --connection-token=826864117-4248089396-2109865724-2149592531 --use-host-proxy --without-browser-env-var --disable-websocket-compression --accept-server-license-terms --telemetry-level=all",0.0,0.024,1.86,0.0,0.0,0.0,0.0,0.0,1,sleeping,io
2026-09-22T13:39:17,699,698,sh,sh /mnt/c/Users/Rohan/.vscode/extensions/ms-vscode-remote.remote-wsl-0.104.3/scripts/wslServer.sh 7debcd0e2acdea1c52de81bf9ee1620444407dda stable code-server .vscode-server --host=127.0.0.1 --port=0 --connection-token=826864117-4248089396-2109865724-2149592531 --use-host-proxy --without-browser-env-var --disable-websocket-compression --accept-server-license-terms --telemetry-level=all,0.0,0.0251,1.95,0.0,0.0,0.0,0.0,0.0,1,sleeping,io
2026-09-22T13:39:17,705,699,sh,sh /home/rohan/.vscode-server/bin/7debcd0e2acdea1c52de81bf9ee1620444407dda/bin/code-server --host=127.0.0.1 --port=0 --connection-token=826864117-4248089396-2109865724-2149592531 --use-host-proxy --without-browser-env-var --disable-websocket-compression --accept-server-license-terms --telemetry-level=all,0.0,0.025,1.93,0.0,0.0,0.0,0.0,0.0,1,sleeping,io
2026-09-22T13:39:17,709,705,MainThread,/home/rohan/.vscode-server/bin/7debcd0e2acdea1c52de81bf9ee1620444407dda/node /home/rohan/.vscode-server/bin/7debcd0e2acdea1c52de81bf9ee1620444407dda/out/server-main.js --host=127.0.0.1 --port=0 --connection-token=826864117-4248089396-2109865724-2149592531 --use-host-proxy --without-browser-env-var --disable-websocket-compression --accept-server-license-terms --telemetry-level=all,0.5,2.2866,177.18,0.0,0.0,8.97,0.0,0.0,11,sleeping,io
2026-09-22T13:39:17,721,2,SessionLeader,/init,0.0,0.0143,1.11,0.0,0.0,0.0,0.0,0.0,1,sleeping,io
2026-09-22T13:39:17,722,721,Relay(723),/init,0.0,0.0152,1.18,0.0,0.0,2.99,0.0,0.0,1,sleeping,io
2026-09-22T13:39:17,723,722,MainThread,"/home/rohan/.vscode-server/bin/7debcd0e2acdea1c52de81bf9ee1620444407dda/node -e const net = require('net'); process.stdin.pause(); const client = net.createConnection({ host: '127.0.0.1', port: 44115 }, () => { client.pipe(process.stdout); process.stdin.pipe(client); }); client.on('close', function (hadError) { console.error(hadError ? 'Remote close with error' : 'Remote close'); process.exit(hadError ? 1 : 0); }); client.on('error', function (err) { process.stderr.write(err && (err.stack || err.message) || String(err)); });",0.0,0.8724,67.6,0.0,0.0,2.99,0.0,0.0,7,sleeping,io
2026-09-22T13:39:17,730,2,SessionLeader,/init,0.0,0.0143,1.11,0.0,0.0,0.0,0.0,0.0,1,sleeping,io
2026-09-22T13:39:17,731,730,Relay(732),/init,0.0,0.0152,1.18,0.0,0.0,4.48,0.0,0.0,1,sleeping,io
2026-09-22T13:39:17,732,731,MainThread,"/home/rohan/.vscode-server/bin/7debcd0e2acdea1c52de81bf9ee1620444407dda/node -e const net = require('net'); process.stdin.pause(); const client = net.createConnection({ host: '127.0.0.1', port: 44115 }, () => { client.pipe(process.stdout); process.stdin.pipe(client); }); client.on('close', function (hadError) { console.error(hadError ? 'Remote close with error' : 'Remote close'); process.exit(hadError ? 1 : 0); }); client.on('error', function (err) { process.stderr.write(err && (err.stack || err.message) || String(err)); });",0.0,0.7837,60.73,0.0,0.0,4.98,0.0,0.0,7,running,io
2026-09-22T13:39:17,743,709,MainThread,/home/rohan/.vscode-server/bin/7debcd0e2acdea1c52de81bf9ee1620444407dda/node /home/rohan/.vscode-server/bin/7debcd0e2acdea1c52de81bf9ee1620444407dda/out/bootstrap-fork --type=fileWatcher,1.0,0.8757,67.86,0.0,0.0,3.99,0.0,0.0,13,sleeping,io
2026-09-22T13:39:17,769,709,MainThread,/home/rohan/.vscode-server/bin/7debcd0e2acdea1c52de81bf9ee1620444407dda/node /home/rohan/.vscode-server/bin/7debcd0e2acdea1c52de81bf9ee1620444407dda/out/bootstrap-fork --type=agentHost --logsPath /home/rohan/.vscode-server/data/logs/20260922T120228 --user-data-dir /home/rohan/.vscode-server/data --telemetry-level all,0.0,1.7798,137.91,0.0,2040.5,3.49,0.5,0.0,11,sleeping,io
2026-09-22T13:39:17,770,709,MainThread,/home/rohan/.vscode-server/bin/7debcd0e2acdea1c52de81bf9ee1620444407dda/node --dns-result-order=ipv4first /home/rohan/.vscode-server/bin/7debcd0e2acdea1c52de81bf9ee1620444407dda/out/bootstrap-fork --type=extensionHost --transformURIs --useHostProxy=true,1.5,6.7966,526.64,0.0,0.0,195.78,1464.61,0.0,32,sleeping,io
2026-09-22T13:39:17,811,769,MainThread,/home/rohan/.vscode-server/bin/7debcd0e2acdea1c52de81bf9ee1620444407dda/node /home/rohan/.vscode-server/bin/7debcd0e2acdea1c52de81bf9ee1620444407dda/node_modules/@github/copilot-linux-x64/index.js --headless --no-auto-update --log-level info --stdio --no-auto-login,0.0,3.3565,260.08,0.0,0.0,0.0,0.0,0.0,44,sleeping,io
2026-09-22T13:39:17,812,770,MainThread,/home/rohan/.vscode-server/bin/7debcd0e2acdea1c52de81bf9ee1620444407dda/node /home/rohan/.vscode-server/bin/7debcd0e2acdea1c52de81bf9ee1620444407dda/extensions/markdown-language-features/dist/serverWorkerMain --node-ipc --clientProcessId=770,0.0,0.994,77.02,0.0,0.0,0.5,0.0,0.0,7,sleeping,io
2026-09-22T13:39:17,833,709,MainThread,/home/rohan/.vscode-server/bin/7debcd0e2acdea1c52de81bf9ee1620444407dda/node /home/rohan/.vscode-server/bin/7debcd0e2acdea1c52de81bf9ee1620444407dda/out/bootstrap-fork --type=ptyHost --logsPath /home/rohan/.vscode-server/data/logs/20260922T120228,0.0,0.9761,75.63,0.0,0.0,5.98,0.0,0.0,13,sleeping,io
2026-09-22T13:39:17,964,833,bash,/bin/bash --init-file /home/rohan/.vscode-server/bin/7debcd0e2acdea1c52de81bf9ee1620444407dda/out/vs/workbench/contrib/terminal/common/scripts/shellIntegration-bash.sh,0.0,0.0674,5.22,0.0,0.0,0.0,0.0,0.0,1,sleeping,io
2026-09-22T13:39:17,1424,2,SessionLeader,/init,0.0,0.0142,1.1,0.0,0.0,0.0,0.0,0.0,1,sleeping,io
2026-09-22T13:39:17,1425,1424,Relay(1426),/init,0.0,0.0143,1.11,0.0,0.0,0.0,0.0,0.0,1,sleeping,io
2026-09-22T13:39:17,1426,1425,bash,-bash,0.0,0.0665,5.15,0.0,0.0,0.0,0.0,0.0,1,sleeping,io
2026-09-22T13:39:17,4147,770,pet,/home/rohan/.vscode-server/extensions/ms-python.vscode-python-envs-1.37.2026092101-linux-x64/python-env-tools/bin/pet server,0.0,0.0749,5.8,0.0,0.0,0.0,0.0,0.0,21,sleeping,io
2026-09-22T13:39:17,4156,833,bash,/bin/bash --init-file /home/rohan/.vscode-server/bin/7debcd0e2acdea1c52de81bf9ee1620444407dda/out/vs/workbench/contrib/terminal/common/scripts/shellIntegration-bash.sh,0.0,0.0664,5.15,0.0,0.0,0.0,0.0,0.0,1,sleeping,io
2026-09-22T13:39:17,4295,770,MainThread,/home/rohan/.vscode-server/bin/7debcd0e2acdea1c52de81bf9ee1620444407dda/node /home/rohan/.vscode-server/extensions/ms-python.vscode-pylance-2026.3.105/dist/server.bundle.js --cancellationReceive=file:2bc56d7a41ee8749874d0000b75c5745f8ddf88b1a --node-ipc --clientProcessId=770,0.0,8.4531,655.0,0.0,0.0,3.49,0.0,0.0,9,sleeping,io
2026-09-22T13:39:17,5890,2,SessionLeader,/init,0.0,0.0142,1.1,0.0,0.0,0.0,0.0,0.0,1,sleeping,io
2026-09-22T13:39:17,5891,5890,Relay(5896),/init,0.0,0.0143,1.11,0.0,0.0,0.5,0.0,0.0,1,sleeping,io
2026-09-22T13:39:17,5896,5891,bash,-bash,0.0,0.0669,5.18,0.0,0.0,0.0,0.0,0.0,1,sleeping,io
2026-09-22T13:39:17,6172,2,SessionLeader,/init,0.0,0.0142,1.1,0.0,0.0,0.0,0.0,0.0,1,sleeping,io
2026-09-22T13:39:17,6173,6172,Relay(6174),/init,0.0,0.0143,1.11,0.0,0.0,0.0,0.0,0.0,1,sleeping,io
2026-09-22T13:39:17,6174,6173,bash,-bash,0.0,0.0666,5.16,0.0,0.0,0.0,0.0,0.0,1,sleeping,io
2026-09-22T13:39:17,6941,2,SessionLeader,/init,0.0,0.0142,1.1,0.0,0.0,0.0,0.0,0.0,1,sleeping,io
2026-09-22T13:39:17,6943,6941,Relay(6945),/init,0.0,0.0143,1.11,0.0,0.0,0.0,0.0,0.0,1,sleeping,io
2026-09-22T13:39:17,6945,6943,bash,-bash,0.0,0.0667,5.17,0.0,0.0,0.0,0.0,0.0,1,sleeping,io
2026-09-22T13:39:17,8650,2,SessionLeader,/init,0.0,0.0142,1.1,0.0,0.0,0.0,0.0,0.0,1,sleeping,io
2026-09-22T13:39:17,8652,8650,Relay(8654),/init,0.0,0.0143,1.11,0.0,0.0,0.0,0.0,0.0,1,sleeping,io
2026-09-22T13:39:17,8654,8652,bash,-bash,0.0,0.0688,5.33,0.0,0.0,0.0,0.0,0.0,1,sleeping,io
2026-09-22T13:39:17,8853,2,SessionLeader,/init,0.0,0.0142,1.1,0.0,0.0,0.0,0.0,0.0,1,sleeping,io
2026-09-22T13:39:17,8854,8853,Relay(8858),/init,0.0,0.0143,1.11,0.0,0.0,0.0,0.0,0.0,1,sleeping,io
2026-09-22T13:39:17,8858,8854,bash,-bash,0.0,0.0681,5.27,0.0,0.0,0.0,0.0,0.0,1,sleeping,io
2026-09-22T13:39:17,15760,2,SessionLeader,/init,0.0,0.0142,1.1,0.0,0.0,0.0,0.0,0.0,1,sleeping,io
2026-09-22T13:39:17,15762,15760,Relay(15767),/init,0.0,0.0143,1.11,0.0,0.0,0.0,0.0,0.0,1,sleeping,io
2026-09-22T13:39:17,15767,15762,bash,-bash,0.0,0.0696,5.39,0.0,0.0,0.0,0.0,0.0,1,sleeping,io
2026-09-22T13:39:17,15903,2,SessionLeader,/init,0.0,0.0142,1.1,0.0,0.0,0.0,0.0,0.0,1,sleeping,io
2026-09-22T13:39:17,15904,15903,Relay(15909),/init,0.0,0.0143,1.11,0.0,0.0,0.0,0.0,0.0,1,sleeping,io
2026-09-22T13:39:17,15909,15904,bash,-bash,0.0,0.0699,5.42,0.0,0.0,0.0,0.0,0.0,1,sleeping,io
2026-09-22T13:39:17,20518,1,wsl-pro-service,/usr/libexec/wsl-pro-service,0.0,0.1491,11.55,0.0,0.0,0.0,0.0,0.0,8,sleeping,io
2026-09-22T13:39:17,21891,6945,python,python workloads/io/io_workload.py,11.0,0.1304,10.11,8162.23,241863103.57,462.81,0.0,0.0,1,disk-sleep,io
2026-09-22T13:39:19,1,0,systemd,/sbin/init,0.0,0.1667,12.91,0.0,0.0,0.0,0.0,0.0,1,sleeping,io
2026-09-22T13:39:19,2,1,init-systemd(Ub,/init,0.0,0.0279,2.16,0.0,0.0,0.0,0.0,0.0,2,sleeping,io
2026-09-22T13:39:19,7,2,init,plan9 --control-socket 7 --log-level 4 --server-fd 8 --pipe-fd 10 --log-truncate,0.0,0.0268,2.08,0.0,0.0,0.0,0.0,0.0,2,sleeping,io
2026-09-22T13:39:19,43,1,systemd-journald,/usr/lib/systemd/systemd-journald,0.0,0.2003,15.52,0.0,0.0,0.0,0.0,0.0,1,sleeping,io
2026-09-22T13:39:19,98,1,systemd-udevd,/usr/lib/systemd/systemd-udevd,0.0,0.0799,6.19,0.0,0.0,0.0,0.0,0.0,1,sleeping,io
2026-09-22T13:39:19,177,1,systemd-resolved,/usr/lib/systemd/systemd-resolved,0.0,0.1656,12.83,0.0,0.0,0.0,0.0,0.0,1,sleeping,io
2026-09-22T13:39:19,178,1,systemd-timesyncd,/usr/lib/systemd/systemd-timesyncd,0.0,0.1002,7.77,0.0,0.0,0.0,0.0,0.0,2,sleeping,io
2026-09-22T13:39:19,188,1,cron,/usr/sbin/cron -f -P,0.0,0.0338,2.62,0.0,0.0,0.0,0.0,0.0,1,sleeping,io
2026-09-22T13:39:19,189,1,dbus-daemon,@dbus-daemon --system --address=systemd: --nofork --nopidfile --systemd-activation --syslog-only,0.0,0.0669,5.18,0.0,0.0,0.0,0.0,0.0,1,sleeping,io
2026-09-22T13:39:19,203,1,systemd-logind,/usr/lib/systemd/systemd-logind,0.0,0.1112,8.62,0.0,0.0,0.0,0.0,0.0,1,sleeping,io
2026-09-22T13:39:19,217,1,agetty,/sbin/agetty -o -p -- \u --noclear - linux,0.0,0.0249,1.93,0.0,0.0,0.0,0.0,0.0,1,sleeping,io
2026-09-22T13:39:19,223,1,rsyslogd,/usr/sbin/rsyslogd -n -iNONE,0.0,0.0758,5.87,0.0,0.0,0.0,0.0,0.0,4,sleeping,io
2026-09-22T13:39:19,236,1,unattended-upgr,/usr/bin/python3 /usr/share/unattended-upgrades/unattended-upgrade-shutdown --wait-for-signal,0.0,0.2778,21.53,0.0,0.0,0.0,0.0,0.0,2,sleeping,io
2026-09-22T13:39:19,256,1,apache2,/usr/sbin/apache2 -k start,0.0,0.0634,4.91,0.0,0.0,1.0,0.0,0.0,1,sleeping,io
2026-09-22T13:39:19,257,256,apache2,/usr/sbin/apache2 -k start,0.0,0.0734,5.69,0.0,0.0,0.0,0.0,0.0,27,sleeping,io
2026-09-22T13:39:19,259,256,apache2,/usr/sbin/apache2 -k start,0.0,0.0734,5.69,0.0,0.0,0.0,0.0,0.0,27,sleeping,io
2026-09-22T13:39:19,386,2,login,/bin/login -f      ,0.0,0.0587,4.55,0.0,0.0,0.0,0.0,0.0,1,sleeping,io
2026-09-22T13:39:19,429,1,systemd,/usr/lib/systemd/systemd --user,0.0,0.145,11.24,0.0,0.0,0.0,0.0,0.0,1,sleeping,io
2026-09-22T13:39:19,430,429,(sd-pam),(sd-pam),0.0,0.0451,3.49,0.0,0.0,0.0,0.0,0.0,1,sleeping,io
2026-09-22T13:39:19,452,386,bash,-bash,0.0,0.0643,4.98,0.0,0.0,0.0,0.0,0.0,1,sleeping,io
2026-09-22T13:39:19,486,2,SessionLeader,/init,0.0,0.0142,1.1,0.0,0.0,0.0,0.0,0.0,1,sleeping,io
2026-09-22T13:39:19,487,486,Relay(488),/init,0.0,0.0159,1.23,0.0,0.0,0.0,0.0,0.0,1,sleeping,io
2026-09-22T13:39:19,488,487,bash,-bash,0.0,0.0666,5.16,0.0,0.0,0.0,0.0,0.0,1,sleeping,io
2026-09-22T13:39:19,696,2,SessionLeader,/init,0.0,0.0143,1.11,0.0,0.0,0.0,0.0,0.0,1,sleeping,io
2026-09-22T13:39:19,697,696,Relay(698),/init,0.0,0.0152,1.18,0.0,0.0,0.0,0.0,0.0,1,sleeping,io
2026-09-22T13:39:19,698,697,sh,"sh -c ""$VSCODE_WSL_EXT_LOCATION/scripts/wslServer.sh"" 7debcd0e2acdea1c52de81bf9ee1620444407dda stable code-server .vscode-server --host=127.0.0.1 --port=0 --connection-token=826864117-4248089396-2109865724-2149592531 --use-host-proxy --without-browser-env-var --disable-websocket-compression --accept-server-license-terms --telemetry-level=all",0.0,0.024,1.86,0.0,0.0,0.0,0.0,0.0,1,sleeping,io
2026-09-22T13:39:19,699,698,sh,sh /mnt/c/Users/Rohan/.vscode/extensions/ms-vscode-remote.remote-wsl-0.104.3/scripts/wslServer.sh 7debcd0e2acdea1c52de81bf9ee1620444407dda stable code-server .vscode-server --host=127.0.0.1 --port=0 --connection-token=826864117-4248089396-2109865724-2149592531 --use-host-proxy --without-browser-env-var --disable-websocket-compression --accept-server-license-terms --telemetry-level=all,0.0,0.0251,1.95,0.0,0.0,0.0,0.0,0.0,1,sleeping,io
2026-09-22T13:39:19,705,699,sh,sh /home/rohan/.vscode-server/bin/7debcd0e2acdea1c52de81bf9ee1620444407dda/bin/code-server --host=127.0.0.1 --port=0 --connection-token=826864117-4248089396-2109865724-2149592531 --use-host-proxy --without-browser-env-var --disable-websocket-compression --accept-server-license-terms --telemetry-level=all,0.0,0.025,1.93,0.0,0.0,0.0,0.0,0.0,1,sleeping,io
2026-09-22T13:39:19,709,705,MainThread,/home/rohan/.vscode-server/bin/7debcd0e2acdea1c52de81bf9ee1620444407dda/node /home/rohan/.vscode-server/bin/7debcd0e2acdea1c52de81bf9ee1620444407dda/out/server-main.js --host=127.0.0.1 --port=0 --connection-token=826864117-4248089396-2109865724-2149592531 --use-host-proxy --without-browser-env-var --disable-websocket-compression --accept-server-license-terms --telemetry-level=all,0.0,2.2866,177.18,0.0,0.0,7.47,0.0,0.0,11,sleeping,io
2026-09-22T13:39:19,721,2,SessionLeader,/init,0.0,0.0143,1.11,0.0,0.0,0.0,0.0,0.0,1,sleeping,io
2026-09-22T13:39:19,722,721,Relay(723),/init,0.0,0.0152,1.18,0.0,0.0,1.99,0.0,0.0,1,sleeping,io
2026-09-22T13:39:19,723,722,MainThread,"/home/rohan/.vscode-server/bin/7debcd0e2acdea1c52de81bf9ee1620444407dda/node -e const net = require('net'); process.stdin.pause(); const client = net.createConnection({ host: '127.0.0.1', port: 44115 }, () => { client.pipe(process.stdout); process.stdin.pipe(client); }); client.on('close', function (hadError) { console.error(hadError ? 'Remote close with error' : 'Remote close'); process.exit(hadError ? 1 : 0); }); client.on('error', function (err) { process.stderr.write(err && (err.stack || err.message) || String(err)); });",0.0,0.8724,67.6,0.0,0.0,1.99,0.0,0.0,7,sleeping,io
2026-09-22T13:39:19,730,2,SessionLeader,/init,0.0,0.0143,1.11,0.0,0.0,0.0,0.0,0.0,1,sleeping,io
2026-09-22T13:39:19,731,730,Relay(732),/init,0.0,0.0152,1.18,0.0,0.0,5.48,0.0,0.0,1,sleeping,io
2026-09-22T13:39:19,732,731,MainThread,"/home/rohan/.vscode-server/bin/7debcd0e2acdea1c52de81bf9ee1620444407dda/node -e const net = require('net'); process.stdin.pause(); const client = net.createConnection({ host: '127.0.0.1', port: 44115 }, () => { client.pipe(process.stdout); process.stdin.pipe(client); }); client.on('close', function (hadError) { console.error(hadError ? 'Remote close with error' : 'Remote close'); process.exit(hadError ? 1 : 0); }); client.on('error', function (err) { process.stderr.write(err && (err.stack || err.message) || String(err)); });",0.0,0.7837,60.73,0.0,0.0,5.48,0.0,0.0,7,sleeping,io
2026-09-22T13:39:19,743,709,MainThread,/home/rohan/.vscode-server/bin/7debcd0e2acdea1c52de81bf9ee1620444407dda/node /home/rohan/.vscode-server/bin/7debcd0e2acdea1c52de81bf9ee1620444407dda/out/bootstrap-fork --type=fileWatcher,1.0,0.8757,67.86,0.0,0.0,4.48,0.0,0.0,13,sleeping,io
2026-09-22T13:39:19,769,709,MainThread,/home/rohan/.vscode-server/bin/7debcd0e2acdea1c52de81bf9ee1620444407dda/node /home/rohan/.vscode-server/bin/7debcd0e2acdea1c52de81bf9ee1620444407dda/out/bootstrap-fork --type=agentHost --logsPath /home/rohan/.vscode-server/data/logs/20260922T120228 --user-data-dir /home/rohan/.vscode-server/data --telemetry-level all,0.0,1.7798,137.91,0.0,0.0,0.5,0.0,0.0,11,sleeping,io
2026-09-22T13:39:19,770,709,MainThread,/home/rohan/.vscode-server/bin/7debcd0e2acdea1c52de81bf9ee1620444407dda/node --dns-result-order=ipv4first /home/rohan/.vscode-server/bin/7debcd0e2acdea1c52de81bf9ee1620444407dda/out/bootstrap-fork --type=extensionHost --transformURIs --useHostProxy=true,1.0,6.7966,526.64,0.0,0.0,191.29,818.98,0.0,32,sleeping,io
2026-09-22T13:39:19,811,769,MainThread,/home/rohan/.vscode-server/bin/7debcd0e2acdea1c52de81bf9ee1620444407dda/node /home/rohan/.vscode-server/bin/7debcd0e2acdea1c52de81bf9ee1620444407dda/node_modules/@github/copilot-linux-x64/index.js --headless --no-auto-update --log-level info --stdio --no-auto-login,0.0,3.3565,260.08,0.0,0.0,0.0,0.0,0.0,44,sleeping,io
2026-09-22T13:39:19,812,770,MainThread,/home/rohan/.vscode-server/bin/7debcd0e2acdea1c52de81bf9ee1620444407dda/node /home/rohan/.vscode-server/bin/7debcd0e2acdea1c52de81bf9ee1620444407dda/extensions/markdown-language-features/dist/serverWorkerMain --node-ipc --clientProcessId=770,0.0,0.994,77.02,0.0,0.0,0.0,0.0,0.0,7,sleeping,io
2026-09-22T13:39:19,833,709,MainThread,/home/rohan/.vscode-server/bin/7debcd0e2acdea1c52de81bf9ee1620444407dda/node /home/rohan/.vscode-server/bin/7debcd0e2acdea1c52de81bf9ee1620444407dda/out/bootstrap-fork --type=ptyHost --logsPath /home/rohan/.vscode-server/data/logs/20260922T120228,0.0,0.9761,75.63,0.0,0.0,6.48,0.0,0.0,13,sleeping,io
2026-09-22T13:39:19,964,833,bash,/bin/bash --init-file /home/rohan/.vscode-server/bin/7debcd0e2acdea1c52de81bf9ee1620444407dda/out/vs/workbench/contrib/terminal/common/scripts/shellIntegration-bash.sh,0.0,0.0674,5.22,0.0,0.0,0.0,0.0,0.0,1,sleeping,io
2026-09-22T13:39:19,1424,2,SessionLeader,/init,0.0,0.0142,1.1,0.0,0.0,0.0,0.0,0.0,1,sleeping,io
2026-09-22T13:39:19,1425,1424,Relay(1426),/init,0.0,0.0143,1.11,0.0,0.0,0.0,0.0,0.0,1,sleeping,io
2026-09-22T13:39:19,1426,1425,bash,-bash,0.0,0.0665,5.15,0.0,0.0,0.0,0.0,0.0,1,sleeping,io
2026-09-22T13:39:19,4147,770,pet,/home/rohan/.vscode-server/extensions/ms-python.vscode-python-envs-1.37.2026092101-linux-x64/python-env-tools/bin/pet server,0.0,0.0749,5.8,0.0,0.0,0.0,0.0,0.0,21,sleeping,io
2026-09-22T13:39:19,4156,833,bash,/bin/bash --init-file /home/rohan/.vscode-server/bin/7debcd0e2acdea1c52de81bf9ee1620444407dda/out/vs/workbench/contrib/terminal/common/scripts/shellIntegration-bash.sh,0.0,0.0664,5.15,0.0,0.0,0.0,0.0,0.0,1,sleeping,io
2026-09-22T13:39:19,4295,770,MainThread,/home/rohan/.vscode-server/bin/7debcd0e2acdea1c52de81bf9ee1620444407dda/node /home/rohan/.vscode-server/extensions/ms-python.vscode-pylance-2026.3.105/dist/server.bundle.js --cancellationReceive=file:2bc56d7a41ee8749874d0000b75c5745f8ddf88b1a --node-ipc --clientProcessId=770,0.5,8.4532,655.01,0.0,0.0,3.99,0.5,0.0,9,sleeping,io
2026-09-22T13:39:19,5890,2,SessionLeader,/init,0.0,0.0142,1.1,0.0,0.0,0.0,0.0,0.0,1,sleeping,io
2026-09-22T13:39:19,5891,5890,Relay(5896),/init,0.0,0.0143,1.11,0.0,0.0,0.5,0.0,0.0,1,sleeping,io
2026-09-22T13:39:19,5896,5891,bash,-bash,0.0,0.0669,5.18,0.0,0.0,0.0,0.0,0.0,1,sleeping,io
2026-09-22T13:39:19,6172,2,SessionLeader,/init,0.0,0.0142,1.1,0.0,0.0,0.0,0.0,0.0,1,sleeping,io
2026-09-22T13:39:19,6173,6172,Relay(6174),/init,0.0,0.0143,1.11,0.0,0.0,0.0,0.0,0.0,1,sleeping,io
2026-09-22T13:39:19,6174,6173,bash,-bash,0.0,0.0666,5.16,0.0,0.0,0.0,0.0,0.0,1,sleeping,io
2026-09-22T13:39:19,6941,2,SessionLeader,/init,0.0,0.0142,1.1,0.0,0.0,0.0,0.0,0.0,1,sleeping,io
2026-09-22T13:39:19,6943,6941,Relay(6945),/init,0.0,0.0143,1.11,0.0,0.0,0.0,0.0,0.0,1,sleeping,io
2026-09-22T13:39:19,6945,6943,bash,-bash,0.0,0.0667,5.17,0.0,0.0,0.0,0.0,0.0,1,sleeping,io
2026-09-22T13:39:19,8650,2,SessionLeader,/init,0.0,0.0142,1.1,0.0,0.0,0.0,0.0,0.0,1,sleeping,io
2026-09-22T13:39:19,8652,8650,Relay(8654),/init,0.0,0.0143,1.11,0.0,0.0,0.0,0.0,0.0,1,sleeping,io
2026-09-22T13:39:19,8654,8652,bash,-bash,0.0,0.0688,5.33,0.0,0.0,0.0,0.0,0.0,1,sleeping,io
2026-09-22T13:39:19,8853,2,SessionLeader,/init,0.0,0.0142,1.1,0.0,0.0,0.0,0.0,0.0,1,sleeping,io
2026-09-22T13:39:19,8854,8853,Relay(8858),/init,0.0,0.0143,1.11,0.0,0.0,0.0,0.0,0.0,1,sleeping,io
2026-09-22T13:39:19,8858,8854,bash,-bash,0.0,0.0681,5.27,0.0,0.0,0.0,0.0,0.0,1,sleeping,io
2026-09-22T13:39:19,15760,2,SessionLeader,/init,0.0,0.0142,1.1,0.0,0.0,0.0,0.0,0.0,1,sleeping,io
2026-09-22T13:39:19,15762,15760,Relay(15767),/init,0.0,0.0143,1.11,0.0,0.0,0.0,0.0,0.0,1,sleeping,io
2026-09-22T13:39:19,15767,15762,bash,-bash,0.0,0.0696,5.39,0.0,0.0,0.0,0.0,0.0,1,sleeping,io
2026-09-22T13:39:19,15903,2,SessionLeader,/init,0.0,0.0142,1.1,0.0,0.0,0.0,0.0,0.0,1,sleeping,io
2026-09-22T13:39:19,15904,15903,Relay(15909),/init,0.0,0.0143,1.11,0.0,0.0,0.0,0.0,0.0,1,sleeping,io
2026-09-22T13:39:19,15909,15904,bash,-bash,0.0,0.0699,5.42,0.0,0.0,0.0,0.0,0.0,1,sleeping,io
2026-09-22T13:39:19,20518,1,wsl-pro-service,/usr/libexec/wsl-pro-service,0.0,0.1491,11.55,0.0,0.0,0.0,0.0,0.0,8,sleeping,io
2026-09-22T13:39:19,21891,6945,python,python workloads/io/io_workload.py,9.0,0.1304,10.11,6120.83,205268045.78,393.51,0.0,0.0,1,disk-sleep,io
2026-09-22T13:39:21,1,0,systemd,/sbin/init,0.0,0.1667,12.91,0.0,0.0,0.0,0.0,0.0,1,sleeping,io
2026-09-22T13:39:21,2,1,init-systemd(Ub,/init,0.0,0.0279,2.16,0.0,0.0,0.0,0.0,0.0,2,sleeping,io
2026-09-22T13:39:21,7,2,init,plan9 --control-socket 7 --log-level 4 --server-fd 8 --pipe-fd 10 --log-truncate,0.0,0.0268,2.08,0.0,0.0,0.0,0.0,0.0,2,sleeping,io
2026-09-22T13:39:21,43,1,systemd-journald,/usr/lib/systemd/systemd-journald,0.0,0.2003,15.52,0.0,0.0,0.0,0.0,0.0,1,sleeping,io
2026-09-22T13:39:21,98,1,systemd-udevd,/usr/lib/systemd/systemd-udevd,0.0,0.0799,6.19,0.0,0.0,0.0,0.0,0.0,1,sleeping,io
2026-09-22T13:39:21,177,1,systemd-resolved,/usr/lib/systemd/systemd-resolved,0.0,0.1656,12.83,0.0,0.0,0.0,0.0,0.0,1,sleeping,io
2026-09-22T13:39:21,178,1,systemd-timesyncd,/usr/lib/systemd/systemd-timesyncd,0.0,0.1002,7.77,0.0,0.0,0.0,0.0,0.0,2,sleeping,io
2026-09-22T13:39:21,188,1,cron,/usr/sbin/cron -f -P,0.0,0.0338,2.62,0.0,0.0,0.0,0.0,0.0,1,sleeping,io
2026-09-22T13:39:21,189,1,dbus-daemon,@dbus-daemon --system --address=systemd: --nofork --nopidfile --systemd-activation --syslog-only,0.0,0.0669,5.18,0.0,0.0,0.0,0.0,0.0,1,sleeping,io
2026-09-22T13:39:21,203,1,systemd-logind,/usr/lib/systemd/systemd-logind,0.0,0.1112,8.62,0.0,0.0,0.0,0.0,0.0,1,sleeping,io
2026-09-22T13:39:21,217,1,agetty,/sbin/agetty -o -p -- \u --noclear - linux,0.0,0.0249,1.93,0.0,0.0,0.0,0.0,0.0,1,sleeping,io
2026-09-22T13:39:21,223,1,rsyslogd,/usr/sbin/rsyslogd -n -iNONE,0.0,0.0758,5.87,0.0,0.0,0.0,0.0,0.0,4,sleeping,io
2026-09-22T13:39:21,236,1,unattended-upgr,/usr/bin/python3 /usr/share/unattended-upgrades/unattended-upgrade-shutdown --wait-for-signal,0.0,0.2778,21.53,0.0,0.0,0.0,0.0,0.0,2,sleeping,io
2026-09-22T13:39:21,256,1,apache2,/usr/sbin/apache2 -k start,0.0,0.0634,4.91,0.0,0.0,1.0,0.0,0.0,1,sleeping,io
2026-09-22T13:39:21,257,256,apache2,/usr/sbin/apache2 -k start,0.0,0.0734,5.69,0.0,0.0,0.0,0.0,0.0,27,sleeping,io
2026-09-22T13:39:21,259,256,apache2,/usr/sbin/apache2 -k start,0.0,0.0734,5.69,0.0,0.0,0.0,0.0,0.0,27,sleeping,io
2026-09-22T13:39:21,386,2,login,/bin/login -f      ,0.0,0.0587,4.55,0.0,0.0,0.0,0.0,0.0,1,sleeping,io
2026-09-22T13:39:21,429,1,systemd,/usr/lib/systemd/systemd --user,0.0,0.145,11.24,0.0,0.0,0.0,0.0,0.0,1,sleeping,io
2026-09-22T13:39:21,430,429,(sd-pam),(sd-pam),0.0,0.0451,3.49,0.0,0.0,0.0,0.0,0.0,1,sleeping,io
2026-09-22T13:39:21,452,386,bash,-bash,0.0,0.0643,4.98,0.0,0.0,0.0,0.0,0.0,1,sleeping,io
2026-09-22T13:39:21,486,2,SessionLeader,/init,0.0,0.0142,1.1,0.0,0.0,0.0,0.0,0.0,1,sleeping,io
2026-09-22T13:39:21,487,486,Relay(488),/init,0.0,0.0159,1.23,0.0,0.0,0.0,0.0,0.0,1,sleeping,io
2026-09-22T13:39:21,488,487,bash,-bash,0.0,0.0666,5.16,0.0,0.0,0.0,0.0,0.0,1,sleeping,io
2026-09-22T13:39:21,696,2,SessionLeader,/init,0.0,0.0143,1.11,0.0,0.0,0.0,0.0,0.0,1,sleeping,io
2026-09-22T13:39:21,697,696,Relay(698),/init,0.0,0.0152,1.18,0.0,0.0,0.0,0.0,0.0,1,sleeping,io
2026-09-22T13:39:21,698,697,sh,"sh -c ""$VSCODE_WSL_EXT_LOCATION/scripts/wslServer.sh"" 7debcd0e2acdea1c52de81bf9ee1620444407dda stable code-server .vscode-server --host=127.0.0.1 --port=0 --connection-token=826864117-4248089396-2109865724-2149592531 --use-host-proxy --without-browser-env-var --disable-websocket-compression --accept-server-license-terms --telemetry-level=all",0.0,0.024,1.86,0.0,0.0,0.0,0.0,0.0,1,sleeping,io
2026-09-22T13:39:21,699,698,sh,sh /mnt/c/Users/Rohan/.vscode/extensions/ms-vscode-remote.remote-wsl-0.104.3/scripts/wslServer.sh 7debcd0e2acdea1c52de81bf9ee1620444407dda stable code-server .vscode-server --host=127.0.0.1 --port=0 --connection-token=826864117-4248089396-2109865724-2149592531 --use-host-proxy --without-browser-env-var --disable-websocket-compression --accept-server-license-terms --telemetry-level=all,0.0,0.0251,1.95,0.0,0.0,0.0,0.0,0.0,1,sleeping,io
2026-09-22T13:39:21,705,699,sh,sh /home/rohan/.vscode-server/bin/7debcd0e2acdea1c52de81bf9ee1620444407dda/bin/code-server --host=127.0.0.1 --port=0 --connection-token=826864117-4248089396-2109865724-2149592531 --use-host-proxy --without-browser-env-var --disable-websocket-compression --accept-server-license-terms --telemetry-level=all,0.0,0.025,1.93,0.0,0.0,0.0,0.0,0.0,1,sleeping,io
2026-09-22T13:39:21,709,705,MainThread,/home/rohan/.vscode-server/bin/7debcd0e2acdea1c52de81bf9ee1620444407dda/node /home/rohan/.vscode-server/bin/7debcd0e2acdea1c52de81bf9ee1620444407dda/out/server-main.js --host=127.0.0.1 --port=0 --connection-token=826864117-4248089396-2109865724-2149592531 --use-host-proxy --without-browser-env-var --disable-websocket-compression --accept-server-license-terms --telemetry-level=all,0.5,2.2866,177.18,0.0,0.0,8.97,0.0,0.0,11,sleeping,io
2026-09-22T13:39:21,721,2,SessionLeader,/init,0.0,0.0143,1.11,0.0,0.0,0.0,0.0,0.0,1,sleeping,io
2026-09-22T13:39:21,722,721,Relay(723),/init,0.0,0.0152,1.18,0.0,0.0,2.99,0.0,0.0,1,sleeping,io
2026-09-22T13:39:21,723,722,MainThread,"/home/rohan/.vscode-server/bin/7debcd0e2acdea1c52de81bf9ee1620444407dda/node -e const net = require('net'); process.stdin.pause(); const client = net.createConnection({ host: '127.0.0.1', port: 44115 }, () => { client.pipe(process.stdout); process.stdin.pipe(client); }); client.on('close', function (hadError) { console.error(hadError ? 'Remote close with error' : 'Remote close'); process.exit(hadError ? 1 : 0); }); client.on('error', function (err) { process.stderr.write(err && (err.stack || err.message) || String(err)); });",0.0,0.8724,67.6,0.0,0.0,2.99,0.0,0.0,7,sleeping,io
2026-09-22T13:39:21,730,2,SessionLeader,/init,0.0,0.0143,1.11,0.0,0.0,0.0,0.0,0.0,1,sleeping,io
2026-09-22T13:39:21,731,730,Relay(732),/init,0.0,0.0152,1.18,0.0,0.0,4.98,0.0,0.0,1,sleeping,io
2026-09-22T13:39:21,732,731,MainThread,"/home/rohan/.vscode-server/bin/7debcd0e2acdea1c52de81bf9ee1620444407dda/node -e const net = require('net'); process.stdin.pause(); const client = net.createConnection({ host: '127.0.0.1', port: 44115 }, () => { client.pipe(process.stdout); process.stdin.pipe(client); }); client.on('close', function (hadError) { console.error(hadError ? 'Remote close with error' : 'Remote close'); process.exit(hadError ? 1 : 0); }); client.on('error', function (err) { process.stderr.write(err && (err.stack || err.message) || String(err)); });",0.0,0.7837,60.73,0.0,0.0,4.98,0.0,0.0,7,sleeping,io
2026-09-22T13:39:21,743,709,MainThread,/home/rohan/.vscode-server/bin/7debcd0e2acdea1c52de81bf9ee1620444407dda/node /home/rohan/.vscode-server/bin/7debcd0e2acdea1c52de81bf9ee1620444407dda/out/bootstrap-fork --type=fileWatcher,1.5,0.8757,67.86,0.0,0.0,7.97,0.0,0.0,13,sleeping,io
2026-09-22T13:39:21,769,709,MainThread,/home/rohan/.vscode-server/bin/7debcd0e2acdea1c52de81bf9ee1620444407dda/node /home/rohan/.vscode-server/bin/7debcd0e2acdea1c52de81bf9ee1620444407dda/out/bootstrap-fork --type=agentHost --logsPath /home/rohan/.vscode-server/data/logs/20260922T120228 --user-data-dir /home/rohan/.vscode-server/data --telemetry-level all,0.0,1.7798,137.91,0.0,0.0,0.0,0.0,0.0,11,sleeping,io
2026-09-22T13:39:21,770,709,MainThread,/home/rohan/.vscode-server/bin/7debcd0e2acdea1c52de81bf9ee1620444407dda/node --dns-result-order=ipv4first /home/rohan/.vscode-server/bin/7debcd0e2acdea1c52de81bf9ee1620444407dda/out/bootstrap-fork --type=extensionHost --transformURIs --useHostProxy=true,2.0,6.7966,526.64,0.0,0.0,195.77,1342.97,0.0,32,sleeping,io
2026-09-22T13:39:21,811,769,MainThread,/home/rohan/.vscode-server/bin/7debcd0e2acdea1c52de81bf9ee1620444407dda/node /home/rohan/.vscode-server/bin/7debcd0e2acdea1c52de81bf9ee1620444407dda/node_modules/@github/copilot-linux-x64/index.js --headless --no-auto-update --log-level info --stdio --no-auto-login,0.0,3.3565,260.08,0.0,0.0,0.0,0.0,0.0,44,sleeping,io
2026-09-22T13:39:21,812,770,MainThread,/home/rohan/.vscode-server/bin/7debcd0e2acdea1c52de81bf9ee1620444407dda/node /home/rohan/.vscode-server/bin/7debcd0e2acdea1c52de81bf9ee1620444407dda/extensions/markdown-language-features/dist/serverWorkerMain --node-ipc --clientProcessId=770,0.0,0.994,77.02,0.0,0.0,0.5,0.0,0.0,7,sleeping,io
2026-09-22T13:39:21,833,709,MainThread,/home/rohan/.vscode-server/bin/7debcd0e2acdea1c52de81bf9ee1620444407dda/node /home/rohan/.vscode-server/bin/7debcd0e2acdea1c52de81bf9ee1620444407dda/out/bootstrap-fork --type=ptyHost --logsPath /home/rohan/.vscode-server/data/logs/20260922T120228,0.0,0.9761,75.63,0.0,0.0,4.98,0.0,0.0,13,sleeping,io
2026-09-22T13:39:21,964,833,bash,/bin/bash --init-file /home/rohan/.vscode-server/bin/7debcd0e2acdea1c52de81bf9ee1620444407dda/out/vs/workbench/contrib/terminal/common/scripts/shellIntegration-bash.sh,0.0,0.0674,5.22,0.0,0.0,0.0,0.0,0.0,1,sleeping,io
2026-09-22T13:39:21,1424,2,SessionLeader,/init,0.0,0.0142,1.1,0.0,0.0,0.0,0.0,0.0,1,sleeping,io
2026-09-22T13:39:21,1425,1424,Relay(1426),/init,0.0,0.0143,1.11,0.0,0.0,0.0,0.0,0.0,1,sleeping,io
2026-09-22T13:39:21,1426,1425,bash,-bash,0.0,0.0665,5.15,0.0,0.0,0.0,0.0,0.0,1,sleeping,io
2026-09-22T13:39:21,4147,770,pet,/home/rohan/.vscode-server/extensions/ms-python.vscode-python-envs-1.37.2026092101-linux-x64/python-env-tools/bin/pet server,0.0,0.0749,5.8,0.0,0.0,0.0,0.0,0.0,21,sleeping,io
2026-09-22T13:39:21,4156,833,bash,/bin/bash --init-file /home/rohan/.vscode-server/bin/7debcd0e2acdea1c52de81bf9ee1620444407dda/out/vs/workbench/contrib/terminal/common/scripts/shellIntegration-bash.sh,0.0,0.0664,5.15,0.0,0.0,0.0,0.0,0.0,1,sleeping,io
2026-09-22T13:39:21,4295,770,MainThread,/home/rohan/.vscode-server/bin/7debcd0e2acdea1c52de81bf9ee1620444407dda/node /home/rohan/.vscode-server/extensions/ms-python.vscode-pylance-2026.3.105/dist/server.bundle.js --cancellationReceive=file:2bc56d7a41ee8749874d0000b75c5745f8ddf88b1a --node-ipc --clientProcessId=770,0.0,8.4532,655.01,0.0,0.0,2.49,0.0,0.0,9,sleeping,io
2026-09-22T13:39:21,5890,2,SessionLeader,/init,0.0,0.0142,1.1,0.0,0.0,0.0,0.0,0.0,1,sleeping,io
2026-09-22T13:39:21,5891,5890,Relay(5896),/init,0.0,0.0143,1.11,0.0,0.0,0.5,0.0,0.0,1,sleeping,io
2026-09-22T13:39:21,5896,5891,bash,-bash,0.0,0.0669,5.18,0.0,0.0,0.0,0.0,0.0,1,sleeping,io
2026-09-22T13:39:21,6172,2,SessionLeader,/init,0.0,0.0142,1.1,0.0,0.0,0.0,0.0,0.0,1,sleeping,io
2026-09-22T13:39:21,6173,6172,Relay(6174),/init,0.0,0.0143,1.11,0.0,0.0,0.0,0.0,0.0,1,sleeping,io
2026-09-22T13:39:21,6174,6173,bash,-bash,0.0,0.0666,5.16,0.0,0.0,0.0,0.0,0.0,1,sleeping,io
2026-09-22T13:39:21,6941,2,SessionLeader,/init,0.0,0.0142,1.1,0.0,0.0,0.0,0.0,0.0,1,sleeping,io
2026-09-22T13:39:21,6943,6941,Relay(6945),/init,0.0,0.0143,1.11,0.0,0.0,0.0,0.0,0.0,1,sleeping,io
2026-09-22T13:39:21,6945,6943,bash,-bash,0.0,0.0667,5.17,0.0,0.0,0.0,0.0,0.0,1,sleeping,io
2026-09-22T13:39:21,8650,2,SessionLeader,/init,0.0,0.0142,1.1,0.0,0.0,0.0,0.0,0.0,1,sleeping,io
2026-09-22T13:39:21,8652,8650,Relay(8654),/init,0.0,0.0143,1.11,0.0,0.0,0.0,0.0,0.0,1,sleeping,io
2026-09-22T13:39:21,8654,8652,bash,-bash,0.0,0.0688,5.33,0.0,0.0,0.0,0.0,0.0,1,sleeping,io
2026-09-22T13:39:21,8853,2,SessionLeader,/init,0.0,0.0142,1.1,0.0,0.0,0.0,0.0,0.0,1,sleeping,io
2026-09-22T13:39:21,8854,8853,Relay(8858),/init,0.0,0.0143,1.11,0.0,0.0,0.0,0.0,0.0,1,sleeping,io
2026-09-22T13:39:21,8858,8854,bash,-bash,0.0,0.0681,5.27,0.0,0.0,0.0,0.0,0.0,1,sleeping,io
2026-09-22T13:39:21,15760,2,SessionLeader,/init,0.0,0.0142,1.1,0.0,0.0,0.0,0.0,0.0,1,sleeping,io
2026-09-22T13:39:21,15762,15760,Relay(15767),/init,0.0,0.0143,1.11,0.0,0.0,0.0,0.0,0.0,1,sleeping,io
2026-09-22T13:39:21,15767,15762,bash,-bash,0.0,0.0696,5.39,0.0,0.0,0.0,0.0,0.0,1,sleeping,io
2026-09-22T13:39:21,15903,2,SessionLeader,/init,0.0,0.0142,1.1,0.0,0.0,0.0,0.0,0.0,1,sleeping,io
2026-09-22T13:39:21,15904,15903,Relay(15909),/init,0.0,0.0143,1.11,0.0,0.0,0.0,0.0,0.0,1,sleeping,io
2026-09-22T13:39:21,15909,15904,bash,-bash,0.0,0.0699,5.42,0.0,0.0,0.0,0.0,0.0,1,sleeping,io
2026-09-22T13:39:21,20518,1,wsl-pro-service,/usr/libexec/wsl-pro-service,0.0,0.1491,11.55,0.0,0.0,0.0,0.0,0.0,8,sleeping,io
2026-09-22T13:39:21,21891,6945,python,python workloads/io/io_workload.py,8.5,0.1304,10.11,4080.95,165066110.11,315.83,0.0,0.0,1,disk-sleep,io
2026-09-22T13:39:23,1,0,systemd,/sbin/init,0.0,0.1667,12.91,0.0,0.0,0.0,0.0,0.0,1,sleeping,io
2026-09-22T13:39:23,2,1,init-systemd(Ub,/init,0.0,0.0279,2.16,0.0,0.0,0.0,0.0,0.0,2,sleeping,io
2026-09-22T13:39:23,7,2,init,plan9 --control-socket 7 --log-level 4 --server-fd 8 --pipe-fd 10 --log-truncate,0.0,0.0268,2.08,0.0,0.0,0.0,0.0,0.0,2,sleeping,io
2026-09-22T13:39:23,43,1,systemd-journald,/usr/lib/systemd/systemd-journald,0.0,0.2003,15.52,0.0,0.0,0.0,0.0,0.0,1,sleeping,io
2026-09-22T13:39:23,98,1,systemd-udevd,/usr/lib/systemd/systemd-udevd,0.0,0.0799,6.19,0.0,0.0,0.0,0.0,0.0,1,sleeping,io
2026-09-22T13:39:23,177,1,systemd-resolved,/usr/lib/systemd/systemd-resolved,0.0,0.1656,12.83,0.0,0.0,0.0,0.0,0.0,1,sleeping,io
2026-09-22T13:39:23,178,1,systemd-timesyncd,/usr/lib/systemd/systemd-timesyncd,0.0,0.1002,7.77,0.0,0.0,0.0,0.0,0.0,2,sleeping,io
2026-09-22T13:39:23,188,1,cron,/usr/sbin/cron -f -P,0.0,0.0338,2.62,0.0,0.0,0.0,0.0,0.0,1,sleeping,io
2026-09-22T13:39:23,189,1,dbus-daemon,@dbus-daemon --system --address=systemd: --nofork --nopidfile --systemd-activation --syslog-only,0.0,0.0669,5.18,0.0,0.0,0.0,0.0,0.0,1,sleeping,io
2026-09-22T13:39:23,203,1,systemd-logind,/usr/lib/systemd/systemd-logind,0.0,0.1112,8.62,0.0,0.0,0.0,0.0,0.0,1,sleeping,io
2026-09-22T13:39:23,217,1,agetty,/sbin/agetty -o -p -- \u --noclear - linux,0.0,0.0249,1.93,0.0,0.0,0.0,0.0,0.0,1,sleeping,io
2026-09-22T13:39:23,223,1,rsyslogd,/usr/sbin/rsyslogd -n -iNONE,0.0,0.0758,5.87,0.0,0.0,0.0,0.0,0.0,4,sleeping,io
2026-09-22T13:39:23,236,1,unattended-upgr,/usr/bin/python3 /usr/share/unattended-upgrades/unattended-upgrade-shutdown --wait-for-signal,0.0,0.2778,21.53,0.0,0.0,0.0,0.0,0.0,2,sleeping,io
2026-09-22T13:39:23,256,1,apache2,/usr/sbin/apache2 -k start,0.0,0.0634,4.91,0.0,0.0,1.0,0.0,0.0,1,sleeping,io
2026-09-22T13:39:23,257,256,apache2,/usr/sbin/apache2 -k start,0.0,0.0734,5.69,0.0,0.0,0.0,0.0,0.0,27,sleeping,io
2026-09-22T13:39:23,259,256,apache2,/usr/sbin/apache2 -k start,0.0,0.0734,5.69,0.0,0.0,0.0,0.0,0.0,27,sleeping,io
2026-09-22T13:39:23,386,2,login,/bin/login -f      ,0.0,0.0587,4.55,0.0,0.0,0.0,0.0,0.0,1,sleeping,io
2026-09-22T13:39:23,429,1,systemd,/usr/lib/systemd/systemd --user,0.0,0.145,11.24,0.0,0.0,0.0,0.0,0.0,1,sleeping,io
2026-09-22T13:39:23,430,429,(sd-pam),(sd-pam),0.0,0.0451,3.49,0.0,0.0,0.0,0.0,0.0,1,sleeping,io
2026-09-22T13:39:23,452,386,bash,-bash,0.0,0.0643,4.98,0.0,0.0,0.0,0.0,0.0,1,sleeping,io
2026-09-22T13:39:23,486,2,SessionLeader,/init,0.0,0.0142,1.1,0.0,0.0,0.0,0.0,0.0,1,sleeping,io
2026-09-22T13:39:23,487,486,Relay(488),/init,0.0,0.0159,1.23,0.0,0.0,0.0,0.0,0.0,1,sleeping,io
2026-09-22T13:39:23,488,487,bash,-bash,0.0,0.0666,5.16,0.0,0.0,0.0,0.0,0.0,1,sleeping,io
2026-09-22T13:39:23,696,2,SessionLeader,/init,0.0,0.0143,1.11,0.0,0.0,0.0,0.0,0.0,1,sleeping,io
2026-09-22T13:39:23,697,696,Relay(698),/init,0.0,0.0152,1.18,0.0,0.0,0.0,0.0,0.0,1,sleeping,io
2026-09-22T13:39:23,698,697,sh,"sh -c ""$VSCODE_WSL_EXT_LOCATION/scripts/wslServer.sh"" 7debcd0e2acdea1c52de81bf9ee1620444407dda stable code-server .vscode-server --host=127.0.0.1 --port=0 --connection-token=826864117-4248089396-2109865724-2149592531 --use-host-proxy --without-browser-env-var --disable-websocket-compression --accept-server-license-terms --telemetry-level=all",0.0,0.024,1.86,0.0,0.0,0.0,0.0,0.0,1,sleeping,io
2026-09-22T13:39:23,699,698,sh,sh /mnt/c/Users/Rohan/.vscode/extensions/ms-vscode-remote.remote-wsl-0.104.3/scripts/wslServer.sh 7debcd0e2acdea1c52de81bf9ee1620444407dda stable code-server .vscode-server --host=127.0.0.1 --port=0 --connection-token=826864117-4248089396-2109865724-2149592531 --use-host-proxy --without-browser-env-var --disable-websocket-compression --accept-server-license-terms --telemetry-level=all,0.0,0.0251,1.95,0.0,0.0,0.0,0.0,0.0,1,sleeping,io
2026-09-22T13:39:23,705,699,sh,sh /home/rohan/.vscode-server/bin/7debcd0e2acdea1c52de81bf9ee1620444407dda/bin/code-server --host=127.0.0.1 --port=0 --connection-token=826864117-4248089396-2109865724-2149592531 --use-host-proxy --without-browser-env-var --disable-websocket-compression --accept-server-license-terms --telemetry-level=all,0.0,0.025,1.93,0.0,0.0,0.0,0.0,0.0,1,sleeping,io
2026-09-22T13:39:23,709,705,MainThread,/home/rohan/.vscode-server/bin/7debcd0e2acdea1c52de81bf9ee1620444407dda/node /home/rohan/.vscode-server/bin/7debcd0e2acdea1c52de81bf9ee1620444407dda/out/server-main.js --host=127.0.0.1 --port=0 --connection-token=826864117-4248089396-2109865724-2149592531 --use-host-proxy --without-browser-env-var --disable-websocket-compression --accept-server-license-terms --telemetry-level=all,0.0,2.2866,177.18,0.0,0.0,8.47,0.0,0.0,11,sleeping,io
2026-09-22T13:39:23,721,2,SessionLeader,/init,0.0,0.0143,1.11,0.0,0.0,0.0,0.0,0.0,1,sleeping,io
2026-09-22T13:39:23,722,721,Relay(723),/init,0.0,0.0152,1.18,0.0,0.0,2.99,0.0,0.0,1,sleeping,io
2026-09-22T13:39:23,723,722,MainThread,"/home/rohan/.vscode-server/bin/7debcd0e2acdea1c52de81bf9ee1620444407dda/node -e const net = require('net'); process.stdin.pause(); const client = net.createConnection({ host: '127.0.0.1', port: 44115 }, () => { client.pipe(process.stdout); process.stdin.pipe(client); }); client.on('close', function (hadError) { console.error(hadError ? 'Remote close with error' : 'Remote close'); process.exit(hadError ? 1 : 0); }); client.on('error', function (err) { process.stderr.write(err && (err.stack || err.message) || String(err)); });",0.0,0.8724,67.6,0.0,0.0,2.99,0.0,0.0,7,sleeping,io
2026-09-22T13:39:23,730,2,SessionLeader,/init,0.0,0.0143,1.11,0.0,0.0,0.0,0.0,0.0,1,sleeping,io
2026-09-22T13:39:23,731,730,Relay(732),/init,0.0,0.0152,1.18,0.0,0.0,3.98,0.0,0.0,1,sleeping,io
2026-09-22T13:39:23,732,731,MainThread,"/home/rohan/.vscode-server/bin/7debcd0e2acdea1c52de81bf9ee1620444407dda/node -e const net = require('net'); process.stdin.pause(); const client = net.createConnection({ host: '127.0.0.1', port: 44115 }, () => { client.pipe(process.stdout); process.stdin.pipe(client); }); client.on('close', function (hadError) { console.error(hadError ? 'Remote close with error' : 'Remote close'); process.exit(hadError ? 1 : 0); }); client.on('error', function (err) { process.stderr.write(err && (err.stack || err.message) || String(err)); });",0.0,0.7837,60.73,0.0,0.0,3.98,0.0,0.0,7,sleeping,io
2026-09-22T13:39:23,743,709,MainThread,/home/rohan/.vscode-server/bin/7debcd0e2acdea1c52de81bf9ee1620444407dda/node /home/rohan/.vscode-server/bin/7debcd0e2acdea1c52de81bf9ee1620444407dda/out/bootstrap-fork --type=fileWatcher,0.5,0.8757,67.86,0.0,0.0,4.48,0.0,0.0,13,sleeping,io
2026-09-22T13:39:23,769,709,MainThread,/home/rohan/.vscode-server/bin/7debcd0e2acdea1c52de81bf9ee1620444407dda/node /home/rohan/.vscode-server/bin/7debcd0e2acdea1c52de81bf9ee1620444407dda/out/bootstrap-fork --type=agentHost --logsPath /home/rohan/.vscode-server/data/logs/20260922T120228 --user-data-dir /home/rohan/.vscode-server/data --telemetry-level all,0.0,1.7798,137.91,0.0,2040.0,3.98,0.0,0.0,11,sleeping,io
2026-09-22T13:39:23,770,709,MainThread,/home/rohan/.vscode-server/bin/7debcd0e2acdea1c52de81bf9ee1620444407dda/node --dns-result-order=ipv4first /home/rohan/.vscode-server/bin/7debcd0e2acdea1c52de81bf9ee1620444407dda/out/bootstrap-fork --type=extensionHost --transformURIs --useHostProxy=true,1.0,6.7966,526.64,0.0,0.0,196.23,1001.08,0.0,32,sleeping,io
2026-09-22T13:39:23,811,769,MainThread,/home/rohan/.vscode-server/bin/7debcd0e2acdea1c52de81bf9ee1620444407dda/node /home/rohan/.vscode-server/bin/7debcd0e2acdea1c52de81bf9ee1620444407dda/node_modules/@github/copilot-linux-x64/index.js --headless --no-auto-update --log-level info --stdio --no-auto-login,0.0,3.3565,260.08,0.0,0.0,0.0,0.0,0.0,44,sleeping,io
2026-09-22T13:39:23,812,770,MainThread,/home/rohan/.vscode-server/bin/7debcd0e2acdea1c52de81bf9ee1620444407dda/node /home/rohan/.vscode-server/bin/7debcd0e2acdea1c52de81bf9ee1620444407dda/extensions/markdown-language-features/dist/serverWorkerMain --node-ipc --clientProcessId=770,0.0,0.994,77.02,0.0,0.0,1.0,0.0,0.0,7,sleeping,io
2026-09-22T13:39:23,833,709,MainThread,/home/rohan/.vscode-server/bin/7debcd0e2acdea1c52de81bf9ee1620444407dda/node /home/rohan/.vscode-server/bin/7debcd0e2acdea1c52de81bf9ee1620444407dda/out/bootstrap-fork --type=ptyHost --logsPath /home/rohan/.vscode-server/data/logs/20260922T120228,0.0,0.9761,75.63,0.0,0.0,6.47,0.0,0.0,13,sleeping,io
2026-09-22T13:39:23,964,833,bash,/bin/bash --init-file /home/rohan/.vscode-server/bin/7debcd0e2acdea1c52de81bf9ee1620444407dda/out/vs/workbench/contrib/terminal/common/scripts/shellIntegration-bash.sh,0.0,0.0674,5.22,0.0,0.0,0.0,0.0,0.0,1,sleeping,io
2026-09-22T13:39:23,1424,2,SessionLeader,/init,0.0,0.0142,1.1,0.0,0.0,0.0,0.0,0.0,1,sleeping,io
2026-09-22T13:39:23,1425,1424,Relay(1426),/init,0.0,0.0143,1.11,0.0,0.0,0.0,0.0,0.0,1,sleeping,io
2026-09-22T13:39:23,1426,1425,bash,-bash,0.0,0.0665,5.15,0.0,0.0,0.0,0.0,0.0,1,sleeping,io
2026-09-22T13:39:23,4147,770,pet,/home/rohan/.vscode-server/extensions/ms-python.vscode-python-envs-1.37.2026092101-linux-x64/python-env-tools/bin/pet server,0.0,0.0749,5.8,0.0,0.0,0.0,0.0,0.0,21,sleeping,io
2026-09-22T13:39:23,4156,833,bash,/bin/bash --init-file /home/rohan/.vscode-server/bin/7debcd0e2acdea1c52de81bf9ee1620444407dda/out/vs/workbench/contrib/terminal/common/scripts/shellIntegration-bash.sh,0.0,0.0664,5.15,0.0,0.0,0.0,0.0,0.0,1,sleeping,io
2026-09-22T13:39:23,4295,770,MainThread,/home/rohan/.vscode-server/bin/7debcd0e2acdea1c52de81bf9ee1620444407dda/node /home/rohan/.vscode-server/extensions/ms-python.vscode-pylance-2026.3.105/dist/server.bundle.js --cancellationReceive=file:2bc56d7a41ee8749874d0000b75c5745f8ddf88b1a --node-ipc --clientProcessId=770,0.5,8.4532,655.01,0.0,0.0,2.49,0.0,0.0,9,sleeping,io
2026-09-22T13:39:23,5890,2,SessionLeader,/init,0.0,0.0142,1.1,0.0,0.0,0.0,0.0,0.0,1,sleeping,io
2026-09-22T13:39:23,5891,5890,Relay(5896),/init,0.0,0.0143,1.11,0.0,0.0,0.5,0.0,0.0,1,sleeping,io
2026-09-22T13:39:23,5896,5891,bash,-bash,0.0,0.0669,5.18,0.0,0.0,0.0,0.0,0.0,1,sleeping,io
2026-09-22T13:39:23,6172,2,SessionLeader,/init,0.0,0.0142,1.1,0.0,0.0,0.0,0.0,0.0,1,sleeping,io
2026-09-22T13:39:23,6173,6172,Relay(6174),/init,0.0,0.0143,1.11,0.0,0.0,0.0,0.0,0.0,1,sleeping,io
2026-09-22T13:39:23,6174,6173,bash,-bash,0.0,0.0666,5.16,0.0,0.0,0.0,0.0,0.0,1,sleeping,io
2026-09-22T13:39:23,6941,2,SessionLeader,/init,0.0,0.0142,1.1,0.0,0.0,0.0,0.0,0.0,1,sleeping,io
2026-09-22T13:39:23,6943,6941,Relay(6945),/init,0.0,0.0143,1.11,0.0,0.0,0.0,0.0,0.0,1,sleeping,io
2026-09-22T13:39:23,6945,6943,bash,-bash,0.0,0.0667,5.17,0.0,0.0,0.0,0.0,0.0,1,sleeping,io
2026-09-22T13:39:23,8650,2,SessionLeader,/init,0.0,0.0142,1.1,0.0,0.0,0.0,0.0,0.0,1,sleeping,io
2026-09-22T13:39:23,8652,8650,Relay(8654),/init,0.0,0.0143,1.11,0.0,0.0,0.0,0.0,0.0,1,sleeping,io
2026-09-22T13:39:23,8654,8652,bash,-bash,0.0,0.0688,5.33,0.0,0.0,0.0,0.0,0.0,1,sleeping,io
2026-09-22T13:39:23,8853,2,SessionLeader,/init,0.0,0.0142,1.1,0.0,0.0,0.0,0.0,0.0,1,sleeping,io
2026-09-22T13:39:23,8854,8853,Relay(8858),/init,0.0,0.0143,1.11,0.0,0.0,0.0,0.0,0.0,1,sleeping,io
2026-09-22T13:39:23,8858,8854,bash,-bash,0.0,0.0681,5.27,0.0,0.0,0.0,0.0,0.0,1,sleeping,io
2026-09-22T13:39:23,15760,2,SessionLeader,/init,0.0,0.0142,1.1,0.0,0.0,0.0,0.0,0.0,1,sleeping,io
2026-09-22T13:39:23,15762,15760,Relay(15767),/init,0.0,0.0143,1.11,0.0,0.0,0.0,0.0,0.0,1,sleeping,io
2026-09-22T13:39:23,15767,15762,bash,-bash,0.0,0.0696,5.39,0.0,0.0,0.0,0.0,0.0,1,sleeping,io
2026-09-22T13:39:23,15903,2,SessionLeader,/init,0.0,0.0142,1.1,0.0,0.0,0.0,0.0,0.0,1,sleeping,io
2026-09-22T13:39:23,15904,15903,Relay(15909),/init,0.0,0.0143,1.11,0.0,0.0,0.0,0.0,0.0,1,sleeping,io
2026-09-22T13:39:23,15909,15904,bash,-bash,0.0,0.0699,5.42,0.0,0.0,0.0,0.0,0.0,1,sleeping,io
2026-09-22T13:39:23,20518,1,wsl-pro-service,/usr/libexec/wsl-pro-service,0.0,0.1491,11.55,0.0,0.0,0.0,0.0,0.0,8,sleeping,io
2026-09-22T13:39:23,21891,6945,python,python workloads/io/io_workload.py,9.0,0.1304,10.11,4080.17,143099579.85,274.43,0.0,0.0,1,disk-sleep,io
2026-09-22T13:39:25,1,0,systemd,/sbin/init,0.0,0.1667,12.91,0.0,0.0,0.0,0.0,0.0,1,sleeping,io
2026-09-22T13:39:25,2,1,init-systemd(Ub,/init,0.0,0.0279,2.16,0.0,0.0,0.0,0.0,0.0,2,sleeping,io
2026-09-22T13:39:25,7,2,init,plan9 --control-socket 7 --log-level 4 --server-fd 8 --pipe-fd 10 --log-truncate,0.0,0.0268,2.08,0.0,0.0,0.0,0.0,0.0,2,sleeping,io
2026-09-22T13:39:25,43,1,systemd-journald,/usr/lib/systemd/systemd-journald,0.0,0.2003,15.52,0.0,0.0,0.0,0.0,0.0,1,sleeping,io
2026-09-22T13:39:25,98,1,systemd-udevd,/usr/lib/systemd/systemd-udevd,0.0,0.0799,6.19,0.0,0.0,0.0,0.0,0.0,1,sleeping,io
2026-09-22T13:39:25,177,1,systemd-resolved,/usr/lib/systemd/systemd-resolved,0.0,0.1656,12.83,0.0,0.0,0.0,0.0,0.0,1,sleeping,io
2026-09-22T13:39:25,178,1,systemd-timesyncd,/usr/lib/systemd/systemd-timesyncd,0.0,0.1002,7.77,0.0,0.0,0.0,0.0,0.0,2,sleeping,io
2026-09-22T13:39:25,188,1,cron,/usr/sbin/cron -f -P,0.0,0.0338,2.62,0.0,0.0,0.0,0.0,0.0,1,sleeping,io
2026-09-22T13:39:25,189,1,dbus-daemon,@dbus-daemon --system --address=systemd: --nofork --nopidfile --systemd-activation --syslog-only,0.0,0.0669,5.18,0.0,0.0,0.0,0.0,0.0,1,sleeping,io
2026-09-22T13:39:25,203,1,systemd-logind,/usr/lib/systemd/systemd-logind,0.0,0.1112,8.62,0.0,0.0,0.0,0.0,0.0,1,sleeping,io
2026-09-22T13:39:25,217,1,agetty,/sbin/agetty -o -p -- \u --noclear - linux,0.0,0.0249,1.93,0.0,0.0,0.0,0.0,0.0,1,sleeping,io
2026-09-22T13:39:25,223,1,rsyslogd,/usr/sbin/rsyslogd -n -iNONE,0.0,0.0758,5.87,0.0,0.0,0.0,0.0,0.0,4,sleeping,io
2026-09-22T13:39:25,236,1,unattended-upgr,/usr/bin/python3 /usr/share/unattended-upgrades/unattended-upgrade-shutdown --wait-for-signal,0.0,0.2778,21.53,0.0,0.0,0.0,0.0,0.0,2,sleeping,io
2026-09-22T13:39:25,256,1,apache2,/usr/sbin/apache2 -k start,0.0,0.0634,4.91,0.0,0.0,1.0,0.0,0.0,1,sleeping,io
2026-09-22T13:39:25,257,256,apache2,/usr/sbin/apache2 -k start,0.0,0.0734,5.69,0.0,0.0,0.0,0.0,0.0,27,sleeping,io
2026-09-22T13:39:25,259,256,apache2,/usr/sbin/apache2 -k start,0.0,0.0734,5.69,0.0,0.0,0.0,0.0,0.0,27,sleeping,io
2026-09-22T13:39:25,386,2,login,/bin/login -f      ,0.0,0.0587,4.55,0.0,0.0,0.0,0.0,0.0,1,sleeping,io
2026-09-22T13:39:25,429,1,systemd,/usr/lib/systemd/systemd --user,0.0,0.145,11.24,0.0,0.0,0.0,0.0,0.0,1,sleeping,io
2026-09-22T13:39:25,430,429,(sd-pam),(sd-pam),0.0,0.0451,3.49,0.0,0.0,0.0,0.0,0.0,1,sleeping,io
2026-09-22T13:39:25,452,386,bash,-bash,0.0,0.0643,4.98,0.0,0.0,0.0,0.0,0.0,1,sleeping,io
2026-09-22T13:39:25,486,2,SessionLeader,/init,0.0,0.0142,1.1,0.0,0.0,0.0,0.0,0.0,1,sleeping,io
2026-09-22T13:39:25,487,486,Relay(488),/init,0.0,0.0159,1.23,0.0,0.0,0.0,0.0,0.0,1,sleeping,io
2026-09-22T13:39:25,488,487,bash,-bash,0.0,0.0666,5.16,0.0,0.0,0.0,0.0,0.0,1,sleeping,io
2026-09-22T13:39:25,696,2,SessionLeader,/init,0.0,0.0143,1.11,0.0,0.0,0.0,0.0,0.0,1,sleeping,io
2026-09-22T13:39:25,697,696,Relay(698),/init,0.0,0.0152,1.18,0.0,0.0,0.0,0.0,0.0,1,sleeping,io
2026-09-22T13:39:25,698,697,sh,"sh -c ""$VSCODE_WSL_EXT_LOCATION/scripts/wslServer.sh"" 7debcd0e2acdea1c52de81bf9ee1620444407dda stable code-server .vscode-server --host=127.0.0.1 --port=0 --connection-token=826864117-4248089396-2109865724-2149592531 --use-host-proxy --without-browser-env-var --disable-websocket-compression --accept-server-license-terms --telemetry-level=all",0.0,0.024,1.86,0.0,0.0,0.0,0.0,0.0,1,sleeping,io
2026-09-22T13:39:25,699,698,sh,sh /mnt/c/Users/Rohan/.vscode/extensions/ms-vscode-remote.remote-wsl-0.104.3/scripts/wslServer.sh 7debcd0e2acdea1c52de81bf9ee1620444407dda stable code-server .vscode-server --host=127.0.0.1 --port=0 --connection-token=826864117-4248089396-2109865724-2149592531 --use-host-proxy --without-browser-env-var --disable-websocket-compression --accept-server-license-terms --telemetry-level=all,0.0,0.0251,1.95,0.0,0.0,0.0,0.0,0.0,1,sleeping,io
2026-09-22T13:39:25,705,699,sh,sh /home/rohan/.vscode-server/bin/7debcd0e2acdea1c52de81bf9ee1620444407dda/bin/code-server --host=127.0.0.1 --port=0 --connection-token=826864117-4248089396-2109865724-2149592531 --use-host-proxy --without-browser-env-var --disable-websocket-compression --accept-server-license-terms --telemetry-level=all,0.0,0.025,1.93,0.0,0.0,0.0,0.0,0.0,1,sleeping,io
2026-09-22T13:39:25,709,705,MainThread,/home/rohan/.vscode-server/bin/7debcd0e2acdea1c52de81bf9ee1620444407dda/node /home/rohan/.vscode-server/bin/7debcd0e2acdea1c52de81bf9ee1620444407dda/out/server-main.js --host=127.0.0.1 --port=0 --connection-token=826864117-4248089396-2109865724-2149592531 --use-host-proxy --without-browser-env-var --disable-websocket-compression --accept-server-license-terms --telemetry-level=all,0.0,2.2866,177.18,0.0,0.0,6.98,0.0,0.0,11,sleeping,io
2026-09-22T13:39:25,721,2,SessionLeader,/init,0.0,0.0143,1.11,0.0,0.0,0.0,0.0,0.0,1,sleeping,io
2026-09-22T13:39:25,722,721,Relay(723),/init,0.0,0.0152,1.18,0.0,0.0,2.99,0.0,0.0,1,sleeping,io
2026-09-22T13:39:25,723,722,MainThread,"/home/rohan/.vscode-server/bin/7debcd0e2acdea1c52de81bf9ee1620444407dda/node -e const net = require('net'); process.stdin.pause(); const client = net.createConnection({ host: '127.0.0.1', port: 44115 }, () => { client.pipe(process.stdout); process.stdin.pipe(client); }); client.on('close', function (hadError) { console.error(hadError ? 'Remote close with error' : 'Remote close'); process.exit(hadError ? 1 : 0); }); client.on('error', function (err) { process.stderr.write(err && (err.stack || err.message) || String(err)); });",0.0,0.8724,67.6,0.0,0.0,2.99,0.0,0.0,7,sleeping,io
2026-09-22T13:39:25,730,2,SessionLeader,/init,0.0,0.0143,1.11,0.0,0.0,0.0,0.0,0.0,1,sleeping,io
2026-09-22T13:39:25,731,730,Relay(732),/init,0.0,0.0152,1.18,0.0,0.0,3.99,0.0,0.0,1,sleeping,io
2026-09-22T13:39:25,732,731,MainThread,"/home/rohan/.vscode-server/bin/7debcd0e2acdea1c52de81bf9ee1620444407dda/node -e const net = require('net'); process.stdin.pause(); const client = net.createConnection({ host: '127.0.0.1', port: 44115 }, () => { client.pipe(process.stdout); process.stdin.pipe(client); }); client.on('close', function (hadError) { console.error(hadError ? 'Remote close with error' : 'Remote close'); process.exit(hadError ? 1 : 0); }); client.on('error', function (err) { process.stderr.write(err && (err.stack || err.message) || String(err)); });",0.0,0.7837,60.73,0.0,0.0,3.99,0.0,0.0,7,sleeping,io
2026-09-22T13:39:25,743,709,MainThread,/home/rohan/.vscode-server/bin/7debcd0e2acdea1c52de81bf9ee1620444407dda/node /home/rohan/.vscode-server/bin/7debcd0e2acdea1c52de81bf9ee1620444407dda/out/bootstrap-fork --type=fileWatcher,1.5,0.8757,67.86,0.0,0.0,4.98,0.0,0.0,13,sleeping,io
2026-09-22T13:39:25,769,709,MainThread,/home/rohan/.vscode-server/bin/7debcd0e2acdea1c52de81bf9ee1620444407dda/node /home/rohan/.vscode-server/bin/7debcd0e2acdea1c52de81bf9ee1620444407dda/out/bootstrap-fork --type=agentHost --logsPath /home/rohan/.vscode-server/data/logs/20260922T120228 --user-data-dir /home/rohan/.vscode-server/data --telemetry-level all,0.0,1.7798,137.91,0.0,0.0,0.0,0.0,0.0,11,sleeping,io
2026-09-22T13:39:25,770,709,MainThread,/home/rohan/.vscode-server/bin/7debcd0e2acdea1c52de81bf9ee1620444407dda/node --dns-result-order=ipv4first /home/rohan/.vscode-server/bin/7debcd0e2acdea1c52de81bf9ee1620444407dda/out/bootstrap-fork --type=extensionHost --transformURIs --useHostProxy=true,1.5,6.7966,526.64,0.0,0.0,192.31,1507.55,0.0,32,sleeping,io
2026-09-22T13:39:25,811,769,MainThread,/home/rohan/.vscode-server/bin/7debcd0e2acdea1c52de81bf9ee1620444407dda/node /home/rohan/.vscode-server/bin/7debcd0e2acdea1c52de81bf9ee1620444407dda/node_modules/@github/copilot-linux-x64/index.js --headless --no-auto-update --log-level info --stdio --no-auto-login,0.0,3.3565,260.08,0.0,0.0,0.0,0.0,0.0,44,sleeping,io
2026-09-22T13:39:25,812,770,MainThread,/home/rohan/.vscode-server/bin/7debcd0e2acdea1c52de81bf9ee1620444407dda/node /home/rohan/.vscode-server/bin/7debcd0e2acdea1c52de81bf9ee1620444407dda/extensions/markdown-language-features/dist/serverWorkerMain --node-ipc --clientProcessId=770,0.0,0.994,77.02,0.0,0.0,0.0,0.0,0.0,7,sleeping,io
2026-09-22T13:39:25,833,709,MainThread,/home/rohan/.vscode-server/bin/7debcd0e2acdea1c52de81bf9ee1620444407dda/node /home/rohan/.vscode-server/bin/7debcd0e2acdea1c52de81bf9ee1620444407dda/out/bootstrap-fork --type=ptyHost --logsPath /home/rohan/.vscode-server/data/logs/20260922T120228,0.0,0.9761,75.63,0.0,0.0,7.47,0.0,0.0,13,sleeping,io
2026-09-22T13:39:25,964,833,bash,/bin/bash --init-file /home/rohan/.vscode-server/bin/7debcd0e2acdea1c52de81bf9ee1620444407dda/out/vs/workbench/contrib/terminal/common/scripts/shellIntegration-bash.sh,0.0,0.0674,5.22,0.0,0.0,0.0,0.0,0.0,1,sleeping,io
2026-09-22T13:39:25,1424,2,SessionLeader,/init,0.0,0.0142,1.1,0.0,0.0,0.0,0.0,0.0,1,sleeping,io
2026-09-22T13:39:25,1425,1424,Relay(1426),/init,0.0,0.0143,1.11,0.0,0.0,0.0,0.0,0.0,1,sleeping,io
2026-09-22T13:39:25,1426,1425,bash,-bash,0.0,0.0665,5.15,0.0,0.0,0.0,0.0,0.0,1,sleeping,io
2026-09-22T13:39:25,4147,770,pet,/home/rohan/.vscode-server/extensions/ms-python.vscode-python-envs-1.37.2026092101-linux-x64/python-env-tools/bin/pet server,0.0,0.0749,5.8,0.0,0.0,0.0,0.0,0.0,21,sleeping,io
2026-09-22T13:39:25,4156,833,bash,/bin/bash --init-file /home/rohan/.vscode-server/bin/7debcd0e2acdea1c52de81bf9ee1620444407dda/out/vs/workbench/contrib/terminal/common/scripts/shellIntegration-bash.sh,0.0,0.0664,5.15,0.0,0.0,0.0,0.0,0.0,1,sleeping,io
2026-09-22T13:39:25,4295,770,MainThread,/home/rohan/.vscode-server/bin/7debcd0e2acdea1c52de81bf9ee1620444407dda/node /home/rohan/.vscode-server/extensions/ms-python.vscode-pylance-2026.3.105/dist/server.bundle.js --cancellationReceive=file:2bc56d7a41ee8749874d0000b75c5745f8ddf88b1a --node-ipc --clientProcessId=770,0.0,8.4532,655.01,0.0,0.0,1.99,0.0,0.0,9,sleeping,io
2026-09-22T13:39:25,5890,2,SessionLeader,/init,0.0,0.0142,1.1,0.0,0.0,0.0,0.0,0.0,1,sleeping,io
2026-09-22T13:39:25,5891,5890,Relay(5896),/init,0.0,0.0143,1.11,0.0,0.0,0.5,0.0,0.0,1,sleeping,io
2026-09-22T13:39:25,5896,5891,bash,-bash,0.0,0.0669,5.18,0.0,0.0,0.0,0.0,0.0,1,sleeping,io
2026-09-22T13:39:25,6172,2,SessionLeader,/init,0.0,0.0142,1.1,0.0,0.0,0.0,0.0,0.0,1,sleeping,io
2026-09-22T13:39:25,6173,6172,Relay(6174),/init,0.0,0.0143,1.11,0.0,0.0,0.0,0.0,0.0,1,sleeping,io
2026-09-22T13:39:25,6174,6173,bash,-bash,0.0,0.0666,5.16,0.0,0.0,0.0,0.0,0.0,1,sleeping,io
2026-09-22T13:39:25,6941,2,SessionLeader,/init,0.0,0.0142,1.1,0.0,0.0,0.0,0.0,0.0,1,sleeping,io
2026-09-22T13:39:25,6943,6941,Relay(6945),/init,0.0,0.0143,1.11,0.0,0.0,0.0,0.0,0.0,1,sleeping,io
2026-09-22T13:39:25,6945,6943,bash,-bash,0.0,0.0667,5.17,0.0,0.0,0.0,0.0,0.0,1,sleeping,io
2026-09-22T13:39:25,8650,2,SessionLeader,/init,0.0,0.0142,1.1,0.0,0.0,0.0,0.0,0.0,1,sleeping,io
2026-09-22T13:39:25,8652,8650,Relay(8654),/init,0.0,0.0143,1.11,0.0,0.0,0.0,0.0,0.0,1,sleeping,io
2026-09-22T13:39:25,8654,8652,bash,-bash,0.0,0.0688,5.33,0.0,0.0,0.0,0.0,0.0,1,sleeping,io
2026-09-22T13:39:25,8853,2,SessionLeader,/init,0.0,0.0142,1.1,0.0,0.0,0.0,0.0,0.0,1,sleeping,io
2026-09-22T13:39:25,8854,8853,Relay(8858),/init,0.0,0.0143,1.11,0.0,0.0,0.0,0.0,0.0,1,sleeping,io
2026-09-22T13:39:25,8858,8854,bash,-bash,0.0,0.0681,5.27,0.0,0.0,0.0,0.0,0.0,1,sleeping,io
2026-09-22T13:39:25,15760,2,SessionLeader,/init,0.0,0.0142,1.1,0.0,0.0,0.0,0.0,0.0,1,sleeping,io
2026-09-22T13:39:25,15762,15760,Relay(15767),/init,0.0,0.0143,1.11,0.0,0.0,0.0,0.0,0.0,1,sleeping,io
2026-09-22T13:39:25,15767,15762,bash,-bash,0.0,0.0696,5.39,0.0,0.0,0.0,0.0,0.0,1,sleeping,io
2026-09-22T13:39:25,15903,2,SessionLeader,/init,0.0,0.0142,1.1,0.0,0.0,0.0,0.0,0.0,1,sleeping,io
2026-09-22T13:39:25,15904,15903,Relay(15909),/init,0.0,0.0143,1.11,0.0,0.0,0.0,0.0,0.0,1,sleeping,io
2026-09-22T13:39:25,15909,15904,bash,-bash,0.0,0.0699,5.42,0.0,0.0,0.0,0.0,0.0,1,sleeping,io
2026-09-22T13:39:25,20518,1,wsl-pro-service,/usr/libexec/wsl-pro-service,0.0,0.1491,11.55,0.0,0.0,0.0,0.0,0.0,8,sleeping,io
2026-09-22T13:39:25,21891,6945,python,python workloads/io/io_workload.py,10.0,0.1304,10.11,6121.46,157754103.85,302.88,0.0,0.0,1,disk-sleep,io
2026-09-22T13:39:16,1,0,systemd,/sbin/init,0.0,0.1667,12.91,0,0,0,0,0,1,sleeping,io
2026-09-22T13:39:16,2,1,init-systemd(Ub,/init,0.0,0.0279,2.16,0,0,0,0,0,2,sleeping,io
2026-09-22T13:39:16,7,2,init,plan9 --control-socket 7 --log-level 4 --server-fd 8 --pipe-fd 10 --log-truncate,0.0,0.0268,2.08,0,0,0,0,0,2,sleeping,io
2026-09-22T13:39:16,43,1,systemd-journald,/usr/lib/systemd/systemd-journald,1.0,0.2004,15.53,0,0,0,0,0,1,sleeping,io
2026-09-22T13:39:16,98,1,systemd-udevd,/usr/lib/systemd/systemd-udevd,0.0,0.0799,6.19,0,0,0,0,0,1,sleeping,io
2026-09-22T13:39:16,177,1,systemd-resolved,/usr/lib/systemd/systemd-resolved,0.0,0.1656,12.83,0,0,0,0,0,1,sleeping,io
2026-09-22T13:39:16,178,1,systemd-timesyncd,/usr/lib/systemd/systemd-timesyncd,0.0,0.1002,7.77,0,0,0,0,0,2,sleeping,io
2026-09-22T13:39:16,188,1,cron,/usr/sbin/cron -f -P,0.0,0.0338,2.62,0,0,0,0,0,1,sleeping,io
2026-09-22T13:39:16,189,1,dbus-daemon,@dbus-daemon --system --address=systemd: --nofork --nopidfile --systemd-activation --syslog-only,0.0,0.0669,5.18,0,0,0,0,0,1,sleeping,io
2026-09-22T13:39:16,203,1,systemd-logind,/usr/lib/systemd/systemd-logind,0.0,0.1112,8.62,0,0,0,0,0,1,sleeping,io
2026-09-22T13:39:16,217,1,agetty,/sbin/agetty -o -p -- \u --noclear - linux,0.0,0.0249,1.93,0,0,0,0,0,1,sleeping,io
2026-09-22T13:39:16,223,1,rsyslogd,/usr/sbin/rsyslogd -n -iNONE,0.0,0.0758,5.87,0,0,0,0,0,4,sleeping,io
2026-09-22T13:39:16,236,1,unattended-upgr,/usr/bin/python3 /usr/share/unattended-upgrades/unattended-upgrade-shutdown --wait-for-signal,0.0,0.2778,21.53,0,0,0,0,0,2,sleeping,io
2026-09-22T13:39:16,256,1,apache2,/usr/sbin/apache2 -k start,0.0,0.0634,4.91,0,0,0,0,0,1,sleeping,io
2026-09-22T13:39:16,257,256,apache2,/usr/sbin/apache2 -k start,0.0,0.0734,5.69,0,0,0,0,0,27,sleeping,io
2026-09-22T13:39:16,259,256,apache2,/usr/sbin/apache2 -k start,0.0,0.0734,5.69,0,0,0,0,0,27,sleeping,io
2026-09-22T13:39:16,386,2,login,/bin/login -f      ,0.0,0.0587,4.55,0,0,0,0,0,1,sleeping,io
2026-09-22T13:39:16,429,1,systemd,/usr/lib/systemd/systemd --user,0.0,0.145,11.24,0,0,0,0,0,1,sleeping,io
2026-09-22T13:39:16,430,429,(sd-pam),(sd-pam),0.0,0.0451,3.49,0,0,0,0,0,1,sleeping,io
2026-09-22T13:39:16,452,386,bash,-bash,0.0,0.0643,4.98,0,0,0,0,0,1,sleeping,io
2026-09-22T13:39:16,486,2,SessionLeader,/init,0.0,0.0142,1.1,0,0,0,0,0,1,sleeping,io
2026-09-22T13:39:16,487,486,Relay(488),/init,0.0,0.0159,1.23,0,0,0,0,0,1,sleeping,io
2026-09-22T13:39:16,488,487,bash,-bash,0.0,0.0666,5.16,0,0,0,0,0,1,sleeping,io
2026-09-22T13:39:16,696,2,SessionLeader,/init,0.0,0.0143,1.11,0,0,0,0,0,1,sleeping,io
2026-09-22T13:39:16,697,696,Relay(698),/init,0.0,0.0152,1.18,0,0,0,0,0,1,sleeping,io
2026-09-22T13:39:16,698,697,sh,"sh -c ""$VSCODE_WSL_EXT_LOCATION/scripts/wslServer.sh"" 7debcd0e2acdea1c52de81bf9ee1620444407dda stable code-server .vscode-server --host=127.0.0.1 --port=0 --connection-token=826864117-4248089396-2109865724-2149592531 --use-host-proxy --without-browser-env-var --disable-websocket-compression --accept-server-license-terms --telemetry-level=all",0.0,0.024,1.86,0,0,0,0,0,1,sleeping,io
2026-09-22T13:39:16,699,698,sh,sh /mnt/c/Users/Rohan/.vscode/extensions/ms-vscode-remote.remote-wsl-0.104.3/scripts/wslServer.sh 7debcd0e2acdea1c52de81bf9ee1620444407dda stable code-server .vscode-server --host=127.0.0.1 --port=0 --connection-token=826864117-4248089396-2109865724-2149592531 --use-host-proxy --without-browser-env-var --disable-websocket-compression --accept-server-license-terms --telemetry-level=all,0.0,0.0251,1.95,0,0,0,0,0,1,sleeping,io
2026-09-22T13:39:16,705,699,sh,sh /home/rohan/.vscode-server/bin/7debcd0e2acdea1c52de81bf9ee1620444407dda/bin/code-server --host=127.0.0.1 --port=0 --connection-token=826864117-4248089396-2109865724-2149592531 --use-host-proxy --without-browser-env-var --disable-websocket-compression --accept-server-license-terms --telemetry-level=all,0.0,0.025,1.93,0,0,0,0,0,1,sleeping,io
2026-09-22T13:39:16,709,705,MainThread,/home/rohan/.vscode-server/bin/7debcd0e2acdea1c52de81bf9ee1620444407dda/node /home/rohan/.vscode-server/bin/7debcd0e2acdea1c52de81bf9ee1620444407dda/out/server-main.js --host=127.0.0.1 --port=0 --connection-token=826864117-4248089396-2109865724-2149592531 --use-host-proxy --without-browser-env-var --disable-websocket-compression --accept-server-license-terms --telemetry-level=all,0.0,2.2866,177.18,0,0,0,0,0,11,sleeping,io
2026-09-22T13:39:16,721,2,SessionLeader,/init,0.0,0.0143,1.11,0,0,0,0,0,1,sleeping,io
2026-09-22T13:39:16,722,721,Relay(723),/init,0.0,0.0152,1.18,0,0,0,0,0,1,sleeping,io
2026-09-22T13:39:16,723,722,MainThread,"/home/rohan/.vscode-server/bin/7debcd0e2acdea1c52de81bf9ee1620444407dda/node -e const net = require('net'); process.stdin.pause(); const client = net.createConnection({ host: '127.0.0.1', port: 44115 }, () => { client.pipe(process.stdout); process.stdin.pipe(client); }); client.on('close', function (hadError) { console.error(hadError ? 'Remote close with error' : 'Remote close'); process.exit(hadError ? 1 : 0); }); client.on('error', function (err) { process.stderr.write(err && (err.stack || err.message) || String(err)); });",0.0,0.8724,67.6,0,0,0,0,0,7,sleeping,io
2026-09-22T13:39:16,730,2,SessionLeader,/init,0.0,0.0143,1.11,0,0,0,0,0,1,sleeping,io
2026-09-22T13:39:16,731,730,Relay(732),/init,0.0,0.0152,1.18,0,0,0,0,0,1,sleeping,io
2026-09-22T13:39:16,732,731,MainThread,"/home/rohan/.vscode-server/bin/7debcd0e2acdea1c52de81bf9ee1620444407dda/node -e const net = require('net'); process.stdin.pause(); const client = net.createConnection({ host: '127.0.0.1', port: 44115 }, () => { client.pipe(process.stdout); process.stdin.pipe(client); }); client.on('close', function (hadError) { console.error(hadError ? 'Remote close with error' : 'Remote close'); process.exit(hadError ? 1 : 0); }); client.on('error', function (err) { process.stderr.write(err && (err.stack || err.message) || String(err)); });",0.0,0.7837,60.73,0,0,0,0,0,7,sleeping,io
2026-09-22T13:39:16,743,709,MainThread,/home/rohan/.vscode-server/bin/7debcd0e2acdea1c52de81bf9ee1620444407dda/node /home/rohan/.vscode-server/bin/7debcd0e2acdea1c52de81bf9ee1620444407dda/out/bootstrap-fork --type=fileWatcher,0.5,0.8757,67.86,0,0,0,0,0,13,sleeping,io
2026-09-22T13:39:16,769,709,MainThread,/home/rohan/.vscode-server/bin/7debcd0e2acdea1c52de81bf9ee1620444407dda/node /home/rohan/.vscode-server/bin/7debcd0e2acdea1c52de81bf9ee1620444407dda/out/bootstrap-fork --type=agentHost --logsPath /home/rohan/.vscode-server/data/logs/20260922T120228 --user-data-dir /home/rohan/.vscode-server/data --telemetry-level all,0.0,1.7798,137.91,0,0,0,0,0,11,sleeping,io
2026-09-22T13:39:16,770,709,MainThread,/home/rohan/.vscode-server/bin/7debcd0e2acdea1c52de81bf9ee1620444407dda/node --dns-result-order=ipv4first /home/rohan/.vscode-server/bin/7debcd0e2acdea1c52de81bf9ee1620444407dda/out/bootstrap-fork --type=extensionHost --transformURIs --useHostProxy=true,2.0,6.7966,526.64,0,0,0,0,0,32,sleeping,io
2026-09-22T13:39:16,811,769,MainThread,/home/rohan/.vscode-server/bin/7debcd0e2acdea1c52de81bf9ee1620444407dda/node /home/rohan/.vscode-server/bin/7debcd0e2acdea1c52de81bf9ee1620444407dda/node_modules/@github/copilot-linux-x64/index.js --headless --no-auto-update --log-level info --stdio --no-auto-login,0.0,3.3565,260.08,0,0,0,0,0,44,sleeping,io
2026-09-22T13:39:16,812,770,MainThread,/home/rohan/.vscode-server/bin/7debcd0e2acdea1c52de81bf9ee1620444407dda/node /home/rohan/.vscode-server/bin/7debcd0e2acdea1c52de81bf9ee1620444407dda/extensions/markdown-language-features/dist/serverWorkerMain --node-ipc --clientProcessId=770,0.0,0.994,77.02,0,0,0,0,0,7,sleeping,io
2026-09-22T13:39:16,833,709,MainThread,/home/rohan/.vscode-server/bin/7debcd0e2acdea1c52de81bf9ee1620444407dda/node /home/rohan/.vscode-server/bin/7debcd0e2acdea1c52de81bf9ee1620444407dda/out/bootstrap-fork --type=ptyHost --logsPath /home/rohan/.vscode-server/data/logs/20260922T120228,0.0,0.9761,75.63,0,0,0,0,0,13,sleeping,io
2026-09-22T13:39:16,964,833,bash,/bin/bash --init-file /home/rohan/.vscode-server/bin/7debcd0e2acdea1c52de81bf9ee1620444407dda/out/vs/workbench/contrib/terminal/common/scripts/shellIntegration-bash.sh,0.0,0.0674,5.22,0,0,0,0,0,1,sleeping,io
2026-09-22T13:39:16,1424,2,SessionLeader,/init,0.0,0.0142,1.1,0,0,0,0,0,1,sleeping,io
2026-09-22T13:39:16,1425,1424,Relay(1426),/init,0.0,0.0143,1.11,0,0,0,0,0,1,sleeping,io
2026-09-22T13:39:16,1426,1425,bash,-bash,0.0,0.0665,5.15,0,0,0,0,0,1,sleeping,io
2026-09-22T13:39:16,4147,770,pet,/home/rohan/.vscode-server/extensions/ms-python.vscode-python-envs-1.37.2026092101-linux-x64/python-env-tools/bin/pet server,0.0,0.0749,5.8,0,0,0,0,0,21,sleeping,io
2026-09-22T13:39:16,4156,833,bash,/bin/bash --init-file /home/rohan/.vscode-server/bin/7debcd0e2acdea1c52de81bf9ee1620444407dda/out/vs/workbench/contrib/terminal/common/scripts/shellIntegration-bash.sh,0.0,0.0664,5.15,0,0,0,0,0,1,sleeping,io
2026-09-22T13:39:16,4295,770,MainThread,/home/rohan/.vscode-server/bin/7debcd0e2acdea1c52de81bf9ee1620444407dda/node /home/rohan/.vscode-server/extensions/ms-python.vscode-pylance-2026.3.105/dist/server.bundle.js --cancellationReceive=file:2bc56d7a41ee8749874d0000b75c5745f8ddf88b1a --node-ipc --clientProcessId=770,0.5,8.4534,655.02,0,0,0,0,0,9,sleeping,io
2026-09-22T13:39:16,5890,2,SessionLeader,/init,0.0,0.0142,1.1,0,0,0,0,0,1,sleeping,io
2026-09-22T13:39:16,5891,5890,Relay(5896),/init,0.0,0.0143,1.11,0,0,0,0,0,1,sleeping,io
2026-09-22T13:39:16,5896,5891,bash,-bash,0.0,0.0669,5.18,0,0,0,0,0,1,sleeping,io
2026-09-22T13:39:16,6172,2,SessionLeader,/init,0.0,0.0142,1.1,0,0,0,0,0,1,sleeping,io
2026-09-22T13:39:16,6173,6172,Relay(6174),/init,0.0,0.0143,1.11,0,0,0,0,0,1,sleeping,io
2026-09-22T13:39:16,6174,6173,bash,-bash,0.0,0.0666,5.16,0,0,0,0,0,1,sleeping,io
2026-09-22T13:39:16,6941,2,SessionLeader,/init,0.0,0.0142,1.1,0,0,0,0,0,1,sleeping,io
2026-09-22T13:39:16,6943,6941,Relay(6945),/init,0.0,0.0143,1.11,0,0,0,0,0,1,sleeping,io
2026-09-22T13:39:16,6945,6943,bash,-bash,0.0,0.0667,5.17,0,0,0,0,0,1,sleeping,io
2026-09-22T13:39:16,8650,2,SessionLeader,/init,0.0,0.0142,1.1,0,0,0,0,0,1,sleeping,io
2026-09-22T13:39:16,8652,8650,Relay(8654),/init,0.0,0.0143,1.11,0,0,0,0,0,1,sleeping,io
2026-09-22T13:39:16,8654,8652,bash,-bash,0.0,0.0688,5.33,0,0,0,0,0,1,sleeping,io
2026-09-22T13:39:16,8853,2,SessionLeader,/init,0.0,0.0142,1.1,0,0,0,0,0,1,sleeping,io
2026-09-22T13:39:16,8854,8853,Relay(8858),/init,0.0,0.0143,1.11,0,0,0,0,0,1,sleeping,io
2026-09-22T13:39:16,8858,8854,bash,-bash,0.0,0.0681,5.27,0,0,0,0,0,1,sleeping,io
2026-09-22T13:39:16,15760,2,SessionLeader,/init,0.0,0.0142,1.1,0,0,0,0,0,1,sleeping,io
2026-09-22T13:39:16,15762,15760,Relay(15767),/init,0.0,0.0143,1.11,0,0,0,0,0,1,sleeping,io
2026-09-22T13:39:16,15767,15762,bash,-bash,0.0,0.0696,5.39,0,0,0,0,0,1,sleeping,io
2026-09-22T13:39:16,15903,2,SessionLeader,/init,0.0,0.0142,1.1,0,0,0,0,0,1,sleeping,io
2026-09-22T13:39:16,15904,15903,Relay(15909),/init,0.0,0.0143,1.11,0,0,0,0,0,1,sleeping,io
2026-09-22T13:39:16,15909,15904,bash,-bash,0.0,0.0699,5.42,0,0,0,0,0,1,sleeping,io
2026-09-22T13:39:16,20518,1,wsl-pro-service,/usr/libexec/wsl-pro-service,0.0,0.1491,11.55,0,0,0,0,0,8,sleeping,io
2026-09-22T13:39:16,21891,6945,python,python workloads/io/io_workload.py,5.5,0.1304,10.11,0,0,0,0,0,1,disk-sleep,io
2026-09-22T13:39:18,1,0,systemd,/sbin/init,0.0,0.1667,12.91,0.0,0.0,0.0,0.0,0.0,1,sleeping,io
2026-09-22T13:39:18,2,1,init-systemd(Ub,/init,0.0,0.0279,2.16,0.0,0.0,0.0,0.0,0.0,2,sleeping,io
2026-09-22T13:39:18,7,2,init,plan9 --control-socket 7 --log-level 4 --server-fd 8 --pipe-fd 10 --log-truncate,0.0,0.0268,2.08,0.0,0.0,0.0,0.0,0.0,2,sleeping,io
2026-09-22T13:39:18,43,1,systemd-journald,/usr/lib/systemd/systemd-journald,0.0,0.2004,15.53,0.0,0.0,0.5,0.0,0.0,1,sleeping,io
2026-09-22T13:39:18,98,1,systemd-udevd,/usr/lib/systemd/systemd-udevd,0.0,0.0799,6.19,0.0,0.0,0.0,0.0,0.0,1,sleeping,io
2026-09-22T13:39:18,177,1,systemd-resolved,/usr/lib/systemd/systemd-resolved,0.0,0.1656,12.83,0.0,0.0,0.0,0.0,0.0,1,sleeping,io
2026-09-22T13:39:18,178,1,systemd-timesyncd,/usr/lib/systemd/systemd-timesyncd,0.0,0.1002,7.77,0.0,0.0,0.0,0.0,0.0,2,sleeping,io
2026-09-22T13:39:18,188,1,cron,/usr/sbin/cron -f -P,0.0,0.0338,2.62,0.0,0.0,0.0,0.0,0.0,1,sleeping,io
2026-09-22T13:39:18,189,1,dbus-daemon,@dbus-daemon --system --address=systemd: --nofork --nopidfile --systemd-activation --syslog-only,0.0,0.0669,5.18,0.0,0.0,0.0,0.0,0.0,1,sleeping,io
2026-09-22T13:39:18,203,1,systemd-logind,/usr/lib/systemd/systemd-logind,0.0,0.1112,8.62,0.0,0.0,0.0,0.0,0.0,1,sleeping,io
2026-09-22T13:39:18,217,1,agetty,/sbin/agetty -o -p -- \u --noclear - linux,0.0,0.0249,1.93,0.0,0.0,0.0,0.0,0.0,1,sleeping,io
2026-09-22T13:39:18,223,1,rsyslogd,/usr/sbin/rsyslogd -n -iNONE,0.0,0.0758,5.87,0.0,0.0,0.0,0.0,0.0,4,sleeping,io
2026-09-22T13:39:18,236,1,unattended-upgr,/usr/bin/python3 /usr/share/unattended-upgrades/unattended-upgrade-shutdown --wait-for-signal,0.0,0.2778,21.53,0.0,0.0,0.0,0.0,0.0,2,sleeping,io
2026-09-22T13:39:18,256,1,apache2,/usr/sbin/apache2 -k start,0.0,0.0634,4.91,0.0,0.0,1.0,0.0,0.0,1,sleeping,io
2026-09-22T13:39:18,257,256,apache2,/usr/sbin/apache2 -k start,0.0,0.0734,5.69,0.0,0.0,0.0,0.0,0.0,27,sleeping,io
2026-09-22T13:39:18,259,256,apache2,/usr/sbin/apache2 -k start,0.0,0.0734,5.69,0.0,0.0,0.0,0.0,0.0,27,sleeping,io
2026-09-22T13:39:18,386,2,login,/bin/login -f      ,0.0,0.0587,4.55,0.0,0.0,0.0,0.0,0.0,1,sleeping,io
2026-09-22T13:39:18,429,1,systemd,/usr/lib/systemd/systemd --user,0.0,0.145,11.24,0.0,0.0,0.0,0.0,0.0,1,sleeping,io
2026-09-22T13:39:18,430,429,(sd-pam),(sd-pam),0.0,0.0451,3.49,0.0,0.0,0.0,0.0,0.0,1,sleeping,io
2026-09-22T13:39:18,452,386,bash,-bash,0.0,0.0643,4.98,0.0,0.0,0.0,0.0,0.0,1,sleeping,io
2026-09-22T13:39:18,486,2,SessionLeader,/init,0.0,0.0142,1.1,0.0,0.0,0.0,0.0,0.0,1,sleeping,io
2026-09-22T13:39:18,487,486,Relay(488),/init,0.0,0.0159,1.23,0.0,0.0,0.0,0.0,0.0,1,sleeping,io
2026-09-22T13:39:18,488,487,bash,-bash,0.0,0.0666,5.16,0.0,0.0,0.0,0.0,0.0,1,sleeping,io
2026-09-22T13:39:18,696,2,SessionLeader,/init,0.0,0.0143,1.11,0.0,0.0,0.0,0.0,0.0,1,sleeping,io
2026-09-22T13:39:18,697,696,Relay(698),/init,0.0,0.0152,1.18,0.0,0.0,0.0,0.0,0.0,1,sleeping,io
2026-09-22T13:39:18,698,697,sh,"sh -c ""$VSCODE_WSL_EXT_LOCATION/scripts/wslServer.sh"" 7debcd0e2acdea1c52de81bf9ee1620444407dda stable code-server .vscode-server --host=127.0.0.1 --port=0 --connection-token=826864117-4248089396-2109865724-2149592531 --use-host-proxy --without-browser-env-var --disable-websocket-compression --accept-server-license-terms --telemetry-level=all",0.0,0.024,1.86,0.0,0.0,0.0,0.0,0.0,1,sleeping,io
2026-09-22T13:39:18,699,698,sh,sh /mnt/c/Users/Rohan/.vscode/extensions/ms-vscode-remote.remote-wsl-0.104.3/scripts/wslServer.sh 7debcd0e2acdea1c52de81bf9ee1620444407dda stable code-server .vscode-server --host=127.0.0.1 --port=0 --connection-token=826864117-4248089396-2109865724-2149592531 --use-host-proxy --without-browser-env-var --disable-websocket-compression --accept-server-license-terms --telemetry-level=all,0.0,0.0251,1.95,0.0,0.0,0.0,0.0,0.0,1,sleeping,io
2026-09-22T13:39:18,705,699,sh,sh /home/rohan/.vscode-server/bin/7debcd0e2acdea1c52de81bf9ee1620444407dda/bin/code-server --host=127.0.0.1 --port=0 --connection-token=826864117-4248089396-2109865724-2149592531 --use-host-proxy --without-browser-env-var --disable-websocket-compression --accept-server-license-terms --telemetry-level=all,0.0,0.025,1.93,0.0,0.0,0.0,0.0,0.0,1,sleeping,io
2026-09-22T13:39:18,709,705,MainThread,/home/rohan/.vscode-server/bin/7debcd0e2acdea1c52de81bf9ee1620444407dda/node /home/rohan/.vscode-server/bin/7debcd0e2acdea1c52de81bf9ee1620444407dda/out/server-main.js --host=127.0.0.1 --port=0 --connection-token=826864117-4248089396-2109865724-2149592531 --use-host-proxy --without-browser-env-var --disable-websocket-compression --accept-server-license-terms --telemetry-level=all,0.0,2.2866,177.18,0.0,0.0,7.47,0.0,0.0,11,sleeping,io
2026-09-22T13:39:18,721,2,SessionLeader,/init,0.0,0.0143,1.11,0.0,0.0,0.0,0.0,0.0,1,sleeping,io
2026-09-22T13:39:18,722,721,Relay(723),/init,0.0,0.0152,1.18,0.0,0.0,1.99,0.0,0.0,1,sleeping,io
2026-09-22T13:39:18,723,722,MainThread,"/home/rohan/.vscode-server/bin/7debcd0e2acdea1c52de81bf9ee1620444407dda/node -e const net = require('net'); process.stdin.pause(); const client = net.createConnection({ host: '127.0.0.1', port: 44115 }, () => { client.pipe(process.stdout); process.stdin.pipe(client); }); client.on('close', function (hadError) { console.error(hadError ? 'Remote close with error' : 'Remote close'); process.exit(hadError ? 1 : 0); }); client.on('error', function (err) { process.stderr.write(err && (err.stack || err.message) || String(err)); });",0.0,0.8724,67.6,0.0,0.0,1.99,0.0,0.0,7,sleeping,io
2026-09-22T13:39:18,730,2,SessionLeader,/init,0.0,0.0143,1.11,0.0,0.0,0.0,0.0,0.0,1,sleeping,io
2026-09-22T13:39:18,731,730,Relay(732),/init,0.0,0.0152,1.18,0.0,0.0,3.98,0.0,0.0,1,sleeping,io
2026-09-22T13:39:18,732,731,MainThread,"/home/rohan/.vscode-server/bin/7debcd0e2acdea1c52de81bf9ee1620444407dda/node -e const net = require('net'); process.stdin.pause(); const client = net.createConnection({ host: '127.0.0.1', port: 44115 }, () => { client.pipe(process.stdout); process.stdin.pipe(client); }); client.on('close', function (hadError) { console.error(hadError ? 'Remote close with error' : 'Remote close'); process.exit(hadError ? 1 : 0); }); client.on('error', function (err) { process.stderr.write(err && (err.stack || err.message) || String(err)); });",0.0,0.7837,60.73,0.0,0.0,3.98,0.0,0.0,7,sleeping,io
2026-09-22T13:39:18,743,709,MainThread,/home/rohan/.vscode-server/bin/7debcd0e2acdea1c52de81bf9ee1620444407dda/node /home/rohan/.vscode-server/bin/7debcd0e2acdea1c52de81bf9ee1620444407dda/out/bootstrap-fork --type=fileWatcher,0.5,0.8757,67.86,0.0,0.0,4.98,0.0,0.0,13,sleeping,io
2026-09-22T13:39:18,769,709,MainThread,/home/rohan/.vscode-server/bin/7debcd0e2acdea1c52de81bf9ee1620444407dda/node /home/rohan/.vscode-server/bin/7debcd0e2acdea1c52de81bf9ee1620444407dda/out/bootstrap-fork --type=agentHost --logsPath /home/rohan/.vscode-server/data/logs/20260922T120228 --user-data-dir /home/rohan/.vscode-server/data --telemetry-level all,0.0,1.7798,137.91,0.0,0.0,0.5,0.0,0.0,11,sleeping,io
2026-09-22T13:39:18,770,709,MainThread,/home/rohan/.vscode-server/bin/7debcd0e2acdea1c52de81bf9ee1620444407dda/node --dns-result-order=ipv4first /home/rohan/.vscode-server/bin/7debcd0e2acdea1c52de81bf9ee1620444407dda/out/bootstrap-fork --type=extensionHost --transformURIs --useHostProxy=true,1.0,6.7966,526.64,0.0,0.0,194.14,813.42,0.0,32,sleeping,io
2026-09-22T13:39:18,811,769,MainThread,/home/rohan/.vscode-server/bin/7debcd0e2acdea1c52de81bf9ee1620444407dda/node /home/rohan/.vscode-server/bin/7debcd0e2acdea1c52de81bf9ee1620444407dda/node_modules/@github/copilot-linux-x64/index.js --headless --no-auto-update --log-level info --stdio --no-auto-login,0.0,3.3565,260.08,0.0,0.0,0.0,0.0,0.0,44,sleeping,io
2026-09-22T13:39:18,812,770,MainThread,/home/rohan/.vscode-server/bin/7debcd0e2acdea1c52de81bf9ee1620444407dda/node /home/rohan/.vscode-server/bin/7debcd0e2acdea1c52de81bf9ee1620444407dda/extensions/markdown-language-features/dist/serverWorkerMain --node-ipc --clientProcessId=770,0.0,0.994,77.02,0.0,0.0,0.5,0.0,0.0,7,sleeping,io
2026-09-22T13:39:18,833,709,MainThread,/home/rohan/.vscode-server/bin/7debcd0e2acdea1c52de81bf9ee1620444407dda/node /home/rohan/.vscode-server/bin/7debcd0e2acdea1c52de81bf9ee1620444407dda/out/bootstrap-fork --type=ptyHost --logsPath /home/rohan/.vscode-server/data/logs/20260922T120228,0.0,0.9761,75.63,0.0,0.0,5.97,0.0,0.0,13,sleeping,io
2026-09-22T13:39:18,964,833,bash,/bin/bash --init-file /home/rohan/.vscode-server/bin/7debcd0e2acdea1c52de81bf9ee1620444407dda/out/vs/workbench/contrib/terminal/common/scripts/shellIntegration-bash.sh,0.0,0.0674,5.22,0.0,0.0,0.0,0.0,0.0,1,sleeping,io
2026-09-22T13:39:18,1424,2,SessionLeader,/init,0.0,0.0142,1.1,0.0,0.0,0.0,0.0,0.0,1,sleeping,io
2026-09-22T13:39:18,1425,1424,Relay(1426),/init,0.0,0.0143,1.11,0.0,0.0,0.0,0.0,0.0,1,sleeping,io
2026-09-22T13:39:18,1426,1425,bash,-bash,0.0,0.0665,5.15,0.0,0.0,0.0,0.0,0.0,1,sleeping,io
2026-09-22T13:39:18,4147,770,pet,/home/rohan/.vscode-server/extensions/ms-python.vscode-python-envs-1.37.2026092101-linux-x64/python-env-tools/bin/pet server,0.0,0.0749,5.8,0.0,0.0,0.0,0.0,0.0,21,sleeping,io
2026-09-22T13:39:18,4156,833,bash,/bin/bash --init-file /home/rohan/.vscode-server/bin/7debcd0e2acdea1c52de81bf9ee1620444407dda/out/vs/workbench/contrib/terminal/common/scripts/shellIntegration-bash.sh,0.0,0.0664,5.15,0.0,0.0,0.0,0.0,0.0,1,sleeping,io
2026-09-22T13:39:18,4295,770,MainThread,/home/rohan/.vscode-server/bin/7debcd0e2acdea1c52de81bf9ee1620444407dda/node /home/rohan/.vscode-server/extensions/ms-python.vscode-pylance-2026.3.105/dist/server.bundle.js --cancellationReceive=file:2bc56d7a41ee8749874d0000b75c5745f8ddf88b1a --node-ipc --clientProcessId=770,0.0,8.4534,655.02,0.0,0.0,1.99,0.0,0.0,9,sleeping,io
2026-09-22T13:39:18,5890,2,SessionLeader,/init,0.0,0.0142,1.1,0.0,0.0,0.0,0.0,0.0,1,sleeping,io
2026-09-22T13:39:18,5891,5890,Relay(5896),/init,0.0,0.0143,1.11,0.0,0.0,0.5,0.0,0.0,1,sleeping,io
2026-09-22T13:39:18,5896,5891,bash,-bash,0.0,0.0669,5.18,0.0,0.0,0.0,0.0,0.0,1,sleeping,io
2026-09-22T13:39:18,6172,2,SessionLeader,/init,0.0,0.0142,1.1,0.0,0.0,0.0,0.0,0.0,1,sleeping,io
2026-09-22T13:39:18,6173,6172,Relay(6174),/init,0.0,0.0143,1.11,0.0,0.0,0.0,0.0,0.0,1,sleeping,io
2026-09-22T13:39:18,6174,6173,bash,-bash,0.0,0.0666,5.16,0.0,0.0,0.0,0.0,0.0,1,sleeping,io
2026-09-22T13:39:18,6941,2,SessionLeader,/init,0.0,0.0142,1.1,0.0,0.0,0.0,0.0,0.0,1,sleeping,io
2026-09-22T13:39:18,6943,6941,Relay(6945),/init,0.0,0.0143,1.11,0.0,0.0,0.0,0.0,0.0,1,sleeping,io
2026-09-22T13:39:18,6945,6943,bash,-bash,0.0,0.0667,5.17,0.0,0.0,0.0,0.0,0.0,1,sleeping,io
2026-09-22T13:39:18,8650,2,SessionLeader,/init,0.0,0.0142,1.1,0.0,0.0,0.0,0.0,0.0,1,sleeping,io
2026-09-22T13:39:18,8652,8650,Relay(8654),/init,0.0,0.0143,1.11,0.0,0.0,0.0,0.0,0.0,1,sleeping,io
2026-09-22T13:39:18,8654,8652,bash,-bash,0.0,0.0688,5.33,0.0,0.0,0.0,0.0,0.0,1,sleeping,io
2026-09-22T13:39:18,8853,2,SessionLeader,/init,0.0,0.0142,1.1,0.0,0.0,0.0,0.0,0.0,1,sleeping,io
2026-09-22T13:39:18,8854,8853,Relay(8858),/init,0.0,0.0143,1.11,0.0,0.0,0.0,0.0,0.0,1,sleeping,io
2026-09-22T13:39:18,8858,8854,bash,-bash,0.0,0.0681,5.27,0.0,0.0,0.0,0.0,0.0,1,sleeping,io
2026-09-22T13:39:18,15760,2,SessionLeader,/init,0.0,0.0142,1.1,0.0,0.0,0.0,0.0,0.0,1,sleeping,io
2026-09-22T13:39:18,15762,15760,Relay(15767),/init,0.0,0.0143,1.11,0.0,0.0,0.0,0.0,0.0,1,sleeping,io
2026-09-22T13:39:18,15767,15762,bash,-bash,0.0,0.0696,5.39,0.0,0.0,0.0,0.0,0.0,1,sleeping,io
2026-09-22T13:39:18,15903,2,SessionLeader,/init,0.0,0.0142,1.1,0.0,0.0,0.0,0.0,0.0,1,sleeping,io
2026-09-22T13:39:18,15904,15903,Relay(15909),/init,0.0,0.0143,1.11,0.0,0.0,0.0,0.0,0.0,1,sleeping,io
2026-09-22T13:39:18,15909,15904,bash,-bash,0.0,0.0699,5.42,0.0,0.0,0.0,0.0,0.0,1,sleeping,io
2026-09-22T13:39:18,20518,1,wsl-pro-service,/usr/libexec/wsl-pro-service,0.0,0.1491,11.55,0.0,0.0,0.0,0.0,0.0,8,sleeping,io
2026-09-22T13:39:18,21891,6945,python,python workloads/io/io_workload.py,5.5,0.1304,10.11,0.0,54807947.37,105.04,0.0,0.0,1,disk-sleep,io
2026-09-22T13:39:20,1,0,systemd,/sbin/init,0.0,0.1667,12.91,0.0,0.0,0.0,0.0,0.0,1,sleeping,io
2026-09-22T13:39:20,2,1,init-systemd(Ub,/init,0.0,0.0279,2.16,0.0,0.0,0.0,0.0,0.0,2,sleeping,io
2026-09-22T13:39:20,7,2,init,plan9 --control-socket 7 --log-level 4 --server-fd 8 --pipe-fd 10 --log-truncate,0.0,0.0268,2.08,0.0,0.0,0.0,0.0,0.0,2,sleeping,io
2026-09-22T13:39:20,43,1,systemd-journald,/usr/lib/systemd/systemd-journald,0.0,0.2004,15.53,0.0,0.0,0.0,0.0,0.0,1,sleeping,io
2026-09-22T13:39:20,98,1,systemd-udevd,/usr/lib/systemd/systemd-udevd,0.0,0.0799,6.19,0.0,0.0,0.0,0.0,0.0,1,sleeping,io
2026-09-22T13:39:20,177,1,systemd-resolved,/usr/lib/systemd/systemd-resolved,0.0,0.1656,12.83,0.0,0.0,0.0,0.0,0.0,1,sleeping,io
2026-09-22T13:39:20,178,1,systemd-timesyncd,/usr/lib/systemd/systemd-timesyncd,0.0,0.1002,7.77,0.0,0.0,0.0,0.0,0.0,2,sleeping,io
2026-09-22T13:39:20,188,1,cron,/usr/sbin/cron -f -P,0.0,0.0338,2.62,0.0,0.0,0.0,0.0,0.0,1,sleeping,io
2026-09-22T13:39:20,189,1,dbus-daemon,@dbus-daemon --system --address=systemd: --nofork --nopidfile --systemd-activation --syslog-only,0.0,0.0669,5.18,0.0,0.0,0.0,0.0,0.0,1,sleeping,io
2026-09-22T13:39:20,203,1,systemd-logind,/usr/lib/systemd/systemd-logind,0.0,0.1112,8.62,0.0,0.0,0.0,0.0,0.0,1,sleeping,io
2026-09-22T13:39:20,217,1,agetty,/sbin/agetty -o -p -- \u --noclear - linux,0.0,0.0249,1.93,0.0,0.0,0.0,0.0,0.0,1,sleeping,io
2026-09-22T13:39:20,223,1,rsyslogd,/usr/sbin/rsyslogd -n -iNONE,0.0,0.0758,5.87,0.0,0.0,0.0,0.0,0.0,4,sleeping,io
2026-09-22T13:39:20,236,1,unattended-upgr,/usr/bin/python3 /usr/share/unattended-upgrades/unattended-upgrade-shutdown --wait-for-signal,0.0,0.2778,21.53,0.0,0.0,0.0,0.0,0.0,2,sleeping,io
2026-09-22T13:39:20,256,1,apache2,/usr/sbin/apache2 -k start,0.0,0.0634,4.91,0.0,0.0,1.0,0.0,0.0,1,sleeping,io
2026-09-22T13:39:20,257,256,apache2,/usr/sbin/apache2 -k start,0.0,0.0734,5.69,0.0,0.0,0.0,0.0,0.0,27,sleeping,io
2026-09-22T13:39:20,259,256,apache2,/usr/sbin/apache2 -k start,0.0,0.0734,5.69,0.0,0.0,0.0,0.0,0.0,27,sleeping,io
2026-09-22T13:39:20,386,2,login,/bin/login -f      ,0.0,0.0587,4.55,0.0,0.0,0.0,0.0,0.0,1,sleeping,io
2026-09-22T13:39:20,429,1,systemd,/usr/lib/systemd/systemd --user,0.0,0.145,11.24,0.0,0.0,0.0,0.0,0.0,1,sleeping,io
2026-09-22T13:39:20,430,429,(sd-pam),(sd-pam),0.0,0.0451,3.49,0.0,0.0,0.0,0.0,0.0,1,sleeping,io
2026-09-22T13:39:20,452,386,bash,-bash,0.0,0.0643,4.98,0.0,0.0,0.0,0.0,0.0,1,sleeping,io
2026-09-22T13:39:20,486,2,SessionLeader,/init,0.0,0.0142,1.1,0.0,0.0,0.0,0.0,0.0,1,sleeping,io
2026-09-22T13:39:20,487,486,Relay(488),/init,0.0,0.0159,1.23,0.0,0.0,0.0,0.0,0.0,1,sleeping,io
2026-09-22T13:39:20,488,487,bash,-bash,0.0,0.0666,5.16,0.0,0.0,0.0,0.0,0.0,1,sleeping,io
2026-09-22T13:39:20,696,2,SessionLeader,/init,0.0,0.0143,1.11,0.0,0.0,0.0,0.0,0.0,1,sleeping,io
2026-09-22T13:39:20,697,696,Relay(698),/init,0.0,0.0152,1.18,0.0,0.0,0.0,0.0,0.0,1,sleeping,io
2026-09-22T13:39:20,698,697,sh,"sh -c ""$VSCODE_WSL_EXT_LOCATION/scripts/wslServer.sh"" 7debcd0e2acdea1c52de81bf9ee1620444407dda stable code-server .vscode-server --host=127.0.0.1 --port=0 --connection-token=826864117-4248089396-2109865724-2149592531 --use-host-proxy --without-browser-env-var --disable-websocket-compression --accept-server-license-terms --telemetry-level=all",0.0,0.024,1.86,0.0,0.0,0.0,0.0,0.0,1,sleeping,io
2026-09-22T13:39:20,699,698,sh,sh /mnt/c/Users/Rohan/.vscode/extensions/ms-vscode-remote.remote-wsl-0.104.3/scripts/wslServer.sh 7debcd0e2acdea1c52de81bf9ee1620444407dda stable code-server .vscode-server --host=127.0.0.1 --port=0 --connection-token=826864117-4248089396-2109865724-2149592531 --use-host-proxy --without-browser-env-var --disable-websocket-compression --accept-server-license-terms --telemetry-level=all,0.0,0.0251,1.95,0.0,0.0,0.0,0.0,0.0,1,sleeping,io
2026-09-22T13:39:20,705,699,sh,sh /home/rohan/.vscode-server/bin/7debcd0e2acdea1c52de81bf9ee1620444407dda/bin/code-server --host=127.0.0.1 --port=0 --connection-token=826864117-4248089396-2109865724-2149592531 --use-host-proxy --without-browser-env-var --disable-websocket-compression --accept-server-license-terms --telemetry-level=all,0.0,0.025,1.93,0.0,0.0,0.0,0.0,0.0,1,sleeping,io
2026-09-22T13:39:20,709,705,MainThread,/home/rohan/.vscode-server/bin/7debcd0e2acdea1c52de81bf9ee1620444407dda/node /home/rohan/.vscode-server/bin/7debcd0e2acdea1c52de81bf9ee1620444407dda/out/server-main.js --host=127.0.0.1 --port=0 --connection-token=826864117-4248089396-2109865724-2149592531 --use-host-proxy --without-browser-env-var --disable-websocket-compression --accept-server-license-terms --telemetry-level=all,0.0,2.2866,177.18,0.0,0.0,8.46,0.0,0.0,11,sleeping,io
2026-09-22T13:39:20,721,2,SessionLeader,/init,0.0,0.0143,1.11,0.0,0.0,0.0,0.0,0.0,1,sleeping,io
2026-09-22T13:39:20,722,721,Relay(723),/init,0.0,0.0152,1.18,0.0,0.0,2.99,0.0,0.0,1,sleeping,io
2026-09-22T13:39:20,723,722,MainThread,"/home/rohan/.vscode-server/bin/7debcd0e2acdea1c52de81bf9ee1620444407dda/node -e const net = require('net'); process.stdin.pause(); const client = net.createConnection({ host: '127.0.0.1', port: 44115 }, () => { client.pipe(process.stdout); process.stdin.pipe(client); }); client.on('close', function (hadError) { console.error(hadError ? 'Remote close with error' : 'Remote close'); process.exit(hadError ? 1 : 0); }); client.on('error', function (err) { process.stderr.write(err && (err.stack || err.message) || String(err)); });",0.0,0.8724,67.6,0.0,0.0,2.99,0.0,0.0,7,sleeping,io
2026-09-22T13:39:20,730,2,SessionLeader,/init,0.0,0.0143,1.11,0.0,0.0,0.0,0.0,0.0,1,sleeping,io
2026-09-22T13:39:20,731,730,Relay(732),/init,0.0,0.0152,1.18,0.0,0.0,4.98,0.0,0.0,1,sleeping,io
2026-09-22T13:39:20,732,731,MainThread,"/home/rohan/.vscode-server/bin/7debcd0e2acdea1c52de81bf9ee1620444407dda/node -e const net = require('net'); process.stdin.pause(); const client = net.createConnection({ host: '127.0.0.1', port: 44115 }, () => { client.pipe(process.stdout); process.stdin.pipe(client); }); client.on('close', function (hadError) { console.error(hadError ? 'Remote close with error' : 'Remote close'); process.exit(hadError ? 1 : 0); }); client.on('error', function (err) { process.stderr.write(err && (err.stack || err.message) || String(err)); });",0.5,0.7846,60.79,0.0,0.0,4.98,8.46,0.0,7,sleeping,io
2026-09-22T13:39:20,743,709,MainThread,/home/rohan/.vscode-server/bin/7debcd0e2acdea1c52de81bf9ee1620444407dda/node /home/rohan/.vscode-server/bin/7debcd0e2acdea1c52de81bf9ee1620444407dda/out/bootstrap-fork --type=fileWatcher,1.0,0.8757,67.86,0.0,0.0,6.97,0.0,0.0,13,sleeping,io
2026-09-22T13:39:20,769,709,MainThread,/home/rohan/.vscode-server/bin/7debcd0e2acdea1c52de81bf9ee1620444407dda/node /home/rohan/.vscode-server/bin/7debcd0e2acdea1c52de81bf9ee1620444407dda/out/bootstrap-fork --type=agentHost --logsPath /home/rohan/.vscode-server/data/logs/20260922T120228 --user-data-dir /home/rohan/.vscode-server/data --telemetry-level all,0.0,1.7798,137.91,0.0,0.0,0.0,0.0,0.0,11,sleeping,io
2026-09-22T13:39:20,770,709,MainThread,/home/rohan/.vscode-server/bin/7debcd0e2acdea1c52de81bf9ee1620444407dda/node --dns-result-order=ipv4first /home/rohan/.vscode-server/bin/7debcd0e2acdea1c52de81bf9ee1620444407dda/out/bootstrap-fork --type=extensionHost --transformURIs --useHostProxy=true,1.5,6.7966,526.64,0.0,0.0,196.14,990.65,0.0,32,sleeping,io
2026-09-22T13:39:20,811,769,MainThread,/home/rohan/.vscode-server/bin/7debcd0e2acdea1c52de81bf9ee1620444407dda/node /home/rohan/.vscode-server/bin/7debcd0e2acdea1c52de81bf9ee1620444407dda/node_modules/@github/copilot-linux-x64/index.js --headless --no-auto-update --log-level info --stdio --no-auto-login,0.0,3.3565,260.08,0.0,0.0,0.0,0.0,0.0,44,sleeping,io
2026-09-22T13:39:20,812,770,MainThread,/home/rohan/.vscode-server/bin/7debcd0e2acdea1c52de81bf9ee1620444407dda/node /home/rohan/.vscode-server/bin/7debcd0e2acdea1c52de81bf9ee1620444407dda/extensions/markdown-language-features/dist/serverWorkerMain --node-ipc --clientProcessId=770,0.0,0.994,77.02,0.0,0.0,0.5,0.0,0.0,7,sleeping,io
2026-09-22T13:39:20,833,709,MainThread,/home/rohan/.vscode-server/bin/7debcd0e2acdea1c52de81bf9ee1620444407dda/node /home/rohan/.vscode-server/bin/7debcd0e2acdea1c52de81bf9ee1620444407dda/out/bootstrap-fork --type=ptyHost --logsPath /home/rohan/.vscode-server/data/logs/20260922T120228,0.5,0.9761,75.63,0.0,0.0,5.48,0.0,0.0,13,sleeping,io
2026-09-22T13:39:20,964,833,bash,/bin/bash --init-file /home/rohan/.vscode-server/bin/7debcd0e2acdea1c52de81bf9ee1620444407dda/out/vs/workbench/contrib/terminal/common/scripts/shellIntegration-bash.sh,0.0,0.0674,5.22,0.0,0.0,0.0,0.0,0.0,1,sleeping,io
2026-09-22T13:39:20,1424,2,SessionLeader,/init,0.0,0.0142,1.1,0.0,0.0,0.0,0.0,0.0,1,sleeping,io
2026-09-22T13:39:20,1425,1424,Relay(1426),/init,0.0,0.0143,1.11,0.0,0.0,0.0,0.0,0.0,1,sleeping,io
2026-09-22T13:39:20,1426,1425,bash,-bash,0.0,0.0665,5.15,0.0,0.0,0.0,0.0,0.0,1,sleeping,io
2026-09-22T13:39:20,4147,770,pet,/home/rohan/.vscode-server/extensions/ms-python.vscode-python-envs-1.37.2026092101-linux-x64/python-env-tools/bin/pet server,0.0,0.0749,5.8,0.0,0.0,0.0,0.0,0.0,21,sleeping,io
2026-09-22T13:39:20,4156,833,bash,/bin/bash --init-file /home/rohan/.vscode-server/bin/7debcd0e2acdea1c52de81bf9ee1620444407dda/out/vs/workbench/contrib/terminal/common/scripts/shellIntegration-bash.sh,0.0,0.0664,5.15,0.0,0.0,0.0,0.0,0.0,1,sleeping,io
2026-09-22T13:39:20,4295,770,MainThread,/home/rohan/.vscode-server/bin/7debcd0e2acdea1c52de81bf9ee1620444407dda/node /home/rohan/.vscode-server/extensions/ms-python.vscode-pylance-2026.3.105/dist/server.bundle.js --cancellationReceive=file:2bc56d7a41ee8749874d0000b75c5745f8ddf88b1a --node-ipc --clientProcessId=770,0.0,8.4534,655.02,0.0,0.0,1.99,0.0,0.0,9,sleeping,io
2026-09-22T13:39:20,5890,2,SessionLeader,/init,0.0,0.0142,1.1,0.0,0.0,0.0,0.0,0.0,1,sleeping,io
2026-09-22T13:39:20,5891,5890,Relay(5896),/init,0.0,0.0143,1.11,0.0,0.0,0.5,0.0,0.0,1,sleeping,io
2026-09-22T13:39:20,5896,5891,bash,-bash,0.0,0.0669,5.18,0.0,0.0,0.0,0.0,0.0,1,sleeping,io
2026-09-22T13:39:20,6172,2,SessionLeader,/init,0.0,0.0142,1.1,0.0,0.0,0.0,0.0,0.0,1,sleeping,io
2026-09-22T13:39:20,6173,6172,Relay(6174),/init,0.0,0.0143,1.11,0.0,0.0,0.0,0.0,0.0,1,sleeping,io
2026-09-22T13:39:20,6174,6173,bash,-bash,0.0,0.0666,5.16,0.0,0.0,0.0,0.0,0.0,1,sleeping,io
2026-09-22T13:39:20,6941,2,SessionLeader,/init,0.0,0.0142,1.1,0.0,0.0,0.0,0.0,0.0,1,sleeping,io
2026-09-22T13:39:20,6943,6941,Relay(6945),/init,0.0,0.0143,1.11,0.0,0.0,0.0,0.0,0.0,1,sleeping,io
2026-09-22T13:39:20,6945,6943,bash,-bash,0.0,0.0667,5.17,0.0,0.0,0.0,0.0,0.0,1,sleeping,io
2026-09-22T13:39:20,8650,2,SessionLeader,/init,0.0,0.0142,1.1,0.0,0.0,0.0,0.0,0.0,1,sleeping,io
2026-09-22T13:39:20,8652,8650,Relay(8654),/init,0.0,0.0143,1.11,0.0,0.0,0.0,0.0,0.0,1,sleeping,io
2026-09-22T13:39:20,8654,8652,bash,-bash,0.0,0.0688,5.33,0.0,0.0,0.0,0.0,0.0,1,sleeping,io
2026-09-22T13:39:20,8853,2,SessionLeader,/init,0.0,0.0142,1.1,0.0,0.0,0.0,0.0,0.0,1,sleeping,io
2026-09-22T13:39:20,8854,8853,Relay(8858),/init,0.0,0.0143,1.11,0.0,0.0,0.0,0.0,0.0,1,sleeping,io
2026-09-22T13:39:20,8858,8854,bash,-bash,0.0,0.0681,5.27,0.0,0.0,0.0,0.0,0.0,1,sleeping,io
2026-09-22T13:39:20,15760,2,SessionLeader,/init,0.0,0.0142,1.1,0.0,0.0,0.0,0.0,0.0,1,sleeping,io
2026-09-22T13:39:20,15762,15760,Relay(15767),/init,0.0,0.0143,1.11,0.0,0.0,0.0,0.0,0.0,1,sleeping,io
2026-09-22T13:39:20,15767,15762,bash,-bash,0.0,0.0696,5.39,0.0,0.0,0.0,0.0,0.0,1,sleeping,io
2026-09-22T13:39:20,15903,2,SessionLeader,/init,0.0,0.0142,1.1,0.0,0.0,0.0,0.0,0.0,1,sleeping,io
2026-09-22T13:39:20,15904,15903,Relay(15909),/init,0.0,0.0143,1.11,0.0,0.0,0.0,0.0,0.0,1,sleeping,io
2026-09-22T13:39:20,15909,15904,bash,-bash,0.0,0.0699,5.42,0.0,0.0,0.0,0.0,0.0,1,sleeping,io
2026-09-22T13:39:20,20518,1,wsl-pro-service,/usr/libexec/wsl-pro-service,0.0,0.1491,11.55,0.0,0.0,0.0,0.0,0.0,8,sleeping,io
2026-09-22T13:39:20,21891,6945,python,python workloads/io/io_workload.py,5.5,0.1304,10.11,2039.1,62119020.83,118.98,0.0,0.0,1,disk-sleep,io
2026-09-22T13:39:22,1,0,systemd,/sbin/init,0.0,0.1667,12.91,0.0,0.0,1.0,0.0,0.0,1,sleeping,io
2026-09-22T13:39:22,2,1,init-systemd(Ub,/init,0.0,0.0279,2.16,0.0,0.0,0.0,0.0,0.0,2,sleeping,io
2026-09-22T13:39:22,7,2,init,plan9 --control-socket 7 --log-level 4 --server-fd 8 --pipe-fd 10 --log-truncate,0.0,0.0268,2.08,0.0,0.0,0.0,0.0,0.0,2,sleeping,io
2026-09-22T13:39:22,43,1,systemd-journald,/usr/lib/systemd/systemd-journald,0.5,0.2004,15.53,0.0,0.0,8.98,914.42,1.5,1,sleeping,io
2026-09-22T13:39:22,98,1,systemd-udevd,/usr/lib/systemd/systemd-udevd,0.0,0.0799,6.19,0.0,0.0,0.0,0.0,0.0,1,sleeping,io
2026-09-22T13:39:22,177,1,systemd-resolved,/usr/lib/systemd/systemd-resolved,0.0,0.1656,12.83,0.0,0.0,1.0,0.0,0.0,1,sleeping,io
2026-09-22T13:39:22,178,1,systemd-timesyncd,/usr/lib/systemd/systemd-timesyncd,0.0,0.1002,7.77,0.0,0.0,1.0,0.0,0.0,2,sleeping,io
2026-09-22T13:39:22,188,1,cron,/usr/sbin/cron -f -P,0.0,0.0338,2.62,0.0,0.0,0.0,0.0,0.0,1,sleeping,io
2026-09-22T13:39:22,189,1,dbus-daemon,@dbus-daemon --system --address=systemd: --nofork --nopidfile --systemd-activation --syslog-only,0.0,0.0669,5.18,0.0,0.0,1.5,0.0,0.0,1,sleeping,io
2026-09-22T13:39:22,203,1,systemd-logind,/usr/lib/systemd/systemd-logind,0.0,0.1112,8.62,0.0,0.0,7.98,0.0,0.0,1,sleeping,io
2026-09-22T13:39:22,217,1,agetty,/sbin/agetty -o -p -- \u --noclear - linux,0.0,0.0249,1.93,0.0,0.0,0.0,0.0,0.0,1,sleeping,io
2026-09-22T13:39:22,223,1,rsyslogd,/usr/sbin/rsyslogd -n -iNONE,0.0,0.0758,5.87,0.0,0.0,0.0,0.0,0.0,4,sleeping,io
2026-09-22T13:39:22,236,1,unattended-upgr,/usr/bin/python3 /usr/share/unattended-upgrades/unattended-upgrade-shutdown --wait-for-signal,0.0,0.2778,21.53,0.0,0.0,0.0,0.0,0.0,2,sleeping,io
2026-09-22T13:39:22,256,1,apache2,/usr/sbin/apache2 -k start,0.0,0.0634,4.91,0.0,0.0,1.0,0.0,0.0,1,sleeping,io
2026-09-22T13:39:22,257,256,apache2,/usr/sbin/apache2 -k start,0.0,0.0734,5.69,0.0,0.0,0.0,0.0,0.0,27,sleeping,io
2026-09-22T13:39:22,259,256,apache2,/usr/sbin/apache2 -k start,0.0,0.0734,5.69,0.0,0.0,0.0,0.0,0.0,27,sleeping,io
2026-09-22T13:39:22,386,2,login,/bin/login -f      ,0.0,0.0587,4.55,0.0,0.0,0.0,0.0,0.0,1,sleeping,io
2026-09-22T13:39:22,429,1,systemd,/usr/lib/systemd/systemd --user,0.0,0.145,11.24,0.0,0.0,1.0,0.0,0.0,1,sleeping,io
2026-09-22T13:39:22,430,429,(sd-pam),(sd-pam),0.0,0.0451,3.49,0.0,0.0,0.0,0.0,0.0,1,sleeping,io
2026-09-22T13:39:22,452,386,bash,-bash,0.0,0.0643,4.98,0.0,0.0,0.0,0.0,0.0,1,sleeping,io
2026-09-22T13:39:22,486,2,SessionLeader,/init,0.0,0.0142,1.1,0.0,0.0,0.0,0.0,0.0,1,sleeping,io
2026-09-22T13:39:22,487,486,Relay(488),/init,0.0,0.0159,1.23,0.0,0.0,0.0,0.0,0.0,1,sleeping,io
2026-09-22T13:39:22,488,487,bash,-bash,0.0,0.0666,5.16,0.0,0.0,0.0,0.0,0.0,1,sleeping,io
2026-09-22T13:39:22,696,2,SessionLeader,/init,0.0,0.0143,1.11,0.0,0.0,0.0,0.0,0.0,1,sleeping,io
2026-09-22T13:39:22,697,696,Relay(698),/init,0.0,0.0152,1.18,0.0,0.0,0.0,0.0,0.0,1,sleeping,io
2026-09-22T13:39:22,698,697,sh,"sh -c ""$VSCODE_WSL_EXT_LOCATION/scripts/wslServer.sh"" 7debcd0e2acdea1c52de81bf9ee1620444407dda stable code-server .vscode-server --host=127.0.0.1 --port=0 --connection-token=826864117-4248089396-2109865724-2149592531 --use-host-proxy --without-browser-env-var --disable-websocket-compression --accept-server-license-terms --telemetry-level=all",0.0,0.024,1.86,0.0,0.0,0.0,0.0,0.0,1,sleeping,io
2026-09-22T13:39:22,699,698,sh,sh /mnt/c/Users/Rohan/.vscode/extensions/ms-vscode-remote.remote-wsl-0.104.3/scripts/wslServer.sh 7debcd0e2acdea1c52de81bf9ee1620444407dda stable code-server .vscode-server --host=127.0.0.1 --port=0 --connection-token=826864117-4248089396-2109865724-2149592531 --use-host-proxy --without-browser-env-var --disable-websocket-compression --accept-server-license-terms --telemetry-level=all,0.0,0.0251,1.95,0.0,0.0,0.0,0.0,0.0,1,sleeping,io
2026-09-22T13:39:22,705,699,sh,sh /home/rohan/.vscode-server/bin/7debcd0e2acdea1c52de81bf9ee1620444407dda/bin/code-server --host=127.0.0.1 --port=0 --connection-token=826864117-4248089396-2109865724-2149592531 --use-host-proxy --without-browser-env-var --disable-websocket-compression --accept-server-license-terms --telemetry-level=all,0.0,0.025,1.93,0.0,0.0,0.0,0.0,0.0,1,sleeping,io
2026-09-22T13:39:22,709,705,MainThread,/home/rohan/.vscode-server/bin/7debcd0e2acdea1c52de81bf9ee1620444407dda/node /home/rohan/.vscode-server/bin/7debcd0e2acdea1c52de81bf9ee1620444407dda/out/server-main.js --host=127.0.0.1 --port=0 --connection-token=826864117-4248089396-2109865724-2149592531 --use-host-proxy --without-browser-env-var --disable-websocket-compression --accept-server-license-terms --telemetry-level=all,0.5,2.2866,177.18,0.0,0.0,7.48,0.0,0.0,11,sleeping,io
2026-09-22T13:39:22,721,2,SessionLeader,/init,0.0,0.0143,1.11,0.0,0.0,0.0,0.0,0.0,1,sleeping,io
2026-09-22T13:39:22,722,721,Relay(723),/init,0.0,0.0152,1.18,0.0,0.0,2.99,0.0,0.0,1,sleeping,io
2026-09-22T13:39:22,723,722,MainThread,"/home/rohan/.vscode-server/bin/7debcd0e2acdea1c52de81bf9ee1620444407dda/node -e const net = require('net'); process.stdin.pause(); const client = net.createConnection({ host: '127.0.0.1', port: 44115 }, () => { client.pipe(process.stdout); process.stdin.pipe(client); }); client.on('close', function (hadError) { console.error(hadError ? 'Remote close with error' : 'Remote close'); process.exit(hadError ? 1 : 0); }); client.on('error', function (err) { process.stderr.write(err && (err.stack || err.message) || String(err)); });",0.0,0.8724,67.6,0.0,0.0,2.99,0.0,0.0,7,sleeping,io
2026-09-22T13:39:22,730,2,SessionLeader,/init,0.0,0.0143,1.11,0.0,0.0,0.0,0.0,0.0,1,sleeping,io
2026-09-22T13:39:22,731,730,Relay(732),/init,0.0,0.0152,1.18,0.0,0.0,3.99,0.0,0.0,1,sleeping,io
2026-09-22T13:39:22,732,731,MainThread,"/home/rohan/.vscode-server/bin/7debcd0e2acdea1c52de81bf9ee1620444407dda/node -e const net = require('net'); process.stdin.pause(); const client = net.createConnection({ host: '127.0.0.1', port: 44115 }, () => { client.pipe(process.stdout); process.stdin.pipe(client); }); client.on('close', function (hadError) { console.error(hadError ? 'Remote close with error' : 'Remote close'); process.exit(hadError ? 1 : 0); }); client.on('error', function (err) { process.stderr.write(err && (err.stack || err.message) || String(err)); });",0.0,0.7846,60.79,0.0,0.0,3.99,0.0,0.0,7,sleeping,io
2026-09-22T13:39:22,743,709,MainThread,/home/rohan/.vscode-server/bin/7debcd0e2acdea1c52de81bf9ee1620444407dda/node /home/rohan/.vscode-server/bin/7debcd0e2acdea1c52de81bf9ee1620444407dda/out/bootstrap-fork --type=fileWatcher,0.5,0.8757,67.86,0.0,0.0,4.49,0.0,0.0,13,sleeping,io
2026-09-22T13:39:22,769,709,MainThread,/home/rohan/.vscode-server/bin/7debcd0e2acdea1c52de81bf9ee1620444407dda/node /home/rohan/.vscode-server/bin/7debcd0e2acdea1c52de81bf9ee1620444407dda/out/bootstrap-fork --type=agentHost --logsPath /home/rohan/.vscode-server/data/logs/20260922T120228 --user-data-dir /home/rohan/.vscode-server/data --telemetry-level all,0.0,1.7798,137.91,0.0,2043.96,3.99,0.5,0.0,11,sleeping,io
2026-09-22T13:39:22,770,709,MainThread,/home/rohan/.vscode-server/bin/7debcd0e2acdea1c52de81bf9ee1620444407dda/node --dns-result-order=ipv4first /home/rohan/.vscode-server/bin/7debcd0e2acdea1c52de81bf9ee1620444407dda/out/bootstrap-fork --type=extensionHost --transformURIs --useHostProxy=true,1.5,6.7966,526.64,0.0,0.0,195.11,978.06,0.0,32,sleeping,io
2026-09-22T13:39:22,811,769,MainThread,/home/rohan/.vscode-server/bin/7debcd0e2acdea1c52de81bf9ee1620444407dda/node /home/rohan/.vscode-server/bin/7debcd0e2acdea1c52de81bf9ee1620444407dda/node_modules/@github/copilot-linux-x64/index.js --headless --no-auto-update --log-level info --stdio --no-auto-login,0.0,3.3565,260.08,0.0,0.0,0.0,0.0,0.0,44,sleeping,io
2026-09-22T13:39:22,812,770,MainThread,/home/rohan/.vscode-server/bin/7debcd0e2acdea1c52de81bf9ee1620444407dda/node /home/rohan/.vscode-server/bin/7debcd0e2acdea1c52de81bf9ee1620444407dda/extensions/markdown-language-features/dist/serverWorkerMain --node-ipc --clientProcessId=770,0.0,0.994,77.02,0.0,0.0,0.5,0.0,0.0,7,sleeping,io
2026-09-22T13:39:22,833,709,MainThread,/home/rohan/.vscode-server/bin/7debcd0e2acdea1c52de81bf9ee1620444407dda/node /home/rohan/.vscode-server/bin/7debcd0e2acdea1c52de81bf9ee1620444407dda/out/bootstrap-fork --type=ptyHost --logsPath /home/rohan/.vscode-server/data/logs/20260922T120228,0.0,0.9761,75.63,0.0,0.0,6.49,0.0,0.0,13,sleeping,io
2026-09-22T13:39:22,964,833,bash,/bin/bash --init-file /home/rohan/.vscode-server/bin/7debcd0e2acdea1c52de81bf9ee1620444407dda/out/vs/workbench/contrib/terminal/common/scripts/shellIntegration-bash.sh,0.0,0.0674,5.22,0.0,0.0,0.0,0.0,0.0,1,sleeping,io
2026-09-22T13:39:22,1424,2,SessionLeader,/init,0.0,0.0142,1.1,0.0,0.0,0.0,0.0,0.0,1,sleeping,io
2026-09-22T13:39:22,1425,1424,Relay(1426),/init,0.0,0.0143,1.11,0.0,0.0,0.0,0.0,0.0,1,sleeping,io
2026-09-22T13:39:22,1426,1425,bash,-bash,0.0,0.0665,5.15,0.0,0.0,0.0,0.0,0.0,1,sleeping,io
2026-09-22T13:39:22,4147,770,pet,/home/rohan/.vscode-server/extensions/ms-python.vscode-python-envs-1.37.2026092101-linux-x64/python-env-tools/bin/pet server,0.0,0.0749,5.8,0.0,0.0,0.0,0.0,0.0,21,sleeping,io
2026-09-22T13:39:22,4156,833,bash,/bin/bash --init-file /home/rohan/.vscode-server/bin/7debcd0e2acdea1c52de81bf9ee1620444407dda/out/vs/workbench/contrib/terminal/common/scripts/shellIntegration-bash.sh,0.0,0.0664,5.15,0.0,0.0,0.0,0.0,0.0,1,sleeping,io
2026-09-22T13:39:22,4295,770,MainThread,/home/rohan/.vscode-server/bin/7debcd0e2acdea1c52de81bf9ee1620444407dda/node /home/rohan/.vscode-server/extensions/ms-python.vscode-pylance-2026.3.105/dist/server.bundle.js --cancellationReceive=file:2bc56d7a41ee8749874d0000b75c5745f8ddf88b1a --node-ipc --clientProcessId=770,1.0,8.4534,655.02,0.0,0.0,2.99,0.0,0.0,9,sleeping,io
2026-09-22T13:39:22,5890,2,SessionLeader,/init,0.0,0.0142,1.1,0.0,0.0,0.0,0.0,0.0,1,sleeping,io
2026-09-22T13:39:22,5891,5890,Relay(5896),/init,0.0,0.0143,1.11,0.0,0.0,0.5,0.0,0.0,1,sleeping,io
2026-09-22T13:39:22,5896,5891,bash,-bash,0.0,0.0669,5.18,0.0,0.0,0.0,0.0,0.0,1,sleeping,io
2026-09-22T13:39:22,6172,2,SessionLeader,/init,0.0,0.0142,1.1,0.0,0.0,0.0,0.0,0.0,1,sleeping,io
2026-09-22T13:39:22,6173,6172,Relay(6174),/init,0.0,0.0143,1.11,0.0,0.0,0.0,0.0,0.0,1,sleeping,io
2026-09-22T13:39:22,6174,6173,bash,-bash,0.0,0.0666,5.16,0.0,0.0,0.0,0.0,0.0,1,sleeping,io
2026-09-22T13:39:22,6941,2,SessionLeader,/init,0.0,0.0142,1.1,0.0,0.0,0.0,0.0,0.0,1,sleeping,io
2026-09-22T13:39:22,6943,6941,Relay(6945),/init,0.0,0.0143,1.11,0.0,0.0,0.0,0.0,0.0,1,sleeping,io
2026-09-22T13:39:22,6945,6943,bash,-bash,0.0,0.0667,5.17,0.0,0.0,0.0,0.0,0.0,1,sleeping,io
2026-09-22T13:39:22,8650,2,SessionLeader,/init,0.0,0.0142,1.1,0.0,0.0,0.0,0.0,0.0,1,sleeping,io
2026-09-22T13:39:22,8652,8650,Relay(8654),/init,0.0,0.0143,1.11,0.0,0.0,0.0,0.0,0.0,1,sleeping,io
2026-09-22T13:39:22,8654,8652,bash,-bash,0.0,0.0688,5.33,0.0,0.0,0.0,0.0,0.0,1,sleeping,io
2026-09-22T13:39:22,8853,2,SessionLeader,/init,0.0,0.0142,1.1,0.0,0.0,0.0,0.0,0.0,1,sleeping,io
2026-09-22T13:39:22,8854,8853,Relay(8858),/init,0.0,0.0143,1.11,0.0,0.0,0.0,0.0,0.0,1,sleeping,io
2026-09-22T13:39:22,8858,8854,bash,-bash,0.0,0.0681,5.27,0.0,0.0,0.0,0.0,0.0,1,sleeping,io
2026-09-22T13:39:22,15760,2,SessionLeader,/init,0.0,0.0142,1.1,0.0,0.0,0.0,0.0,0.0,1,sleeping,io
2026-09-22T13:39:22,15762,15760,Relay(15767),/init,0.0,0.0143,1.11,0.0,0.0,0.0,0.0,0.0,1,sleeping,io
2026-09-22T13:39:22,15767,15762,bash,-bash,0.0,0.0696,5.39,0.0,0.0,0.0,0.0,0.0,1,sleeping,io
2026-09-22T13:39:22,15903,2,SessionLeader,/init,0.0,0.0142,1.1,0.0,0.0,0.0,0.0,0.0,1,sleeping,io
2026-09-22T13:39:22,15904,15903,Relay(15909),/init,0.0,0.0143,1.11,0.0,0.0,0.0,0.0,0.0,1,sleeping,io
2026-09-22T13:39:22,15909,15904,bash,-bash,0.0,0.0699,5.42,0.0,0.0,0.0,0.0,0.0,1,sleeping,io
2026-09-22T13:39:22,20518,1,wsl-pro-service,/usr/libexec/wsl-pro-service,0.0,0.1491,11.55,0.0,0.0,0.0,0.0,0.0,8,sleeping,io
2026-09-22T13:39:22,21891,6945,python,python workloads/io/io_workload.py,5.0,0.1304,10.11,2043.93,61743080.9,121.76,0.0,0.0,1,disk-sleep,io
2026-09-22T13:39:24,1,0,systemd,/sbin/init,0.0,0.1667,12.91,0.0,0.0,0.0,0.0,0.0,1,sleeping,io
2026-09-22T13:39:24,2,1,init-systemd(Ub,/init,0.0,0.0279,2.16,0.0,0.0,0.0,0.0,0.0,2,sleeping,io
2026-09-22T13:39:24,7,2,init,plan9 --control-socket 7 --log-level 4 --server-fd 8 --pipe-fd 10 --log-truncate,0.0,0.0268,2.08,0.0,0.0,0.0,0.0,0.0,2,sleeping,io
2026-09-22T13:39:24,43,1,systemd-journald,/usr/lib/systemd/systemd-journald,0.0,0.2004,15.53,0.0,0.0,0.0,0.0,0.0,1,sleeping,io
2026-09-22T13:39:24,98,1,systemd-udevd,/usr/lib/systemd/systemd-udevd,0.0,0.0799,6.19,0.0,0.0,0.0,0.0,0.0,1,sleeping,io
2026-09-22T13:39:24,177,1,systemd-resolved,/usr/lib/systemd/systemd-resolved,0.0,0.1656,12.83,0.0,0.0,0.0,0.0,0.0,1,sleeping,io
2026-09-22T13:39:24,178,1,systemd-timesyncd,/usr/lib/systemd/systemd-timesyncd,0.0,0.1002,7.77,0.0,0.0,0.0,0.0,0.0,2,sleeping,io
2026-09-22T13:39:24,188,1,cron,/usr/sbin/cron -f -P,0.0,0.0338,2.62,0.0,0.0,0.0,0.0,0.0,1,sleeping,io
2026-09-22T13:39:24,189,1,dbus-daemon,@dbus-daemon --system --address=systemd: --nofork --nopidfile --systemd-activation --syslog-only,0.0,0.0669,5.18,0.0,0.0,0.0,0.0,0.0,1,sleeping,io
2026-09-22T13:39:24,203,1,systemd-logind,/usr/lib/systemd/systemd-logind,0.0,0.1112,8.62,0.0,0.0,0.0,0.0,0.0,1,sleeping,io
2026-09-22T13:39:24,217,1,agetty,/sbin/agetty -o -p -- \u --noclear - linux,0.0,0.0249,1.93,0.0,0.0,0.0,0.0,0.0,1,sleeping,io
2026-09-22T13:39:24,223,1,rsyslogd,/usr/sbin/rsyslogd -n -iNONE,0.0,0.0758,5.87,0.0,0.0,0.0,0.0,0.0,4,sleeping,io
2026-09-22T13:39:24,236,1,unattended-upgr,/usr/bin/python3 /usr/share/unattended-upgrades/unattended-upgrade-shutdown --wait-for-signal,0.0,0.2778,21.53,0.0,0.0,0.0,0.0,0.0,2,sleeping,io
2026-09-22T13:39:24,256,1,apache2,/usr/sbin/apache2 -k start,0.0,0.0634,4.91,0.0,0.0,1.0,0.0,0.0,1,sleeping,io
2026-09-22T13:39:24,257,256,apache2,/usr/sbin/apache2 -k start,0.0,0.0734,5.69,0.0,0.0,0.0,0.0,0.0,27,sleeping,io
2026-09-22T13:39:24,259,256,apache2,/usr/sbin/apache2 -k start,0.0,0.0734,5.69,0.0,0.0,0.0,0.0,0.0,27,sleeping,io
2026-09-22T13:39:24,386,2,login,/bin/login -f      ,0.0,0.0587,4.55,0.0,0.0,0.0,0.0,0.0,1,sleeping,io
2026-09-22T13:39:24,429,1,systemd,/usr/lib/systemd/systemd --user,0.0,0.145,11.24,0.0,0.0,0.0,0.0,0.0,1,sleeping,io
2026-09-22T13:39:24,430,429,(sd-pam),(sd-pam),0.0,0.0451,3.49,0.0,0.0,0.0,0.0,0.0,1,sleeping,io
2026-09-22T13:39:24,452,386,bash,-bash,0.0,0.0643,4.98,0.0,0.0,0.0,0.0,0.0,1,sleeping,io
2026-09-22T13:39:24,486,2,SessionLeader,/init,0.0,0.0142,1.1,0.0,0.0,0.0,0.0,0.0,1,sleeping,io
2026-09-22T13:39:24,487,486,Relay(488),/init,0.0,0.0159,1.23,0.0,0.0,0.0,0.0,0.0,1,sleeping,io
2026-09-22T13:39:24,488,487,bash,-bash,0.0,0.0666,5.16,0.0,0.0,0.0,0.0,0.0,1,sleeping,io
2026-09-22T13:39:24,696,2,SessionLeader,/init,0.0,0.0143,1.11,0.0,0.0,0.0,0.0,0.0,1,sleeping,io
2026-09-22T13:39:24,697,696,Relay(698),/init,0.0,0.0152,1.18,0.0,0.0,0.0,0.0,0.0,1,sleeping,io
2026-09-22T13:39:24,698,697,sh,"sh -c ""$VSCODE_WSL_EXT_LOCATION/scripts/wslServer.sh"" 7debcd0e2acdea1c52de81bf9ee1620444407dda stable code-server .vscode-server --host=127.0.0.1 --port=0 --connection-token=826864117-4248089396-2109865724-2149592531 --use-host-proxy --without-browser-env-var --disable-websocket-compression --accept-server-license-terms --telemetry-level=all",0.0,0.024,1.86,0.0,0.0,0.0,0.0,0.0,1,sleeping,io
2026-09-22T13:39:24,699,698,sh,sh /mnt/c/Users/Rohan/.vscode/extensions/ms-vscode-remote.remote-wsl-0.104.3/scripts/wslServer.sh 7debcd0e2acdea1c52de81bf9ee1620444407dda stable code-server .vscode-server --host=127.0.0.1 --port=0 --connection-token=826864117-4248089396-2109865724-2149592531 --use-host-proxy --without-browser-env-var --disable-websocket-compression --accept-server-license-terms --telemetry-level=all,0.0,0.0251,1.95,0.0,0.0,0.0,0.0,0.0,1,sleeping,io
2026-09-22T13:39:24,705,699,sh,sh /home/rohan/.vscode-server/bin/7debcd0e2acdea1c52de81bf9ee1620444407dda/bin/code-server --host=127.0.0.1 --port=0 --connection-token=826864117-4248089396-2109865724-2149592531 --use-host-proxy --without-browser-env-var --disable-websocket-compression --accept-server-license-terms --telemetry-level=all,0.0,0.025,1.93,0.0,0.0,0.0,0.0,0.0,1,sleeping,io
2026-09-22T13:39:24,709,705,MainThread,/home/rohan/.vscode-server/bin/7debcd0e2acdea1c52de81bf9ee1620444407dda/node /home/rohan/.vscode-server/bin/7debcd0e2acdea1c52de81bf9ee1620444407dda/out/server-main.js --host=127.0.0.1 --port=0 --connection-token=826864117-4248089396-2109865724-2149592531 --use-host-proxy --without-browser-env-var --disable-websocket-compression --accept-server-license-terms --telemetry-level=all,0.5,2.2866,177.18,0.0,0.0,6.97,0.0,0.0,11,sleeping,io
2026-09-22T13:39:24,721,2,SessionLeader,/init,0.0,0.0143,1.11,0.0,0.0,0.0,0.0,0.0,1,sleeping,io
2026-09-22T13:39:24,722,721,Relay(723),/init,0.0,0.0152,1.18,0.0,0.0,2.99,0.0,0.0,1,sleeping,io
2026-09-22T13:39:24,723,722,MainThread,"/home/rohan/.vscode-server/bin/7debcd0e2acdea1c52de81bf9ee1620444407dda/node -e const net = require('net'); process.stdin.pause(); const client = net.createConnection({ host: '127.0.0.1', port: 44115 }, () => { client.pipe(process.stdout); process.stdin.pipe(client); }); client.on('close', function (hadError) { console.error(hadError ? 'Remote close with error' : 'Remote close'); process.exit(hadError ? 1 : 0); }); client.on('error', function (err) { process.stderr.write(err && (err.stack || err.message) || String(err)); });",0.0,0.8724,67.6,0.0,0.0,2.99,0.0,0.0,7,sleeping,io
2026-09-22T13:39:24,730,2,SessionLeader,/init,0.0,0.0143,1.11,0.0,0.0,0.0,0.0,0.0,1,sleeping,io
2026-09-22T13:39:24,731,730,Relay(732),/init,0.0,0.0152,1.18,0.0,0.0,4.98,0.0,0.0,1,sleeping,io
2026-09-22T13:39:24,732,731,MainThread,"/home/rohan/.vscode-server/bin/7debcd0e2acdea1c52de81bf9ee1620444407dda/node -e const net = require('net'); process.stdin.pause(); const client = net.createConnection({ host: '127.0.0.1', port: 44115 }, () => { client.pipe(process.stdout); process.stdin.pipe(client); }); client.on('close', function (hadError) { console.error(hadError ? 'Remote close with error' : 'Remote close'); process.exit(hadError ? 1 : 0); }); client.on('error', function (err) { process.stderr.write(err && (err.stack || err.message) || String(err)); });",0.0,0.7846,60.79,0.0,0.0,4.98,0.0,0.0,7,sleeping,io
2026-09-22T13:39:24,743,709,MainThread,/home/rohan/.vscode-server/bin/7debcd0e2acdea1c52de81bf9ee1620444407dda/node /home/rohan/.vscode-server/bin/7debcd0e2acdea1c52de81bf9ee1620444407dda/out/bootstrap-fork --type=fileWatcher,1.5,0.8758,67.86,0.0,0.0,6.97,0.5,0.0,13,sleeping,io
2026-09-22T13:39:24,769,709,MainThread,/home/rohan/.vscode-server/bin/7debcd0e2acdea1c52de81bf9ee1620444407dda/node /home/rohan/.vscode-server/bin/7debcd0e2acdea1c52de81bf9ee1620444407dda/out/bootstrap-fork --type=agentHost --logsPath /home/rohan/.vscode-server/data/logs/20260922T120228 --user-data-dir /home/rohan/.vscode-server/data --telemetry-level all,0.0,1.7798,137.91,0.0,0.0,0.0,0.0,0.0,11,sleeping,io
2026-09-22T13:39:24,770,709,MainThread,/home/rohan/.vscode-server/bin/7debcd0e2acdea1c52de81bf9ee1620444407dda/node --dns-result-order=ipv4first /home/rohan/.vscode-server/bin/7debcd0e2acdea1c52de81bf9ee1620444407dda/out/bootstrap-fork --type=extensionHost --transformURIs --useHostProxy=true,1.5,6.7966,526.64,0.0,0.0,195.67,1414.47,0.0,32,sleeping,io
2026-09-22T13:39:24,811,769,MainThread,/home/rohan/.vscode-server/bin/7debcd0e2acdea1c52de81bf9ee1620444407dda/node /home/rohan/.vscode-server/bin/7debcd0e2acdea1c52de81bf9ee1620444407dda/node_modules/@github/copilot-linux-x64/index.js --headless --no-auto-update --log-level info --stdio --no-auto-login,0.0,3.3565,260.08,0.0,0.0,0.0,0.0,0.0,44,sleeping,io
2026-09-22T13:39:24,812,770,MainThread,/home/rohan/.vscode-server/bin/7debcd0e2acdea1c52de81bf9ee1620444407dda/node /home/rohan/.vscode-server/bin/7debcd0e2acdea1c52de81bf9ee1620444407dda/extensions/markdown-language-features/dist/serverWorkerMain --node-ipc --clientProcessId=770,0.0,0.994,77.02,0.0,0.0,0.5,0.0,0.0,7,sleeping,io
2026-09-22T13:39:24,833,709,MainThread,/home/rohan/.vscode-server/bin/7debcd0e2acdea1c52de81bf9ee1620444407dda/node /home/rohan/.vscode-server/bin/7debcd0e2acdea1c52de81bf9ee1620444407dda/out/bootstrap-fork --type=ptyHost --logsPath /home/rohan/.vscode-server/data/logs/20260922T120228,0.0,0.9761,75.63,0.0,0.0,6.97,0.0,0.0,13,sleeping,io
2026-09-22T13:39:24,964,833,bash,/bin/bash --init-file /home/rohan/.vscode-server/bin/7debcd0e2acdea1c52de81bf9ee1620444407dda/out/vs/workbench/contrib/terminal/common/scripts/shellIntegration-bash.sh,0.0,0.0674,5.22,0.0,0.0,0.0,0.0,0.0,1,sleeping,io
2026-09-22T13:39:24,1424,2,SessionLeader,/init,0.0,0.0142,1.1,0.0,0.0,0.0,0.0,0.0,1,sleeping,io
2026-09-22T13:39:24,1425,1424,Relay(1426),/init,0.0,0.0143,1.11,0.0,0.0,0.0,0.0,0.0,1,sleeping,io
2026-09-22T13:39:24,1426,1425,bash,-bash,0.0,0.0665,5.15,0.0,0.0,0.0,0.0,0.0,1,sleeping,io
2026-09-22T13:39:24,4147,770,pet,/home/rohan/.vscode-server/extensions/ms-python.vscode-python-envs-1.37.2026092101-linux-x64/python-env-tools/bin/pet server,0.0,0.0749,5.8,0.0,0.0,0.0,0.0,0.0,21,sleeping,io
2026-09-22T13:39:24,4156,833,bash,/bin/bash --init-file /home/rohan/.vscode-server/bin/7debcd0e2acdea1c52de81bf9ee1620444407dda/out/vs/workbench/contrib/terminal/common/scripts/shellIntegration-bash.sh,0.0,0.0664,5.15,0.0,0.0,0.0,0.0,0.0,1,sleeping,io
2026-09-22T13:39:24,4295,770,MainThread,/home/rohan/.vscode-server/bin/7debcd0e2acdea1c52de81bf9ee1620444407dda/node /home/rohan/.vscode-server/extensions/ms-python.vscode-pylance-2026.3.105/dist/server.bundle.js --cancellationReceive=file:2bc56d7a41ee8749874d0000b75c5745f8ddf88b1a --node-ipc --clientProcessId=770,0.0,8.4534,655.02,0.0,0.0,2.49,0.0,0.0,9,sleeping,io
2026-09-22T13:39:24,5890,2,SessionLeader,/init,0.0,0.0142,1.1,0.0,0.0,0.0,0.0,0.0,1,sleeping,io
2026-09-22T13:39:24,5891,5890,Relay(5896),/init,0.0,0.0143,1.11,0.0,0.0,0.5,0.0,0.0,1,sleeping,io
2026-09-22T13:39:24,5896,5891,bash,-bash,0.0,0.0669,5.18,0.0,0.0,0.0,0.0,0.0,1,sleeping,io
2026-09-22T13:39:24,6172,2,SessionLeader,/init,0.0,0.0142,1.1,0.0,0.0,0.0,0.0,0.0,1,sleeping,io
2026-09-22T13:39:24,6173,6172,Relay(6174),/init,0.0,0.0143,1.11,0.0,0.0,0.0,0.0,0.0,1,sleeping,io
2026-09-22T13:39:24,6174,6173,bash,-bash,0.0,0.0666,5.16,0.0,0.0,0.0,0.0,0.0,1,sleeping,io
2026-09-22T13:39:24,6941,2,SessionLeader,/init,0.0,0.0142,1.1,0.0,0.0,0.0,0.0,0.0,1,sleeping,io
2026-09-22T13:39:24,6943,6941,Relay(6945),/init,0.0,0.0143,1.11,0.0,0.0,0.0,0.0,0.0,1,sleeping,io
2026-09-22T13:39:24,6945,6943,bash,-bash,0.0,0.0667,5.17,0.0,0.0,0.0,0.0,0.0,1,sleeping,io
2026-09-22T13:39:24,8650,2,SessionLeader,/init,0.0,0.0142,1.1,0.0,0.0,0.0,0.0,0.0,1,sleeping,io
2026-09-22T13:39:24,8652,8650,Relay(8654),/init,0.0,0.0143,1.11,0.0,0.0,0.0,0.0,0.0,1,sleeping,io
2026-09-22T13:39:24,8654,8652,bash,-bash,0.0,0.0688,5.33,0.0,0.0,0.0,0.0,0.0,1,sleeping,io
2026-09-22T13:39:24,8853,2,SessionLeader,/init,0.0,0.0142,1.1,0.0,0.0,0.0,0.0,0.0,1,sleeping,io
2026-09-22T13:39:24,8854,8853,Relay(8858),/init,0.0,0.0143,1.11,0.0,0.0,0.0,0.0,0.0,1,sleeping,io
2026-09-22T13:39:24,8858,8854,bash,-bash,0.0,0.0681,5.27,0.0,0.0,0.0,0.0,0.0,1,sleeping,io
2026-09-22T13:39:24,15760,2,SessionLeader,/init,0.0,0.0142,1.1,0.0,0.0,0.0,0.0,0.0,1,sleeping,io
2026-09-22T13:39:24,15762,15760,Relay(15767),/init,0.0,0.0143,1.11,0.0,0.0,0.0,0.0,0.0,1,sleeping,io
2026-09-22T13:39:24,15767,15762,bash,-bash,0.0,0.0696,5.39,0.0,0.0,0.0,0.0,0.0,1,sleeping,io
2026-09-22T13:39:24,15903,2,SessionLeader,/init,0.0,0.0142,1.1,0.0,0.0,0.0,0.0,0.0,1,sleeping,io
2026-09-22T13:39:24,15904,15903,Relay(15909),/init,0.0,0.0143,1.11,0.0,0.0,0.0,0.0,0.0,1,sleeping,io
2026-09-22T13:39:24,15909,15904,bash,-bash,0.0,0.0699,5.42,0.0,0.0,0.0,0.0,0.0,1,sleeping,io
2026-09-22T13:39:24,20518,1,wsl-pro-service,/usr/libexec/wsl-pro-service,0.0,0.1491,11.55,0.0,0.0,0.0,0.0,0.0,8,sleeping,io
2026-09-22T13:39:24,21891,6945,python,python workloads/io/io_workload.py,5.5,0.1304,10.11,2039.34,71001652.91,135.42,0.0,0.0,1,disk-sleep,io
2026-09-22T13:39:26,1,0,systemd,/sbin/init,0.0,0.1667,12.91,0.0,0.0,0.98,0.0,0.0,1,sleeping,io
2026-09-22T13:39:26,2,1,init-systemd(Ub,/init,0.0,0.0279,2.16,0.0,0.0,0.0,0.0,0.0,2,sleeping,io
2026-09-22T13:39:26,7,2,init,plan9 --control-socket 7 --log-level 4 --server-fd 8 --pipe-fd 10 --log-truncate,0.0,0.0268,2.08,0.0,0.0,0.0,0.0,0.0,2,sleeping,io
2026-09-22T13:39:26,43,1,systemd-journald,/usr/lib/systemd/systemd-journald,1.0,0.2004,15.53,0.0,0.0,8.34,900.22,1.47,1,sleeping,io
2026-09-22T13:39:26,98,1,systemd-udevd,/usr/lib/systemd/systemd-udevd,0.0,0.0799,6.19,0.0,0.0,0.0,0.0,0.0,1,sleeping,io
2026-09-22T13:39:26,177,1,systemd-resolved,/usr/lib/systemd/systemd-resolved,0.0,0.1656,12.83,0.0,0.0,0.98,0.0,0.0,1,sleeping,io
2026-09-22T13:39:26,178,1,systemd-timesyncd,/usr/lib/systemd/systemd-timesyncd,0.0,0.1002,7.77,0.0,0.0,0.98,0.0,0.0,2,sleeping,io
2026-09-22T13:39:26,188,1,cron,/usr/sbin/cron -f -P,0.0,0.0338,2.62,0.0,0.0,0.0,0.0,0.0,1,sleeping,io
2026-09-22T13:39:26,189,1,dbus-daemon,@dbus-daemon --system --address=systemd: --nofork --nopidfile --systemd-activation --syslog-only,0.5,0.0669,5.18,0.0,0.0,1.47,0.0,0.0,1,sleeping,io
2026-09-22T13:39:26,203,1,systemd-logind,/usr/lib/systemd/systemd-logind,0.0,0.1112,8.62,0.0,0.0,7.86,0.0,0.0,1,sleeping,io
2026-09-22T13:39:26,217,1,agetty,/sbin/agetty -o -p -- \u --noclear - linux,0.0,0.0249,1.93,0.0,0.0,0.0,0.0,0.0,1,sleeping,io
2026-09-22T13:39:26,223,1,rsyslogd,/usr/sbin/rsyslogd -n -iNONE,0.0,0.0758,5.87,0.0,0.0,0.0,0.0,0.0,4,sleeping,io
2026-09-22T13:39:26,236,1,unattended-upgr,/usr/bin/python3 /usr/share/unattended-upgrades/unattended-upgrade-shutdown --wait-for-signal,0.0,0.2778,21.53,0.0,0.0,0.0,0.0,0.0,2,sleeping,io
2026-09-22T13:39:26,256,1,apache2,/usr/sbin/apache2 -k start,0.0,0.0634,4.91,0.0,0.0,0.98,0.0,0.0,1,sleeping,io
2026-09-22T13:39:26,257,256,apache2,/usr/sbin/apache2 -k start,0.0,0.0734,5.69,0.0,0.0,0.0,0.0,0.0,27,sleeping,io
2026-09-22T13:39:26,259,256,apache2,/usr/sbin/apache2 -k start,0.0,0.0734,5.69,0.0,0.0,0.0,0.0,0.0,27,sleeping,io
2026-09-22T13:39:26,386,2,login,/bin/login -f      ,0.0,0.0587,4.55,0.0,0.0,0.0,0.0,0.0,1,sleeping,io
2026-09-22T13:39:26,429,1,systemd,/usr/lib/systemd/systemd --user,0.0,0.145,11.24,0.0,0.0,0.98,0.0,0.0,1,sleeping,io
2026-09-22T13:39:26,430,429,(sd-pam),(sd-pam),0.0,0.0451,3.49,0.0,0.0,0.0,0.0,0.0,1,sleeping,io
2026-09-22T13:39:26,452,386,bash,-bash,0.0,0.0643,4.98,0.0,0.0,0.0,0.0,0.0,1,sleeping,io
2026-09-22T13:39:26,486,2,SessionLeader,/init,0.0,0.0142,1.1,0.0,0.0,0.0,0.0,0.0,1,sleeping,io
2026-09-22T13:39:26,487,486,Relay(488),/init,0.0,0.0159,1.23,0.0,0.0,0.0,0.0,0.0,1,sleeping,io
2026-09-22T13:39:26,488,487,bash,-bash,0.0,0.0666,5.16,0.0,0.0,0.0,0.0,0.0,1,sleeping,io
2026-09-22T13:39:26,696,2,SessionLeader,/init,0.0,0.0143,1.11,0.0,0.0,0.0,0.0,0.0,1,sleeping,io
2026-09-22T13:39:26,697,696,Relay(698),/init,0.0,0.0152,1.18,0.0,0.0,0.0,0.0,0.0,1,sleeping,io
2026-09-22T13:39:26,698,697,sh,"sh -c ""$VSCODE_WSL_EXT_LOCATION/scripts/wslServer.sh"" 7debcd0e2acdea1c52de81bf9ee1620444407dda stable code-server .vscode-server --host=127.0.0.1 --port=0 --connection-token=826864117-4248089396-2109865724-2149592531 --use-host-proxy --without-browser-env-var --disable-websocket-compression --accept-server-license-terms --telemetry-level=all",0.0,0.024,1.86,0.0,0.0,0.0,0.0,0.0,1,sleeping,io
2026-09-22T13:39:26,699,698,sh,sh /mnt/c/Users/Rohan/.vscode/extensions/ms-vscode-remote.remote-wsl-0.104.3/scripts/wslServer.sh 7debcd0e2acdea1c52de81bf9ee1620444407dda stable code-server .vscode-server --host=127.0.0.1 --port=0 --connection-token=826864117-4248089396-2109865724-2149592531 --use-host-proxy --without-browser-env-var --disable-websocket-compression --accept-server-license-terms --telemetry-level=all,0.0,0.0251,1.95,0.0,0.0,0.0,0.0,0.0,1,sleeping,io
2026-09-22T13:39:26,705,699,sh,sh /home/rohan/.vscode-server/bin/7debcd0e2acdea1c52de81bf9ee1620444407dda/bin/code-server --host=127.0.0.1 --port=0 --connection-token=826864117-4248089396-2109865724-2149592531 --use-host-proxy --without-browser-env-var --disable-websocket-compression --accept-server-license-terms --telemetry-level=all,0.0,0.025,1.93,0.0,0.0,0.0,0.0,0.0,1,sleeping,io
2026-09-22T13:39:26,709,705,MainThread,/home/rohan/.vscode-server/bin/7debcd0e2acdea1c52de81bf9ee1620444407dda/node /home/rohan/.vscode-server/bin/7debcd0e2acdea1c52de81bf9ee1620444407dda/out/server-main.js --host=127.0.0.1 --port=0 --connection-token=826864117-4248089396-2109865724-2149592531 --use-host-proxy --without-browser-env-var --disable-websocket-compression --accept-server-license-terms --telemetry-level=all,0.0,2.2866,177.18,0.0,0.0,9.82,0.0,0.0,11,sleeping,io
2026-09-22T13:39:26,721,2,SessionLeader,/init,0.0,0.0143,1.11,0.0,0.0,0.0,0.0,0.0,1,sleeping,io
2026-09-22T13:39:26,722,721,Relay(723),/init,0.0,0.0152,1.18,0.0,0.0,3.44,0.0,0.0,1,sleeping,io
2026-09-22T13:39:26,723,722,MainThread,"/home/rohan/.vscode-server/bin/7debcd0e2acdea1c52de81bf9ee1620444407dda/node -e const net = require('net'); process.stdin.pause(); const client = net.createConnection({ host: '127.0.0.1', port: 44115 }, () => { client.pipe(process.stdout); process.stdin.pipe(client); }); client.on('close', function (hadError) { console.error(hadError ? 'Remote close with error' : 'Remote close'); process.exit(hadError ? 1 : 0); }); client.on('error', function (err) { process.stderr.write(err && (err.stack || err.message) || String(err)); });",0.0,0.8724,67.6,0.0,0.0,3.44,0.0,0.0,7,sleeping,io
2026-09-22T13:39:26,730,2,SessionLeader,/init,0.0,0.0143,1.11,0.0,0.0,0.0,0.0,0.0,1,sleeping,io
2026-09-22T13:39:26,731,730,Relay(732),/init,0.0,0.0152,1.18,0.0,0.0,5.89,0.0,0.0,1,sleeping,io
2026-09-22T13:39:26,732,731,MainThread,"/home/rohan/.vscode-server/bin/7debcd0e2acdea1c52de81bf9ee1620444407dda/node -e const net = require('net'); process.stdin.pause(); const client = net.createConnection({ host: '127.0.0.1', port: 44115 }, () => { client.pipe(process.stdout); process.stdin.pipe(client); }); client.on('close', function (hadError) { console.error(hadError ? 'Remote close with error' : 'Remote close'); process.exit(hadError ? 1 : 0); }); client.on('error', function (err) { process.stderr.write(err && (err.stack || err.message) || String(err)); });",0.0,0.7846,60.79,0.0,0.0,5.89,0.0,0.0,7,sleeping,io
2026-09-22T13:39:26,743,709,MainThread,/home/rohan/.vscode-server/bin/7debcd0e2acdea1c52de81bf9ee1620444407dda/node /home/rohan/.vscode-server/bin/7debcd0e2acdea1c52de81bf9ee1620444407dda/out/bootstrap-fork --type=fileWatcher,1.0,0.8758,67.86,0.0,0.0,5.4,0.0,0.0,13,sleeping,io
2026-09-22T13:39:26,769,709,MainThread,/home/rohan/.vscode-server/bin/7debcd0e2acdea1c52de81bf9ee1620444407dda/node /home/rohan/.vscode-server/bin/7debcd0e2acdea1c52de81bf9ee1620444407dda/out/bootstrap-fork --type=agentHost --logsPath /home/rohan/.vscode-server/data/logs/20260922T120228 --user-data-dir /home/rohan/.vscode-server/data --telemetry-level all,0.0,1.7798,137.91,0.0,2011.38,3.44,0.0,0.0,11,sleeping,io
2026-09-22T13:39:26,770,709,MainThread,/home/rohan/.vscode-server/bin/7debcd0e2acdea1c52de81bf9ee1620444407dda/node --dns-result-order=ipv4first /home/rohan/.vscode-server/bin/7debcd0e2acdea1c52de81bf9ee1620444407dda/out/bootstrap-fork --type=extensionHost --transformURIs --useHostProxy=true,1.0,6.7966,526.65,0.0,0.0,192.99,853.95,0.0,32,sleeping,io
2026-09-22T13:39:26,811,769,MainThread,/home/rohan/.vscode-server/bin/7debcd0e2acdea1c52de81bf9ee1620444407dda/node /home/rohan/.vscode-server/bin/7debcd0e2acdea1c52de81bf9ee1620444407dda/node_modules/@github/copilot-linux-x64/index.js --headless --no-auto-update --log-level info --stdio --no-auto-login,0.0,3.3565,260.08,0.0,0.0,0.0,0.0,0.0,44,sleeping,io
2026-09-22T13:39:26,812,770,MainThread,/home/rohan/.vscode-server/bin/7debcd0e2acdea1c52de81bf9ee1620444407dda/node /home/rohan/.vscode-server/bin/7debcd0e2acdea1c52de81bf9ee1620444407dda/extensions/markdown-language-features/dist/serverWorkerMain --node-ipc --clientProcessId=770,0.0,0.994,77.02,0.0,0.0,0.0,0.0,0.0,7,sleeping,io
2026-09-22T13:39:26,833,709,MainThread,/home/rohan/.vscode-server/bin/7debcd0e2acdea1c52de81bf9ee1620444407dda/node /home/rohan/.vscode-server/bin/7debcd0e2acdea1c52de81bf9ee1620444407dda/out/bootstrap-fork --type=ptyHost --logsPath /home/rohan/.vscode-server/data/logs/20260922T120228,0.0,0.9761,75.63,0.0,0.0,7.86,0.0,0.0,13,sleeping,io
2026-09-22T13:39:26,964,833,bash,/bin/bash --init-file /home/rohan/.vscode-server/bin/7debcd0e2acdea1c52de81bf9ee1620444407dda/out/vs/workbench/contrib/terminal/common/scripts/shellIntegration-bash.sh,0.0,0.0674,5.22,0.0,0.0,0.0,0.0,0.0,1,sleeping,io
2026-09-22T13:39:26,1424,2,SessionLeader,/init,0.0,0.0142,1.1,0.0,0.0,0.0,0.0,0.0,1,sleeping,io
2026-09-22T13:39:26,1425,1424,Relay(1426),/init,0.0,0.0143,1.11,0.0,0.0,0.0,0.0,0.0,1,sleeping,io
2026-09-22T13:39:26,1426,1425,bash,-bash,0.0,0.0665,5.15,0.0,0.0,0.0,0.0,0.0,1,sleeping,io
2026-09-22T13:39:26,4147,770,pet,/home/rohan/.vscode-server/extensions/ms-python.vscode-python-envs-1.37.2026092101-linux-x64/python-env-tools/bin/pet server,0.0,0.0749,5.8,0.0,0.0,0.0,0.0,0.0,21,sleeping,io
2026-09-22T13:39:26,4156,833,bash,/bin/bash --init-file /home/rohan/.vscode-server/bin/7debcd0e2acdea1c52de81bf9ee1620444407dda/out/vs/workbench/contrib/terminal/common/scripts/shellIntegration-bash.sh,0.0,0.0664,5.15,0.0,0.0,0.0,0.0,0.0,1,sleeping,io
2026-09-22T13:39:26,4295,770,MainThread,/home/rohan/.vscode-server/bin/7debcd0e2acdea1c52de81bf9ee1620444407dda/node /home/rohan/.vscode-server/extensions/ms-python.vscode-pylance-2026.3.105/dist/server.bundle.js --cancellationReceive=file:2bc56d7a41ee8749874d0000b75c5745f8ddf88b1a --node-ipc --clientProcessId=770,0.0,8.4534,655.02,0.0,0.0,1.96,0.0,0.0,9,sleeping,io
2026-09-22T13:39:26,5890,2,SessionLeader,/init,0.0,0.0142,1.1,0.0,0.0,0.0,0.0,0.0,1,sleeping,io
2026-09-22T13:39:26,5891,5890,Relay(5896),/init,0.0,0.0143,1.11,0.0,0.0,0.49,0.0,0.0,1,sleeping,io
2026-09-22T13:39:26,5896,5891,bash,-bash,0.0,0.0669,5.18,0.0,0.0,0.0,0.0,0.0,1,sleeping,io
2026-09-22T13:39:26,6172,2,SessionLeader,/init,0.0,0.0142,1.1,0.0,0.0,0.0,0.0,0.0,1,sleeping,io
2026-09-22T13:39:26,6173,6172,Relay(6174),/init,0.0,0.0143,1.11,0.0,0.0,0.0,0.0,0.0,1,sleeping,io
2026-09-22T13:39:26,6174,6173,bash,-bash,0.0,0.0666,5.16,0.0,0.0,0.0,0.0,0.0,1,sleeping,io
2026-09-22T13:39:26,6941,2,SessionLeader,/init,0.0,0.0142,1.1,0.0,0.0,0.0,0.0,0.0,1,sleeping,io
2026-09-22T13:39:26,6943,6941,Relay(6945),/init,0.0,0.0143,1.11,0.0,0.0,0.0,0.0,0.0,1,sleeping,io
2026-09-22T13:39:26,6945,6943,bash,-bash,0.0,0.0667,5.17,0.0,0.0,0.0,0.0,0.0,1,sleeping,io
2026-09-22T13:39:26,8650,2,SessionLeader,/init,0.0,0.0142,1.1,0.0,0.0,0.0,0.0,0.0,1,sleeping,io
2026-09-22T13:39:26,8652,8650,Relay(8654),/init,0.0,0.0143,1.11,0.0,0.0,0.0,0.0,0.0,1,sleeping,io
2026-09-22T13:39:26,8654,8652,bash,-bash,0.0,0.0688,5.33,0.0,0.0,0.0,0.0,0.0,1,sleeping,io
2026-09-22T13:39:26,8853,2,SessionLeader,/init,0.0,0.0142,1.1,0.0,0.0,0.0,0.0,0.0,1,sleeping,io
2026-09-22T13:39:26,8854,8853,Relay(8858),/init,0.0,0.0143,1.11,0.0,0.0,0.0,0.0,0.0,1,sleeping,io
2026-09-22T13:39:26,8858,8854,bash,-bash,0.0,0.0681,5.27,0.0,0.0,0.0,0.0,0.0,1,sleeping,io
2026-09-22T13:39:26,15760,2,SessionLeader,/init,0.0,0.0142,1.1,0.0,0.0,0.0,0.0,0.0,1,sleeping,io
2026-09-22T13:39:26,15762,15760,Relay(15767),/init,0.0,0.0143,1.11,0.0,0.0,0.0,0.0,0.0,1,sleeping,io
2026-09-22T13:39:26,15767,15762,bash,-bash,0.0,0.0696,5.39,0.0,0.0,0.0,0.0,0.0,1,sleeping,io
2026-09-22T13:39:26,15903,2,SessionLeader,/init,0.0,0.0142,1.1,0.0,0.0,0.0,0.0,0.0,1,sleeping,io
2026-09-22T13:39:26,15904,15903,Relay(15909),/init,0.0,0.0143,1.11,0.0,0.0,0.0,0.0,0.0,1,sleeping,io
2026-09-22T13:39:26,15909,15904,bash,-bash,0.0,0.0699,5.42,0.0,0.0,0.0,0.0,0.0,1,sleeping,io
2026-09-22T13:39:26,20518,1,wsl-pro-service,/usr/libexec/wsl-pro-service,0.0,0.1491,11.55,0.0,0.0,0.0,0.0,0.0,8,sleeping,io
2026-09-22T13:39:26,21891,6945,python,python workloads/io/io_workload.py,9.0,0.1304,10.11,6033.61,146222418.98,285.77,0.0,0.0,1,disk-sleep,io
2026-09-22T13:39:28,1,0,systemd,/sbin/init,0.0,0.1667,12.91,0.0,0.0,0.0,0.0,0.0,1,sleeping,io
2026-09-22T13:39:28,2,1,init-systemd(Ub,/init,0.0,0.0279,2.16,0.0,0.0,0.0,0.0,0.0,2,sleeping,io
2026-09-22T13:39:28,7,2,init,plan9 --control-socket 7 --log-level 4 --server-fd 8 --pipe-fd 10 --log-truncate,0.0,0.0268,2.08,0.0,0.0,0.0,0.0,0.0,2,sleeping,io
2026-09-22T13:39:28,43,1,systemd-journald,/usr/lib/systemd/systemd-journald,0.0,0.2004,15.53,0.0,0.0,0.5,0.0,0.0,1,sleeping,io
2026-09-22T13:39:28,98,1,systemd-udevd,/usr/lib/systemd/systemd-udevd,0.0,0.0799,6.19,0.0,0.0,0.0,0.0,0.0,1,sleeping,io
2026-09-22T13:39:28,177,1,systemd-resolved,/usr/lib/systemd/systemd-resolved,0.0,0.1656,12.83,0.0,0.0,0.0,0.0,0.0,1,sleeping,io
2026-09-22T13:39:28,178,1,systemd-timesyncd,/usr/lib/systemd/systemd-timesyncd,0.0,0.1002,7.77,0.0,0.0,0.0,0.0,0.0,2,sleeping,io
2026-09-22T13:39:28,188,1,cron,/usr/sbin/cron -f -P,0.0,0.0338,2.62,0.0,0.0,0.0,0.0,0.0,1,sleeping,io
2026-09-22T13:39:28,189,1,dbus-daemon,@dbus-daemon --system --address=systemd: --nofork --nopidfile --systemd-activation --syslog-only,0.0,0.0669,5.18,0.0,0.0,0.0,0.0,0.0,1,sleeping,io
2026-09-22T13:39:28,203,1,systemd-logind,/usr/lib/systemd/systemd-logind,0.0,0.1112,8.62,0.0,0.0,0.0,0.0,0.0,1,sleeping,io
2026-09-22T13:39:28,217,1,agetty,/sbin/agetty -o -p -- \u --noclear - linux,0.0,0.0249,1.93,0.0,0.0,0.0,0.0,0.0,1,sleeping,io
2026-09-22T13:39:28,223,1,rsyslogd,/usr/sbin/rsyslogd -n -iNONE,0.0,0.0758,5.87,0.0,0.0,0.0,0.0,0.0,4,sleeping,io
2026-09-22T13:39:28,236,1,unattended-upgr,/usr/bin/python3 /usr/share/unattended-upgrades/unattended-upgrade-shutdown --wait-for-signal,0.0,0.2778,21.53,0.0,0.0,0.0,0.0,0.0,2,sleeping,io
2026-09-22T13:39:28,256,1,apache2,/usr/sbin/apache2 -k start,0.0,0.0634,4.91,0.0,0.0,1.0,0.0,0.0,1,sleeping,io
2026-09-22T13:39:28,257,256,apache2,/usr/sbin/apache2 -k start,0.0,0.0734,5.69,0.0,0.0,0.0,0.0,0.0,27,sleeping,io
2026-09-22T13:39:28,259,256,apache2,/usr/sbin/apache2 -k start,0.0,0.0734,5.69,0.0,0.0,0.0,0.0,0.0,27,sleeping,io
2026-09-22T13:39:28,386,2,login,/bin/login -f      ,0.0,0.0587,4.55,0.0,0.0,0.0,0.0,0.0,1,sleeping,io
2026-09-22T13:39:28,429,1,systemd,/usr/lib/systemd/systemd --user,0.0,0.145,11.24,0.0,0.0,0.0,0.0,0.0,1,sleeping,io
2026-09-22T13:39:28,430,429,(sd-pam),(sd-pam),0.0,0.0451,3.49,0.0,0.0,0.0,0.0,0.0,1,sleeping,io
2026-09-22T13:39:28,452,386,bash,-bash,0.0,0.0643,4.98,0.0,0.0,0.0,0.0,0.0,1,sleeping,io
2026-09-22T13:39:28,486,2,SessionLeader,/init,0.0,0.0142,1.1,0.0,0.0,0.0,0.0,0.0,1,sleeping,io
2026-09-22T13:39:28,487,486,Relay(488),/init,0.0,0.0159,1.23,0.0,0.0,0.0,0.0,0.0,1,sleeping,io
2026-09-22T13:39:28,488,487,bash,-bash,0.0,0.0666,5.16,0.0,0.0,0.0,0.0,0.0,1,sleeping,io
2026-09-22T13:39:28,696,2,SessionLeader,/init,0.0,0.0143,1.11,0.0,0.0,0.0,0.0,0.0,1,sleeping,io
2026-09-22T13:39:28,697,696,Relay(698),/init,0.0,0.0152,1.18,0.0,0.0,0.0,0.0,0.0,1,sleeping,io
2026-09-22T13:39:28,698,697,sh,"sh -c ""$VSCODE_WSL_EXT_LOCATION/scripts/wslServer.sh"" 7debcd0e2acdea1c52de81bf9ee1620444407dda stable code-server .vscode-server --host=127.0.0.1 --port=0 --connection-token=826864117-4248089396-2109865724-2149592531 --use-host-proxy --without-browser-env-var --disable-websocket-compression --accept-server-license-terms --telemetry-level=all",0.0,0.024,1.86,0.0,0.0,0.0,0.0,0.0,1,sleeping,io
2026-09-22T13:39:28,699,698,sh,sh /mnt/c/Users/Rohan/.vscode/extensions/ms-vscode-remote.remote-wsl-0.104.3/scripts/wslServer.sh 7debcd0e2acdea1c52de81bf9ee1620444407dda stable code-server .vscode-server --host=127.0.0.1 --port=0 --connection-token=826864117-4248089396-2109865724-2149592531 --use-host-proxy --without-browser-env-var --disable-websocket-compression --accept-server-license-terms --telemetry-level=all,0.0,0.0251,1.95,0.0,0.0,0.0,0.0,0.0,1,sleeping,io
2026-09-22T13:39:28,705,699,sh,sh /home/rohan/.vscode-server/bin/7debcd0e2acdea1c52de81bf9ee1620444407dda/bin/code-server --host=127.0.0.1 --port=0 --connection-token=826864117-4248089396-2109865724-2149592531 --use-host-proxy --without-browser-env-var --disable-websocket-compression --accept-server-license-terms --telemetry-level=all,0.0,0.025,1.93,0.0,0.0,0.0,0.0,0.0,1,sleeping,io
2026-09-22T13:39:28,709,705,MainThread,/home/rohan/.vscode-server/bin/7debcd0e2acdea1c52de81bf9ee1620444407dda/node /home/rohan/.vscode-server/bin/7debcd0e2acdea1c52de81bf9ee1620444407dda/out/server-main.js --host=127.0.0.1 --port=0 --connection-token=826864117-4248089396-2109865724-2149592531 --use-host-proxy --without-browser-env-var --disable-websocket-compression --accept-server-license-terms --telemetry-level=all,0.0,2.2866,177.18,0.0,0.0,7.97,0.0,0.0,11,sleeping,io
2026-09-22T13:39:28,721,2,SessionLeader,/init,0.0,0.0143,1.11,0.0,0.0,0.0,0.0,0.0,1,sleeping,io
2026-09-22T13:39:28,722,721,Relay(723),/init,0.0,0.0152,1.18,0.0,0.0,1.99,0.0,0.0,1,sleeping,io
2026-09-22T13:39:28,723,722,MainThread,"/home/rohan/.vscode-server/bin/7debcd0e2acdea1c52de81bf9ee1620444407dda/node -e const net = require('net'); process.stdin.pause(); const client = net.createConnection({ host: '127.0.0.1', port: 44115 }, () => { client.pipe(process.stdout); process.stdin.pipe(client); }); client.on('close', function (hadError) { console.error(hadError ? 'Remote close with error' : 'Remote close'); process.exit(hadError ? 1 : 0); }); client.on('error', function (err) { process.stderr.write(err && (err.stack || err.message) || String(err)); });",0.0,0.8724,67.6,0.0,0.0,1.99,0.0,0.0,7,sleeping,io
2026-09-22T13:39:28,730,2,SessionLeader,/init,0.0,0.0143,1.11,0.0,0.0,0.0,0.0,0.0,1,sleeping,io
2026-09-22T13:39:28,731,730,Relay(732),/init,0.0,0.0152,1.18,0.0,0.0,3.99,0.0,0.0,1,sleeping,io
2026-09-22T13:39:28,732,731,MainThread,"/home/rohan/.vscode-server/bin/7debcd0e2acdea1c52de81bf9ee1620444407dda/node -e const net = require('net'); process.stdin.pause(); const client = net.createConnection({ host: '127.0.0.1', port: 44115 }, () => { client.pipe(process.stdout); process.stdin.pipe(client); }); client.on('close', function (hadError) { console.error(hadError ? 'Remote close with error' : 'Remote close'); process.exit(hadError ? 1 : 0); }); client.on('error', function (err) { process.stderr.write(err && (err.stack || err.message) || String(err)); });",0.0,0.7846,60.79,0.0,0.0,3.99,0.0,0.0,7,sleeping,io
2026-09-22T13:39:28,743,709,MainThread,/home/rohan/.vscode-server/bin/7debcd0e2acdea1c52de81bf9ee1620444407dda/node /home/rohan/.vscode-server/bin/7debcd0e2acdea1c52de81bf9ee1620444407dda/out/bootstrap-fork --type=fileWatcher,0.5,0.8758,67.86,0.0,0.0,4.48,0.5,0.0,13,sleeping,io
2026-09-22T13:39:28,769,709,MainThread,/home/rohan/.vscode-server/bin/7debcd0e2acdea1c52de81bf9ee1620444407dda/node /home/rohan/.vscode-server/bin/7debcd0e2acdea1c52de81bf9ee1620444407dda/out/bootstrap-fork --type=agentHost --logsPath /home/rohan/.vscode-server/data/logs/20260922T120228 --user-data-dir /home/rohan/.vscode-server/data --telemetry-level all,0.0,1.7798,137.91,0.0,0.0,0.5,0.0,0.0,11,sleeping,io
2026-09-22T13:39:28,770,709,MainThread,/home/rohan/.vscode-server/bin/7debcd0e2acdea1c52de81bf9ee1620444407dda/node --dns-result-order=ipv4first /home/rohan/.vscode-server/bin/7debcd0e2acdea1c52de81bf9ee1620444407dda/out/bootstrap-fork --type=extensionHost --transformURIs --useHostProxy=true,1.5,6.7966,526.65,0.0,0.0,195.32,1358.8,0.0,32,sleeping,io
2026-09-22T13:39:28,811,769,MainThread,/home/rohan/.vscode-server/bin/7debcd0e2acdea1c52de81bf9ee1620444407dda/node /home/rohan/.vscode-server/bin/7debcd0e2acdea1c52de81bf9ee1620444407dda/node_modules/@github/copilot-linux-x64/index.js --headless --no-auto-update --log-level info --stdio --no-auto-login,0.0,3.3565,260.08,0.0,0.0,0.0,0.0,0.0,44,sleeping,io
2026-09-22T13:39:28,812,770,MainThread,/home/rohan/.vscode-server/bin/7debcd0e2acdea1c52de81bf9ee1620444407dda/node /home/rohan/.vscode-server/bin/7debcd0e2acdea1c52de81bf9ee1620444407dda/extensions/markdown-language-features/dist/serverWorkerMain --node-ipc --clientProcessId=770,0.0,0.994,77.02,0.0,0.0,1.0,0.0,0.0,7,sleeping,io
2026-09-22T13:39:28,833,709,MainThread,/home/rohan/.vscode-server/bin/7debcd0e2acdea1c52de81bf9ee1620444407dda/node /home/rohan/.vscode-server/bin/7debcd0e2acdea1c52de81bf9ee1620444407dda/out/bootstrap-fork --type=ptyHost --logsPath /home/rohan/.vscode-server/data/logs/20260922T120228,0.0,0.9761,75.63,0.0,0.0,5.98,0.0,0.0,13,sleeping,io
2026-09-22T13:39:28,964,833,bash,/bin/bash --init-file /home/rohan/.vscode-server/bin/7debcd0e2acdea1c52de81bf9ee1620444407dda/out/vs/workbench/contrib/terminal/common/scripts/shellIntegration-bash.sh,0.0,0.0674,5.22,0.0,0.0,0.0,0.0,0.0,1,sleeping,io
2026-09-22T13:39:28,1424,2,SessionLeader,/init,0.0,0.0142,1.1,0.0,0.0,0.0,0.0,0.0,1,sleeping,io
2026-09-22T13:39:28,1425,1424,Relay(1426),/init,0.0,0.0143,1.11,0.0,0.0,0.0,0.0,0.0,1,sleeping,io
2026-09-22T13:39:28,1426,1425,bash,-bash,0.0,0.0665,5.15,0.0,0.0,0.0,0.0,0.0,1,sleeping,io
2026-09-22T13:39:28,4147,770,pet,/home/rohan/.vscode-server/extensions/ms-python.vscode-python-envs-1.37.2026092101-linux-x64/python-env-tools/bin/pet server,0.0,0.0749,5.8,0.0,0.0,0.0,0.0,0.0,21,sleeping,io
2026-09-22T13:39:28,4156,833,bash,/bin/bash --init-file /home/rohan/.vscode-server/bin/7debcd0e2acdea1c52de81bf9ee1620444407dda/out/vs/workbench/contrib/terminal/common/scripts/shellIntegration-bash.sh,0.0,0.0664,5.15,0.0,0.0,0.0,0.0,0.0,1,sleeping,io
2026-09-22T13:39:28,4295,770,MainThread,/home/rohan/.vscode-server/bin/7debcd0e2acdea1c52de81bf9ee1620444407dda/node /home/rohan/.vscode-server/extensions/ms-python.vscode-pylance-2026.3.105/dist/server.bundle.js --cancellationReceive=file:2bc56d7a41ee8749874d0000b75c5745f8ddf88b1a --node-ipc --clientProcessId=770,0.5,8.4534,655.02,0.0,0.0,2.49,0.0,0.0,9,sleeping,io
2026-09-22T13:39:28,5890,2,SessionLeader,/init,0.0,0.0142,1.1,0.0,0.0,0.0,0.0,0.0,1,sleeping,io
2026-09-22T13:39:28,5891,5890,Relay(5896),/init,0.0,0.0143,1.11,0.0,0.0,0.5,0.0,0.0,1,sleeping,io
2026-09-22T13:39:28,5896,5891,bash,-bash,0.0,0.0669,5.18,0.0,0.0,0.0,0.0,0.0,1,sleeping,io
2026-09-22T13:39:28,6172,2,SessionLeader,/init,0.0,0.0142,1.1,0.0,0.0,0.0,0.0,0.0,1,sleeping,io
2026-09-22T13:39:28,6173,6172,Relay(6174),/init,0.0,0.0143,1.11,0.0,0.0,0.0,0.0,0.0,1,sleeping,io
2026-09-22T13:39:28,6174,6173,bash,-bash,0.0,0.0666,5.16,0.0,0.0,0.0,0.0,0.0,1,sleeping,io
2026-09-22T13:39:28,6941,2,SessionLeader,/init,0.0,0.0142,1.1,0.0,0.0,0.0,0.0,0.0,1,sleeping,io
2026-09-22T13:39:28,6943,6941,Relay(6945),/init,0.0,0.0143,1.11,0.0,0.0,0.0,0.0,0.0,1,sleeping,io
2026-09-22T13:39:28,6945,6943,bash,-bash,0.0,0.0667,5.17,0.0,0.0,0.0,0.0,0.0,1,sleeping,io
2026-09-22T13:39:28,8650,2,SessionLeader,/init,0.0,0.0142,1.1,0.0,0.0,0.0,0.0,0.0,1,sleeping,io
2026-09-22T13:39:28,8652,8650,Relay(8654),/init,0.0,0.0143,1.11,0.0,0.0,0.0,0.0,0.0,1,sleeping,io
2026-09-22T13:39:28,8654,8652,bash,-bash,0.0,0.0688,5.33,0.0,0.0,0.0,0.0,0.0,1,sleeping,io
2026-09-22T13:39:28,8853,2,SessionLeader,/init,0.0,0.0142,1.1,0.0,0.0,0.0,0.0,0.0,1,sleeping,io
2026-09-22T13:39:28,8854,8853,Relay(8858),/init,0.0,0.0143,1.11,0.0,0.0,0.0,0.0,0.0,1,sleeping,io
2026-09-22T13:39:28,8858,8854,bash,-bash,0.0,0.0681,5.27,0.0,0.0,0.0,0.0,0.0,1,sleeping,io
2026-09-22T13:39:28,15760,2,SessionLeader,/init,0.0,0.0142,1.1,0.0,0.0,0.0,0.0,0.0,1,sleeping,io
2026-09-22T13:39:28,15762,15760,Relay(15767),/init,0.0,0.0143,1.11,0.0,0.0,0.0,0.0,0.0,1,sleeping,io
2026-09-22T13:39:28,15767,15762,bash,-bash,0.0,0.0696,5.39,0.0,0.0,0.0,0.0,0.0,1,sleeping,io
2026-09-22T13:39:28,15903,2,SessionLeader,/init,0.0,0.0142,1.1,0.0,0.0,0.0,0.0,0.0,1,sleeping,io
2026-09-22T13:39:28,15904,15903,Relay(15909),/init,0.0,0.0143,1.11,0.0,0.0,0.0,0.0,0.0,1,sleeping,io
2026-09-22T13:39:28,15909,15904,bash,-bash,0.0,0.0699,5.42,0.0,0.0,0.0,0.0,0.0,1,sleeping,io
2026-09-22T13:39:28,20518,1,wsl-pro-service,/usr/libexec/wsl-pro-service,0.0,0.1491,11.55,0.0,0.0,0.0,0.0,0.0,8,sleeping,io
2026-09-22T13:39:28,21891,6945,python,python workloads/io/io_workload.py,10.0,0.1304,10.11,6122.28,167179183.26,320.36,0.0,0.0,1,disk-sleep,io
2026-09-22T13:39:30,1,0,systemd,/sbin/init,0.0,0.1667,12.91,0.0,0.0,0.0,0.0,0.0,1,sleeping,io
2026-09-22T13:39:30,2,1,init-systemd(Ub,/init,0.0,0.0279,2.16,0.0,0.0,0.0,0.0,0.0,2,sleeping,io
2026-09-22T13:39:30,7,2,init,plan9 --control-socket 7 --log-level 4 --server-fd 8 --pipe-fd 10 --log-truncate,0.0,0.0268,2.08,0.0,0.0,0.0,0.0,0.0,2,sleeping,io
2026-09-22T13:39:30,43,1,systemd-journald,/usr/lib/systemd/systemd-journald,0.0,0.2004,15.53,0.0,0.0,0.0,0.0,0.0,1,sleeping,io
2026-09-22T13:39:30,98,1,systemd-udevd,/usr/lib/systemd/systemd-udevd,0.0,0.0799,6.19,0.0,0.0,0.0,0.0,0.0,1,sleeping,io
2026-09-22T13:39:30,177,1,systemd-resolved,/usr/lib/systemd/systemd-resolved,0.0,0.1656,12.83,0.0,0.0,0.0,0.0,0.0,1,sleeping,io
2026-09-22T13:39:30,178,1,systemd-timesyncd,/usr/lib/systemd/systemd-timesyncd,0.0,0.1002,7.77,0.0,0.0,0.0,0.0,0.0,2,sleeping,io
2026-09-22T13:39:30,188,1,cron,/usr/sbin/cron -f -P,0.0,0.0338,2.62,0.0,0.0,0.0,0.0,0.0,1,sleeping,io
2026-09-22T13:39:30,189,1,dbus-daemon,@dbus-daemon --system --address=systemd: --nofork --nopidfile --systemd-activation --syslog-only,0.0,0.0669,5.18,0.0,0.0,0.0,0.0,0.0,1,sleeping,io
2026-09-22T13:39:30,203,1,systemd-logind,/usr/lib/systemd/systemd-logind,0.0,0.1112,8.62,0.0,0.0,0.0,0.0,0.0,1,sleeping,io
2026-09-22T13:39:30,217,1,agetty,/sbin/agetty -o -p -- \u --noclear - linux,0.0,0.0249,1.93,0.0,0.0,0.0,0.0,0.0,1,sleeping,io
2026-09-22T13:39:30,223,1,rsyslogd,/usr/sbin/rsyslogd -n -iNONE,0.0,0.0758,5.87,0.0,0.0,0.0,0.0,0.0,4,sleeping,io
2026-09-22T13:39:30,236,1,unattended-upgr,/usr/bin/python3 /usr/share/unattended-upgrades/unattended-upgrade-shutdown --wait-for-signal,0.0,0.2778,21.53,0.0,0.0,0.0,0.0,0.0,2,sleeping,io
2026-09-22T13:39:30,256,1,apache2,/usr/sbin/apache2 -k start,0.0,0.0634,4.91,0.0,0.0,1.0,0.0,0.0,1,sleeping,io
2026-09-22T13:39:30,257,256,apache2,/usr/sbin/apache2 -k start,0.0,0.0734,5.69,0.0,0.0,0.0,0.0,0.0,27,sleeping,io
2026-09-22T13:39:30,259,256,apache2,/usr/sbin/apache2 -k start,0.0,0.0734,5.69,0.0,0.0,0.0,0.0,0.0,27,sleeping,io
2026-09-22T13:39:30,386,2,login,/bin/login -f      ,0.0,0.0587,4.55,0.0,0.0,0.0,0.0,0.0,1,sleeping,io
2026-09-22T13:39:30,429,1,systemd,/usr/lib/systemd/systemd --user,0.0,0.145,11.24,0.0,0.0,0.0,0.0,0.0,1,sleeping,io
2026-09-22T13:39:30,430,429,(sd-pam),(sd-pam),0.0,0.0451,3.49,0.0,0.0,0.0,0.0,0.0,1,sleeping,io
2026-09-22T13:39:30,452,386,bash,-bash,0.0,0.0643,4.98,0.0,0.0,0.0,0.0,0.0,1,sleeping,io
2026-09-22T13:39:30,486,2,SessionLeader,/init,0.0,0.0142,1.1,0.0,0.0,0.0,0.0,0.0,1,sleeping,io
2026-09-22T13:39:30,487,486,Relay(488),/init,0.0,0.0159,1.23,0.0,0.0,0.0,0.0,0.0,1,sleeping,io
2026-09-22T13:39:30,488,487,bash,-bash,0.0,0.0666,5.16,0.0,0.0,0.0,0.0,0.0,1,sleeping,io
2026-09-22T13:39:30,696,2,SessionLeader,/init,0.0,0.0143,1.11,0.0,0.0,0.0,0.0,0.0,1,sleeping,io
2026-09-22T13:39:30,697,696,Relay(698),/init,0.0,0.0152,1.18,0.0,0.0,0.0,0.0,0.0,1,sleeping,io
2026-09-22T13:39:30,698,697,sh,"sh -c ""$VSCODE_WSL_EXT_LOCATION/scripts/wslServer.sh"" 7debcd0e2acdea1c52de81bf9ee1620444407dda stable code-server .vscode-server --host=127.0.0.1 --port=0 --connection-token=826864117-4248089396-2109865724-2149592531 --use-host-proxy --without-browser-env-var --disable-websocket-compression --accept-server-license-terms --telemetry-level=all",0.0,0.024,1.86,0.0,0.0,0.0,0.0,0.0,1,sleeping,io
2026-09-22T13:39:30,699,698,sh,sh /mnt/c/Users/Rohan/.vscode/extensions/ms-vscode-remote.remote-wsl-0.104.3/scripts/wslServer.sh 7debcd0e2acdea1c52de81bf9ee1620444407dda stable code-server .vscode-server --host=127.0.0.1 --port=0 --connection-token=826864117-4248089396-2109865724-2149592531 --use-host-proxy --without-browser-env-var --disable-websocket-compression --accept-server-license-terms --telemetry-level=all,0.0,0.0251,1.95,0.0,0.0,0.0,0.0,0.0,1,sleeping,io
2026-09-22T13:39:30,705,699,sh,sh /home/rohan/.vscode-server/bin/7debcd0e2acdea1c52de81bf9ee1620444407dda/bin/code-server --host=127.0.0.1 --port=0 --connection-token=826864117-4248089396-2109865724-2149592531 --use-host-proxy --without-browser-env-var --disable-websocket-compression --accept-server-license-terms --telemetry-level=all,0.0,0.025,1.93,0.0,0.0,0.0,0.0,0.0,1,sleeping,io
2026-09-22T13:39:30,709,705,MainThread,/home/rohan/.vscode-server/bin/7debcd0e2acdea1c52de81bf9ee1620444407dda/node /home/rohan/.vscode-server/bin/7debcd0e2acdea1c52de81bf9ee1620444407dda/out/server-main.js --host=127.0.0.1 --port=0 --connection-token=826864117-4248089396-2109865724-2149592531 --use-host-proxy --without-browser-env-var --disable-websocket-compression --accept-server-license-terms --telemetry-level=all,0.0,2.2866,177.18,0.0,0.0,9.47,0.0,0.0,11,sleeping,io
2026-09-22T13:39:30,721,2,SessionLeader,/init,0.0,0.0143,1.11,0.0,0.0,0.0,0.0,0.0,1,sleeping,io
2026-09-22T13:39:30,722,721,Relay(723),/init,0.0,0.0152,1.18,0.0,0.0,3.49,0.0,0.0,1,sleeping,io
2026-09-22T13:39:30,723,722,MainThread,"/home/rohan/.vscode-server/bin/7debcd0e2acdea1c52de81bf9ee1620444407dda/node -e const net = require('net'); process.stdin.pause(); const client = net.createConnection({ host: '127.0.0.1', port: 44115 }, () => { client.pipe(process.stdout); process.stdin.pipe(client); }); client.on('close', function (hadError) { console.error(hadError ? 'Remote close with error' : 'Remote close'); process.exit(hadError ? 1 : 0); }); client.on('error', function (err) { process.stderr.write(err && (err.stack || err.message) || String(err)); });",0.5,0.8724,67.6,0.0,0.0,3.49,0.0,0.0,7,sleeping,io
2026-09-22T13:39:30,730,2,SessionLeader,/init,0.0,0.0143,1.11,0.0,0.0,0.0,0.0,0.0,1,sleeping,io
2026-09-22T13:39:30,731,730,Relay(732),/init,0.0,0.0152,1.18,0.0,0.0,7.97,0.0,0.0,1,sleeping,io
2026-09-22T13:39:30,732,731,MainThread,"/home/rohan/.vscode-server/bin/7debcd0e2acdea1c52de81bf9ee1620444407dda/node -e const net = require('net'); process.stdin.pause(); const client = net.createConnection({ host: '127.0.0.1', port: 44115 }, () => { client.pipe(process.stdout); process.stdin.pipe(client); }); client.on('close', function (hadError) { console.error(hadError ? 'Remote close with error' : 'Remote close'); process.exit(hadError ? 1 : 0); }); client.on('error', function (err) { process.stderr.write(err && (err.stack || err.message) || String(err)); });",2.5,0.7846,60.79,0.0,0.0,7.97,0.0,0.0,7,sleeping,io
2026-09-22T13:39:30,743,709,MainThread,/home/rohan/.vscode-server/bin/7debcd0e2acdea1c52de81bf9ee1620444407dda/node /home/rohan/.vscode-server/bin/7debcd0e2acdea1c52de81bf9ee1620444407dda/out/bootstrap-fork --type=fileWatcher,1.0,0.8758,67.86,0.0,0.0,7.97,0.0,0.0,13,sleeping,io
2026-09-22T13:39:30,769,709,MainThread,/home/rohan/.vscode-server/bin/7debcd0e2acdea1c52de81bf9ee1620444407dda/node /home/rohan/.vscode-server/bin/7debcd0e2acdea1c52de81bf9ee1620444407dda/out/bootstrap-fork --type=agentHost --logsPath /home/rohan/.vscode-server/data/logs/20260922T120228 --user-data-dir /home/rohan/.vscode-server/data --telemetry-level all,0.0,1.7798,137.91,0.0,0.0,0.5,0.0,0.0,11,sleeping,io
2026-09-22T13:39:30,770,709,MainThread,/home/rohan/.vscode-server/bin/7debcd0e2acdea1c52de81bf9ee1620444407dda/node --dns-result-order=ipv4first /home/rohan/.vscode-server/bin/7debcd0e2acdea1c52de81bf9ee1620444407dda/out/bootstrap-fork --type=extensionHost --transformURIs --useHostProxy=true,1.5,6.7966,526.65,0.0,0.0,201.26,1019.75,0.0,32,sleeping,io
2026-09-22T13:39:30,811,769,MainThread,/home/rohan/.vscode-server/bin/7debcd0e2acdea1c52de81bf9ee1620444407dda/node /home/rohan/.vscode-server/bin/7debcd0e2acdea1c52de81bf9ee1620444407dda/node_modules/@github/copilot-linux-x64/index.js --headless --no-auto-update --log-level info --stdio --no-auto-login,0.0,3.3565,260.08,0.0,0.0,0.0,0.0,0.0,44,sleeping,io
2026-09-22T13:39:30,812,770,MainThread,/home/rohan/.vscode-server/bin/7debcd0e2acdea1c52de81bf9ee1620444407dda/node /home/rohan/.vscode-server/bin/7debcd0e2acdea1c52de81bf9ee1620444407dda/extensions/markdown-language-features/dist/serverWorkerMain --node-ipc --clientProcessId=770,0.0,0.994,77.02,0.0,0.0,0.5,0.0,0.0,7,sleeping,io
2026-09-22T13:39:30,833,709,MainThread,/home/rohan/.vscode-server/bin/7debcd0e2acdea1c52de81bf9ee1620444407dda/node /home/rohan/.vscode-server/bin/7debcd0e2acdea1c52de81bf9ee1620444407dda/out/bootstrap-fork --type=ptyHost --logsPath /home/rohan/.vscode-server/data/logs/20260922T120228,0.0,0.9761,75.63,0.0,0.0,4.98,0.0,0.0,13,sleeping,io
2026-09-22T13:39:30,964,833,bash,/bin/bash --init-file /home/rohan/.vscode-server/bin/7debcd0e2acdea1c52de81bf9ee1620444407dda/out/vs/workbench/contrib/terminal/common/scripts/shellIntegration-bash.sh,0.0,0.0674,5.22,0.0,0.0,0.0,0.0,0.0,1,sleeping,io
2026-09-22T13:39:30,1424,2,SessionLeader,/init,0.0,0.0142,1.1,0.0,0.0,0.0,0.0,0.0,1,sleeping,io
2026-09-22T13:39:30,1425,1424,Relay(1426),/init,0.0,0.0143,1.11,0.0,0.0,0.0,0.0,0.0,1,sleeping,io
2026-09-22T13:39:30,1426,1425,bash,-bash,0.0,0.0665,5.15,0.0,0.0,0.0,0.0,0.0,1,sleeping,io
2026-09-22T13:39:30,4147,770,pet,/home/rohan/.vscode-server/extensions/ms-python.vscode-python-envs-1.37.2026092101-linux-x64/python-env-tools/bin/pet server,0.0,0.0749,5.8,0.0,0.0,0.0,0.0,0.0,21,sleeping,io
2026-09-22T13:39:30,4156,833,bash,/bin/bash --init-file /home/rohan/.vscode-server/bin/7debcd0e2acdea1c52de81bf9ee1620444407dda/out/vs/workbench/contrib/terminal/common/scripts/shellIntegration-bash.sh,0.0,0.0664,5.15,0.0,0.0,0.0,0.0,0.0,1,sleeping,io
2026-09-22T13:39:30,4295,770,MainThread,/home/rohan/.vscode-server/bin/7debcd0e2acdea1c52de81bf9ee1620444407dda/node /home/rohan/.vscode-server/extensions/ms-python.vscode-pylance-2026.3.105/dist/server.bundle.js --cancellationReceive=file:2bc56d7a41ee8749874d0000b75c5745f8ddf88b1a --node-ipc --clientProcessId=770,0.0,8.4534,655.02,0.0,0.0,2.49,0.0,0.0,9,sleeping,io
2026-09-22T13:39:30,5890,2,SessionLeader,/init,0.0,0.0142,1.1,0.0,0.0,0.0,0.0,0.0,1,sleeping,io
2026-09-22T13:39:30,5891,5890,Relay(5896),/init,0.0,0.0143,1.11,0.0,0.0,0.5,0.0,0.0,1,sleeping,io
2026-09-22T13:39:30,5896,5891,bash,-bash,0.0,0.0669,5.18,0.0,0.0,0.0,0.0,0.0,1,sleeping,io
2026-09-22T13:39:30,6172,2,SessionLeader,/init,0.0,0.0142,1.1,0.0,0.0,0.0,0.0,0.0,1,sleeping,io
2026-09-22T13:39:30,6173,6172,Relay(6174),/init,0.0,0.0143,1.11,0.0,0.0,0.0,0.0,0.0,1,sleeping,io
2026-09-22T13:39:30,6174,6173,bash,-bash,0.0,0.0666,5.16,0.0,0.0,0.0,0.0,0.0,1,sleeping,io
2026-09-22T13:39:30,6941,2,SessionLeader,/init,0.0,0.0142,1.1,0.0,0.0,0.0,0.0,0.0,1,sleeping,io
2026-09-22T13:39:30,6943,6941,Relay(6945),/init,0.0,0.0143,1.11,0.0,0.0,0.0,0.0,0.0,1,sleeping,io
2026-09-22T13:39:30,6945,6943,bash,-bash,0.0,0.0667,5.17,0.0,0.0,0.0,0.0,0.0,1,sleeping,io
2026-09-22T13:39:30,8650,2,SessionLeader,/init,0.0,0.0142,1.1,0.0,0.0,0.0,0.0,0.0,1,sleeping,io
2026-09-22T13:39:30,8652,8650,Relay(8654),/init,0.0,0.0143,1.11,0.0,0.0,0.0,0.0,0.0,1,sleeping,io
2026-09-22T13:39:30,8654,8652,bash,-bash,0.0,0.0688,5.33,0.0,0.0,0.0,0.0,0.0,1,sleeping,io
2026-09-22T13:39:30,8853,2,SessionLeader,/init,0.0,0.0142,1.1,0.0,0.0,0.0,0.0,0.0,1,sleeping,io
2026-09-22T13:39:30,8854,8853,Relay(8858),/init,0.0,0.0143,1.11,0.0,0.0,0.0,0.0,0.0,1,sleeping,io
2026-09-22T13:39:30,8858,8854,bash,-bash,0.0,0.0681,5.27,0.0,0.0,0.0,0.0,0.0,1,sleeping,io
2026-09-22T13:39:30,15760,2,SessionLeader,/init,0.0,0.0142,1.1,0.0,0.0,0.0,0.0,0.0,1,sleeping,io
2026-09-22T13:39:30,15762,15760,Relay(15767),/init,0.0,0.0143,1.11,0.0,0.0,0.0,0.0,0.0,1,sleeping,io
2026-09-22T13:39:30,15767,15762,bash,-bash,0.0,0.0696,5.39,0.0,0.0,0.0,0.0,0.0,1,sleeping,io
2026-09-22T13:39:30,15903,2,SessionLeader,/init,0.0,0.0142,1.1,0.0,0.0,0.0,0.0,0.0,1,sleeping,io
2026-09-22T13:39:30,15904,15903,Relay(15909),/init,0.0,0.0143,1.11,0.0,0.0,0.0,0.0,0.0,1,sleeping,io
2026-09-22T13:39:30,15909,15904,bash,-bash,0.0,0.0699,5.42,0.0,0.0,0.0,0.0,0.0,1,sleeping,io
2026-09-22T13:39:30,20518,1,wsl-pro-service,/usr/libexec/wsl-pro-service,0.0,0.1491,11.55,0.0,0.0,0.0,0.0,0.0,8,sleeping,io
2026-09-22T13:39:30,21891,6945,python,python workloads/io/io_workload.py,8.5,0.1304,10.11,14284.54,148885683.13,286.97,0.0,0.0,1,disk-sleep,io
2026-09-22T13:39:32,1,0,systemd,/sbin/init,0.5,0.1667,12.91,0.0,0.0,1.52,0.0,0.0,1,sleeping,io
2026-09-22T13:39:32,2,1,init-systemd(Ub,/init,0.0,0.0279,2.16,0.0,0.0,0.0,0.0,0.0,2,sleeping,io
2026-09-22T13:39:32,7,2,init,plan9 --control-socket 7 --log-level 4 --server-fd 8 --pipe-fd 10 --log-truncate,0.0,0.0268,2.08,0.0,0.0,0.0,0.0,0.0,2,sleeping,io
2026-09-22T13:39:32,43,1,systemd-journald,/usr/lib/systemd/systemd-journald,1.5,0.2003,15.52,0.0,0.0,10.12,930.42,1.52,1,sleeping,io
2026-09-22T13:39:32,98,1,systemd-udevd,/usr/lib/systemd/systemd-udevd,0.0,0.0799,6.19,0.0,0.0,0.0,0.0,0.0,1,sleeping,io
2026-09-22T13:39:32,177,1,systemd-resolved,/usr/lib/systemd/systemd-resolved,0.0,0.1656,12.83,0.0,0.0,1.01,0.0,0.0,1,sleeping,io
2026-09-22T13:39:32,178,1,systemd-timesyncd,/usr/lib/systemd/systemd-timesyncd,0.5,0.1002,7.77,0.0,0.0,1.01,0.0,0.0,2,sleeping,io
2026-09-22T13:39:32,188,1,cron,/usr/sbin/cron -f -P,0.0,0.0338,2.62,0.0,0.0,0.0,0.0,0.0,1,sleeping,io
2026-09-22T13:39:32,189,1,dbus-daemon,@dbus-daemon --system --address=systemd: --nofork --nopidfile --systemd-activation --syslog-only,0.0,0.0669,5.18,0.0,0.0,1.52,0.0,0.0,1,sleeping,io
2026-09-22T13:39:32,203,1,systemd-logind,/usr/lib/systemd/systemd-logind,0.0,0.1112,8.62,0.0,0.0,5.06,0.0,0.0,1,sleeping,io
2026-09-22T13:39:32,217,1,agetty,/sbin/agetty -o -p -- \u --noclear - linux,0.0,0.0249,1.93,0.0,0.0,0.0,0.0,0.0,1,sleeping,io
2026-09-22T13:39:32,223,1,rsyslogd,/usr/sbin/rsyslogd -n -iNONE,0.0,0.0758,5.87,0.0,0.0,0.0,0.0,0.0,4,sleeping,io
2026-09-22T13:39:32,236,1,unattended-upgr,/usr/bin/python3 /usr/share/unattended-upgrades/unattended-upgrade-shutdown --wait-for-signal,0.0,0.2778,21.53,0.0,0.0,0.0,0.0,0.0,2,sleeping,io
2026-09-22T13:39:32,256,1,apache2,/usr/sbin/apache2 -k start,0.0,0.0634,4.91,0.0,0.0,1.01,0.0,0.0,1,sleeping,io
2026-09-22T13:39:32,257,256,apache2,/usr/sbin/apache2 -k start,0.0,0.0734,5.69,0.0,0.0,0.0,0.0,0.0,27,sleeping,io
2026-09-22T13:39:32,259,256,apache2,/usr/sbin/apache2 -k start,0.0,0.0734,5.69,0.0,0.0,0.0,0.0,0.0,27,sleeping,io
2026-09-22T13:39:32,386,2,login,/bin/login -f      ,0.0,0.0587,4.55,0.0,0.0,0.0,0.0,0.0,1,sleeping,io
2026-09-22T13:39:32,429,1,systemd,/usr/lib/systemd/systemd --user,0.0,0.145,11.24,0.0,0.0,1.01,0.0,0.0,1,sleeping,io
2026-09-22T13:39:32,430,429,(sd-pam),(sd-pam),0.0,0.0451,3.49,0.0,0.0,0.0,0.0,0.0,1,sleeping,io
2026-09-22T13:39:32,452,386,bash,-bash,0.0,0.0643,4.98,0.0,0.0,0.0,0.0,0.0,1,sleeping,io
2026-09-22T13:39:32,486,2,SessionLeader,/init,0.0,0.0142,1.1,0.0,0.0,0.0,0.0,0.0,1,sleeping,io
2026-09-22T13:39:32,487,486,Relay(488),/init,0.0,0.0159,1.23,0.0,0.0,0.0,0.0,0.0,1,sleeping,io
2026-09-22T13:39:32,488,487,bash,-bash,0.0,0.0666,5.16,0.0,0.0,0.0,0.0,0.0,1,sleeping,io
2026-09-22T13:39:32,696,2,SessionLeader,/init,0.0,0.0143,1.11,0.0,0.0,0.0,0.0,0.0,1,sleeping,io
2026-09-22T13:39:32,697,696,Relay(698),/init,0.0,0.0152,1.18,0.0,0.0,0.0,0.0,0.0,1,sleeping,io
2026-09-22T13:39:32,698,697,sh,"sh -c ""$VSCODE_WSL_EXT_LOCATION/scripts/wslServer.sh"" 7debcd0e2acdea1c52de81bf9ee1620444407dda stable code-server .vscode-server --host=127.0.0.1 --port=0 --connection-token=826864117-4248089396-2109865724-2149592531 --use-host-proxy --without-browser-env-var --disable-websocket-compression --accept-server-license-terms --telemetry-level=all",0.0,0.024,1.86,0.0,0.0,0.0,0.0,0.0,1,sleeping,io
2026-09-22T13:39:32,699,698,sh,sh /mnt/c/Users/Rohan/.vscode/extensions/ms-vscode-remote.remote-wsl-0.104.3/scripts/wslServer.sh 7debcd0e2acdea1c52de81bf9ee1620444407dda stable code-server .vscode-server --host=127.0.0.1 --port=0 --connection-token=826864117-4248089396-2109865724-2149592531 --use-host-proxy --without-browser-env-var --disable-websocket-compression --accept-server-license-terms --telemetry-level=all,0.0,0.0251,1.95,0.0,0.0,0.0,0.0,0.0,1,sleeping,io
2026-09-22T13:39:32,705,699,sh,sh /home/rohan/.vscode-server/bin/7debcd0e2acdea1c52de81bf9ee1620444407dda/bin/code-server --host=127.0.0.1 --port=0 --connection-token=826864117-4248089396-2109865724-2149592531 --use-host-proxy --without-browser-env-var --disable-websocket-compression --accept-server-license-terms --telemetry-level=all,0.0,0.025,1.93,0.0,0.0,0.0,0.0,0.0,1,sleeping,io
2026-09-22T13:39:32,709,705,MainThread,/home/rohan/.vscode-server/bin/7debcd0e2acdea1c52de81bf9ee1620444407dda/node /home/rohan/.vscode-server/bin/7debcd0e2acdea1c52de81bf9ee1620444407dda/out/server-main.js --host=127.0.0.1 --port=0 --connection-token=826864117-4248089396-2109865724-2149592531 --use-host-proxy --without-browser-env-var --disable-websocket-compression --accept-server-license-terms --telemetry-level=all,0.0,2.2866,177.18,0.0,0.0,8.6,0.0,0.0,11,sleeping,io
2026-09-22T13:39:32,721,2,SessionLeader,/init,0.0,0.0143,1.11,0.0,0.0,0.0,0.0,0.0,1,sleeping,io
2026-09-22T13:39:32,722,721,Relay(723),/init,0.0,0.0152,1.18,0.0,0.0,3.04,0.0,0.0,1,sleeping,io
2026-09-22T13:39:32,723,722,MainThread,"/home/rohan/.vscode-server/bin/7debcd0e2acdea1c52de81bf9ee1620444407dda/node -e const net = require('net'); process.stdin.pause(); const client = net.createConnection({ host: '127.0.0.1', port: 44115 }, () => { client.pipe(process.stdout); process.stdin.pipe(client); }); client.on('close', function (hadError) { console.error(hadError ? 'Remote close with error' : 'Remote close'); process.exit(hadError ? 1 : 0); }); client.on('error', function (err) { process.stderr.write(err && (err.stack || err.message) || String(err)); });",0.5,0.8724,67.6,0.0,0.0,3.04,0.0,0.0,7,sleeping,io
2026-09-22T13:39:32,730,2,SessionLeader,/init,0.0,0.0143,1.11,0.0,0.0,0.0,0.0,0.0,1,sleeping,io
2026-09-22T13:39:32,731,730,Relay(732),/init,0.0,0.0152,1.18,0.0,0.0,4.05,0.0,0.0,1,sleeping,io
2026-09-22T13:39:32,732,731,MainThread,"/home/rohan/.vscode-server/bin/7debcd0e2acdea1c52de81bf9ee1620444407dda/node -e const net = require('net'); process.stdin.pause(); const client = net.createConnection({ host: '127.0.0.1', port: 44115 }, () => { client.pipe(process.stdout); process.stdin.pipe(client); }); client.on('close', function (hadError) { console.error(hadError ? 'Remote close with error' : 'Remote close'); process.exit(hadError ? 1 : 0); }); client.on('error', function (err) { process.stderr.write(err && (err.stack || err.message) || String(err)); });",0.0,0.7846,60.8,0.0,0.0,4.05,0.51,0.0,7,sleeping,io
2026-09-22T13:39:32,743,709,MainThread,/home/rohan/.vscode-server/bin/7debcd0e2acdea1c52de81bf9ee1620444407dda/node /home/rohan/.vscode-server/bin/7debcd0e2acdea1c52de81bf9ee1620444407dda/out/bootstrap-fork --type=fileWatcher,1.0,0.8758,67.86,0.0,0.0,5.06,0.0,0.0,13,sleeping,io
2026-09-22T13:39:32,769,709,MainThread,/home/rohan/.vscode-server/bin/7debcd0e2acdea1c52de81bf9ee1620444407dda/node /home/rohan/.vscode-server/bin/7debcd0e2acdea1c52de81bf9ee1620444407dda/out/bootstrap-fork --type=agentHost --logsPath /home/rohan/.vscode-server/data/logs/20260922T120228 --user-data-dir /home/rohan/.vscode-server/data --telemetry-level all,0.0,1.7799,137.92,0.0,2072.78,4.05,0.51,0.0,11,sleeping,io
2026-09-22T13:39:32,770,709,MainThread,/home/rohan/.vscode-server/bin/7debcd0e2acdea1c52de81bf9ee1620444407dda/node --dns-result-order=ipv4first /home/rohan/.vscode-server/bin/7debcd0e2acdea1c52de81bf9ee1620444407dda/out/bootstrap-fork --type=extensionHost --transformURIs --useHostProxy=true,1.5,6.7966,526.65,0.0,0.0,197.36,994.38,0.0,32,sleeping,io
2026-09-22T13:39:32,811,769,MainThread,/home/rohan/.vscode-server/bin/7debcd0e2acdea1c52de81bf9ee1620444407dda/node /home/rohan/.vscode-server/bin/7debcd0e2acdea1c52de81bf9ee1620444407dda/node_modules/@github/copilot-linux-x64/index.js --headless --no-auto-update --log-level info --stdio --no-auto-login,0.0,3.3565,260.08,0.0,0.0,0.0,0.0,0.0,44,sleeping,io
2026-09-22T13:39:32,812,770,MainThread,/home/rohan/.vscode-server/bin/7debcd0e2acdea1c52de81bf9ee1620444407dda/node /home/rohan/.vscode-server/bin/7debcd0e2acdea1c52de81bf9ee1620444407dda/extensions/markdown-language-features/dist/serverWorkerMain --node-ipc --clientProcessId=770,0.0,0.994,77.02,0.0,0.0,0.0,0.0,0.0,7,sleeping,io
2026-09-22T13:39:32,833,709,MainThread,/home/rohan/.vscode-server/bin/7debcd0e2acdea1c52de81bf9ee1620444407dda/node /home/rohan/.vscode-server/bin/7debcd0e2acdea1c52de81bf9ee1620444407dda/out/bootstrap-fork --type=ptyHost --logsPath /home/rohan/.vscode-server/data/logs/20260922T120228,0.0,0.9761,75.63,0.0,0.0,7.59,0.0,0.0,13,sleeping,io
2026-09-22T13:39:32,964,833,bash,/bin/bash --init-file /home/rohan/.vscode-server/bin/7debcd0e2acdea1c52de81bf9ee1620444407dda/out/vs/workbench/contrib/terminal/common/scripts/shellIntegration-bash.sh,0.0,0.0674,5.22,0.0,0.0,0.0,0.0,0.0,1,sleeping,io
2026-09-22T13:39:32,1424,2,SessionLeader,/init,0.0,0.0142,1.1,0.0,0.0,0.0,0.0,0.0,1,sleeping,io
2026-09-22T13:39:32,1425,1424,Relay(1426),/init,0.0,0.0143,1.11,0.0,0.0,0.0,0.0,0.0,1,sleeping,io
2026-09-22T13:39:32,1426,1425,bash,-bash,0.0,0.0665,5.15,0.0,0.0,0.0,0.0,0.0,1,sleeping,io
2026-09-22T13:39:32,4147,770,pet,/home/rohan/.vscode-server/extensions/ms-python.vscode-python-envs-1.37.2026092101-linux-x64/python-env-tools/bin/pet server,0.0,0.0749,5.8,0.0,0.0,0.0,0.0,0.0,21,sleeping,io
2026-09-22T13:39:32,4156,833,bash,/bin/bash --init-file /home/rohan/.vscode-server/bin/7debcd0e2acdea1c52de81bf9ee1620444407dda/out/vs/workbench/contrib/terminal/common/scripts/shellIntegration-bash.sh,0.0,0.0664,5.15,0.0,0.0,0.0,0.0,0.0,1,sleeping,io
2026-09-22T13:39:32,4295,770,MainThread,/home/rohan/.vscode-server/bin/7debcd0e2acdea1c52de81bf9ee1620444407dda/node /home/rohan/.vscode-server/extensions/ms-python.vscode-pylance-2026.3.105/dist/server.bundle.js --cancellationReceive=file:2bc56d7a41ee8749874d0000b75c5745f8ddf88b1a --node-ipc --clientProcessId=770,0.5,8.4534,655.02,0.0,0.0,2.02,0.0,0.0,9,sleeping,io
2026-09-22T13:39:32,5890,2,SessionLeader,/init,0.0,0.0142,1.1,0.0,0.0,0.0,0.0,0.0,1,sleeping,io
2026-09-22T13:39:32,5891,5890,Relay(5896),/init,0.0,0.0143,1.11,0.0,0.0,0.51,0.0,0.0,1,sleeping,io
2026-09-22T13:39:32,5896,5891,bash,-bash,0.0,0.0669,5.18,0.0,0.0,0.0,0.0,0.0,1,sleeping,io
2026-09-22T13:39:32,6172,2,SessionLeader,/init,0.0,0.0142,1.1,0.0,0.0,0.0,0.0,0.0,1,sleeping,io
2026-09-22T13:39:32,6173,6172,Relay(6174),/init,0.0,0.0143,1.11,0.0,0.0,0.0,0.0,0.0,1,sleeping,io
2026-09-22T13:39:32,6174,6173,bash,-bash,0.0,0.0666,5.16,0.0,0.0,0.0,0.0,0.0,1,sleeping,io
2026-09-22T13:39:32,6941,2,SessionLeader,/init,0.0,0.0142,1.1,0.0,0.0,0.0,0.0,0.0,1,sleeping,io
2026-09-22T13:39:32,6943,6941,Relay(6945),/init,0.0,0.0143,1.11,0.0,0.0,0.0,0.0,0.0,1,sleeping,io
2026-09-22T13:39:32,6945,6943,bash,-bash,0.0,0.0667,5.17,0.0,0.0,0.0,0.0,0.0,1,sleeping,io
2026-09-22T13:39:32,8650,2,SessionLeader,/init,0.0,0.0142,1.1,0.0,0.0,0.0,0.0,0.0,1,sleeping,io
2026-09-22T13:39:32,8652,8650,Relay(8654),/init,0.0,0.0143,1.11,0.0,0.0,0.0,0.0,0.0,1,sleeping,io
2026-09-22T13:39:32,8654,8652,bash,-bash,0.0,0.0688,5.33,0.0,0.0,0.0,0.0,0.0,1,sleeping,io
2026-09-22T13:39:32,8853,2,SessionLeader,/init,0.0,0.0142,1.1,0.0,0.0,0.0,0.0,0.0,1,sleeping,io
2026-09-22T13:39:32,8854,8853,Relay(8858),/init,0.0,0.0143,1.11,0.0,0.0,0.0,0.0,0.0,1,sleeping,io
2026-09-22T13:39:32,8858,8854,bash,-bash,0.0,0.0681,5.27,0.0,0.0,0.0,0.0,0.0,1,sleeping,io
2026-09-22T13:39:32,15760,2,SessionLeader,/init,0.0,0.0142,1.1,0.0,0.0,0.0,0.0,0.0,1,sleeping,io
2026-09-22T13:39:32,15762,15760,Relay(15767),/init,0.0,0.0143,1.11,0.0,0.0,0.0,0.0,0.0,1,sleeping,io
2026-09-22T13:39:32,15767,15762,bash,-bash,0.0,0.0696,5.39,0.0,0.0,0.0,0.0,0.0,1,sleeping,io
2026-09-22T13:39:32,15903,2,SessionLeader,/init,0.0,0.0142,1.1,0.0,0.0,0.0,0.0,0.0,1,sleeping,io
2026-09-22T13:39:32,15904,15903,Relay(15909),/init,0.0,0.0143,1.11,0.0,0.0,0.0,0.0,0.0,1,sleeping,io
2026-09-22T13:39:32,15909,15904,bash,-bash,0.0,0.0699,5.42,0.0,0.0,0.0,0.0,0.0,1,sleeping,io
2026-09-22T13:39:32,20518,1,wsl-pro-service,/usr/libexec/wsl-pro-service,0.0,0.1491,11.55,0.0,0.0,0.0,0.0,0.0,8,sleeping,io
2026-09-22T13:39:32,21891,6945,python,python workloads/io/io_workload.py,9.0,0.1304,10.11,8289.07,141113167.68,276.74,0.0,0.0,1,disk-sleep,io
2026-09-22T13:39:34,1,0,systemd,/sbin/init,0.0,0.1667,12.91,0.0,0.0,0.0,0.0,0.0,1,sleeping,io
2026-09-22T13:39:34,2,1,init-systemd(Ub,/init,0.0,0.0279,2.16,0.0,0.0,0.0,0.0,0.0,2,sleeping,io
2026-09-22T13:39:34,7,2,init,plan9 --control-socket 7 --log-level 4 --server-fd 8 --pipe-fd 10 --log-truncate,0.0,0.0268,2.08,0.0,0.0,0.0,0.0,0.0,2,sleeping,io
2026-09-22T13:39:34,43,1,systemd-journald,/usr/lib/systemd/systemd-journald,0.0,0.2003,15.52,0.0,0.0,0.0,0.0,0.0,1,sleeping,io
2026-09-22T13:39:34,98,1,systemd-udevd,/usr/lib/systemd/systemd-udevd,0.0,0.0799,6.19,0.0,0.0,0.0,0.0,0.0,1,sleeping,io
2026-09-22T13:39:34,177,1,systemd-resolved,/usr/lib/systemd/systemd-resolved,0.0,0.1656,12.83,0.0,0.0,0.0,0.0,0.0,1,sleeping,io
2026-09-22T13:39:34,178,1,systemd-timesyncd,/usr/lib/systemd/systemd-timesyncd,0.0,0.1002,7.77,0.0,0.0,0.0,0.0,0.0,2,sleeping,io
2026-09-22T13:39:34,188,1,cron,/usr/sbin/cron -f -P,0.0,0.0338,2.62,0.0,0.0,0.0,0.0,0.0,1,sleeping,io
2026-09-22T13:39:34,189,1,dbus-daemon,@dbus-daemon --system --address=systemd: --nofork --nopidfile --systemd-activation --syslog-only,0.0,0.0669,5.18,0.0,0.0,0.0,0.0,0.0,1,sleeping,io
2026-09-22T13:39:34,203,1,systemd-logind,/usr/lib/systemd/systemd-logind,0.0,0.1112,8.62,0.0,0.0,0.0,0.0,0.0,1,sleeping,io
2026-09-22T13:39:34,217,1,agetty,/sbin/agetty -o -p -- \u --noclear - linux,0.0,0.0249,1.93,0.0,0.0,0.0,0.0,0.0,1,sleeping,io
2026-09-22T13:39:34,223,1,rsyslogd,/usr/sbin/rsyslogd -n -iNONE,0.0,0.0758,5.87,0.0,0.0,0.0,0.0,0.0,4,sleeping,io
2026-09-22T13:39:34,236,1,unattended-upgr,/usr/bin/python3 /usr/share/unattended-upgrades/unattended-upgrade-shutdown --wait-for-signal,0.0,0.2778,21.53,0.0,0.0,0.0,0.0,0.0,2,sleeping,io
2026-09-22T13:39:34,256,1,apache2,/usr/sbin/apache2 -k start,0.0,0.0634,4.91,0.0,0.0,1.0,0.0,0.0,1,sleeping,io
2026-09-22T13:39:34,257,256,apache2,/usr/sbin/apache2 -k start,0.0,0.0734,5.69,0.0,0.0,0.0,0.0,0.0,27,sleeping,io
2026-09-22T13:39:34,259,256,apache2,/usr/sbin/apache2 -k start,0.0,0.0734,5.69,0.0,0.0,0.0,0.0,0.0,27,sleeping,io
2026-09-22T13:39:34,386,2,login,/bin/login -f      ,0.0,0.0587,4.55,0.0,0.0,0.0,0.0,0.0,1,sleeping,io
2026-09-22T13:39:34,429,1,systemd,/usr/lib/systemd/systemd --user,0.0,0.145,11.24,0.0,0.0,0.0,0.0,0.0,1,sleeping,io
2026-09-22T13:39:34,430,429,(sd-pam),(sd-pam),0.0,0.0451,3.49,0.0,0.0,0.0,0.0,0.0,1,sleeping,io
2026-09-22T13:39:34,452,386,bash,-bash,0.0,0.0643,4.98,0.0,0.0,0.0,0.0,0.0,1,sleeping,io
2026-09-22T13:39:34,486,2,SessionLeader,/init,0.0,0.0142,1.1,0.0,0.0,0.0,0.0,0.0,1,sleeping,io
2026-09-22T13:39:34,487,486,Relay(488),/init,0.0,0.0159,1.23,0.0,0.0,0.0,0.0,0.0,1,sleeping,io
2026-09-22T13:39:34,488,487,bash,-bash,0.0,0.0666,5.16,0.0,0.0,0.0,0.0,0.0,1,sleeping,io
2026-09-22T13:39:34,696,2,SessionLeader,/init,0.0,0.0143,1.11,0.0,0.0,0.0,0.0,0.0,1,sleeping,io
2026-09-22T13:39:34,697,696,Relay(698),/init,0.0,0.0152,1.18,0.0,0.0,0.0,0.0,0.0,1,sleeping,io
2026-09-22T13:39:34,698,697,sh,"sh -c ""$VSCODE_WSL_EXT_LOCATION/scripts/wslServer.sh"" 7debcd0e2acdea1c52de81bf9ee1620444407dda stable code-server .vscode-server --host=127.0.0.1 --port=0 --connection-token=826864117-4248089396-2109865724-2149592531 --use-host-proxy --without-browser-env-var --disable-websocket-compression --accept-server-license-terms --telemetry-level=all",0.0,0.024,1.86,0.0,0.0,0.0,0.0,0.0,1,sleeping,io
2026-09-22T13:39:34,699,698,sh,sh /mnt/c/Users/Rohan/.vscode/extensions/ms-vscode-remote.remote-wsl-0.104.3/scripts/wslServer.sh 7debcd0e2acdea1c52de81bf9ee1620444407dda stable code-server .vscode-server --host=127.0.0.1 --port=0 --connection-token=826864117-4248089396-2109865724-2149592531 --use-host-proxy --without-browser-env-var --disable-websocket-compression --accept-server-license-terms --telemetry-level=all,0.0,0.0251,1.95,0.0,0.0,0.0,0.0,0.0,1,sleeping,io
2026-09-22T13:39:34,705,699,sh,sh /home/rohan/.vscode-server/bin/7debcd0e2acdea1c52de81bf9ee1620444407dda/bin/code-server --host=127.0.0.1 --port=0 --connection-token=826864117-4248089396-2109865724-2149592531 --use-host-proxy --without-browser-env-var --disable-websocket-compression --accept-server-license-terms --telemetry-level=all,0.0,0.025,1.93,0.0,0.0,0.0,0.0,0.0,1,sleeping,io
2026-09-22T13:39:34,709,705,MainThread,/home/rohan/.vscode-server/bin/7debcd0e2acdea1c52de81bf9ee1620444407dda/node /home/rohan/.vscode-server/bin/7debcd0e2acdea1c52de81bf9ee1620444407dda/out/server-main.js --host=127.0.0.1 --port=0 --connection-token=826864117-4248089396-2109865724-2149592531 --use-host-proxy --without-browser-env-var --disable-websocket-compression --accept-server-license-terms --telemetry-level=all,0.0,2.2866,177.18,0.0,0.0,7.97,0.0,0.0,11,sleeping,io
2026-09-22T13:39:34,721,2,SessionLeader,/init,0.0,0.0143,1.11,0.0,0.0,0.0,0.0,0.0,1,sleeping,io
2026-09-22T13:39:34,722,721,Relay(723),/init,0.0,0.0152,1.18,0.0,0.0,2.99,0.0,0.0,1,sleeping,io
2026-09-22T13:39:34,723,722,MainThread,"/home/rohan/.vscode-server/bin/7debcd0e2acdea1c52de81bf9ee1620444407dda/node -e const net = require('net'); process.stdin.pause(); const client = net.createConnection({ host: '127.0.0.1', port: 44115 }, () => { client.pipe(process.stdout); process.stdin.pipe(client); }); client.on('close', function (hadError) { console.error(hadError ? 'Remote close with error' : 'Remote close'); process.exit(hadError ? 1 : 0); }); client.on('error', function (err) { process.stderr.write(err && (err.stack || err.message) || String(err)); });",0.0,0.8724,67.6,0.0,0.0,2.99,0.0,0.0,7,sleeping,io
2026-09-22T13:39:34,730,2,SessionLeader,/init,0.0,0.0143,1.11,0.0,0.0,0.0,0.0,0.0,1,sleeping,io
2026-09-22T13:39:34,731,730,Relay(732),/init,0.0,0.0152,1.18,0.0,0.0,4.98,0.0,0.0,1,sleeping,io
2026-09-22T13:39:34,732,731,MainThread,"/home/rohan/.vscode-server/bin/7debcd0e2acdea1c52de81bf9ee1620444407dda/node -e const net = require('net'); process.stdin.pause(); const client = net.createConnection({ host: '127.0.0.1', port: 44115 }, () => { client.pipe(process.stdout); process.stdin.pipe(client); }); client.on('close', function (hadError) { console.error(hadError ? 'Remote close with error' : 'Remote close'); process.exit(hadError ? 1 : 0); }); client.on('error', function (err) { process.stderr.write(err && (err.stack || err.message) || String(err)); });",0.0,0.7846,60.8,0.0,0.0,4.98,0.0,0.0,7,sleeping,io
2026-09-22T13:39:34,743,709,MainThread,/home/rohan/.vscode-server/bin/7debcd0e2acdea1c52de81bf9ee1620444407dda/node /home/rohan/.vscode-server/bin/7debcd0e2acdea1c52de81bf9ee1620444407dda/out/bootstrap-fork --type=fileWatcher,0.5,0.8759,67.87,0.0,0.0,5.98,0.5,0.0,13,sleeping,io
2026-09-22T13:39:34,769,709,MainThread,/home/rohan/.vscode-server/bin/7debcd0e2acdea1c52de81bf9ee1620444407dda/node /home/rohan/.vscode-server/bin/7debcd0e2acdea1c52de81bf9ee1620444407dda/out/bootstrap-fork --type=agentHost --logsPath /home/rohan/.vscode-server/data/logs/20260922T120228 --user-data-dir /home/rohan/.vscode-server/data --telemetry-level all,0.0,1.7799,137.92,0.0,0.0,0.0,0.0,0.0,11,sleeping,io
2026-09-22T13:39:34,770,709,MainThread,/home/rohan/.vscode-server/bin/7debcd0e2acdea1c52de81bf9ee1620444407dda/node --dns-result-order=ipv4first /home/rohan/.vscode-server/bin/7debcd0e2acdea1c52de81bf9ee1620444407dda/out/bootstrap-fork --type=extensionHost --transformURIs --useHostProxy=true,2.0,6.7966,526.65,0.0,0.0,192.73,875.0,0.0,32,sleeping,io
2026-09-22T13:39:34,811,769,MainThread,/home/rohan/.vscode-server/bin/7debcd0e2acdea1c52de81bf9ee1620444407dda/node /home/rohan/.vscode-server/bin/7debcd0e2acdea1c52de81bf9ee1620444407dda/node_modules/@github/copilot-linux-x64/index.js --headless --no-auto-update --log-level info --stdio --no-auto-login,0.0,3.3565,260.08,0.0,0.0,0.0,0.0,0.0,44,sleeping,io
2026-09-22T13:39:34,812,770,MainThread,/home/rohan/.vscode-server/bin/7debcd0e2acdea1c52de81bf9ee1620444407dda/node /home/rohan/.vscode-server/bin/7debcd0e2acdea1c52de81bf9ee1620444407dda/extensions/markdown-language-features/dist/serverWorkerMain --node-ipc --clientProcessId=770,0.0,0.994,77.02,0.0,0.0,0.5,0.0,0.0,7,sleeping,io
2026-09-22T13:39:34,833,709,MainThread,/home/rohan/.vscode-server/bin/7debcd0e2acdea1c52de81bf9ee1620444407dda/node /home/rohan/.vscode-server/bin/7debcd0e2acdea1c52de81bf9ee1620444407dda/out/bootstrap-fork --type=ptyHost --logsPath /home/rohan/.vscode-server/data/logs/20260922T120228,0.0,0.9761,75.63,0.0,0.0,5.98,0.0,0.0,13,sleeping,io
2026-09-22T13:39:34,964,833,bash,/bin/bash --init-file /home/rohan/.vscode-server/bin/7debcd0e2acdea1c52de81bf9ee1620444407dda/out/vs/workbench/contrib/terminal/common/scripts/shellIntegration-bash.sh,0.0,0.0674,5.22,0.0,0.0,0.0,0.0,0.0,1,sleeping,io
2026-09-22T13:39:34,1424,2,SessionLeader,/init,0.0,0.0142,1.1,0.0,0.0,0.0,0.0,0.0,1,sleeping,io
2026-09-22T13:39:34,1425,1424,Relay(1426),/init,0.0,0.0143,1.11,0.0,0.0,0.0,0.0,0.0,1,sleeping,io
2026-09-22T13:39:34,1426,1425,bash,-bash,0.0,0.0665,5.15,0.0,0.0,0.0,0.0,0.0,1,sleeping,io
2026-09-22T13:39:34,4147,770,pet,/home/rohan/.vscode-server/extensions/ms-python.vscode-python-envs-1.37.2026092101-linux-x64/python-env-tools/bin/pet server,0.0,0.0749,5.8,0.0,0.0,0.0,0.0,0.0,21,sleeping,io
2026-09-22T13:39:34,4156,833,bash,/bin/bash --init-file /home/rohan/.vscode-server/bin/7debcd0e2acdea1c52de81bf9ee1620444407dda/out/vs/workbench/contrib/terminal/common/scripts/shellIntegration-bash.sh,0.0,0.0664,5.15,0.0,0.0,0.0,0.0,0.0,1,sleeping,io
2026-09-22T13:39:34,4295,770,MainThread,/home/rohan/.vscode-server/bin/7debcd0e2acdea1c52de81bf9ee1620444407dda/node /home/rohan/.vscode-server/extensions/ms-python.vscode-pylance-2026.3.105/dist/server.bundle.js --cancellationReceive=file:2bc56d7a41ee8749874d0000b75c5745f8ddf88b1a --node-ipc --clientProcessId=770,0.0,8.4534,655.02,0.0,0.0,2.49,0.0,0.0,9,sleeping,io
2026-09-22T13:39:34,5890,2,SessionLeader,/init,0.0,0.0142,1.1,0.0,0.0,0.0,0.0,0.0,1,sleeping,io
2026-09-22T13:39:34,5891,5890,Relay(5896),/init,0.0,0.0143,1.11,0.0,0.0,0.5,0.0,0.0,1,sleeping,io
2026-09-22T13:39:34,5896,5891,bash,-bash,0.0,0.0669,5.18,0.0,0.0,0.0,0.0,0.0,1,sleeping,io
2026-09-22T13:39:34,6172,2,SessionLeader,/init,0.0,0.0142,1.1,0.0,0.0,0.0,0.0,0.0,1,sleeping,io
2026-09-22T13:39:34,6173,6172,Relay(6174),/init,0.0,0.0143,1.11,0.0,0.0,0.0,0.0,0.0,1,sleeping,io
2026-09-22T13:39:34,6174,6173,bash,-bash,0.0,0.0666,5.16,0.0,0.0,0.0,0.0,0.0,1,sleeping,io
2026-09-22T13:39:34,6941,2,SessionLeader,/init,0.0,0.0142,1.1,0.0,0.0,0.0,0.0,0.0,1,sleeping,io
2026-09-22T13:39:34,6943,6941,Relay(6945),/init,0.0,0.0143,1.11,0.0,0.0,0.0,0.0,0.0,1,sleeping,io
2026-09-22T13:39:34,6945,6943,bash,-bash,0.0,0.0667,5.17,0.0,0.0,0.0,0.0,0.0,1,sleeping,io
2026-09-22T13:39:34,8650,2,SessionLeader,/init,0.0,0.0142,1.1,0.0,0.0,0.0,0.0,0.0,1,sleeping,io
2026-09-22T13:39:34,8652,8650,Relay(8654),/init,0.0,0.0143,1.11,0.0,0.0,0.0,0.0,0.0,1,sleeping,io
2026-09-22T13:39:34,8654,8652,bash,-bash,0.0,0.0688,5.33,0.0,0.0,0.0,0.0,0.0,1,sleeping,io
2026-09-22T13:39:34,8853,2,SessionLeader,/init,0.0,0.0142,1.1,0.0,0.0,0.0,0.0,0.0,1,sleeping,io
2026-09-22T13:39:34,8854,8853,Relay(8858),/init,0.0,0.0143,1.11,0.0,0.0,0.0,0.0,0.0,1,sleeping,io
2026-09-22T13:39:34,8858,8854,bash,-bash,0.0,0.0681,5.27,0.0,0.0,0.0,0.0,0.0,1,sleeping,io
2026-09-22T13:39:34,15760,2,SessionLeader,/init,0.0,0.0142,1.1,0.0,0.0,0.0,0.0,0.0,1,sleeping,io
2026-09-22T13:39:34,15762,15760,Relay(15767),/init,0.0,0.0143,1.11,0.0,0.0,0.0,0.0,0.0,1,sleeping,io
2026-09-22T13:39:34,15767,15762,bash,-bash,0.0,0.0696,5.39,0.0,0.0,0.0,0.0,0.0,1,sleeping,io
2026-09-22T13:39:34,15903,2,SessionLeader,/init,0.0,0.0142,1.1,0.0,0.0,0.0,0.0,0.0,1,sleeping,io
2026-09-22T13:39:34,15904,15903,Relay(15909),/init,0.0,0.0143,1.11,0.0,0.0,0.0,0.0,0.0,1,sleeping,io
2026-09-22T13:39:34,15909,15904,bash,-bash,0.0,0.0699,5.42,0.0,0.0,0.0,0.0,0.0,1,sleeping,io
2026-09-22T13:39:34,20518,1,wsl-pro-service,/usr/libexec/wsl-pro-service,0.0,0.1491,11.55,0.0,0.0,0.0,0.0,0.0,8,sleeping,io
2026-09-22T13:39:34,21891,6945,python,python workloads/io/io_workload.py,5.0,0.1304,10.11,4081.09,68431792.22,131.52,0.0,0.0,1,disk-sleep,io
2026-09-22T13:39:36,1,0,systemd,/sbin/init,0.0,0.1667,12.91,0.0,0.0,0.98,0.0,0.0,1,sleeping,io
2026-09-22T13:39:36,2,1,init-systemd(Ub,/init,0.0,0.0279,2.16,0.0,0.0,0.0,0.0,0.0,2,sleeping,io
2026-09-22T13:39:36,7,2,init,plan9 --control-socket 7 --log-level 4 --server-fd 8 --pipe-fd 10 --log-truncate,0.0,0.0268,2.08,0.0,0.0,0.0,0.0,0.0,2,sleeping,io
2026-09-22T13:39:36,43,1,systemd-journald,/usr/lib/systemd/systemd-journald,0.5,0.2003,15.52,0.0,0.0,8.83,899.62,1.47,1,sleeping,io
2026-09-22T13:39:36,98,1,systemd-udevd,/usr/lib/systemd/systemd-udevd,0.0,0.0799,6.19,0.0,0.0,0.0,0.0,0.0,1,sleeping,io
2026-09-22T13:39:36,177,1,systemd-resolved,/usr/lib/systemd/systemd-resolved,0.0,0.1656,12.83,0.0,0.0,0.98,0.0,0.0,1,sleeping,io
2026-09-22T13:39:36,178,1,systemd-timesyncd,/usr/lib/systemd/systemd-timesyncd,0.0,0.1002,7.77,0.0,0.0,0.98,0.0,0.0,2,sleeping,io
2026-09-22T13:39:36,188,1,cron,/usr/sbin/cron -f -P,0.0,0.0338,2.62,0.0,0.0,0.0,0.0,0.0,1,sleeping,io
2026-09-22T13:39:36,189,1,dbus-daemon,@dbus-daemon --system --address=systemd: --nofork --nopidfile --systemd-activation --syslog-only,0.0,0.0669,5.18,0.0,0.0,1.47,0.0,0.0,1,sleeping,io
2026-09-22T13:39:36,203,1,systemd-logind,/usr/lib/systemd/systemd-logind,0.0,0.1112,8.62,0.0,0.0,5.39,0.0,0.0,1,sleeping,io
2026-09-22T13:39:36,217,1,agetty,/sbin/agetty -o -p -- \u --noclear - linux,0.0,0.0249,1.93,0.0,0.0,0.0,0.0,0.0,1,sleeping,io
2026-09-22T13:39:36,223,1,rsyslogd,/usr/sbin/rsyslogd -n -iNONE,0.0,0.0758,5.87,0.0,0.0,0.0,0.0,0.0,4,sleeping,io
2026-09-22T13:39:36,236,1,unattended-upgr,/usr/bin/python3 /usr/share/unattended-upgrades/unattended-upgrade-shutdown --wait-for-signal,0.0,0.2778,21.53,0.0,0.0,0.0,0.0,0.0,2,sleeping,io
2026-09-22T13:39:36,256,1,apache2,/usr/sbin/apache2 -k start,0.0,0.0634,4.91,0.0,0.0,0.98,0.0,0.0,1,sleeping,io
2026-09-22T13:39:36,257,256,apache2,/usr/sbin/apache2 -k start,0.0,0.0734,5.69,0.0,0.0,0.0,0.0,0.0,27,sleeping,io
2026-09-22T13:39:36,259,256,apache2,/usr/sbin/apache2 -k start,0.0,0.0734,5.69,0.0,0.0,0.0,0.0,0.0,27,sleeping,io
2026-09-22T13:39:36,386,2,login,/bin/login -f      ,0.0,0.0587,4.55,0.0,0.0,0.0,0.0,0.0,1,sleeping,io
2026-09-22T13:39:36,429,1,systemd,/usr/lib/systemd/systemd --user,0.0,0.145,11.24,0.0,0.0,0.98,0.0,0.0,1,sleeping,io
2026-09-22T13:39:36,430,429,(sd-pam),(sd-pam),0.0,0.0451,3.49,0.0,0.0,0.0,0.0,0.0,1,sleeping,io
2026-09-22T13:39:36,452,386,bash,-bash,0.0,0.0643,4.98,0.0,0.0,0.0,0.0,0.0,1,sleeping,io
2026-09-22T13:39:36,486,2,SessionLeader,/init,0.0,0.0142,1.1,0.0,0.0,0.0,0.0,0.0,1,sleeping,io
2026-09-22T13:39:36,487,486,Relay(488),/init,0.0,0.0159,1.23,0.0,0.0,0.0,0.0,0.0,1,sleeping,io
2026-09-22T13:39:36,488,487,bash,-bash,0.0,0.0666,5.16,0.0,0.0,0.0,0.0,0.0,1,sleeping,io
2026-09-22T13:39:36,696,2,SessionLeader,/init,0.0,0.0143,1.11,0.0,0.0,0.0,0.0,0.0,1,sleeping,io
2026-09-22T13:39:36,697,696,Relay(698),/init,0.0,0.0152,1.18,0.0,0.0,0.0,0.0,0.0,1,sleeping,io
2026-09-22T13:39:36,698,697,sh,"sh -c ""$VSCODE_WSL_EXT_LOCATION/scripts/wslServer.sh"" 7debcd0e2acdea1c52de81bf9ee1620444407dda stable code-server .vscode-server --host=127.0.0.1 --port=0 --connection-token=826864117-4248089396-2109865724-2149592531 --use-host-proxy --without-browser-env-var --disable-websocket-compression --accept-server-license-terms --telemetry-level=all",0.0,0.024,1.86,0.0,0.0,0.0,0.0,0.0,1,sleeping,io
2026-09-22T13:39:36,699,698,sh,sh /mnt/c/Users/Rohan/.vscode/extensions/ms-vscode-remote.remote-wsl-0.104.3/scripts/wslServer.sh 7debcd0e2acdea1c52de81bf9ee1620444407dda stable code-server .vscode-server --host=127.0.0.1 --port=0 --connection-token=826864117-4248089396-2109865724-2149592531 --use-host-proxy --without-browser-env-var --disable-websocket-compression --accept-server-license-terms --telemetry-level=all,0.0,0.0251,1.95,0.0,0.0,0.0,0.0,0.0,1,sleeping,io
2026-09-22T13:39:36,705,699,sh,sh /home/rohan/.vscode-server/bin/7debcd0e2acdea1c52de81bf9ee1620444407dda/bin/code-server --host=127.0.0.1 --port=0 --connection-token=826864117-4248089396-2109865724-2149592531 --use-host-proxy --without-browser-env-var --disable-websocket-compression --accept-server-license-terms --telemetry-level=all,0.0,0.025,1.93,0.0,0.0,0.0,0.0,0.0,1,sleeping,io
2026-09-22T13:39:36,709,705,MainThread,/home/rohan/.vscode-server/bin/7debcd0e2acdea1c52de81bf9ee1620444407dda/node /home/rohan/.vscode-server/bin/7debcd0e2acdea1c52de81bf9ee1620444407dda/out/server-main.js --host=127.0.0.1 --port=0 --connection-token=826864117-4248089396-2109865724-2149592531 --use-host-proxy --without-browser-env-var --disable-websocket-compression --accept-server-license-terms --telemetry-level=all,0.5,2.2866,177.18,0.0,0.0,7.85,0.0,0.0,11,sleeping,io
2026-09-22T13:39:36,721,2,SessionLeader,/init,0.0,0.0143,1.11,0.0,0.0,0.0,0.0,0.0,1,sleeping,io
2026-09-22T13:39:36,722,721,Relay(723),/init,0.0,0.0152,1.18,0.0,0.0,2.94,0.0,0.0,1,sleeping,io
2026-09-22T13:39:36,723,722,MainThread,"/home/rohan/.vscode-server/bin/7debcd0e2acdea1c52de81bf9ee1620444407dda/node -e const net = require('net'); process.stdin.pause(); const client = net.createConnection({ host: '127.0.0.1', port: 44115 }, () => { client.pipe(process.stdout); process.stdin.pipe(client); }); client.on('close', function (hadError) { console.error(hadError ? 'Remote close with error' : 'Remote close'); process.exit(hadError ? 1 : 0); }); client.on('error', function (err) { process.stderr.write(err && (err.stack || err.message) || String(err)); });",0.0,0.8724,67.6,0.0,0.0,2.94,0.0,0.0,7,sleeping,io
2026-09-22T13:39:36,730,2,SessionLeader,/init,0.0,0.0143,1.11,0.0,0.0,0.0,0.0,0.0,1,sleeping,io
2026-09-22T13:39:36,731,730,Relay(732),/init,0.0,0.0152,1.18,0.0,0.0,3.92,0.0,0.0,1,sleeping,io
2026-09-22T13:39:36,732,731,MainThread,"/home/rohan/.vscode-server/bin/7debcd0e2acdea1c52de81bf9ee1620444407dda/node -e const net = require('net'); process.stdin.pause(); const client = net.createConnection({ host: '127.0.0.1', port: 44115 }, () => { client.pipe(process.stdout); process.stdin.pipe(client); }); client.on('close', function (hadError) { console.error(hadError ? 'Remote close with error' : 'Remote close'); process.exit(hadError ? 1 : 0); }); client.on('error', function (err) { process.stderr.write(err && (err.stack || err.message) || String(err)); });",0.0,0.7846,60.8,0.0,0.0,3.92,0.0,0.0,7,sleeping,io
2026-09-22T13:39:36,743,709,MainThread,/home/rohan/.vscode-server/bin/7debcd0e2acdea1c52de81bf9ee1620444407dda/node /home/rohan/.vscode-server/bin/7debcd0e2acdea1c52de81bf9ee1620444407dda/out/bootstrap-fork --type=fileWatcher,1.0,0.8777,68.01,0.0,0.0,4.41,18.14,0.0,13,sleeping,io
2026-09-22T13:39:36,769,709,MainThread,/home/rohan/.vscode-server/bin/7debcd0e2acdea1c52de81bf9ee1620444407dda/node /home/rohan/.vscode-server/bin/7debcd0e2acdea1c52de81bf9ee1620444407dda/out/bootstrap-fork --type=agentHost --logsPath /home/rohan/.vscode-server/data/logs/20260922T120228 --user-data-dir /home/rohan/.vscode-server/data --telemetry-level all,0.0,1.7799,137.92,0.0,2008.54,3.43,0.0,0.0,11,sleeping,io
2026-09-22T13:39:36,770,709,MainThread,/home/rohan/.vscode-server/bin/7debcd0e2acdea1c52de81bf9ee1620444407dda/node --dns-result-order=ipv4first /home/rohan/.vscode-server/bin/7debcd0e2acdea1c52de81bf9ee1620444407dda/out/bootstrap-fork --type=extensionHost --transformURIs --useHostProxy=true,1.5,6.7966,526.65,0.0,0.0,191.24,1316.15,0.0,32,sleeping,io
2026-09-22T13:39:36,811,769,MainThread,/home/rohan/.vscode-server/bin/7debcd0e2acdea1c52de81bf9ee1620444407dda/node /home/rohan/.vscode-server/bin/7debcd0e2acdea1c52de81bf9ee1620444407dda/node_modules/@github/copilot-linux-x64/index.js --headless --no-auto-update --log-level info --stdio --no-auto-login,0.0,3.3565,260.08,0.0,0.0,0.0,0.0,0.0,44,sleeping,io
2026-09-22T13:39:36,812,770,MainThread,/home/rohan/.vscode-server/bin/7debcd0e2acdea1c52de81bf9ee1620444407dda/node /home/rohan/.vscode-server/bin/7debcd0e2acdea1c52de81bf9ee1620444407dda/extensions/markdown-language-features/dist/serverWorkerMain --node-ipc --clientProcessId=770,0.0,0.994,77.02,0.0,0.0,1.47,0.0,0.0,7,sleeping,io
2026-09-22T13:39:36,833,709,MainThread,/home/rohan/.vscode-server/bin/7debcd0e2acdea1c52de81bf9ee1620444407dda/node /home/rohan/.vscode-server/bin/7debcd0e2acdea1c52de81bf9ee1620444407dda/out/bootstrap-fork --type=ptyHost --logsPath /home/rohan/.vscode-server/data/logs/20260922T120228,0.5,0.9761,75.63,0.0,0.0,6.37,0.0,0.0,13,sleeping,io
2026-09-22T13:39:36,964,833,bash,/bin/bash --init-file /home/rohan/.vscode-server/bin/7debcd0e2acdea1c52de81bf9ee1620444407dda/out/vs/workbench/contrib/terminal/common/scripts/shellIntegration-bash.sh,0.0,0.0674,5.22,0.0,0.0,0.0,0.0,0.0,1,sleeping,io
2026-09-22T13:39:36,1424,2,SessionLeader,/init,0.0,0.0142,1.1,0.0,0.0,0.0,0.0,0.0,1,sleeping,io
2026-09-22T13:39:36,1425,1424,Relay(1426),/init,0.0,0.0143,1.11,0.0,0.0,0.0,0.0,0.0,1,sleeping,io
2026-09-22T13:39:36,1426,1425,bash,-bash,0.0,0.0665,5.15,0.0,0.0,0.0,0.0,0.0,1,sleeping,io
2026-09-22T13:39:36,4147,770,pet,/home/rohan/.vscode-server/extensions/ms-python.vscode-python-envs-1.37.2026092101-linux-x64/python-env-tools/bin/pet server,0.0,0.0749,5.8,0.0,0.0,0.0,0.0,0.0,21,sleeping,io
2026-09-22T13:39:36,4156,833,bash,/bin/bash --init-file /home/rohan/.vscode-server/bin/7debcd0e2acdea1c52de81bf9ee1620444407dda/out/vs/workbench/contrib/terminal/common/scripts/shellIntegration-bash.sh,0.0,0.0664,5.15,0.0,0.0,0.0,0.0,0.0,1,sleeping,io
2026-09-22T13:39:36,4295,770,MainThread,/home/rohan/.vscode-server/bin/7debcd0e2acdea1c52de81bf9ee1620444407dda/node /home/rohan/.vscode-server/extensions/ms-python.vscode-pylance-2026.3.105/dist/server.bundle.js --cancellationReceive=file:2bc56d7a41ee8749874d0000b75c5745f8ddf88b1a --node-ipc --clientProcessId=770,0.0,8.4534,655.02,0.0,0.0,2.94,0.0,0.0,9,sleeping,io
2026-09-22T13:39:36,5890,2,SessionLeader,/init,0.0,0.0142,1.1,0.0,0.0,0.0,0.0,0.0,1,sleeping,io
2026-09-22T13:39:36,5891,5890,Relay(5896),/init,0.0,0.0143,1.11,0.0,0.0,0.49,0.0,0.0,1,sleeping,io
2026-09-22T13:39:36,5896,5891,bash,-bash,0.0,0.0669,5.18,0.0,0.0,0.0,0.0,0.0,1,sleeping,io
2026-09-22T13:39:36,6172,2,SessionLeader,/init,0.0,0.0142,1.1,0.0,0.0,0.0,0.0,0.0,1,sleeping,io
2026-09-22T13:39:36,6173,6172,Relay(6174),/init,0.0,0.0143,1.11,0.0,0.0,0.0,0.0,0.0,1,sleeping,io
2026-09-22T13:39:36,6174,6173,bash,-bash,0.0,0.0666,5.16,0.0,0.0,0.0,0.0,0.0,1,sleeping,io
2026-09-22T13:39:36,6941,2,SessionLeader,/init,0.0,0.0142,1.1,0.0,0.0,0.0,0.0,0.0,1,sleeping,io
2026-09-22T13:39:36,6943,6941,Relay(6945),/init,0.0,0.0143,1.11,0.0,0.0,0.0,0.0,0.0,1,sleeping,io
2026-09-22T13:39:36,6945,6943,bash,-bash,0.0,0.0667,5.17,0.0,0.0,0.0,0.0,0.0,1,sleeping,io
2026-09-22T13:39:36,8650,2,SessionLeader,/init,0.0,0.0142,1.1,0.0,0.0,0.0,0.0,0.0,1,sleeping,io
2026-09-22T13:39:36,8652,8650,Relay(8654),/init,0.0,0.0143,1.11,0.0,0.0,0.0,0.0,0.0,1,sleeping,io
2026-09-22T13:39:36,8654,8652,bash,-bash,0.0,0.0688,5.33,0.0,0.0,0.0,0.0,0.0,1,sleeping,io
2026-09-22T13:39:36,8853,2,SessionLeader,/init,0.0,0.0142,1.1,0.0,0.0,0.0,0.0,0.0,1,sleeping,io
2026-09-22T13:39:36,8854,8853,Relay(8858),/init,0.0,0.0143,1.11,0.0,0.0,0.0,0.0,0.0,1,sleeping,io
2026-09-22T13:39:36,8858,8854,bash,-bash,0.0,0.0681,5.27,0.0,0.0,0.0,0.0,0.0,1,sleeping,io
2026-09-22T13:39:36,15760,2,SessionLeader,/init,0.0,0.0142,1.1,0.0,0.0,0.0,0.0,0.0,1,sleeping,io
2026-09-22T13:39:36,15762,15760,Relay(15767),/init,0.0,0.0143,1.11,0.0,0.0,0.0,0.0,0.0,1,sleeping,io
2026-09-22T13:39:36,15767,15762,bash,-bash,0.0,0.0696,5.39,0.0,0.0,0.0,0.0,0.0,1,sleeping,io
2026-09-22T13:39:36,15903,2,SessionLeader,/init,0.0,0.0142,1.1,0.0,0.0,0.0,0.0,0.0,1,sleeping,io
2026-09-22T13:39:36,15904,15903,Relay(15909),/init,0.0,0.0143,1.11,0.0,0.0,0.0,0.0,0.0,1,sleeping,io
2026-09-22T13:39:36,15909,15904,bash,-bash,0.0,0.0699,5.42,0.0,0.0,0.0,0.0,0.0,1,sleeping,io
2026-09-22T13:39:36,20518,1,wsl-pro-service,/usr/libexec/wsl-pro-service,0.0,0.1491,11.55,0.0,0.0,0.0,0.0,0.0,8,sleeping,io
2026-09-22T13:39:36,21891,6945,python,python workloads/io/io_workload.py,5.0,0.1304,10.11,2008.51,57073902.11,114.25,0.0,0.0,1,disk-sleep,io
2026-09-22T13:39:38,1,0,systemd,/sbin/init,0.0,0.1667,12.91,0.0,0.0,0.0,0.0,0.0,1,sleeping,io
2026-09-22T13:39:38,2,1,init-systemd(Ub,/init,0.0,0.0279,2.16,0.0,0.0,0.0,0.0,0.0,2,sleeping,io
2026-09-22T13:39:38,7,2,init,plan9 --control-socket 7 --log-level 4 --server-fd 8 --pipe-fd 10 --log-truncate,0.0,0.0268,2.08,0.0,0.0,0.0,0.0,0.0,2,sleeping,io
2026-09-22T13:39:38,43,1,systemd-journald,/usr/lib/systemd/systemd-journald,0.0,0.2003,15.52,0.0,0.0,0.0,0.0,0.0,1,sleeping,io
2026-09-22T13:39:38,98,1,systemd-udevd,/usr/lib/systemd/systemd-udevd,0.0,0.0799,6.19,0.0,0.0,0.0,0.0,0.0,1,sleeping,io
2026-09-22T13:39:38,177,1,systemd-resolved,/usr/lib/systemd/systemd-resolved,0.0,0.1656,12.83,0.0,0.0,0.0,0.0,0.0,1,sleeping,io
2026-09-22T13:39:38,178,1,systemd-timesyncd,/usr/lib/systemd/systemd-timesyncd,0.0,0.1002,7.77,0.0,0.0,0.0,0.0,0.0,2,sleeping,io
2026-09-22T13:39:38,188,1,cron,/usr/sbin/cron -f -P,0.0,0.0338,2.62,0.0,0.0,0.0,0.0,0.0,1,sleeping,io
2026-09-22T13:39:38,189,1,dbus-daemon,@dbus-daemon --system --address=systemd: --nofork --nopidfile --systemd-activation --syslog-only,0.0,0.0669,5.18,0.0,0.0,0.0,0.0,0.0,1,sleeping,io
2026-09-22T13:39:38,203,1,systemd-logind,/usr/lib/systemd/systemd-logind,0.0,0.1112,8.62,0.0,0.0,0.0,0.0,0.0,1,sleeping,io
2026-09-22T13:39:38,217,1,agetty,/sbin/agetty -o -p -- \u --noclear - linux,0.0,0.0249,1.93,0.0,0.0,0.0,0.0,0.0,1,sleeping,io
2026-09-22T13:39:38,223,1,rsyslogd,/usr/sbin/rsyslogd -n -iNONE,0.0,0.0758,5.87,0.0,0.0,0.0,0.0,0.0,4,sleeping,io
2026-09-22T13:39:38,236,1,unattended-upgr,/usr/bin/python3 /usr/share/unattended-upgrades/unattended-upgrade-shutdown --wait-for-signal,0.0,0.2778,21.53,0.0,0.0,0.0,0.0,0.0,2,sleeping,io
2026-09-22T13:39:38,256,1,apache2,/usr/sbin/apache2 -k start,0.0,0.0634,4.91,0.0,0.0,1.0,0.0,0.0,1,sleeping,io
2026-09-22T13:39:38,257,256,apache2,/usr/sbin/apache2 -k start,0.0,0.0734,5.69,0.0,0.0,0.0,0.0,0.0,27,sleeping,io
2026-09-22T13:39:38,259,256,apache2,/usr/sbin/apache2 -k start,0.0,0.0734,5.69,0.0,0.0,0.0,0.0,0.0,27,sleeping,io
2026-09-22T13:39:38,386,2,login,/bin/login -f      ,0.0,0.0587,4.55,0.0,0.0,0.0,0.0,0.0,1,sleeping,io
2026-09-22T13:39:38,429,1,systemd,/usr/lib/systemd/systemd --user,0.0,0.145,11.24,0.0,0.0,0.0,0.0,0.0,1,sleeping,io
2026-09-22T13:39:38,430,429,(sd-pam),(sd-pam),0.0,0.0451,3.49,0.0,0.0,0.0,0.0,0.0,1,sleeping,io
2026-09-22T13:39:38,452,386,bash,-bash,0.0,0.0643,4.98,0.0,0.0,0.0,0.0,0.0,1,sleeping,io
2026-09-22T13:39:38,486,2,SessionLeader,/init,0.0,0.0142,1.1,0.0,0.0,0.0,0.0,0.0,1,sleeping,io
2026-09-22T13:39:38,487,486,Relay(488),/init,0.0,0.0159,1.23,0.0,0.0,0.0,0.0,0.0,1,sleeping,io
2026-09-22T13:39:38,488,487,bash,-bash,0.0,0.0666,5.16,0.0,0.0,0.0,0.0,0.0,1,sleeping,io
2026-09-22T13:39:38,696,2,SessionLeader,/init,0.0,0.0143,1.11,0.0,0.0,0.0,0.0,0.0,1,sleeping,io
2026-09-22T13:39:38,697,696,Relay(698),/init,0.0,0.0152,1.18,0.0,0.0,0.0,0.0,0.0,1,sleeping,io
2026-09-22T13:39:38,698,697,sh,"sh -c ""$VSCODE_WSL_EXT_LOCATION/scripts/wslServer.sh"" 7debcd0e2acdea1c52de81bf9ee1620444407dda stable code-server .vscode-server --host=127.0.0.1 --port=0 --connection-token=826864117-4248089396-2109865724-2149592531 --use-host-proxy --without-browser-env-var --disable-websocket-compression --accept-server-license-terms --telemetry-level=all",0.0,0.024,1.86,0.0,0.0,0.0,0.0,0.0,1,sleeping,io
2026-09-22T13:39:38,699,698,sh,sh /mnt/c/Users/Rohan/.vscode/extensions/ms-vscode-remote.remote-wsl-0.104.3/scripts/wslServer.sh 7debcd0e2acdea1c52de81bf9ee1620444407dda stable code-server .vscode-server --host=127.0.0.1 --port=0 --connection-token=826864117-4248089396-2109865724-2149592531 --use-host-proxy --without-browser-env-var --disable-websocket-compression --accept-server-license-terms --telemetry-level=all,0.0,0.0251,1.95,0.0,0.0,0.0,0.0,0.0,1,sleeping,io
2026-09-22T13:39:38,705,699,sh,sh /home/rohan/.vscode-server/bin/7debcd0e2acdea1c52de81bf9ee1620444407dda/bin/code-server --host=127.0.0.1 --port=0 --connection-token=826864117-4248089396-2109865724-2149592531 --use-host-proxy --without-browser-env-var --disable-websocket-compression --accept-server-license-terms --telemetry-level=all,0.0,0.025,1.93,0.0,0.0,0.0,0.0,0.0,1,sleeping,io
2026-09-22T13:39:38,709,705,MainThread,/home/rohan/.vscode-server/bin/7debcd0e2acdea1c52de81bf9ee1620444407dda/node /home/rohan/.vscode-server/bin/7debcd0e2acdea1c52de81bf9ee1620444407dda/out/server-main.js --host=127.0.0.1 --port=0 --connection-token=826864117-4248089396-2109865724-2149592531 --use-host-proxy --without-browser-env-var --disable-websocket-compression --accept-server-license-terms --telemetry-level=all,0.0,2.2866,177.18,0.0,0.0,6.48,0.0,0.0,11,sleeping,io
2026-09-22T13:39:38,721,2,SessionLeader,/init,0.0,0.0143,1.11,0.0,0.0,0.0,0.0,0.0,1,sleeping,io
2026-09-22T13:39:38,722,721,Relay(723),/init,0.0,0.0152,1.18,0.0,0.0,1.99,0.0,0.0,1,sleeping,io
2026-09-22T13:39:38,723,722,MainThread,"/home/rohan/.vscode-server/bin/7debcd0e2acdea1c52de81bf9ee1620444407dda/node -e const net = require('net'); process.stdin.pause(); const client = net.createConnection({ host: '127.0.0.1', port: 44115 }, () => { client.pipe(process.stdout); process.stdin.pipe(client); }); client.on('close', function (hadError) { console.error(hadError ? 'Remote close with error' : 'Remote close'); process.exit(hadError ? 1 : 0); }); client.on('error', function (err) { process.stderr.write(err && (err.stack || err.message) || String(err)); });",0.0,0.8724,67.6,0.0,0.0,1.99,0.0,0.0,7,sleeping,io
2026-09-22T13:39:38,730,2,SessionLeader,/init,0.0,0.0143,1.11,0.0,0.0,0.0,0.0,0.0,1,sleeping,io
2026-09-22T13:39:38,731,730,Relay(732),/init,0.0,0.0152,1.18,0.0,0.0,3.99,0.0,0.0,1,sleeping,io
2026-09-22T13:39:38,732,731,MainThread,"/home/rohan/.vscode-server/bin/7debcd0e2acdea1c52de81bf9ee1620444407dda/node -e const net = require('net'); process.stdin.pause(); const client = net.createConnection({ host: '127.0.0.1', port: 44115 }, () => { client.pipe(process.stdout); process.stdin.pipe(client); }); client.on('close', function (hadError) { console.error(hadError ? 'Remote close with error' : 'Remote close'); process.exit(hadError ? 1 : 0); }); client.on('error', function (err) { process.stderr.write(err && (err.stack || err.message) || String(err)); });",0.0,0.7846,60.8,0.0,0.0,3.99,0.0,0.0,7,sleeping,io
2026-09-22T13:39:38,743,709,MainThread,/home/rohan/.vscode-server/bin/7debcd0e2acdea1c52de81bf9ee1620444407dda/node /home/rohan/.vscode-server/bin/7debcd0e2acdea1c52de81bf9ee1620444407dda/out/bootstrap-fork --type=fileWatcher,0.5,0.8777,68.01,0.0,0.0,4.49,0.0,0.0,13,sleeping,io
2026-09-22T13:39:38,769,709,MainThread,/home/rohan/.vscode-server/bin/7debcd0e2acdea1c52de81bf9ee1620444407dda/node /home/rohan/.vscode-server/bin/7debcd0e2acdea1c52de81bf9ee1620444407dda/out/bootstrap-fork --type=agentHost --logsPath /home/rohan/.vscode-server/data/logs/20260922T120228 --user-data-dir /home/rohan/.vscode-server/data --telemetry-level all,0.0,1.7799,137.92,0.0,0.0,0.5,0.0,0.0,11,sleeping,io
2026-09-22T13:39:38,770,709,MainThread,/home/rohan/.vscode-server/bin/7debcd0e2acdea1c52de81bf9ee1620444407dda/node --dns-result-order=ipv4first /home/rohan/.vscode-server/bin/7debcd0e2acdea1c52de81bf9ee1620444407dda/out/bootstrap-fork --type=extensionHost --transformURIs --useHostProxy=true,1.5,6.7966,526.65,0.0,0.0,194.35,1007.65,0.0,32,sleeping,io
2026-09-22T13:39:38,811,769,MainThread,/home/rohan/.vscode-server/bin/7debcd0e2acdea1c52de81bf9ee1620444407dda/node /home/rohan/.vscode-server/bin/7debcd0e2acdea1c52de81bf9ee1620444407dda/node_modules/@github/copilot-linux-x64/index.js --headless --no-auto-update --log-level info --stdio --no-auto-login,0.0,3.3565,260.08,0.0,0.0,0.0,0.0,0.0,44,sleeping,io
2026-09-22T13:39:38,812,770,MainThread,/home/rohan/.vscode-server/bin/7debcd0e2acdea1c52de81bf9ee1620444407dda/node /home/rohan/.vscode-server/bin/7debcd0e2acdea1c52de81bf9ee1620444407dda/extensions/markdown-language-features/dist/serverWorkerMain --node-ipc --clientProcessId=770,0.0,0.994,77.02,0.0,0.0,0.0,0.0,0.0,7,sleeping,io
2026-09-22T13:39:38,833,709,MainThread,/home/rohan/.vscode-server/bin/7debcd0e2acdea1c52de81bf9ee1620444407dda/node /home/rohan/.vscode-server/bin/7debcd0e2acdea1c52de81bf9ee1620444407dda/out/bootstrap-fork --type=ptyHost --logsPath /home/rohan/.vscode-server/data/logs/20260922T120228,0.0,0.9761,75.63,0.0,0.0,4.98,0.0,0.0,13,sleeping,io
2026-09-22T13:39:38,964,833,bash,/bin/bash --init-file /home/rohan/.vscode-server/bin/7debcd0e2acdea1c52de81bf9ee1620444407dda/out/vs/workbench/contrib/terminal/common/scripts/shellIntegration-bash.sh,0.0,0.0674,5.22,0.0,0.0,0.0,0.0,0.0,1,sleeping,io
2026-09-22T13:39:38,1424,2,SessionLeader,/init,0.0,0.0142,1.1,0.0,0.0,0.0,0.0,0.0,1,sleeping,io
2026-09-22T13:39:38,1425,1424,Relay(1426),/init,0.0,0.0143,1.11,0.0,0.0,0.0,0.0,0.0,1,sleeping,io
2026-09-22T13:39:38,1426,1425,bash,-bash,0.0,0.0665,5.15,0.0,0.0,0.0,0.0,0.0,1,sleeping,io
2026-09-22T13:39:38,4147,770,pet,/home/rohan/.vscode-server/extensions/ms-python.vscode-python-envs-1.37.2026092101-linux-x64/python-env-tools/bin/pet server,0.0,0.0749,5.8,0.0,0.0,0.0,0.0,0.0,21,sleeping,io
2026-09-22T13:39:38,4156,833,bash,/bin/bash --init-file /home/rohan/.vscode-server/bin/7debcd0e2acdea1c52de81bf9ee1620444407dda/out/vs/workbench/contrib/terminal/common/scripts/shellIntegration-bash.sh,0.0,0.0664,5.15,0.0,0.0,0.0,0.0,0.0,1,sleeping,io
2026-09-22T13:39:38,4295,770,MainThread,/home/rohan/.vscode-server/bin/7debcd0e2acdea1c52de81bf9ee1620444407dda/node /home/rohan/.vscode-server/extensions/ms-python.vscode-pylance-2026.3.105/dist/server.bundle.js --cancellationReceive=file:2bc56d7a41ee8749874d0000b75c5745f8ddf88b1a --node-ipc --clientProcessId=770,0.5,8.4534,655.02,0.0,0.0,1.99,0.0,0.0,9,sleeping,io
2026-09-22T13:39:38,5890,2,SessionLeader,/init,0.0,0.0142,1.1,0.0,0.0,0.0,0.0,0.0,1,sleeping,io
2026-09-22T13:39:38,5891,5890,Relay(5896),/init,0.0,0.0143,1.11,0.0,0.0,0.5,0.0,0.0,1,sleeping,io
2026-09-22T13:39:38,5896,5891,bash,-bash,0.0,0.0669,5.18,0.0,0.0,0.0,0.0,0.0,1,sleeping,io
2026-09-22T13:39:38,6172,2,SessionLeader,/init,0.0,0.0142,1.1,0.0,0.0,0.0,0.0,0.0,1,sleeping,io
2026-09-22T13:39:38,6173,6172,Relay(6174),/init,0.0,0.0143,1.11,0.0,0.0,0.0,0.0,0.0,1,sleeping,io
2026-09-22T13:39:38,6174,6173,bash,-bash,0.0,0.0666,5.16,0.0,0.0,0.0,0.0,0.0,1,sleeping,io
2026-09-22T13:39:38,6941,2,SessionLeader,/init,0.0,0.0142,1.1,0.0,0.0,0.0,0.0,0.0,1,sleeping,io
2026-09-22T13:39:38,6943,6941,Relay(6945),/init,0.0,0.0143,1.11,0.0,0.0,0.0,0.0,0.0,1,sleeping,io
2026-09-22T13:39:38,6945,6943,bash,-bash,0.0,0.0667,5.17,0.0,0.0,0.0,0.0,0.0,1,sleeping,io
2026-09-22T13:39:38,8650,2,SessionLeader,/init,0.0,0.0142,1.1,0.0,0.0,0.0,0.0,0.0,1,sleeping,io
2026-09-22T13:39:38,8652,8650,Relay(8654),/init,0.0,0.0143,1.11,0.0,0.0,0.0,0.0,0.0,1,sleeping,io
2026-09-22T13:39:38,8654,8652,bash,-bash,0.0,0.0688,5.33,0.0,0.0,0.0,0.0,0.0,1,sleeping,io
2026-09-22T13:39:38,8853,2,SessionLeader,/init,0.0,0.0142,1.1,0.0,0.0,0.0,0.0,0.0,1,sleeping,io
2026-09-22T13:39:38,8854,8853,Relay(8858),/init,0.0,0.0143,1.11,0.0,0.0,0.0,0.0,0.0,1,sleeping,io
2026-09-22T13:39:38,8858,8854,bash,-bash,0.0,0.0681,5.27,0.0,0.0,0.0,0.0,0.0,1,sleeping,io
2026-09-22T13:39:38,15760,2,SessionLeader,/init,0.0,0.0142,1.1,0.0,0.0,0.0,0.0,0.0,1,sleeping,io
2026-09-22T13:39:38,15762,15760,Relay(15767),/init,0.0,0.0143,1.11,0.0,0.0,0.0,0.0,0.0,1,sleeping,io
2026-09-22T13:39:38,15767,15762,bash,-bash,0.0,0.0696,5.39,0.0,0.0,0.0,0.0,0.0,1,sleeping,io
2026-09-22T13:39:38,15903,2,SessionLeader,/init,0.0,0.0142,1.1,0.0,0.0,0.0,0.0,0.0,1,sleeping,io
2026-09-22T13:39:38,15904,15903,Relay(15909),/init,0.0,0.0143,1.11,0.0,0.0,0.0,0.0,0.0,1,sleeping,io
2026-09-22T13:39:38,15909,15904,bash,-bash,0.0,0.0699,5.42,0.0,0.0,0.0,0.0,0.0,1,sleeping,io
2026-09-22T13:39:38,20518,1,wsl-pro-service,/usr/libexec/wsl-pro-service,0.0,0.1491,11.55,0.0,0.0,0.0,0.0,0.0,8,sleeping,io
2026-09-22T13:39:38,21891,6945,python,python workloads/io/io_workload.py,5.0,0.1304,10.11,6122.59,65830111.19,127.55,0.0,0.0,1,running,io
2026-09-22T13:39:40,1,0,systemd,/sbin/init,0.0,0.1667,12.91,0.0,0.0,0.0,0.0,0.0,1,sleeping,io
2026-09-22T13:39:40,2,1,init-systemd(Ub,/init,0.0,0.0279,2.16,0.0,0.0,0.0,0.0,0.0,2,sleeping,io
2026-09-22T13:39:40,7,2,init,plan9 --control-socket 7 --log-level 4 --server-fd 8 --pipe-fd 10 --log-truncate,0.0,0.0268,2.08,0.0,0.0,0.0,0.0,0.0,2,sleeping,io
2026-09-22T13:39:40,43,1,systemd-journald,/usr/lib/systemd/systemd-journald,0.0,0.2003,15.52,0.0,0.0,0.0,0.0,0.0,1,sleeping,io
2026-09-22T13:39:40,98,1,systemd-udevd,/usr/lib/systemd/systemd-udevd,0.0,0.0799,6.19,0.0,0.0,0.0,0.0,0.0,1,sleeping,io
2026-09-22T13:39:40,177,1,systemd-resolved,/usr/lib/systemd/systemd-resolved,0.0,0.1656,12.83,0.0,0.0,0.0,0.0,0.0,1,sleeping,io
2026-09-22T13:39:40,178,1,systemd-timesyncd,/usr/lib/systemd/systemd-timesyncd,0.0,0.1002,7.77,0.0,0.0,0.0,0.0,0.0,2,sleeping,io
2026-09-22T13:39:40,188,1,cron,/usr/sbin/cron -f -P,0.0,0.0338,2.62,0.0,0.0,0.0,0.0,0.0,1,sleeping,io
2026-09-22T13:39:40,189,1,dbus-daemon,@dbus-daemon --system --address=systemd: --nofork --nopidfile --systemd-activation --syslog-only,0.0,0.0669,5.18,0.0,0.0,0.0,0.0,0.0,1,sleeping,io
2026-09-22T13:39:40,203,1,systemd-logind,/usr/lib/systemd/systemd-logind,0.0,0.1112,8.62,0.0,0.0,0.0,0.0,0.0,1,sleeping,io
2026-09-22T13:39:40,217,1,agetty,/sbin/agetty -o -p -- \u --noclear - linux,0.0,0.0249,1.93,0.0,0.0,0.0,0.0,0.0,1,sleeping,io
2026-09-22T13:39:40,223,1,rsyslogd,/usr/sbin/rsyslogd -n -iNONE,0.0,0.0758,5.87,0.0,0.0,0.0,0.0,0.0,4,sleeping,io
2026-09-22T13:39:40,236,1,unattended-upgr,/usr/bin/python3 /usr/share/unattended-upgrades/unattended-upgrade-shutdown --wait-for-signal,0.0,0.2778,21.53,0.0,0.0,0.0,0.0,0.0,2,sleeping,io
2026-09-22T13:39:40,256,1,apache2,/usr/sbin/apache2 -k start,0.0,0.0634,4.91,0.0,0.0,1.0,0.0,0.0,1,sleeping,io
2026-09-22T13:39:40,257,256,apache2,/usr/sbin/apache2 -k start,0.0,0.0734,5.69,0.0,0.0,0.0,0.0,0.0,27,sleeping,io
2026-09-22T13:39:40,259,256,apache2,/usr/sbin/apache2 -k start,0.0,0.0734,5.69,0.0,0.0,0.0,0.0,0.0,27,sleeping,io
2026-09-22T13:39:40,386,2,login,/bin/login -f      ,0.0,0.0587,4.55,0.0,0.0,0.0,0.0,0.0,1,sleeping,io
2026-09-22T13:39:40,429,1,systemd,/usr/lib/systemd/systemd --user,0.0,0.145,11.24,0.0,0.0,0.0,0.0,0.0,1,sleeping,io
2026-09-22T13:39:40,430,429,(sd-pam),(sd-pam),0.0,0.0451,3.49,0.0,0.0,0.0,0.0,0.0,1,sleeping,io
2026-09-22T13:39:40,452,386,bash,-bash,0.0,0.0643,4.98,0.0,0.0,0.0,0.0,0.0,1,sleeping,io
2026-09-22T13:39:40,486,2,SessionLeader,/init,0.0,0.0142,1.1,0.0,0.0,0.0,0.0,0.0,1,sleeping,io
2026-09-22T13:39:40,487,486,Relay(488),/init,0.0,0.0159,1.23,0.0,0.0,0.0,0.0,0.0,1,sleeping,io
2026-09-22T13:39:40,488,487,bash,-bash,0.0,0.0666,5.16,0.0,0.0,0.0,0.0,0.0,1,sleeping,io
2026-09-22T13:39:40,696,2,SessionLeader,/init,0.0,0.0143,1.11,0.0,0.0,0.0,0.0,0.0,1,sleeping,io
2026-09-22T13:39:40,697,696,Relay(698),/init,0.0,0.0152,1.18,0.0,0.0,0.0,0.0,0.0,1,sleeping,io
2026-09-22T13:39:40,698,697,sh,"sh -c ""$VSCODE_WSL_EXT_LOCATION/scripts/wslServer.sh"" 7debcd0e2acdea1c52de81bf9ee1620444407dda stable code-server .vscode-server --host=127.0.0.1 --port=0 --connection-token=826864117-4248089396-2109865724-2149592531 --use-host-proxy --without-browser-env-var --disable-websocket-compression --accept-server-license-terms --telemetry-level=all",0.0,0.024,1.86,0.0,0.0,0.0,0.0,0.0,1,sleeping,io
2026-09-22T13:39:40,699,698,sh,sh /mnt/c/Users/Rohan/.vscode/extensions/ms-vscode-remote.remote-wsl-0.104.3/scripts/wslServer.sh 7debcd0e2acdea1c52de81bf9ee1620444407dda stable code-server .vscode-server --host=127.0.0.1 --port=0 --connection-token=826864117-4248089396-2109865724-2149592531 --use-host-proxy --without-browser-env-var --disable-websocket-compression --accept-server-license-terms --telemetry-level=all,0.0,0.0251,1.95,0.0,0.0,0.0,0.0,0.0,1,sleeping,io
2026-09-22T13:39:40,705,699,sh,sh /home/rohan/.vscode-server/bin/7debcd0e2acdea1c52de81bf9ee1620444407dda/bin/code-server --host=127.0.0.1 --port=0 --connection-token=826864117-4248089396-2109865724-2149592531 --use-host-proxy --without-browser-env-var --disable-websocket-compression --accept-server-license-terms --telemetry-level=all,0.0,0.025,1.93,0.0,0.0,0.0,0.0,0.0,1,sleeping,io
2026-09-22T13:39:40,709,705,MainThread,/home/rohan/.vscode-server/bin/7debcd0e2acdea1c52de81bf9ee1620444407dda/node /home/rohan/.vscode-server/bin/7debcd0e2acdea1c52de81bf9ee1620444407dda/out/server-main.js --host=127.0.0.1 --port=0 --connection-token=826864117-4248089396-2109865724-2149592531 --use-host-proxy --without-browser-env-var --disable-websocket-compression --accept-server-license-terms --telemetry-level=all,0.0,2.2866,177.18,0.0,0.0,8.47,0.0,0.0,11,sleeping,io
2026-09-22T13:39:40,721,2,SessionLeader,/init,0.0,0.0143,1.11,0.0,0.0,0.0,0.0,0.0,1,sleeping,io
2026-09-22T13:39:40,722,721,Relay(723),/init,0.0,0.0152,1.18,0.0,0.0,2.99,0.0,0.0,1,sleeping,io
2026-09-22T13:39:40,723,722,MainThread,"/home/rohan/.vscode-server/bin/7debcd0e2acdea1c52de81bf9ee1620444407dda/node -e const net = require('net'); process.stdin.pause(); const client = net.createConnection({ host: '127.0.0.1', port: 44115 }, () => { client.pipe(process.stdout); process.stdin.pipe(client); }); client.on('close', function (hadError) { console.error(hadError ? 'Remote close with error' : 'Remote close'); process.exit(hadError ? 1 : 0); }); client.on('error', function (err) { process.stderr.write(err && (err.stack || err.message) || String(err)); });",0.0,0.8724,67.6,0.0,0.0,2.99,0.0,0.0,7,sleeping,io
2026-09-22T13:39:40,730,2,SessionLeader,/init,0.0,0.0143,1.11,0.0,0.0,0.0,0.0,0.0,1,sleeping,io
2026-09-22T13:39:40,731,730,Relay(732),/init,0.0,0.0152,1.18,0.0,0.0,4.98,0.0,0.0,1,sleeping,io
2026-09-22T13:39:40,732,731,MainThread,"/home/rohan/.vscode-server/bin/7debcd0e2acdea1c52de81bf9ee1620444407dda/node -e const net = require('net'); process.stdin.pause(); const client = net.createConnection({ host: '127.0.0.1', port: 44115 }, () => { client.pipe(process.stdout); process.stdin.pipe(client); }); client.on('close', function (hadError) { console.error(hadError ? 'Remote close with error' : 'Remote close'); process.exit(hadError ? 1 : 0); }); client.on('error', function (err) { process.stderr.write(err && (err.stack || err.message) || String(err)); });",0.0,0.7846,60.8,0.0,0.0,4.98,0.0,0.0,7,sleeping,io
2026-09-22T13:39:40,743,709,MainThread,/home/rohan/.vscode-server/bin/7debcd0e2acdea1c52de81bf9ee1620444407dda/node /home/rohan/.vscode-server/bin/7debcd0e2acdea1c52de81bf9ee1620444407dda/out/bootstrap-fork --type=fileWatcher,0.5,0.8777,68.01,0.0,0.0,5.98,0.0,0.0,13,sleeping,io
2026-09-22T13:39:40,769,709,MainThread,/home/rohan/.vscode-server/bin/7debcd0e2acdea1c52de81bf9ee1620444407dda/node /home/rohan/.vscode-server/bin/7debcd0e2acdea1c52de81bf9ee1620444407dda/out/bootstrap-fork --type=agentHost --logsPath /home/rohan/.vscode-server/data/logs/20260922T120228 --user-data-dir /home/rohan/.vscode-server/data --telemetry-level all,0.0,1.7799,137.92,0.0,0.0,0.0,0.0,0.0,11,sleeping,io
2026-09-22T13:39:40,770,709,MainThread,/home/rohan/.vscode-server/bin/7debcd0e2acdea1c52de81bf9ee1620444407dda/node --dns-result-order=ipv4first /home/rohan/.vscode-server/bin/7debcd0e2acdea1c52de81bf9ee1620444407dda/out/bootstrap-fork --type=extensionHost --transformURIs --useHostProxy=true,2.0,6.7966,526.65,0.0,0.0,195.3,1120.51,0.0,32,sleeping,io
2026-09-22T13:39:40,811,769,MainThread,/home/rohan/.vscode-server/bin/7debcd0e2acdea1c52de81bf9ee1620444407dda/node /home/rohan/.vscode-server/bin/7debcd0e2acdea1c52de81bf9ee1620444407dda/node_modules/@github/copilot-linux-x64/index.js --headless --no-auto-update --log-level info --stdio --no-auto-login,0.0,3.3565,260.08,0.0,0.0,0.0,0.0,0.0,44,sleeping,io
2026-09-22T13:39:40,812,770,MainThread,/home/rohan/.vscode-server/bin/7debcd0e2acdea1c52de81bf9ee1620444407dda/node /home/rohan/.vscode-server/bin/7debcd0e2acdea1c52de81bf9ee1620444407dda/extensions/markdown-language-features/dist/serverWorkerMain --node-ipc --clientProcessId=770,0.5,0.994,77.02,0.0,0.0,0.5,0.0,0.0,7,sleeping,io
2026-09-22T13:39:40,833,709,MainThread,/home/rohan/.vscode-server/bin/7debcd0e2acdea1c52de81bf9ee1620444407dda/node /home/rohan/.vscode-server/bin/7debcd0e2acdea1c52de81bf9ee1620444407dda/out/bootstrap-fork --type=ptyHost --logsPath /home/rohan/.vscode-server/data/logs/20260922T120228,0.0,0.9761,75.63,0.0,0.0,6.48,0.0,0.0,13,sleeping,io
2026-09-22T13:39:40,964,833,bash,/bin/bash --init-file /home/rohan/.vscode-server/bin/7debcd0e2acdea1c52de81bf9ee1620444407dda/out/vs/workbench/contrib/terminal/common/scripts/shellIntegration-bash.sh,0.0,0.0674,5.22,0.0,0.0,0.0,0.0,0.0,1,sleeping,io
2026-09-22T13:39:40,1424,2,SessionLeader,/init,0.0,0.0142,1.1,0.0,0.0,0.0,0.0,0.0,1,sleeping,io
2026-09-22T13:39:40,1425,1424,Relay(1426),/init,0.0,0.0143,1.11,0.0,0.0,0.0,0.0,0.0,1,sleeping,io
2026-09-22T13:39:40,1426,1425,bash,-bash,0.0,0.0665,5.15,0.0,0.0,0.0,0.0,0.0,1,sleeping,io
2026-09-22T13:39:40,4147,770,pet,/home/rohan/.vscode-server/extensions/ms-python.vscode-python-envs-1.37.2026092101-linux-x64/python-env-tools/bin/pet server,0.0,0.0749,5.8,0.0,0.0,0.0,0.0,0.0,21,sleeping,io
2026-09-22T13:39:40,4156,833,bash,/bin/bash --init-file /home/rohan/.vscode-server/bin/7debcd0e2acdea1c52de81bf9ee1620444407dda/out/vs/workbench/contrib/terminal/common/scripts/shellIntegration-bash.sh,0.0,0.0664,5.15,0.0,0.0,0.0,0.0,0.0,1,sleeping,io
2026-09-22T13:39:40,4295,770,MainThread,/home/rohan/.vscode-server/bin/7debcd0e2acdea1c52de81bf9ee1620444407dda/node /home/rohan/.vscode-server/extensions/ms-python.vscode-pylance-2026.3.105/dist/server.bundle.js --cancellationReceive=file:2bc56d7a41ee8749874d0000b75c5745f8ddf88b1a --node-ipc --clientProcessId=770,0.5,8.4534,655.02,0.0,0.0,2.49,0.0,0.0,9,sleeping,io
2026-09-22T13:39:40,5890,2,SessionLeader,/init,0.0,0.0142,1.1,0.0,0.0,0.0,0.0,0.0,1,sleeping,io
2026-09-22T13:39:40,5891,5890,Relay(5896),/init,0.0,0.0143,1.11,0.0,0.0,0.5,0.0,0.0,1,sleeping,io
2026-09-22T13:39:40,5896,5891,bash,-bash,0.0,0.0669,5.18,0.0,0.0,0.0,0.0,0.0,1,sleeping,io
2026-09-22T13:39:40,6172,2,SessionLeader,/init,0.0,0.0142,1.1,0.0,0.0,0.0,0.0,0.0,1,sleeping,io
2026-09-22T13:39:40,6173,6172,Relay(6174),/init,0.0,0.0143,1.11,0.0,0.0,0.0,0.0,0.0,1,sleeping,io
2026-09-22T13:39:40,6174,6173,bash,-bash,0.0,0.0666,5.16,0.0,0.0,0.0,0.0,0.0,1,sleeping,io
2026-09-22T13:39:40,6941,2,SessionLeader,/init,0.0,0.0142,1.1,0.0,0.0,0.0,0.0,0.0,1,sleeping,io
2026-09-22T13:39:40,6943,6941,Relay(6945),/init,0.0,0.0143,1.11,0.0,0.0,0.0,0.0,0.0,1,sleeping,io
2026-09-22T13:39:40,6945,6943,bash,-bash,0.0,0.0667,5.17,0.0,0.0,0.0,0.0,0.0,1,sleeping,io
2026-09-22T13:39:40,8650,2,SessionLeader,/init,0.0,0.0142,1.1,0.0,0.0,0.0,0.0,0.0,1,sleeping,io
2026-09-22T13:39:40,8652,8650,Relay(8654),/init,0.0,0.0143,1.11,0.0,0.0,0.0,0.0,0.0,1,sleeping,io
2026-09-22T13:39:40,8654,8652,bash,-bash,0.0,0.0688,5.33,0.0,0.0,0.0,0.0,0.0,1,sleeping,io
2026-09-22T13:39:40,8853,2,SessionLeader,/init,0.0,0.0142,1.1,0.0,0.0,0.0,0.0,0.0,1,sleeping,io
2026-09-22T13:39:40,8854,8853,Relay(8858),/init,0.0,0.0143,1.11,0.0,0.0,0.0,0.0,0.0,1,sleeping,io
2026-09-22T13:39:40,8858,8854,bash,-bash,0.0,0.0681,5.27,0.0,0.0,0.0,0.0,0.0,1,sleeping,io
2026-09-22T13:39:40,15760,2,SessionLeader,/init,0.0,0.0142,1.1,0.0,0.0,0.0,0.0,0.0,1,sleeping,io
2026-09-22T13:39:40,15762,15760,Relay(15767),/init,0.0,0.0143,1.11,0.0,0.0,0.0,0.0,0.0,1,sleeping,io
2026-09-22T13:39:40,15767,15762,bash,-bash,0.0,0.0696,5.39,0.0,0.0,0.0,0.0,0.0,1,sleeping,io
2026-09-22T13:39:40,15903,2,SessionLeader,/init,0.0,0.0142,1.1,0.0,0.0,0.0,0.0,0.0,1,sleeping,io
2026-09-22T13:39:40,15904,15903,Relay(15909),/init,0.0,0.0143,1.11,0.0,0.0,0.0,0.0,0.0,1,sleeping,io
2026-09-22T13:39:40,15909,15904,bash,-bash,0.0,0.0699,5.42,0.0,0.0,0.0,0.0,0.0,1,sleeping,io
2026-09-22T13:39:40,20518,1,wsl-pro-service,/usr/libexec/wsl-pro-service,0.0,0.1491,11.55,0.0,0.0,0.0,0.0,0.0,8,sleeping,io
2026-09-22T13:39:40,21891,6945,python,python workloads/io/io_workload.py,6.5,0.1304,10.11,4081.92,72102960.4,138.02,0.0,0.0,1,disk-sleep,io
2026-09-22T13:39:42,1,0,systemd,/sbin/init,0.0,0.1667,12.91,0.0,0.0,1.45,0.0,0.0,1,sleeping,io
2026-09-22T13:39:42,2,1,init-systemd(Ub,/init,0.0,0.0279,2.16,0.0,0.0,0.0,0.0,0.0,2,sleeping,io
2026-09-22T13:39:42,7,2,init,plan9 --control-socket 7 --log-level 4 --server-fd 8 --pipe-fd 10 --log-truncate,0.0,0.0268,2.08,0.0,0.0,0.0,0.0,0.0,2,sleeping,io
2026-09-22T13:39:42,43,1,systemd-journald,/usr/lib/systemd/systemd-journald,1.0,0.2003,15.52,0.0,0.0,7.23,882.9,1.45,1,sleeping,io
2026-09-22T13:39:42,98,1,systemd-udevd,/usr/lib/systemd/systemd-udevd,0.0,0.0799,6.19,0.0,0.0,0.48,0.0,0.0,1,sleeping,io
2026-09-22T13:39:42,177,1,systemd-resolved,/usr/lib/systemd/systemd-resolved,0.0,0.1656,12.83,0.0,0.0,0.96,0.0,0.0,1,sleeping,io
2026-09-22T13:39:42,178,1,systemd-timesyncd,/usr/lib/systemd/systemd-timesyncd,0.0,0.1002,7.77,0.0,0.0,0.96,0.0,0.0,2,sleeping,io
2026-09-22T13:39:42,188,1,cron,/usr/sbin/cron -f -P,0.0,0.0338,2.62,0.0,0.0,0.0,0.0,0.0,1,sleeping,io
2026-09-22T13:39:42,189,1,dbus-daemon,@dbus-daemon --system --address=systemd: --nofork --nopidfile --systemd-activation --syslog-only,0.0,0.0669,5.18,0.0,0.0,1.45,0.0,0.0,1,sleeping,io
2026-09-22T13:39:42,203,1,systemd-logind,/usr/lib/systemd/systemd-logind,0.0,0.1112,8.62,0.0,0.0,2.41,0.0,0.0,1,sleeping,io
2026-09-22T13:39:42,217,1,agetty,/sbin/agetty -o -p -- \u --noclear - linux,0.0,0.0249,1.93,0.0,0.0,0.0,0.0,0.0,1,sleeping,io
2026-09-22T13:39:42,223,1,rsyslogd,/usr/sbin/rsyslogd -n -iNONE,0.0,0.0758,5.87,0.0,0.0,0.0,0.0,0.0,4,sleeping,io
2026-09-22T13:39:42,236,1,unattended-upgr,/usr/bin/python3 /usr/share/unattended-upgrades/unattended-upgrade-shutdown --wait-for-signal,0.0,0.2778,21.53,0.0,0.0,0.0,0.0,0.0,2,sleeping,io
2026-09-22T13:39:42,256,1,apache2,/usr/sbin/apache2 -k start,0.0,0.0634,4.91,0.0,0.0,0.96,0.0,0.0,1,sleeping,io
2026-09-22T13:39:42,257,256,apache2,/usr/sbin/apache2 -k start,0.0,0.0734,5.69,0.0,0.0,0.0,0.0,0.0,27,sleeping,io
2026-09-22T13:39:42,259,256,apache2,/usr/sbin/apache2 -k start,0.0,0.0734,5.69,0.0,0.0,0.0,0.0,0.0,27,sleeping,io
2026-09-22T13:39:42,386,2,login,/bin/login -f      ,0.0,0.0587,4.55,0.0,0.0,0.0,0.0,0.0,1,sleeping,io
2026-09-22T13:39:42,429,1,systemd,/usr/lib/systemd/systemd --user,0.0,0.145,11.24,0.0,0.0,0.96,0.0,0.0,1,sleeping,io
2026-09-22T13:39:42,430,429,(sd-pam),(sd-pam),0.0,0.0451,3.49,0.0,0.0,0.0,0.0,0.0,1,sleeping,io
2026-09-22T13:39:42,452,386,bash,-bash,0.0,0.0643,4.98,0.0,0.0,0.0,0.0,0.0,1,sleeping,io
2026-09-22T13:39:42,486,2,SessionLeader,/init,0.0,0.0142,1.1,0.0,0.0,0.0,0.0,0.0,1,sleeping,io
2026-09-22T13:39:42,487,486,Relay(488),/init,0.0,0.0159,1.23,0.0,0.0,0.0,0.0,0.0,1,sleeping,io
2026-09-22T13:39:42,488,487,bash,-bash,0.0,0.0666,5.16,0.0,0.0,0.0,0.0,0.0,1,sleeping,io
2026-09-22T13:39:42,696,2,SessionLeader,/init,0.0,0.0143,1.11,0.0,0.0,0.0,0.0,0.0,1,sleeping,io
2026-09-22T13:39:42,697,696,Relay(698),/init,0.0,0.0152,1.18,0.0,0.0,0.0,0.0,0.0,1,sleeping,io
2026-09-22T13:39:42,698,697,sh,"sh -c ""$VSCODE_WSL_EXT_LOCATION/scripts/wslServer.sh"" 7debcd0e2acdea1c52de81bf9ee1620444407dda stable code-server .vscode-server --host=127.0.0.1 --port=0 --connection-token=826864117-4248089396-2109865724-2149592531 --use-host-proxy --without-browser-env-var --disable-websocket-compression --accept-server-license-terms --telemetry-level=all",0.0,0.024,1.86,0.0,0.0,0.0,0.0,0.0,1,sleeping,io
2026-09-22T13:39:42,699,698,sh,sh /mnt/c/Users/Rohan/.vscode/extensions/ms-vscode-remote.remote-wsl-0.104.3/scripts/wslServer.sh 7debcd0e2acdea1c52de81bf9ee1620444407dda stable code-server .vscode-server --host=127.0.0.1 --port=0 --connection-token=826864117-4248089396-2109865724-2149592531 --use-host-proxy --without-browser-env-var --disable-websocket-compression --accept-server-license-terms --telemetry-level=all,0.0,0.0251,1.95,0.0,0.0,0.0,0.0,0.0,1,sleeping,io
2026-09-22T13:39:42,705,699,sh,sh /home/rohan/.vscode-server/bin/7debcd0e2acdea1c52de81bf9ee1620444407dda/bin/code-server --host=127.0.0.1 --port=0 --connection-token=826864117-4248089396-2109865724-2149592531 --use-host-proxy --without-browser-env-var --disable-websocket-compression --accept-server-license-terms --telemetry-level=all,0.0,0.025,1.93,0.0,0.0,0.0,0.0,0.0,1,sleeping,io
2026-09-22T13:39:42,709,705,MainThread,/home/rohan/.vscode-server/bin/7debcd0e2acdea1c52de81bf9ee1620444407dda/node /home/rohan/.vscode-server/bin/7debcd0e2acdea1c52de81bf9ee1620444407dda/out/server-main.js --host=127.0.0.1 --port=0 --connection-token=826864117-4248089396-2109865724-2149592531 --use-host-proxy --without-browser-env-var --disable-websocket-compression --accept-server-license-terms --telemetry-level=all,0.5,2.2866,177.18,0.0,0.0,7.71,0.0,0.0,11,sleeping,io
2026-09-22T13:39:42,721,2,SessionLeader,/init,0.0,0.0143,1.11,0.0,0.0,0.0,0.0,0.0,1,sleeping,io
2026-09-22T13:39:42,722,721,Relay(723),/init,0.0,0.0152,1.18,0.0,0.0,2.89,0.0,0.0,1,sleeping,io
2026-09-22T13:39:42,723,722,MainThread,"/home/rohan/.vscode-server/bin/7debcd0e2acdea1c52de81bf9ee1620444407dda/node -e const net = require('net'); process.stdin.pause(); const client = net.createConnection({ host: '127.0.0.1', port: 44115 }, () => { client.pipe(process.stdout); process.stdin.pipe(client); }); client.on('close', function (hadError) { console.error(hadError ? 'Remote close with error' : 'Remote close'); process.exit(hadError ? 1 : 0); }); client.on('error', function (err) { process.stderr.write(err && (err.stack || err.message) || String(err)); });",0.0,0.8724,67.6,0.0,0.0,2.89,0.0,0.0,7,sleeping,io
2026-09-22T13:39:42,730,2,SessionLeader,/init,0.0,0.0143,1.11,0.0,0.0,0.0,0.0,0.0,1,sleeping,io
2026-09-22T13:39:42,731,730,Relay(732),/init,0.0,0.0152,1.18,0.0,0.0,3.86,0.0,0.0,1,sleeping,io
2026-09-22T13:39:42,732,731,MainThread,"/home/rohan/.vscode-server/bin/7debcd0e2acdea1c52de81bf9ee1620444407dda/node -e const net = require('net'); process.stdin.pause(); const client = net.createConnection({ host: '127.0.0.1', port: 44115 }, () => { client.pipe(process.stdout); process.stdin.pipe(client); }); client.on('close', function (hadError) { console.error(hadError ? 'Remote close with error' : 'Remote close'); process.exit(hadError ? 1 : 0); }); client.on('error', function (err) { process.stderr.write(err && (err.stack || err.message) || String(err)); });",0.0,0.7846,60.8,0.0,0.0,3.86,0.0,0.0,7,sleeping,io
2026-09-22T13:39:42,743,709,MainThread,/home/rohan/.vscode-server/bin/7debcd0e2acdea1c52de81bf9ee1620444407dda/node /home/rohan/.vscode-server/bin/7debcd0e2acdea1c52de81bf9ee1620444407dda/out/bootstrap-fork --type=fileWatcher,0.5,0.8777,68.01,0.0,0.0,4.82,0.0,0.0,13,sleeping,io
2026-09-22T13:39:42,769,709,MainThread,/home/rohan/.vscode-server/bin/7debcd0e2acdea1c52de81bf9ee1620444407dda/node /home/rohan/.vscode-server/bin/7debcd0e2acdea1c52de81bf9ee1620444407dda/out/bootstrap-fork --type=agentHost --logsPath /home/rohan/.vscode-server/data/logs/20260922T120228 --user-data-dir /home/rohan/.vscode-server/data --telemetry-level all,0.0,1.7799,137.92,0.0,1973.77,3.86,0.48,0.0,11,sleeping,io
2026-09-22T13:39:42,770,709,MainThread,/home/rohan/.vscode-server/bin/7debcd0e2acdea1c52de81bf9ee1620444407dda/node --dns-result-order=ipv4first /home/rohan/.vscode-server/bin/7debcd0e2acdea1c52de81bf9ee1620444407dda/out/bootstrap-fork --type=extensionHost --transformURIs --useHostProxy=true,1.0,6.7966,526.65,0.0,0.0,188.41,832.67,0.0,32,sleeping,io
2026-09-22T13:39:42,811,769,MainThread,/home/rohan/.vscode-server/bin/7debcd0e2acdea1c52de81bf9ee1620444407dda/node /home/rohan/.vscode-server/bin/7debcd0e2acdea1c52de81bf9ee1620444407dda/node_modules/@github/copilot-linux-x64/index.js --headless --no-auto-update --log-level info --stdio --no-auto-login,0.0,3.3565,260.08,0.0,0.0,0.0,0.0,0.0,44,sleeping,io
2026-09-22T13:39:42,812,770,MainThread,/home/rohan/.vscode-server/bin/7debcd0e2acdea1c52de81bf9ee1620444407dda/node /home/rohan/.vscode-server/bin/7debcd0e2acdea1c52de81bf9ee1620444407dda/extensions/markdown-language-features/dist/serverWorkerMain --node-ipc --clientProcessId=770,0.0,0.994,77.02,0.0,0.0,0.48,0.0,0.0,7,sleeping,io
2026-09-22T13:39:42,833,709,MainThread,/home/rohan/.vscode-server/bin/7debcd0e2acdea1c52de81bf9ee1620444407dda/node /home/rohan/.vscode-server/bin/7debcd0e2acdea1c52de81bf9ee1620444407dda/out/bootstrap-fork --type=ptyHost --logsPath /home/rohan/.vscode-server/data/logs/20260922T120228,0.0,0.9761,75.63,0.0,0.0,5.78,0.0,0.0,13,sleeping,io
2026-09-22T13:39:42,964,833,bash,/bin/bash --init-file /home/rohan/.vscode-server/bin/7debcd0e2acdea1c52de81bf9ee1620444407dda/out/vs/workbench/contrib/terminal/common/scripts/shellIntegration-bash.sh,0.0,0.0674,5.22,0.0,0.0,0.0,0.0,0.0,1,sleeping,io
2026-09-22T13:39:42,1424,2,SessionLeader,/init,0.0,0.0142,1.1,0.0,0.0,0.0,0.0,0.0,1,sleeping,io
2026-09-22T13:39:42,1425,1424,Relay(1426),/init,0.0,0.0143,1.11,0.0,0.0,0.0,0.0,0.0,1,sleeping,io
2026-09-22T13:39:42,1426,1425,bash,-bash,0.0,0.0665,5.15,0.0,0.0,0.0,0.0,0.0,1,sleeping,io
2026-09-22T13:39:42,4147,770,pet,/home/rohan/.vscode-server/extensions/ms-python.vscode-python-envs-1.37.2026092101-linux-x64/python-env-tools/bin/pet server,0.0,0.0749,5.8,0.0,0.0,0.0,0.0,0.0,21,sleeping,io
2026-09-22T13:39:42,4156,833,bash,/bin/bash --init-file /home/rohan/.vscode-server/bin/7debcd0e2acdea1c52de81bf9ee1620444407dda/out/vs/workbench/contrib/terminal/common/scripts/shellIntegration-bash.sh,0.0,0.0664,5.15,0.0,0.0,0.0,0.0,0.0,1,sleeping,io
2026-09-22T13:39:42,4295,770,MainThread,/home/rohan/.vscode-server/bin/7debcd0e2acdea1c52de81bf9ee1620444407dda/node /home/rohan/.vscode-server/extensions/ms-python.vscode-pylance-2026.3.105/dist/server.bundle.js --cancellationReceive=file:2bc56d7a41ee8749874d0000b75c5745f8ddf88b1a --node-ipc --clientProcessId=770,0.0,8.4535,655.03,0.0,0.0,2.41,0.96,0.0,9,sleeping,io
2026-09-22T13:39:42,5890,2,SessionLeader,/init,0.0,0.0142,1.1,0.0,0.0,0.0,0.0,0.0,1,sleeping,io
2026-09-22T13:39:42,5891,5890,Relay(5896),/init,0.0,0.0143,1.11,0.0,0.0,0.48,0.0,0.0,1,sleeping,io
2026-09-22T13:39:42,5896,5891,bash,-bash,0.0,0.0669,5.18,0.0,0.0,0.0,0.0,0.0,1,sleeping,io
2026-09-22T13:39:42,6172,2,SessionLeader,/init,0.0,0.0142,1.1,0.0,0.0,0.0,0.0,0.0,1,sleeping,io
2026-09-22T13:39:42,6173,6172,Relay(6174),/init,0.0,0.0143,1.11,0.0,0.0,0.0,0.0,0.0,1,sleeping,io
2026-09-22T13:39:42,6174,6173,bash,-bash,0.0,0.0666,5.16,0.0,0.0,0.0,0.0,0.0,1,sleeping,io
2026-09-22T13:39:42,6941,2,SessionLeader,/init,0.0,0.0142,1.1,0.0,0.0,0.0,0.0,0.0,1,sleeping,io
2026-09-22T13:39:42,6943,6941,Relay(6945),/init,0.0,0.0143,1.11,0.0,0.0,0.0,0.0,0.0,1,sleeping,io
2026-09-22T13:39:42,6945,6943,bash,-bash,0.0,0.0667,5.17,0.0,0.0,0.0,0.0,0.0,1,sleeping,io
2026-09-22T13:39:42,8650,2,SessionLeader,/init,0.0,0.0142,1.1,0.0,0.0,0.0,0.0,0.0,1,sleeping,io
2026-09-22T13:39:42,8652,8650,Relay(8654),/init,0.0,0.0143,1.11,0.0,0.0,0.0,0.0,0.0,1,sleeping,io
2026-09-22T13:39:42,8654,8652,bash,-bash,0.0,0.0688,5.33,0.0,0.0,0.0,0.0,0.0,1,sleeping,io
2026-09-22T13:39:42,8853,2,SessionLeader,/init,0.0,0.0142,1.1,0.0,0.0,0.0,0.0,0.0,1,sleeping,io
2026-09-22T13:39:42,8854,8853,Relay(8858),/init,0.0,0.0143,1.11,0.0,0.0,0.0,0.0,0.0,1,sleeping,io
2026-09-22T13:39:42,8858,8854,bash,-bash,0.0,0.0681,5.27,0.0,0.0,0.0,0.0,0.0,1,sleeping,io
2026-09-22T13:39:42,15760,2,SessionLeader,/init,0.0,0.0142,1.1,0.0,0.0,0.0,0.0,0.0,1,sleeping,io
2026-09-22T13:39:42,15762,15760,Relay(15767),/init,0.0,0.0143,1.11,0.0,0.0,0.0,0.0,0.0,1,sleeping,io
2026-09-22T13:39:42,15767,15762,bash,-bash,0.0,0.0696,5.39,0.0,0.0,0.0,0.0,0.0,1,sleeping,io
2026-09-22T13:39:42,15903,2,SessionLeader,/init,0.0,0.0142,1.1,0.0,0.0,0.0,0.0,0.0,1,sleeping,io
2026-09-22T13:39:42,15904,15903,Relay(15909),/init,0.0,0.0143,1.11,0.0,0.0,0.0,0.0,0.0,1,sleeping,io
2026-09-22T13:39:42,15909,15904,bash,-bash,0.0,0.0699,5.42,0.0,0.0,0.0,0.0,0.0,1,sleeping,io
2026-09-22T13:39:42,20518,1,wsl-pro-service,/usr/libexec/wsl-pro-service,0.0,0.1491,11.55,0.0,0.0,0.0,0.0,0.0,8,sleeping,io
2026-09-22T13:39:42,21891,6945,python,python workloads/io/io_workload.py,4.5,0.1304,10.11,3947.29,68714337.37,136.36,0.0,0.0,1,running,io
2026-09-22T13:39:44,1,0,systemd,/sbin/init,0.0,0.1667,12.91,0.0,0.0,0.0,0.0,0.0,1,sleeping,io
2026-09-22T13:39:44,2,1,init-systemd(Ub,/init,0.0,0.0279,2.16,0.0,0.0,0.0,0.0,0.0,2,sleeping,io
2026-09-22T13:39:44,7,2,init,plan9 --control-socket 7 --log-level 4 --server-fd 8 --pipe-fd 10 --log-truncate,0.0,0.0268,2.08,0.0,0.0,0.0,0.0,0.0,2,sleeping,io
2026-09-22T13:39:44,43,1,systemd-journald,/usr/lib/systemd/systemd-journald,0.0,0.2003,15.52,0.0,0.0,0.0,0.0,0.0,1,sleeping,io
2026-09-22T13:39:44,98,1,systemd-udevd,/usr/lib/systemd/systemd-udevd,0.0,0.0799,6.19,0.0,0.0,0.0,0.0,0.0,1,sleeping,io
2026-09-22T13:39:44,177,1,systemd-resolved,/usr/lib/systemd/systemd-resolved,0.0,0.1656,12.83,0.0,0.0,0.0,0.0,0.0,1,sleeping,io
2026-09-22T13:39:44,178,1,systemd-timesyncd,/usr/lib/systemd/systemd-timesyncd,0.0,0.1002,7.77,0.0,0.0,0.0,0.0,0.0,2,sleeping,io
2026-09-22T13:39:44,188,1,cron,/usr/sbin/cron -f -P,0.0,0.0338,2.62,0.0,0.0,0.0,0.0,0.0,1,sleeping,io
2026-09-22T13:39:44,189,1,dbus-daemon,@dbus-daemon --system --address=systemd: --nofork --nopidfile --systemd-activation --syslog-only,0.0,0.0669,5.18,0.0,0.0,0.0,0.0,0.0,1,sleeping,io
2026-09-22T13:39:44,203,1,systemd-logind,/usr/lib/systemd/systemd-logind,0.0,0.1112,8.62,0.0,0.0,0.0,0.0,0.0,1,sleeping,io
2026-09-22T13:39:44,217,1,agetty,/sbin/agetty -o -p -- \u --noclear - linux,0.0,0.0249,1.93,0.0,0.0,0.0,0.0,0.0,1,sleeping,io
2026-09-22T13:39:44,223,1,rsyslogd,/usr/sbin/rsyslogd -n -iNONE,0.0,0.0758,5.87,0.0,0.0,0.0,0.0,0.0,4,sleeping,io
2026-09-22T13:39:44,236,1,unattended-upgr,/usr/bin/python3 /usr/share/unattended-upgrades/unattended-upgrade-shutdown --wait-for-signal,0.0,0.2778,21.53,0.0,0.0,0.0,0.0,0.0,2,sleeping,io
2026-09-22T13:39:44,256,1,apache2,/usr/sbin/apache2 -k start,0.0,0.0634,4.91,0.0,0.0,1.0,0.0,0.0,1,sleeping,io
2026-09-22T13:39:44,257,256,apache2,/usr/sbin/apache2 -k start,0.0,0.0734,5.69,0.0,0.0,0.0,0.0,0.0,27,sleeping,io
2026-09-22T13:39:44,259,256,apache2,/usr/sbin/apache2 -k start,0.0,0.0734,5.69,0.0,0.0,0.0,0.0,0.0,27,sleeping,io
2026-09-22T13:39:44,386,2,login,/bin/login -f      ,0.0,0.0587,4.55,0.0,0.0,0.0,0.0,0.0,1,sleeping,io
2026-09-22T13:39:44,429,1,systemd,/usr/lib/systemd/systemd --user,0.0,0.145,11.24,0.0,0.0,0.0,0.0,0.0,1,sleeping,io
2026-09-22T13:39:44,430,429,(sd-pam),(sd-pam),0.0,0.0451,3.49,0.0,0.0,0.0,0.0,0.0,1,sleeping,io
2026-09-22T13:39:44,452,386,bash,-bash,0.0,0.0643,4.98,0.0,0.0,0.0,0.0,0.0,1,sleeping,io
2026-09-22T13:39:44,486,2,SessionLeader,/init,0.0,0.0142,1.1,0.0,0.0,0.0,0.0,0.0,1,sleeping,io
2026-09-22T13:39:44,487,486,Relay(488),/init,0.0,0.0159,1.23,0.0,0.0,0.0,0.0,0.0,1,sleeping,io
2026-09-22T13:39:44,488,487,bash,-bash,0.0,0.0666,5.16,0.0,0.0,0.0,0.0,0.0,1,sleeping,io
2026-09-22T13:39:44,696,2,SessionLeader,/init,0.0,0.0143,1.11,0.0,0.0,0.0,0.0,0.0,1,sleeping,io
2026-09-22T13:39:44,697,696,Relay(698),/init,0.0,0.0152,1.18,0.0,0.0,0.0,0.0,0.0,1,sleeping,io
2026-09-22T13:39:44,698,697,sh,"sh -c ""$VSCODE_WSL_EXT_LOCATION/scripts/wslServer.sh"" 7debcd0e2acdea1c52de81bf9ee1620444407dda stable code-server .vscode-server --host=127.0.0.1 --port=0 --connection-token=826864117-4248089396-2109865724-2149592531 --use-host-proxy --without-browser-env-var --disable-websocket-compression --accept-server-license-terms --telemetry-level=all",0.0,0.024,1.86,0.0,0.0,0.0,0.0,0.0,1,sleeping,io
2026-09-22T13:39:44,699,698,sh,sh /mnt/c/Users/Rohan/.vscode/extensions/ms-vscode-remote.remote-wsl-0.104.3/scripts/wslServer.sh 7debcd0e2acdea1c52de81bf9ee1620444407dda stable code-server .vscode-server --host=127.0.0.1 --port=0 --connection-token=826864117-4248089396-2109865724-2149592531 --use-host-proxy --without-browser-env-var --disable-websocket-compression --accept-server-license-terms --telemetry-level=all,0.0,0.0251,1.95,0.0,0.0,0.0,0.0,0.0,1,sleeping,io
2026-09-22T13:39:44,705,699,sh,sh /home/rohan/.vscode-server/bin/7debcd0e2acdea1c52de81bf9ee1620444407dda/bin/code-server --host=127.0.0.1 --port=0 --connection-token=826864117-4248089396-2109865724-2149592531 --use-host-proxy --without-browser-env-var --disable-websocket-compression --accept-server-license-terms --telemetry-level=all,0.0,0.025,1.93,0.0,0.0,0.0,0.0,0.0,1,sleeping,io
2026-09-22T13:39:44,709,705,MainThread,/home/rohan/.vscode-server/bin/7debcd0e2acdea1c52de81bf9ee1620444407dda/node /home/rohan/.vscode-server/bin/7debcd0e2acdea1c52de81bf9ee1620444407dda/out/server-main.js --host=127.0.0.1 --port=0 --connection-token=826864117-4248089396-2109865724-2149592531 --use-host-proxy --without-browser-env-var --disable-websocket-compression --accept-server-license-terms --telemetry-level=all,0.0,2.2866,177.18,0.0,0.0,7.97,0.0,0.0,11,sleeping,io
2026-09-22T13:39:44,721,2,SessionLeader,/init,0.0,0.0143,1.11,0.0,0.0,0.0,0.0,0.0,1,sleeping,io
2026-09-22T13:39:44,722,721,Relay(723),/init,0.0,0.0152,1.18,0.0,0.0,2.99,0.0,0.0,1,sleeping,io
2026-09-22T13:39:44,723,722,MainThread,"/home/rohan/.vscode-server/bin/7debcd0e2acdea1c52de81bf9ee1620444407dda/node -e const net = require('net'); process.stdin.pause(); const client = net.createConnection({ host: '127.0.0.1', port: 44115 }, () => { client.pipe(process.stdout); process.stdin.pipe(client); }); client.on('close', function (hadError) { console.error(hadError ? 'Remote close with error' : 'Remote close'); process.exit(hadError ? 1 : 0); }); client.on('error', function (err) { process.stderr.write(err && (err.stack || err.message) || String(err)); });",0.0,0.8724,67.6,0.0,0.0,2.99,0.0,0.0,7,sleeping,io
2026-09-22T13:39:44,730,2,SessionLeader,/init,0.0,0.0143,1.11,0.0,0.0,0.0,0.0,0.0,1,sleeping,io
2026-09-22T13:39:44,731,730,Relay(732),/init,0.0,0.0152,1.18,0.0,0.0,4.98,0.0,0.0,1,sleeping,io
2026-09-22T13:39:44,732,731,MainThread,"/home/rohan/.vscode-server/bin/7debcd0e2acdea1c52de81bf9ee1620444407dda/node -e const net = require('net'); process.stdin.pause(); const client = net.createConnection({ host: '127.0.0.1', port: 44115 }, () => { client.pipe(process.stdout); process.stdin.pipe(client); }); client.on('close', function (hadError) { console.error(hadError ? 'Remote close with error' : 'Remote close'); process.exit(hadError ? 1 : 0); }); client.on('error', function (err) { process.stderr.write(err && (err.stack || err.message) || String(err)); });",0.0,0.7846,60.8,0.0,0.0,4.98,0.0,0.0,7,sleeping,io
2026-09-22T13:39:44,743,709,MainThread,/home/rohan/.vscode-server/bin/7debcd0e2acdea1c52de81bf9ee1620444407dda/node /home/rohan/.vscode-server/bin/7debcd0e2acdea1c52de81bf9ee1620444407dda/out/bootstrap-fork --type=fileWatcher,0.5,0.8779,68.02,0.0,0.0,5.98,1.49,0.0,13,sleeping,io
2026-09-22T13:39:44,769,709,MainThread,/home/rohan/.vscode-server/bin/7debcd0e2acdea1c52de81bf9ee1620444407dda/node /home/rohan/.vscode-server/bin/7debcd0e2acdea1c52de81bf9ee1620444407dda/out/bootstrap-fork --type=agentHost --logsPath /home/rohan/.vscode-server/data/logs/20260922T120228 --user-data-dir /home/rohan/.vscode-server/data --telemetry-level all,0.0,1.7799,137.92,0.0,0.0,0.0,0.0,0.0,11,sleeping,io
2026-09-22T13:39:44,770,709,MainThread,/home/rohan/.vscode-server/bin/7debcd0e2acdea1c52de81bf9ee1620444407dda/node --dns-result-order=ipv4first /home/rohan/.vscode-server/bin/7debcd0e2acdea1c52de81bf9ee1620444407dda/out/bootstrap-fork --type=extensionHost --transformURIs --useHostProxy=true,1.5,6.7966,526.65,0.0,0.0,196.75,1348.85,0.0,32,sleeping,io
2026-09-22T13:39:44,811,769,MainThread,/home/rohan/.vscode-server/bin/7debcd0e2acdea1c52de81bf9ee1620444407dda/node /home/rohan/.vscode-server/bin/7debcd0e2acdea1c52de81bf9ee1620444407dda/node_modules/@github/copilot-linux-x64/index.js --headless --no-auto-update --log-level info --stdio --no-auto-login,0.0,3.3565,260.08,0.0,0.0,0.0,0.0,0.0,44,sleeping,io
2026-09-22T13:39:44,812,770,MainThread,/home/rohan/.vscode-server/bin/7debcd0e2acdea1c52de81bf9ee1620444407dda/node /home/rohan/.vscode-server/bin/7debcd0e2acdea1c52de81bf9ee1620444407dda/extensions/markdown-language-features/dist/serverWorkerMain --node-ipc --clientProcessId=770,0.0,0.994,77.02,0.0,0.0,0.5,0.0,0.0,7,sleeping,io
2026-09-22T13:39:44,833,709,MainThread,/home/rohan/.vscode-server/bin/7debcd0e2acdea1c52de81bf9ee1620444407dda/node /home/rohan/.vscode-server/bin/7debcd0e2acdea1c52de81bf9ee1620444407dda/out/bootstrap-fork --type=ptyHost --logsPath /home/rohan/.vscode-server/data/logs/20260922T120228,0.0,0.9761,75.63,0.0,0.0,5.98,0.0,0.0,13,sleeping,io
2026-09-22T13:39:44,964,833,bash,/bin/bash --init-file /home/rohan/.vscode-server/bin/7debcd0e2acdea1c52de81bf9ee1620444407dda/out/vs/workbench/contrib/terminal/common/scripts/shellIntegration-bash.sh,0.0,0.0674,5.22,0.0,0.0,0.0,0.0,0.0,1,sleeping,io
2026-09-22T13:39:44,1424,2,SessionLeader,/init,0.0,0.0142,1.1,0.0,0.0,0.0,0.0,0.0,1,sleeping,io
2026-09-22T13:39:44,1425,1424,Relay(1426),/init,0.0,0.0143,1.11,0.0,0.0,0.0,0.0,0.0,1,sleeping,io
2026-09-22T13:39:44,1426,1425,bash,-bash,0.0,0.0665,5.15,0.0,0.0,0.0,0.0,0.0,1,sleeping,io
2026-09-22T13:39:44,4147,770,pet,/home/rohan/.vscode-server/extensions/ms-python.vscode-python-envs-1.37.2026092101-linux-x64/python-env-tools/bin/pet server,0.0,0.0749,5.8,0.0,0.0,0.0,0.0,0.0,21,sleeping,io
2026-09-22T13:39:44,4156,833,bash,/bin/bash --init-file /home/rohan/.vscode-server/bin/7debcd0e2acdea1c52de81bf9ee1620444407dda/out/vs/workbench/contrib/terminal/common/scripts/shellIntegration-bash.sh,0.0,0.0664,5.15,0.0,0.0,0.0,0.0,0.0,1,sleeping,io
2026-09-22T13:39:44,4295,770,MainThread,/home/rohan/.vscode-server/bin/7debcd0e2acdea1c52de81bf9ee1620444407dda/node /home/rohan/.vscode-server/extensions/ms-python.vscode-pylance-2026.3.105/dist/server.bundle.js --cancellationReceive=file:2bc56d7a41ee8749874d0000b75c5745f8ddf88b1a --node-ipc --clientProcessId=770,0.5,8.4535,655.03,0.0,0.0,1.99,0.0,0.0,9,sleeping,io
2026-09-22T13:39:44,5890,2,SessionLeader,/init,0.0,0.0142,1.1,0.0,0.0,0.0,0.0,0.0,1,sleeping,io
2026-09-22T13:39:44,5891,5890,Relay(5896),/init,0.0,0.0143,1.11,0.0,0.0,0.5,0.0,0.0,1,sleeping,io
2026-09-22T13:39:44,5896,5891,bash,-bash,0.0,0.0669,5.18,0.0,0.0,0.0,0.0,0.0,1,sleeping,io
2026-09-22T13:39:44,6172,2,SessionLeader,/init,0.0,0.0142,1.1,0.0,0.0,0.0,0.0,0.0,1,sleeping,io
2026-09-22T13:39:44,6173,6172,Relay(6174),/init,0.0,0.0143,1.11,0.0,0.0,0.0,0.0,0.0,1,sleeping,io
2026-09-22T13:39:44,6174,6173,bash,-bash,0.0,0.0666,5.16,0.0,0.0,0.0,0.0,0.0,1,sleeping,io
2026-09-22T13:39:44,6941,2,SessionLeader,/init,0.0,0.0142,1.1,0.0,0.0,0.0,0.0,0.0,1,sleeping,io
2026-09-22T13:39:44,6943,6941,Relay(6945),/init,0.0,0.0143,1.11,0.0,0.0,0.0,0.0,0.0,1,sleeping,io
2026-09-22T13:39:44,6945,6943,bash,-bash,0.0,0.0667,5.17,0.0,0.0,0.0,0.0,0.0,1,sleeping,io
2026-09-22T13:39:44,8650,2,SessionLeader,/init,0.0,0.0142,1.1,0.0,0.0,0.0,0.0,0.0,1,sleeping,io
2026-09-22T13:39:44,8652,8650,Relay(8654),/init,0.0,0.0143,1.11,0.0,0.0,0.0,0.0,0.0,1,sleeping,io
2026-09-22T13:39:44,8654,8652,bash,-bash,0.0,0.0688,5.33,0.0,0.0,0.0,0.0,0.0,1,sleeping,io
2026-09-22T13:39:44,8853,2,SessionLeader,/init,0.0,0.0142,1.1,0.0,0.0,0.0,0.0,0.0,1,sleeping,io
2026-09-22T13:39:44,8854,8853,Relay(8858),/init,0.0,0.0143,1.11,0.0,0.0,0.0,0.0,0.0,1,sleeping,io
2026-09-22T13:39:44,8858,8854,bash,-bash,0.0,0.0681,5.27,0.0,0.0,0.0,0.0,0.0,1,sleeping,io
2026-09-22T13:39:44,15760,2,SessionLeader,/init,0.0,0.0142,1.1,0.0,0.0,0.0,0.0,0.0,1,sleeping,io
2026-09-22T13:39:44,15762,15760,Relay(15767),/init,0.0,0.0143,1.11,0.0,0.0,0.0,0.0,0.0,1,sleeping,io
2026-09-22T13:39:44,15767,15762,bash,-bash,0.0,0.0696,5.39,0.0,0.0,0.0,0.0,0.0,1,sleeping,io
2026-09-22T13:39:44,15903,2,SessionLeader,/init,0.0,0.0142,1.1,0.0,0.0,0.0,0.0,0.0,1,sleeping,io
2026-09-22T13:39:44,15904,15903,Relay(15909),/init,0.0,0.0143,1.11,0.0,0.0,0.0,0.0,0.0,1,sleeping,io
2026-09-22T13:39:44,15909,15904,bash,-bash,0.0,0.0699,5.42,0.0,0.0,0.0,0.0,0.0,1,sleeping,io
2026-09-22T13:39:44,20518,1,wsl-pro-service,/usr/libexec/wsl-pro-service,0.0,0.1491,11.55,0.0,0.0,0.0,0.0,0.0,8,sleeping,io
2026-09-22T13:39:44,21891,6945,python,python workloads/io/io_workload.py,9.5,0.1304,10.11,10199.69,161367226.0,310.27,0.0,0.0,1,disk-sleep,io
2026-09-22T13:39:46,1,0,systemd,/sbin/init,0.0,0.1667,12.91,0.0,0.0,1.04,0.0,0.0,1,sleeping,io
2026-09-22T13:39:46,2,1,init-systemd(Ub,/init,0.0,0.0279,2.16,0.0,0.0,0.0,0.0,0.0,2,sleeping,io
2026-09-22T13:39:46,7,2,init,plan9 --control-socket 7 --log-level 4 --server-fd 8 --pipe-fd 10 --log-truncate,0.0,0.0268,2.08,0.0,0.0,0.0,0.0,0.0,2,sleeping,io
2026-09-22T13:39:46,43,1,systemd-journald,/usr/lib/systemd/systemd-journald,0.5,0.2003,15.52,0.0,0.0,10.39,951.99,1.56,1,sleeping,io
2026-09-22T13:39:46,98,1,systemd-udevd,/usr/lib/systemd/systemd-udevd,0.0,0.0799,6.19,0.0,0.0,0.0,0.0,0.0,1,sleeping,io
2026-09-22T13:39:46,177,1,systemd-resolved,/usr/lib/systemd/systemd-resolved,0.0,0.1656,12.83,0.0,0.0,1.04,0.0,0.0,1,sleeping,io
2026-09-22T13:39:46,178,1,systemd-timesyncd,/usr/lib/systemd/systemd-timesyncd,0.0,0.1002,7.77,0.0,0.0,1.56,0.0,0.0,2,sleeping,io
2026-09-22T13:39:46,188,1,cron,/usr/sbin/cron -f -P,0.0,0.0338,2.62,0.0,0.0,0.0,0.0,0.0,1,sleeping,io
2026-09-22T13:39:46,189,1,dbus-daemon,@dbus-daemon --system --address=systemd: --nofork --nopidfile --systemd-activation --syslog-only,0.0,0.0669,5.18,0.0,0.0,1.56,0.0,0.0,1,sleeping,io
2026-09-22T13:39:46,203,1,systemd-logind,/usr/lib/systemd/systemd-logind,0.0,0.1112,8.62,0.0,0.0,9.87,0.0,0.0,1,sleeping,io
2026-09-22T13:39:46,217,1,agetty,/sbin/agetty -o -p -- \u --noclear - linux,0.0,0.0249,1.93,0.0,0.0,0.0,0.0,0.0,1,sleeping,io
2026-09-22T13:39:46,223,1,rsyslogd,/usr/sbin/rsyslogd -n -iNONE,0.0,0.0758,5.87,0.0,0.0,0.0,0.0,0.0,4,sleeping,io
2026-09-22T13:39:46,236,1,unattended-upgr,/usr/bin/python3 /usr/share/unattended-upgrades/unattended-upgrade-shutdown --wait-for-signal,0.0,0.2778,21.53,0.0,0.0,0.0,0.0,0.0,2,sleeping,io
2026-09-22T13:39:46,256,1,apache2,/usr/sbin/apache2 -k start,0.0,0.0634,4.91,0.0,0.0,1.04,0.0,0.0,1,sleeping,io
2026-09-22T13:39:46,257,256,apache2,/usr/sbin/apache2 -k start,0.0,0.0734,5.69,0.0,0.0,0.0,0.0,0.0,27,sleeping,io
2026-09-22T13:39:46,259,256,apache2,/usr/sbin/apache2 -k start,0.0,0.0734,5.69,0.0,0.0,0.0,0.0,0.0,27,sleeping,io
2026-09-22T13:39:46,386,2,login,/bin/login -f      ,0.0,0.0587,4.55,0.0,0.0,0.0,0.0,0.0,1,sleeping,io
2026-09-22T13:39:46,429,1,systemd,/usr/lib/systemd/systemd --user,0.0,0.145,11.24,0.0,0.0,1.04,0.0,0.0,1,sleeping,io
2026-09-22T13:39:46,430,429,(sd-pam),(sd-pam),0.0,0.0451,3.49,0.0,0.0,0.0,0.0,0.0,1,sleeping,io
2026-09-22T13:39:46,452,386,bash,-bash,0.0,0.0643,4.98,0.0,0.0,0.0,0.0,0.0,1,sleeping,io
2026-09-22T13:39:46,486,2,SessionLeader,/init,0.0,0.0142,1.1,0.0,0.0,0.0,0.0,0.0,1,sleeping,io
2026-09-22T13:39:46,487,486,Relay(488),/init,0.0,0.0159,1.23,0.0,0.0,0.0,0.0,0.0,1,sleeping,io
2026-09-22T13:39:46,488,487,bash,-bash,0.0,0.0666,5.16,0.0,0.0,0.0,0.0,0.0,1,sleeping,io
2026-09-22T13:39:46,696,2,SessionLeader,/init,0.0,0.0143,1.11,0.0,0.0,0.0,0.0,0.0,1,sleeping,io
2026-09-22T13:39:46,697,696,Relay(698),/init,0.0,0.0152,1.18,0.0,0.0,0.0,0.0,0.0,1,sleeping,io
2026-09-22T13:39:46,698,697,sh,"sh -c ""$VSCODE_WSL_EXT_LOCATION/scripts/wslServer.sh"" 7debcd0e2acdea1c52de81bf9ee1620444407dda stable code-server .vscode-server --host=127.0.0.1 --port=0 --connection-token=826864117-4248089396-2109865724-2149592531 --use-host-proxy --without-browser-env-var --disable-websocket-compression --accept-server-license-terms --telemetry-level=all",0.0,0.024,1.86,0.0,0.0,0.0,0.0,0.0,1,sleeping,io
2026-09-22T13:39:46,699,698,sh,sh /mnt/c/Users/Rohan/.vscode/extensions/ms-vscode-remote.remote-wsl-0.104.3/scripts/wslServer.sh 7debcd0e2acdea1c52de81bf9ee1620444407dda stable code-server .vscode-server --host=127.0.0.1 --port=0 --connection-token=826864117-4248089396-2109865724-2149592531 --use-host-proxy --without-browser-env-var --disable-websocket-compression --accept-server-license-terms --telemetry-level=all,0.0,0.0251,1.95,0.0,0.0,0.0,0.0,0.0,1,sleeping,io
2026-09-22T13:39:46,705,699,sh,sh /home/rohan/.vscode-server/bin/7debcd0e2acdea1c52de81bf9ee1620444407dda/bin/code-server --host=127.0.0.1 --port=0 --connection-token=826864117-4248089396-2109865724-2149592531 --use-host-proxy --without-browser-env-var --disable-websocket-compression --accept-server-license-terms --telemetry-level=all,0.0,0.025,1.93,0.0,0.0,0.0,0.0,0.0,1,sleeping,io
2026-09-22T13:39:46,709,705,MainThread,/home/rohan/.vscode-server/bin/7debcd0e2acdea1c52de81bf9ee1620444407dda/node /home/rohan/.vscode-server/bin/7debcd0e2acdea1c52de81bf9ee1620444407dda/out/server-main.js --host=127.0.0.1 --port=0 --connection-token=826864117-4248089396-2109865724-2149592531 --use-host-proxy --without-browser-env-var --disable-websocket-compression --accept-server-license-terms --telemetry-level=all,0.0,2.2866,177.18,0.0,0.0,8.32,0.0,0.0,11,sleeping,io
2026-09-22T13:39:46,721,2,SessionLeader,/init,0.0,0.0143,1.11,0.0,0.0,0.0,0.0,0.0,1,sleeping,io
2026-09-22T13:39:46,722,721,Relay(723),/init,0.0,0.0152,1.18,0.0,0.0,3.12,0.0,0.0,1,sleeping,io
2026-09-22T13:39:46,723,722,MainThread,"/home/rohan/.vscode-server/bin/7debcd0e2acdea1c52de81bf9ee1620444407dda/node -e const net = require('net'); process.stdin.pause(); const client = net.createConnection({ host: '127.0.0.1', port: 44115 }, () => { client.pipe(process.stdout); process.stdin.pipe(client); }); client.on('close', function (hadError) { console.error(hadError ? 'Remote close with error' : 'Remote close'); process.exit(hadError ? 1 : 0); }); client.on('error', function (err) { process.stderr.write(err && (err.stack || err.message) || String(err)); });",0.0,0.8724,67.6,0.0,0.0,3.12,0.0,0.0,7,sleeping,io
2026-09-22T13:39:46,730,2,SessionLeader,/init,0.0,0.0143,1.11,0.0,0.0,0.0,0.0,0.0,1,sleeping,io
2026-09-22T13:39:46,731,730,Relay(732),/init,0.0,0.0152,1.18,0.0,0.0,4.16,0.0,0.0,1,sleeping,io
2026-09-22T13:39:46,732,731,MainThread,"/home/rohan/.vscode-server/bin/7debcd0e2acdea1c52de81bf9ee1620444407dda/node -e const net = require('net'); process.stdin.pause(); const client = net.createConnection({ host: '127.0.0.1', port: 44115 }, () => { client.pipe(process.stdout); process.stdin.pipe(client); }); client.on('close', function (hadError) { console.error(hadError ? 'Remote close with error' : 'Remote close'); process.exit(hadError ? 1 : 0); }); client.on('error', function (err) { process.stderr.write(err && (err.stack || err.message) || String(err)); });",0.0,0.7846,60.8,0.0,0.0,4.16,0.0,0.0,7,sleeping,io
2026-09-22T13:39:46,743,709,MainThread,/home/rohan/.vscode-server/bin/7debcd0e2acdea1c52de81bf9ee1620444407dda/node /home/rohan/.vscode-server/bin/7debcd0e2acdea1c52de81bf9ee1620444407dda/out/bootstrap-fork --type=fileWatcher,1.5,0.8779,68.02,0.0,0.0,5.2,0.0,0.0,13,sleeping,io
2026-09-22T13:39:46,769,709,MainThread,/home/rohan/.vscode-server/bin/7debcd0e2acdea1c52de81bf9ee1620444407dda/node /home/rohan/.vscode-server/bin/7debcd0e2acdea1c52de81bf9ee1620444407dda/out/bootstrap-fork --type=agentHost --logsPath /home/rohan/.vscode-server/data/logs/20260922T120228 --user-data-dir /home/rohan/.vscode-server/data --telemetry-level all,0.0,1.7799,137.92,0.0,2128.82,3.64,0.0,0.0,11,sleeping,io
2026-09-22T13:39:46,770,709,MainThread,/home/rohan/.vscode-server/bin/7debcd0e2acdea1c52de81bf9ee1620444407dda/node --dns-result-order=ipv4first /home/rohan/.vscode-server/bin/7debcd0e2acdea1c52de81bf9ee1620444407dda/out/bootstrap-fork --type=extensionHost --transformURIs --useHostProxy=true,1.5,6.7966,526.65,0.0,0.0,201.66,1021.79,0.0,32,sleeping,io
2026-09-22T13:39:46,811,769,MainThread,/home/rohan/.vscode-server/bin/7debcd0e2acdea1c52de81bf9ee1620444407dda/node /home/rohan/.vscode-server/bin/7debcd0e2acdea1c52de81bf9ee1620444407dda/node_modules/@github/copilot-linux-x64/index.js --headless --no-auto-update --log-level info --stdio --no-auto-login,0.0,3.3565,260.08,0.0,0.0,0.0,0.0,0.0,44,sleeping,io
2026-09-22T13:39:46,812,770,MainThread,/home/rohan/.vscode-server/bin/7debcd0e2acdea1c52de81bf9ee1620444407dda/node /home/rohan/.vscode-server/bin/7debcd0e2acdea1c52de81bf9ee1620444407dda/extensions/markdown-language-features/dist/serverWorkerMain --node-ipc --clientProcessId=770,0.0,0.994,77.02,0.0,0.0,0.52,0.0,0.0,7,sleeping,io
2026-09-22T13:39:46,833,709,MainThread,/home/rohan/.vscode-server/bin/7debcd0e2acdea1c52de81bf9ee1620444407dda/node /home/rohan/.vscode-server/bin/7debcd0e2acdea1c52de81bf9ee1620444407dda/out/bootstrap-fork --type=ptyHost --logsPath /home/rohan/.vscode-server/data/logs/20260922T120228,0.0,0.9761,75.63,0.0,0.0,7.28,0.0,0.0,13,sleeping,io
2026-09-22T13:39:46,964,833,bash,/bin/bash --init-file /home/rohan/.vscode-server/bin/7debcd0e2acdea1c52de81bf9ee1620444407dda/out/vs/workbench/contrib/terminal/common/scripts/shellIntegration-bash.sh,0.0,0.0674,5.22,0.0,0.0,0.0,0.0,0.0,1,sleeping,io
2026-09-22T13:39:46,1424,2,SessionLeader,/init,0.0,0.0142,1.1,0.0,0.0,0.0,0.0,0.0,1,sleeping,io
2026-09-22T13:39:46,1425,1424,Relay(1426),/init,0.0,0.0143,1.11,0.0,0.0,0.0,0.0,0.0,1,sleeping,io
2026-09-22T13:39:46,1426,1425,bash,-bash,0.0,0.0665,5.15,0.0,0.0,0.0,0.0,0.0,1,sleeping,io
2026-09-22T13:39:46,4147,770,pet,/home/rohan/.vscode-server/extensions/ms-python.vscode-python-envs-1.37.2026092101-linux-x64/python-env-tools/bin/pet server,0.0,0.0749,5.8,0.0,0.0,0.0,0.0,0.0,21,sleeping,io
2026-09-22T13:39:46,4156,833,bash,/bin/bash --init-file /home/rohan/.vscode-server/bin/7debcd0e2acdea1c52de81bf9ee1620444407dda/out/vs/workbench/contrib/terminal/common/scripts/shellIntegration-bash.sh,0.0,0.0664,5.15,0.0,0.0,0.0,0.0,0.0,1,sleeping,io
2026-09-22T13:39:46,4295,770,MainThread,/home/rohan/.vscode-server/bin/7debcd0e2acdea1c52de81bf9ee1620444407dda/node /home/rohan/.vscode-server/extensions/ms-python.vscode-pylance-2026.3.105/dist/server.bundle.js --cancellationReceive=file:2bc56d7a41ee8749874d0000b75c5745f8ddf88b1a --node-ipc --clientProcessId=770,0.0,8.4535,655.03,0.0,0.0,2.6,0.52,0.0,9,sleeping,io
2026-09-22T13:39:46,5890,2,SessionLeader,/init,0.0,0.0142,1.1,0.0,0.0,0.0,0.0,0.0,1,sleeping,io
2026-09-22T13:39:46,5891,5890,Relay(5896),/init,0.0,0.0143,1.11,0.0,0.0,0.52,0.0,0.0,1,sleeping,io
2026-09-22T13:39:46,5896,5891,bash,-bash,0.0,0.0669,5.18,0.0,0.0,0.0,0.0,0.0,1,sleeping,io
2026-09-22T13:39:46,6172,2,SessionLeader,/init,0.0,0.0142,1.1,0.0,0.0,0.0,0.0,0.0,1,sleeping,io
2026-09-22T13:39:46,6173,6172,Relay(6174),/init,0.0,0.0143,1.11,0.0,0.0,0.0,0.0,0.0,1,sleeping,io
2026-09-22T13:39:46,6174,6173,bash,-bash,0.0,0.0666,5.16,0.0,0.0,0.0,0.0,0.0,1,sleeping,io
2026-09-22T13:39:46,6941,2,SessionLeader,/init,0.0,0.0142,1.1,0.0,0.0,0.0,0.0,0.0,1,sleeping,io
2026-09-22T13:39:46,6943,6941,Relay(6945),/init,0.0,0.0143,1.11,0.0,0.0,0.0,0.0,0.0,1,sleeping,io
2026-09-22T13:39:46,6945,6943,bash,-bash,0.0,0.0667,5.17,0.0,0.0,0.0,0.0,0.0,1,sleeping,io
2026-09-22T13:39:46,8650,2,SessionLeader,/init,0.0,0.0142,1.1,0.0,0.0,0.0,0.0,0.0,1,sleeping,io
2026-09-22T13:39:46,8652,8650,Relay(8654),/init,0.0,0.0143,1.11,0.0,0.0,0.0,0.0,0.0,1,sleeping,io
2026-09-22T13:39:46,8654,8652,bash,-bash,0.0,0.0688,5.33,0.0,0.0,0.0,0.0,0.0,1,sleeping,io
2026-09-22T13:39:46,8853,2,SessionLeader,/init,0.0,0.0142,1.1,0.0,0.0,0.0,0.0,0.0,1,sleeping,io
2026-09-22T13:39:46,8854,8853,Relay(8858),/init,0.0,0.0143,1.11,0.0,0.0,0.0,0.0,0.0,1,sleeping,io
2026-09-22T13:39:46,8858,8854,bash,-bash,0.0,0.0681,5.27,0.0,0.0,0.0,0.0,0.0,1,sleeping,io
2026-09-22T13:39:46,15760,2,SessionLeader,/init,0.0,0.0142,1.1,0.0,0.0,0.0,0.0,0.0,1,sleeping,io
2026-09-22T13:39:46,15762,15760,Relay(15767),/init,0.0,0.0143,1.11,0.0,0.0,0.0,0.0,0.0,1,sleeping,io
2026-09-22T13:39:46,15767,15762,bash,-bash,0.0,0.0696,5.39,0.0,0.0,0.0,0.0,0.0,1,sleeping,io
2026-09-22T13:39:46,15903,2,SessionLeader,/init,0.0,0.0142,1.1,0.0,0.0,0.0,0.0,0.0,1,sleeping,io
2026-09-22T13:39:46,15904,15903,Relay(15909),/init,0.0,0.0143,1.11,0.0,0.0,0.0,0.0,0.0,1,sleeping,io
2026-09-22T13:39:46,15909,15904,bash,-bash,0.0,0.0699,5.42,0.0,0.0,0.0,0.0,0.0,1,sleeping,io
2026-09-22T13:39:46,20518,1,wsl-pro-service,/usr/libexec/wsl-pro-service,0.0,0.1491,11.55,0.0,0.0,0.0,0.0,0.0,8,sleeping,io
2026-09-22T13:39:46,21891,6945,python,python workloads/io/io_workload.py,8.0,0.1304,10.11,6387.51,146623116.87,286.42,0.0,0.0,1,disk-sleep,io
2026-09-22T13:39:48,1,0,systemd,/sbin/init,0.0,0.1643,12.73,0.0,0.0,0.5,0.0,0.0,1,sleeping,io
2026-09-22T13:39:48,2,1,init-systemd(Ub,/init,0.0,0.0279,2.16,0.0,0.0,0.0,0.0,0.0,2,sleeping,io
2026-09-22T13:39:48,7,2,init,plan9 --control-socket 7 --log-level 4 --server-fd 8 --pipe-fd 10 --log-truncate,0.0,0.0268,2.08,0.0,0.0,0.0,0.0,0.0,2,sleeping,io
2026-09-22T13:39:48,43,1,systemd-journald,/usr/lib/systemd/systemd-journald,0.0,0.2003,15.52,0.0,0.0,0.5,0.0,0.0,1,sleeping,io
2026-09-22T13:39:48,98,1,systemd-udevd,/usr/lib/systemd/systemd-udevd,0.0,0.0761,5.9,0.0,0.0,0.0,0.0,0.0,1,sleeping,io
2026-09-22T13:39:48,177,1,systemd-resolved,/usr/lib/systemd/systemd-resolved,0.0,0.1656,12.83,0.0,0.0,0.0,0.0,0.0,1,sleeping,io
2026-09-22T13:39:48,178,1,systemd-timesyncd,/usr/lib/systemd/systemd-timesyncd,0.0,0.1002,7.77,0.0,0.0,0.0,0.0,0.0,2,sleeping,io
2026-09-22T13:39:48,188,1,cron,/usr/sbin/cron -f -P,0.0,0.0338,2.62,0.0,0.0,0.0,0.0,0.0,1,sleeping,io
2026-09-22T13:39:48,189,1,dbus-daemon,@dbus-daemon --system --address=systemd: --nofork --nopidfile --systemd-activation --syslog-only,0.0,0.0669,5.18,0.0,0.0,0.0,0.0,0.0,1,sleeping,io
2026-09-22T13:39:48,203,1,systemd-logind,/usr/lib/systemd/systemd-logind,0.0,0.1112,8.62,0.0,0.0,0.0,0.0,0.0,1,sleeping,io
2026-09-22T13:39:48,217,1,agetty,/sbin/agetty -o -p -- \u --noclear - linux,0.0,0.0249,1.93,0.0,0.0,0.0,0.0,0.0,1,sleeping,io
2026-09-22T13:39:48,223,1,rsyslogd,/usr/sbin/rsyslogd -n -iNONE,0.0,0.0758,5.87,0.0,0.0,0.0,0.0,0.0,4,sleeping,io
2026-09-22T13:39:48,236,1,unattended-upgr,/usr/bin/python3 /usr/share/unattended-upgrades/unattended-upgrade-shutdown --wait-for-signal,0.0,0.2778,21.53,0.0,0.0,0.0,0.0,0.0,2,sleeping,io
2026-09-22T13:39:48,256,1,apache2,/usr/sbin/apache2 -k start,0.0,0.0634,4.91,0.0,0.0,1.0,0.0,0.0,1,sleeping,io
2026-09-22T13:39:48,257,256,apache2,/usr/sbin/apache2 -k start,0.0,0.0734,5.69,0.0,0.0,0.0,0.0,0.0,27,sleeping,io
2026-09-22T13:39:48,259,256,apache2,/usr/sbin/apache2 -k start,0.0,0.0734,5.69,0.0,0.0,0.0,0.0,0.0,27,sleeping,io
2026-09-22T13:39:48,386,2,login,/bin/login -f      ,0.0,0.0584,4.53,0.0,0.0,0.0,0.0,0.0,1,sleeping,io
2026-09-22T13:39:48,429,1,systemd,/usr/lib/systemd/systemd --user,0.0,0.145,11.24,0.0,0.0,0.0,0.0,0.0,1,sleeping,io
2026-09-22T13:39:48,430,429,(sd-pam),(sd-pam),0.0,0.0451,3.49,0.0,0.0,0.0,0.0,0.0,1,sleeping,io
2026-09-22T13:39:48,452,386,bash,-bash,0.0,0.0642,4.98,0.0,0.0,0.0,0.0,0.0,1,sleeping,io
2026-09-22T13:39:48,486,2,SessionLeader,/init,0.0,0.0142,1.1,0.0,0.0,0.0,0.0,0.0,1,sleeping,io
2026-09-22T13:39:48,487,486,Relay(488),/init,0.0,0.0159,1.23,0.0,0.0,0.0,0.0,0.0,1,sleeping,io
2026-09-22T13:39:48,488,487,bash,-bash,0.0,0.0665,5.16,0.0,0.0,0.0,0.0,0.0,1,sleeping,io
2026-09-22T13:39:48,696,2,SessionLeader,/init,0.0,0.0143,1.11,0.0,0.0,0.0,0.0,0.0,1,sleeping,io
2026-09-22T13:39:48,697,696,Relay(698),/init,0.0,0.0152,1.18,0.0,0.0,0.0,0.0,0.0,1,sleeping,io
2026-09-22T13:39:48,698,697,sh,"sh -c ""$VSCODE_WSL_EXT_LOCATION/scripts/wslServer.sh"" 7debcd0e2acdea1c52de81bf9ee1620444407dda stable code-server .vscode-server --host=127.0.0.1 --port=0 --connection-token=826864117-4248089396-2109865724-2149592531 --use-host-proxy --without-browser-env-var --disable-websocket-compression --accept-server-license-terms --telemetry-level=all",0.0,0.024,1.86,0.0,0.0,0.0,0.0,0.0,1,sleeping,io
2026-09-22T13:39:48,699,698,sh,sh /mnt/c/Users/Rohan/.vscode/extensions/ms-vscode-remote.remote-wsl-0.104.3/scripts/wslServer.sh 7debcd0e2acdea1c52de81bf9ee1620444407dda stable code-server .vscode-server --host=127.0.0.1 --port=0 --connection-token=826864117-4248089396-2109865724-2149592531 --use-host-proxy --without-browser-env-var --disable-websocket-compression --accept-server-license-terms --telemetry-level=all,0.0,0.0251,1.95,0.0,0.0,0.0,0.0,0.0,1,sleeping,io
2026-09-22T13:39:48,705,699,sh,sh /home/rohan/.vscode-server/bin/7debcd0e2acdea1c52de81bf9ee1620444407dda/bin/code-server --host=127.0.0.1 --port=0 --connection-token=826864117-4248089396-2109865724-2149592531 --use-host-proxy --without-browser-env-var --disable-websocket-compression --accept-server-license-terms --telemetry-level=all,0.0,0.025,1.93,0.0,0.0,0.0,0.0,0.0,1,sleeping,io
2026-09-22T13:39:48,709,705,MainThread,/home/rohan/.vscode-server/bin/7debcd0e2acdea1c52de81bf9ee1620444407dda/node /home/rohan/.vscode-server/bin/7debcd0e2acdea1c52de81bf9ee1620444407dda/out/server-main.js --host=127.0.0.1 --port=0 --connection-token=826864117-4248089396-2109865724-2149592531 --use-host-proxy --without-browser-env-var --disable-websocket-compression --accept-server-license-terms --telemetry-level=all,0.0,2.2857,177.11,0.0,0.0,6.48,0.0,0.0,11,sleeping,io
2026-09-22T13:39:48,721,2,SessionLeader,/init,0.0,0.0143,1.11,0.0,0.0,0.0,0.0,0.0,1,sleeping,io
2026-09-22T13:39:48,722,721,Relay(723),/init,0.0,0.0152,1.18,0.0,0.0,1.99,0.0,0.0,1,sleeping,io
2026-09-22T13:39:48,723,722,MainThread,"/home/rohan/.vscode-server/bin/7debcd0e2acdea1c52de81bf9ee1620444407dda/node -e const net = require('net'); process.stdin.pause(); const client = net.createConnection({ host: '127.0.0.1', port: 44115 }, () => { client.pipe(process.stdout); process.stdin.pipe(client); }); client.on('close', function (hadError) { console.error(hadError ? 'Remote close with error' : 'Remote close'); process.exit(hadError ? 1 : 0); }); client.on('error', function (err) { process.stderr.write(err && (err.stack || err.message) || String(err)); });",0.0,0.8723,67.59,0.0,0.0,1.99,0.0,0.0,7,sleeping,io
2026-09-22T13:39:48,730,2,SessionLeader,/init,0.0,0.0143,1.11,0.0,0.0,0.0,0.0,0.0,1,sleeping,io
2026-09-22T13:39:48,731,730,Relay(732),/init,0.0,0.0152,1.18,0.0,0.0,3.99,0.0,0.0,1,sleeping,io
2026-09-22T13:39:48,732,731,MainThread,"/home/rohan/.vscode-server/bin/7debcd0e2acdea1c52de81bf9ee1620444407dda/node -e const net = require('net'); process.stdin.pause(); const client = net.createConnection({ host: '127.0.0.1', port: 44115 }, () => { client.pipe(process.stdout); process.stdin.pipe(client); }); client.on('close', function (hadError) { console.error(hadError ? 'Remote close with error' : 'Remote close'); process.exit(hadError ? 1 : 0); }); client.on('error', function (err) { process.stderr.write(err && (err.stack || err.message) || String(err)); });",0.0,0.7845,60.79,0.0,0.0,3.99,0.0,0.0,7,sleeping,io
2026-09-22T13:39:48,743,709,MainThread,/home/rohan/.vscode-server/bin/7debcd0e2acdea1c52de81bf9ee1620444407dda/node /home/rohan/.vscode-server/bin/7debcd0e2acdea1c52de81bf9ee1620444407dda/out/bootstrap-fork --type=fileWatcher,0.5,0.8778,68.02,0.0,0.0,4.48,0.0,0.0,13,sleeping,io
2026-09-22T13:39:48,769,709,MainThread,/home/rohan/.vscode-server/bin/7debcd0e2acdea1c52de81bf9ee1620444407dda/node /home/rohan/.vscode-server/bin/7debcd0e2acdea1c52de81bf9ee1620444407dda/out/bootstrap-fork --type=agentHost --logsPath /home/rohan/.vscode-server/data/logs/20260922T120228 --user-data-dir /home/rohan/.vscode-server/data --telemetry-level all,0.0,1.775,137.54,0.0,0.0,0.5,0.0,0.0,11,sleeping,io
2026-09-22T13:39:48,770,709,MainThread,/home/rohan/.vscode-server/bin/7debcd0e2acdea1c52de81bf9ee1620444407dda/node --dns-result-order=ipv4first /home/rohan/.vscode-server/bin/7debcd0e2acdea1c52de81bf9ee1620444407dda/out/bootstrap-fork --type=extensionHost --transformURIs --useHostProxy=true,1.5,6.7073,519.73,1254972.92,0.0,189.81,969.99,0.0,32,sleeping,io
2026-09-22T13:39:48,811,769,MainThread,/home/rohan/.vscode-server/bin/7debcd0e2acdea1c52de81bf9ee1620444407dda/node /home/rohan/.vscode-server/bin/7debcd0e2acdea1c52de81bf9ee1620444407dda/node_modules/@github/copilot-linux-x64/index.js --headless --no-auto-update --log-level info --stdio --no-auto-login,0.0,3.2137,249.02,0.0,0.0,0.0,0.0,0.0,44,sleeping,io
2026-09-22T13:39:48,812,770,MainThread,/home/rohan/.vscode-server/bin/7debcd0e2acdea1c52de81bf9ee1620444407dda/node /home/rohan/.vscode-server/bin/7debcd0e2acdea1c52de81bf9ee1620444407dda/extensions/markdown-language-features/dist/serverWorkerMain --node-ipc --clientProcessId=770,0.0,0.9939,77.02,0.0,0.0,0.5,0.0,0.0,7,sleeping,io
2026-09-22T13:39:48,833,709,MainThread,/home/rohan/.vscode-server/bin/7debcd0e2acdea1c52de81bf9ee1620444407dda/node /home/rohan/.vscode-server/bin/7debcd0e2acdea1c52de81bf9ee1620444407dda/out/bootstrap-fork --type=ptyHost --logsPath /home/rohan/.vscode-server/data/logs/20260922T120228,0.0,0.976,75.62,0.0,0.0,8.47,0.0,0.0,13,sleeping,io
2026-09-22T13:39:48,964,833,bash,/bin/bash --init-file /home/rohan/.vscode-server/bin/7debcd0e2acdea1c52de81bf9ee1620444407dda/out/vs/workbench/contrib/terminal/common/scripts/shellIntegration-bash.sh,0.0,0.0673,5.21,0.0,0.0,0.0,0.0,0.0,1,sleeping,io
2026-09-22T13:39:48,1424,2,SessionLeader,/init,0.0,0.0142,1.1,0.0,0.0,0.0,0.0,0.0,1,sleeping,io
2026-09-22T13:39:48,1425,1424,Relay(1426),/init,0.0,0.0143,1.11,0.0,0.0,0.0,0.0,0.0,1,sleeping,io
2026-09-22T13:39:48,1426,1425,bash,-bash,0.0,0.0664,5.14,0.0,0.0,0.0,0.0,0.0,1,sleeping,io
2026-09-22T13:39:48,4147,770,pet,/home/rohan/.vscode-server/extensions/ms-python.vscode-python-envs-1.37.2026092101-linux-x64/python-env-tools/bin/pet server,0.0,0.0749,5.8,0.0,0.0,0.0,0.0,0.0,21,sleeping,io
2026-09-22T13:39:48,4156,833,bash,/bin/bash --init-file /home/rohan/.vscode-server/bin/7debcd0e2acdea1c52de81bf9ee1620444407dda/out/vs/workbench/contrib/terminal/common/scripts/shellIntegration-bash.sh,0.0,0.0663,5.14,0.0,0.0,0.0,0.0,0.0,1,sleeping,io
2026-09-22T13:39:48,4295,770,MainThread,/home/rohan/.vscode-server/bin/7debcd0e2acdea1c52de81bf9ee1620444407dda/node /home/rohan/.vscode-server/extensions/ms-python.vscode-pylance-2026.3.105/dist/server.bundle.js --cancellationReceive=file:2bc56d7a41ee8749874d0000b75c5745f8ddf88b1a --node-ipc --clientProcessId=770,0.5,8.4518,654.9,0.0,0.0,2.49,0.0,0.0,9,sleeping,io
2026-09-22T13:39:48,5890,2,SessionLeader,/init,0.0,0.0142,1.1,0.0,0.0,0.0,0.0,0.0,1,sleeping,io
2026-09-22T13:39:48,5891,5890,Relay(5896),/init,0.0,0.0143,1.11,0.0,0.0,0.5,0.0,0.0,1,sleeping,io
2026-09-22T13:39:48,5896,5891,bash,-bash,0.0,0.0668,5.18,0.0,0.0,0.0,0.0,0.0,1,sleeping,io
2026-09-22T13:39:48,6172,2,SessionLeader,/init,0.0,0.0142,1.1,0.0,0.0,0.0,0.0,0.0,1,sleeping,io
2026-09-22T13:39:48,6173,6172,Relay(6174),/init,0.0,0.0143,1.11,0.0,0.0,0.0,0.0,0.0,1,sleeping,io
2026-09-22T13:39:48,6174,6173,bash,-bash,0.0,0.0665,5.15,0.0,0.0,0.0,0.0,0.0,1,sleeping,io
2026-09-22T13:39:48,6941,2,SessionLeader,/init,0.0,0.0142,1.1,0.0,0.0,0.0,0.0,0.0,1,sleeping,io
2026-09-22T13:39:48,6943,6941,Relay(6945),/init,0.0,0.0143,1.11,0.0,0.0,0.0,0.0,0.0,1,sleeping,io
2026-09-22T13:39:48,6945,6943,bash,-bash,0.0,0.0666,5.16,0.0,0.0,0.0,0.0,0.0,1,sleeping,io
2026-09-22T13:39:48,8650,2,SessionLeader,/init,0.0,0.0142,1.1,0.0,0.0,0.0,0.0,0.0,1,sleeping,io
2026-09-22T13:39:48,8652,8650,Relay(8654),/init,0.0,0.0143,1.11,0.0,0.0,0.0,0.0,0.0,1,sleeping,io
2026-09-22T13:39:48,8654,8652,bash,-bash,0.0,0.0687,5.32,0.0,0.0,0.0,0.0,0.0,1,sleeping,io
2026-09-22T13:39:48,8853,2,SessionLeader,/init,0.0,0.0142,1.1,0.0,0.0,0.0,0.0,0.0,1,sleeping,io
2026-09-22T13:39:48,8854,8853,Relay(8858),/init,0.0,0.0143,1.11,0.0,0.0,0.0,0.0,0.0,1,sleeping,io
2026-09-22T13:39:48,8858,8854,bash,-bash,0.0,0.068,5.27,0.0,0.0,0.0,0.0,0.0,1,sleeping,io
2026-09-22T13:39:48,15760,2,SessionLeader,/init,0.0,0.0142,1.1,0.0,0.0,0.0,0.0,0.0,1,sleeping,io
2026-09-22T13:39:48,15762,15760,Relay(15767),/init,0.0,0.0143,1.11,0.0,0.0,0.0,0.0,0.0,1,sleeping,io
2026-09-22T13:39:48,15767,15762,bash,-bash,0.0,0.0695,5.39,0.0,0.0,0.0,0.0,0.0,1,sleeping,io
2026-09-22T13:39:48,15903,2,SessionLeader,/init,0.0,0.0142,1.1,0.0,0.0,0.0,0.0,0.0,1,sleeping,io
2026-09-22T13:39:48,15904,15903,Relay(15909),/init,0.0,0.0143,1.11,0.0,0.0,0.0,0.0,0.0,1,sleeping,io
2026-09-22T13:39:48,15909,15904,bash,-bash,0.0,0.0698,5.41,0.0,0.0,0.0,0.0,0.0,1,sleeping,io
2026-09-22T13:39:48,20518,1,wsl-pro-service,/usr/libexec/wsl-pro-service,0.0,0.1491,11.55,0.0,0.0,0.0,0.0,0.0,8,sleeping,io
2026-09-22T13:39:48,21891,6945,python,python workloads/io/io_workload.py,9.0,0.1304,10.11,4080.8,160358993.96,307.85,0.0,0.0,1,disk-sleep,io
2026-09-22T13:39:50,1,0,systemd,/sbin/init,0.0,0.1643,12.73,0.0,0.0,0.0,0.0,0.0,1,sleeping,io
2026-09-22T13:39:50,2,1,init-systemd(Ub,/init,0.0,0.0279,2.16,0.0,0.0,0.0,0.0,0.0,2,sleeping,io
2026-09-22T13:39:50,7,2,init,plan9 --control-socket 7 --log-level 4 --server-fd 8 --pipe-fd 10 --log-truncate,0.0,0.0268,2.08,0.0,0.0,0.0,0.0,0.0,2,sleeping,io
2026-09-22T13:39:50,43,1,systemd-journald,/usr/lib/systemd/systemd-journald,0.0,0.2003,15.52,0.0,0.0,0.0,0.0,0.0,1,sleeping,io
2026-09-22T13:39:50,98,1,systemd-udevd,/usr/lib/systemd/systemd-udevd,0.0,0.0758,5.88,0.0,0.0,0.0,0.0,0.0,1,sleeping,io
2026-09-22T13:39:50,177,1,systemd-resolved,/usr/lib/systemd/systemd-resolved,0.0,0.1656,12.83,0.0,0.0,0.0,0.0,0.0,1,sleeping,io
2026-09-22T13:39:50,178,1,systemd-timesyncd,/usr/lib/systemd/systemd-timesyncd,0.0,0.1002,7.77,0.0,0.0,0.0,0.0,0.0,2,sleeping,io
2026-09-22T13:39:50,188,1,cron,/usr/sbin/cron -f -P,0.0,0.0338,2.62,0.0,0.0,0.5,0.0,0.0,1,sleeping,io
2026-09-22T13:39:50,189,1,dbus-daemon,@dbus-daemon --system --address=systemd: --nofork --nopidfile --systemd-activation --syslog-only,0.0,0.0669,5.18,0.0,0.0,0.0,0.0,0.0,1,sleeping,io
2026-09-22T13:39:50,203,1,systemd-logind,/usr/lib/systemd/systemd-logind,0.0,0.1112,8.62,0.0,0.0,0.0,0.0,0.0,1,sleeping,io
2026-09-22T13:39:50,217,1,agetty,/sbin/agetty -o -p -- \u --noclear - linux,0.0,0.0249,1.93,0.0,0.0,0.0,0.0,0.0,1,sleeping,io
2026-09-22T13:39:50,223,1,rsyslogd,/usr/sbin/rsyslogd -n -iNONE,0.0,0.0758,5.87,0.0,0.0,0.0,0.0,0.0,4,sleeping,io
2026-09-22T13:39:50,236,1,unattended-upgr,/usr/bin/python3 /usr/share/unattended-upgrades/unattended-upgrade-shutdown --wait-for-signal,0.0,0.2778,21.53,0.0,0.0,0.0,0.0,0.0,2,sleeping,io
2026-09-22T13:39:50,256,1,apache2,/usr/sbin/apache2 -k start,0.0,0.0634,4.91,0.0,0.0,1.0,0.0,0.0,1,sleeping,io
2026-09-22T13:39:50,257,256,apache2,/usr/sbin/apache2 -k start,0.0,0.0734,5.69,0.0,0.0,0.0,0.0,0.0,27,sleeping,io
2026-09-22T13:39:50,259,256,apache2,/usr/sbin/apache2 -k start,0.0,0.0734,5.69,0.0,0.0,0.0,0.0,0.0,27,sleeping,io
2026-09-22T13:39:50,386,2,login,/bin/login -f      ,0.0,0.0584,4.53,0.0,0.0,0.0,0.0,0.0,1,sleeping,io
2026-09-22T13:39:50,429,1,systemd,/usr/lib/systemd/systemd --user,0.0,0.145,11.24,0.0,0.0,0.0,0.0,0.0,1,sleeping,io
2026-09-22T13:39:50,430,429,(sd-pam),(sd-pam),0.0,0.0451,3.49,0.0,0.0,0.0,0.0,0.0,1,sleeping,io
2026-09-22T13:39:50,452,386,bash,-bash,0.0,0.0642,4.98,0.0,0.0,0.0,0.0,0.0,1,sleeping,io
2026-09-22T13:39:50,486,2,SessionLeader,/init,0.0,0.0142,1.1,0.0,0.0,0.0,0.0,0.0,1,sleeping,io
2026-09-22T13:39:50,487,486,Relay(488),/init,0.0,0.0159,1.23,0.0,0.0,0.0,0.0,0.0,1,sleeping,io
2026-09-22T13:39:50,488,487,bash,-bash,0.0,0.0665,5.16,0.0,0.0,0.0,0.0,0.0,1,sleeping,io
2026-09-22T13:39:50,696,2,SessionLeader,/init,0.0,0.0143,1.11,0.0,0.0,0.0,0.0,0.0,1,sleeping,io
2026-09-22T13:39:50,697,696,Relay(698),/init,0.0,0.0152,1.18,0.0,0.0,0.0,0.0,0.0,1,sleeping,io
2026-09-22T13:39:50,698,697,sh,"sh -c ""$VSCODE_WSL_EXT_LOCATION/scripts/wslServer.sh"" 7debcd0e2acdea1c52de81bf9ee1620444407dda stable code-server .vscode-server --host=127.0.0.1 --port=0 --connection-token=826864117-4248089396-2109865724-2149592531 --use-host-proxy --without-browser-env-var --disable-websocket-compression --accept-server-license-terms --telemetry-level=all",0.0,0.024,1.86,0.0,0.0,0.0,0.0,0.0,1,sleeping,io
2026-09-22T13:39:50,699,698,sh,sh /mnt/c/Users/Rohan/.vscode/extensions/ms-vscode-remote.remote-wsl-0.104.3/scripts/wslServer.sh 7debcd0e2acdea1c52de81bf9ee1620444407dda stable code-server .vscode-server --host=127.0.0.1 --port=0 --connection-token=826864117-4248089396-2109865724-2149592531 --use-host-proxy --without-browser-env-var --disable-websocket-compression --accept-server-license-terms --telemetry-level=all,0.0,0.0251,1.95,0.0,0.0,0.0,0.0,0.0,1,sleeping,io
2026-09-22T13:39:50,705,699,sh,sh /home/rohan/.vscode-server/bin/7debcd0e2acdea1c52de81bf9ee1620444407dda/bin/code-server --host=127.0.0.1 --port=0 --connection-token=826864117-4248089396-2109865724-2149592531 --use-host-proxy --without-browser-env-var --disable-websocket-compression --accept-server-license-terms --telemetry-level=all,0.0,0.025,1.93,0.0,0.0,0.0,0.0,0.0,1,sleeping,io
2026-09-22T13:39:50,709,705,MainThread,/home/rohan/.vscode-server/bin/7debcd0e2acdea1c52de81bf9ee1620444407dda/node /home/rohan/.vscode-server/bin/7debcd0e2acdea1c52de81bf9ee1620444407dda/out/server-main.js --host=127.0.0.1 --port=0 --connection-token=826864117-4248089396-2109865724-2149592531 --use-host-proxy --without-browser-env-var --disable-websocket-compression --accept-server-license-terms --telemetry-level=all,0.5,2.2857,177.11,0.0,0.0,8.96,0.0,0.0,11,sleeping,io
2026-09-22T13:39:50,721,2,SessionLeader,/init,0.0,0.0143,1.11,0.0,0.0,0.0,0.0,0.0,1,sleeping,io
2026-09-22T13:39:50,722,721,Relay(723),/init,0.0,0.0152,1.18,0.0,0.0,2.99,0.0,0.0,1,sleeping,io
2026-09-22T13:39:50,723,722,MainThread,"/home/rohan/.vscode-server/bin/7debcd0e2acdea1c52de81bf9ee1620444407dda/node -e const net = require('net'); process.stdin.pause(); const client = net.createConnection({ host: '127.0.0.1', port: 44115 }, () => { client.pipe(process.stdout); process.stdin.pipe(client); }); client.on('close', function (hadError) { console.error(hadError ? 'Remote close with error' : 'Remote close'); process.exit(hadError ? 1 : 0); }); client.on('error', function (err) { process.stderr.write(err && (err.stack || err.message) || String(err)); });",0.0,0.8723,67.59,0.0,0.0,2.99,0.0,0.0,7,sleeping,io
2026-09-22T13:39:50,730,2,SessionLeader,/init,0.0,0.0143,1.11,0.0,0.0,0.0,0.0,0.0,1,sleeping,io
2026-09-22T13:39:50,731,730,Relay(732),/init,0.0,0.0152,1.18,0.0,0.0,4.98,0.0,0.0,1,sleeping,io
2026-09-22T13:39:50,732,731,MainThread,"/home/rohan/.vscode-server/bin/7debcd0e2acdea1c52de81bf9ee1620444407dda/node -e const net = require('net'); process.stdin.pause(); const client = net.createConnection({ host: '127.0.0.1', port: 44115 }, () => { client.pipe(process.stdout); process.stdin.pipe(client); }); client.on('close', function (hadError) { console.error(hadError ? 'Remote close with error' : 'Remote close'); process.exit(hadError ? 1 : 0); }); client.on('error', function (err) { process.stderr.write(err && (err.stack || err.message) || String(err)); });",0.0,0.7845,60.79,0.0,0.0,4.98,0.0,0.0,7,sleeping,io
2026-09-22T13:39:50,743,709,MainThread,/home/rohan/.vscode-server/bin/7debcd0e2acdea1c52de81bf9ee1620444407dda/node /home/rohan/.vscode-server/bin/7debcd0e2acdea1c52de81bf9ee1620444407dda/out/bootstrap-fork --type=fileWatcher,1.0,0.8778,68.02,0.0,0.0,5.97,0.0,0.0,13,sleeping,io
2026-09-22T13:39:50,769,709,MainThread,/home/rohan/.vscode-server/bin/7debcd0e2acdea1c52de81bf9ee1620444407dda/node /home/rohan/.vscode-server/bin/7debcd0e2acdea1c52de81bf9ee1620444407dda/out/bootstrap-fork --type=agentHost --logsPath /home/rohan/.vscode-server/data/logs/20260922T120228 --user-data-dir /home/rohan/.vscode-server/data --telemetry-level all,0.0,1.775,137.54,0.0,0.0,0.0,0.0,0.0,11,sleeping,io
2026-09-22T13:39:50,770,709,MainThread,/home/rohan/.vscode-server/bin/7debcd0e2acdea1c52de81bf9ee1620444407dda/node --dns-result-order=ipv4first /home/rohan/.vscode-server/bin/7debcd0e2acdea1c52de81bf9ee1620444407dda/out/bootstrap-fork --type=extensionHost --transformURIs --useHostProxy=true,1.5,6.7073,519.73,0.0,0.0,195.66,1518.51,0.0,32,sleeping,io
2026-09-22T13:39:50,811,769,MainThread,/home/rohan/.vscode-server/bin/7debcd0e2acdea1c52de81bf9ee1620444407dda/node /home/rohan/.vscode-server/bin/7debcd0e2acdea1c52de81bf9ee1620444407dda/node_modules/@github/copilot-linux-x64/index.js --headless --no-auto-update --log-level info --stdio --no-auto-login,0.0,3.2137,249.02,0.0,0.0,0.0,0.0,0.0,44,sleeping,io
2026-09-22T13:39:50,812,770,MainThread,/home/rohan/.vscode-server/bin/7debcd0e2acdea1c52de81bf9ee1620444407dda/node /home/rohan/.vscode-server/bin/7debcd0e2acdea1c52de81bf9ee1620444407dda/extensions/markdown-language-features/dist/serverWorkerMain --node-ipc --clientProcessId=770,0.0,0.9939,77.02,0.0,0.0,0.0,0.0,0.0,7,sleeping,io
2026-09-22T13:39:50,833,709,MainThread,/home/rohan/.vscode-server/bin/7debcd0e2acdea1c52de81bf9ee1620444407dda/node /home/rohan/.vscode-server/bin/7debcd0e2acdea1c52de81bf9ee1620444407dda/out/bootstrap-fork --type=ptyHost --logsPath /home/rohan/.vscode-server/data/logs/20260922T120228,0.5,0.976,75.62,0.0,0.0,6.47,0.0,0.0,13,sleeping,io
2026-09-22T13:39:50,964,833,bash,/bin/bash --init-file /home/rohan/.vscode-server/bin/7debcd0e2acdea1c52de81bf9ee1620444407dda/out/vs/workbench/contrib/terminal/common/scripts/shellIntegration-bash.sh,0.0,0.0673,5.21,0.0,0.0,0.0,0.0,0.0,1,sleeping,io
2026-09-22T13:39:50,1424,2,SessionLeader,/init,0.0,0.0142,1.1,0.0,0.0,0.0,0.0,0.0,1,sleeping,io
2026-09-22T13:39:50,1425,1424,Relay(1426),/init,0.0,0.0143,1.11,0.0,0.0,0.0,0.0,0.0,1,sleeping,io
2026-09-22T13:39:50,1426,1425,bash,-bash,0.0,0.0664,5.14,0.0,0.0,0.0,0.0,0.0,1,sleeping,io
2026-09-22T13:39:50,4147,770,pet,/home/rohan/.vscode-server/extensions/ms-python.vscode-python-envs-1.37.2026092101-linux-x64/python-env-tools/bin/pet server,0.0,0.0749,5.8,0.0,0.0,0.0,0.0,0.0,21,sleeping,io
2026-09-22T13:39:50,4156,833,bash,/bin/bash --init-file /home/rohan/.vscode-server/bin/7debcd0e2acdea1c52de81bf9ee1620444407dda/out/vs/workbench/contrib/terminal/common/scripts/shellIntegration-bash.sh,0.0,0.0663,5.14,0.0,0.0,0.0,0.0,0.0,1,sleeping,io
2026-09-22T13:39:50,4295,770,MainThread,/home/rohan/.vscode-server/bin/7debcd0e2acdea1c52de81bf9ee1620444407dda/node /home/rohan/.vscode-server/extensions/ms-python.vscode-pylance-2026.3.105/dist/server.bundle.js --cancellationReceive=file:2bc56d7a41ee8749874d0000b75c5745f8ddf88b1a --node-ipc --clientProcessId=770,0.0,8.4518,654.9,0.0,0.0,1.99,0.0,0.0,9,sleeping,io
2026-09-22T13:39:50,5890,2,SessionLeader,/init,0.0,0.0142,1.1,0.0,0.0,0.0,0.0,0.0,1,sleeping,io
2026-09-22T13:39:50,5891,5890,Relay(5896),/init,0.0,0.0143,1.11,0.0,0.0,0.5,0.0,0.0,1,sleeping,io
2026-09-22T13:39:50,5896,5891,bash,-bash,0.0,0.0668,5.18,0.0,0.0,0.0,0.0,0.0,1,sleeping,io
2026-09-22T13:39:50,6172,2,SessionLeader,/init,0.0,0.0142,1.1,0.0,0.0,0.0,0.0,0.0,1,sleeping,io
2026-09-22T13:39:50,6173,6172,Relay(6174),/init,0.0,0.0143,1.11,0.0,0.0,0.0,0.0,0.0,1,sleeping,io
2026-09-22T13:39:50,6174,6173,bash,-bash,0.0,0.0665,5.15,0.0,0.0,0.0,0.0,0.0,1,sleeping,io
2026-09-22T13:39:50,6941,2,SessionLeader,/init,0.0,0.0142,1.1,0.0,0.0,0.0,0.0,0.0,1,sleeping,io
2026-09-22T13:39:50,6943,6941,Relay(6945),/init,0.0,0.0143,1.11,0.0,0.0,0.0,0.0,0.0,1,sleeping,io
2026-09-22T13:39:50,6945,6943,bash,-bash,0.0,0.0666,5.16,0.0,0.0,0.0,0.0,0.0,1,sleeping,io
2026-09-22T13:39:50,8650,2,SessionLeader,/init,0.0,0.0142,1.1,0.0,0.0,0.0,0.0,0.0,1,sleeping,io
2026-09-22T13:39:50,8652,8650,Relay(8654),/init,0.0,0.0143,1.11,0.0,0.0,0.0,0.0,0.0,1,sleeping,io
2026-09-22T13:39:50,8654,8652,bash,-bash,0.0,0.0682,5.28,0.0,0.0,0.0,0.0,0.0,1,sleeping,io
2026-09-22T13:39:50,8853,2,SessionLeader,/init,0.0,0.0142,1.1,0.0,0.0,0.0,0.0,0.0,1,sleeping,io
2026-09-22T13:39:50,8854,8853,Relay(8858),/init,0.0,0.0143,1.11,0.0,0.0,0.0,0.0,0.0,1,sleeping,io
2026-09-22T13:39:50,8858,8854,bash,-bash,0.0,0.0675,5.23,0.0,0.0,0.0,0.0,0.0,1,sleeping,io
2026-09-22T13:39:50,15760,2,SessionLeader,/init,0.0,0.0142,1.1,0.0,0.0,0.0,0.0,0.0,1,sleeping,io
2026-09-22T13:39:50,15762,15760,Relay(15767),/init,0.0,0.0143,1.11,0.0,0.0,0.0,0.0,0.0,1,sleeping,io
2026-09-22T13:39:50,15767,15762,bash,-bash,0.0,0.0692,5.36,0.0,0.0,0.0,0.0,0.0,1,sleeping,io
2026-09-22T13:39:50,15903,2,SessionLeader,/init,0.0,0.0142,1.1,0.0,0.0,0.0,0.0,0.0,1,sleeping,io
2026-09-22T13:39:50,15904,15903,Relay(15909),/init,0.0,0.0143,1.11,0.0,0.0,0.0,0.0,0.0,1,sleeping,io
2026-09-22T13:39:50,15909,15904,bash,-bash,0.0,0.0693,5.37,0.0,0.0,0.0,0.0,0.0,1,sleeping,io
2026-09-22T13:39:50,20518,1,wsl-pro-service,/usr/libexec/wsl-pro-service,0.0,0.1491,11.55,0.0,0.0,0.0,0.0,0.0,8,sleeping,io
2026-09-22T13:39:50,21891,6945,python,python workloads/io/io_workload.py,6.5,0.1304,10.11,4079.26,152466606.55,292.8,0.0,0.0,1,disk-sleep,io
2026-09-22T13:39:52,1,0,systemd,/sbin/init,0.5,0.1643,12.73,0.0,0.0,0.99,0.0,0.0,1,sleeping,io
2026-09-22T13:39:52,2,1,init-systemd(Ub,/init,0.0,0.0279,2.16,0.0,0.0,0.0,0.0,0.0,2,sleeping,io
2026-09-22T13:39:52,7,2,init,plan9 --control-socket 7 --log-level 4 --server-fd 8 --pipe-fd 10 --log-truncate,0.0,0.0268,2.08,0.0,0.0,0.0,0.0,0.0,2,sleeping,io
2026-09-22T13:39:52,43,1,systemd-journald,/usr/lib/systemd/systemd-journald,1.0,0.2003,15.52,0.0,0.0,9.44,910.32,1.49,1,sleeping,io
2026-09-22T13:39:52,98,1,systemd-udevd,/usr/lib/systemd/systemd-udevd,0.0,0.0758,5.88,0.0,0.0,0.0,0.0,0.0,1,sleeping,io
2026-09-22T13:39:52,177,1,systemd-resolved,/usr/lib/systemd/systemd-resolved,0.0,0.1656,12.83,0.0,0.0,0.99,0.0,0.0,1,sleeping,io
2026-09-22T13:39:52,178,1,systemd-timesyncd,/usr/lib/systemd/systemd-timesyncd,0.0,0.1002,7.77,0.0,0.0,0.99,0.0,0.0,2,sleeping,io
2026-09-22T13:39:52,188,1,cron,/usr/sbin/cron -f -P,0.0,0.0338,2.62,0.0,0.0,0.0,0.0,0.0,1,sleeping,io
2026-09-22T13:39:52,189,1,dbus-daemon,@dbus-daemon --system --address=systemd: --nofork --nopidfile --systemd-activation --syslog-only,0.0,0.0669,5.18,0.0,0.0,1.49,0.0,0.0,1,sleeping,io
2026-09-22T13:39:52,203,1,systemd-logind,/usr/lib/systemd/systemd-logind,0.0,0.1112,8.62,0.0,0.0,11.43,0.0,0.0,1,sleeping,io
2026-09-22T13:39:52,217,1,agetty,/sbin/agetty -o -p -- \u --noclear - linux,0.0,0.0249,1.93,0.0,0.0,0.0,0.0,0.0,1,sleeping,io
2026-09-22T13:39:52,223,1,rsyslogd,/usr/sbin/rsyslogd -n -iNONE,0.0,0.0758,5.87,0.0,0.0,0.0,0.0,0.0,4,sleeping,io
2026-09-22T13:39:52,236,1,unattended-upgr,/usr/bin/python3 /usr/share/unattended-upgrades/unattended-upgrade-shutdown --wait-for-signal,0.0,0.2778,21.53,0.0,0.0,0.0,0.0,0.0,2,sleeping,io
2026-09-22T13:39:52,256,1,apache2,/usr/sbin/apache2 -k start,0.0,0.0634,4.91,0.0,0.0,0.99,0.0,0.0,1,sleeping,io
2026-09-22T13:39:52,257,256,apache2,/usr/sbin/apache2 -k start,0.0,0.0734,5.69,0.0,0.0,0.0,0.0,0.0,27,sleeping,io
2026-09-22T13:39:52,259,256,apache2,/usr/sbin/apache2 -k start,0.0,0.0734,5.69,0.0,0.0,0.0,0.0,0.0,27,sleeping,io
2026-09-22T13:39:52,386,2,login,/bin/login -f      ,0.0,0.0584,4.53,0.0,0.0,0.0,0.0,0.0,1,sleeping,io
2026-09-22T13:39:52,429,1,systemd,/usr/lib/systemd/systemd --user,0.0,0.145,11.24,0.0,0.0,0.99,0.0,0.0,1,sleeping,io
2026-09-22T13:39:52,430,429,(sd-pam),(sd-pam),0.0,0.0451,3.49,0.0,0.0,0.0,0.0,0.0,1,sleeping,io
2026-09-22T13:39:52,452,386,bash,-bash,0.0,0.0642,4.98,0.0,0.0,0.0,0.0,0.0,1,sleeping,io
2026-09-22T13:39:52,486,2,SessionLeader,/init,0.0,0.0142,1.1,0.0,0.0,0.0,0.0,0.0,1,sleeping,io
2026-09-22T13:39:52,487,486,Relay(488),/init,0.0,0.0159,1.23,0.0,0.0,0.0,0.0,0.0,1,sleeping,io
2026-09-22T13:39:52,488,487,bash,-bash,0.0,0.0665,5.16,0.0,0.0,0.0,0.0,0.0,1,sleeping,io
2026-09-22T13:39:52,696,2,SessionLeader,/init,0.0,0.0143,1.11,0.0,0.0,0.0,0.0,0.0,1,sleeping,io
2026-09-22T13:39:52,697,696,Relay(698),/init,0.0,0.0152,1.18,0.0,0.0,0.0,0.0,0.0,1,sleeping,io
2026-09-22T13:39:52,698,697,sh,"sh -c ""$VSCODE_WSL_EXT_LOCATION/scripts/wslServer.sh"" 7debcd0e2acdea1c52de81bf9ee1620444407dda stable code-server .vscode-server --host=127.0.0.1 --port=0 --connection-token=826864117-4248089396-2109865724-2149592531 --use-host-proxy --without-browser-env-var --disable-websocket-compression --accept-server-license-terms --telemetry-level=all",0.0,0.024,1.86,0.0,0.0,0.0,0.0,0.0,1,sleeping,io
2026-09-22T13:39:52,699,698,sh,sh /mnt/c/Users/Rohan/.vscode/extensions/ms-vscode-remote.remote-wsl-0.104.3/scripts/wslServer.sh 7debcd0e2acdea1c52de81bf9ee1620444407dda stable code-server .vscode-server --host=127.0.0.1 --port=0 --connection-token=826864117-4248089396-2109865724-2149592531 --use-host-proxy --without-browser-env-var --disable-websocket-compression --accept-server-license-terms --telemetry-level=all,0.0,0.0251,1.95,0.0,0.0,0.0,0.0,0.0,1,sleeping,io
2026-09-22T13:39:52,705,699,sh,sh /home/rohan/.vscode-server/bin/7debcd0e2acdea1c52de81bf9ee1620444407dda/bin/code-server --host=127.0.0.1 --port=0 --connection-token=826864117-4248089396-2109865724-2149592531 --use-host-proxy --without-browser-env-var --disable-websocket-compression --accept-server-license-terms --telemetry-level=all,0.0,0.025,1.93,0.0,0.0,0.0,0.0,0.0,1,sleeping,io
2026-09-22T13:39:52,709,705,MainThread,/home/rohan/.vscode-server/bin/7debcd0e2acdea1c52de81bf9ee1620444407dda/node /home/rohan/.vscode-server/bin/7debcd0e2acdea1c52de81bf9ee1620444407dda/out/server-main.js --host=127.0.0.1 --port=0 --connection-token=826864117-4248089396-2109865724-2149592531 --use-host-proxy --without-browser-env-var --disable-websocket-compression --accept-server-license-terms --telemetry-level=all,0.0,2.2857,177.11,0.0,0.0,8.95,0.0,0.0,11,sleeping,io
2026-09-22T13:39:52,721,2,SessionLeader,/init,0.0,0.0143,1.11,0.0,0.0,0.0,0.0,0.0,1,sleeping,io
2026-09-22T13:39:52,722,721,Relay(723),/init,0.0,0.0152,1.18,0.0,0.0,2.98,0.0,0.0,1,sleeping,io
2026-09-22T13:39:52,723,722,MainThread,"/home/rohan/.vscode-server/bin/7debcd0e2acdea1c52de81bf9ee1620444407dda/node -e const net = require('net'); process.stdin.pause(); const client = net.createConnection({ host: '127.0.0.1', port: 44115 }, () => { client.pipe(process.stdout); process.stdin.pipe(client); }); client.on('close', function (hadError) { console.error(hadError ? 'Remote close with error' : 'Remote close'); process.exit(hadError ? 1 : 0); }); client.on('error', function (err) { process.stderr.write(err && (err.stack || err.message) || String(err)); });",0.0,0.8723,67.59,0.0,0.0,2.98,0.0,0.0,7,sleeping,io
2026-09-22T13:39:52,730,2,SessionLeader,/init,0.0,0.0143,1.11,0.0,0.0,0.0,0.0,0.0,1,sleeping,io
2026-09-22T13:39:52,731,730,Relay(732),/init,0.0,0.0152,1.18,0.0,0.0,3.98,0.0,0.0,1,sleeping,io
2026-09-22T13:39:52,732,731,MainThread,"/home/rohan/.vscode-server/bin/7debcd0e2acdea1c52de81bf9ee1620444407dda/node -e const net = require('net'); process.stdin.pause(); const client = net.createConnection({ host: '127.0.0.1', port: 44115 }, () => { client.pipe(process.stdout); process.stdin.pipe(client); }); client.on('close', function (hadError) { console.error(hadError ? 'Remote close with error' : 'Remote close'); process.exit(hadError ? 1 : 0); }); client.on('error', function (err) { process.stderr.write(err && (err.stack || err.message) || String(err)); });",0.0,0.7845,60.79,0.0,0.0,3.98,0.0,0.0,7,sleeping,io
2026-09-22T13:39:52,743,709,MainThread,/home/rohan/.vscode-server/bin/7debcd0e2acdea1c52de81bf9ee1620444407dda/node /home/rohan/.vscode-server/bin/7debcd0e2acdea1c52de81bf9ee1620444407dda/out/bootstrap-fork --type=fileWatcher,1.0,0.8778,68.02,0.0,0.0,4.97,0.0,0.0,13,sleeping,io
2026-09-22T13:39:52,769,709,MainThread,/home/rohan/.vscode-server/bin/7debcd0e2acdea1c52de81bf9ee1620444407dda/node /home/rohan/.vscode-server/bin/7debcd0e2acdea1c52de81bf9ee1620444407dda/out/bootstrap-fork --type=agentHost --logsPath /home/rohan/.vscode-server/data/logs/20260922T120228 --user-data-dir /home/rohan/.vscode-server/data --telemetry-level all,0.5,1.775,137.54,0.0,2036.01,3.98,0.0,0.0,11,sleeping,io
2026-09-22T13:39:52,770,709,MainThread,/home/rohan/.vscode-server/bin/7debcd0e2acdea1c52de81bf9ee1620444407dda/node --dns-result-order=ipv4first /home/rohan/.vscode-server/bin/7debcd0e2acdea1c52de81bf9ee1620444407dda/out/bootstrap-fork --type=extensionHost --transformURIs --useHostProxy=true,1.0,6.7073,519.73,0.0,0.0,189.88,745.61,0.0,32,sleeping,io
2026-09-22T13:39:52,811,769,MainThread,/home/rohan/.vscode-server/bin/7debcd0e2acdea1c52de81bf9ee1620444407dda/node /home/rohan/.vscode-server/bin/7debcd0e2acdea1c52de81bf9ee1620444407dda/node_modules/@github/copilot-linux-x64/index.js --headless --no-auto-update --log-level info --stdio --no-auto-login,0.0,3.2137,249.02,0.0,0.0,0.0,0.0,0.0,44,sleeping,io
2026-09-22T13:39:52,812,770,MainThread,/home/rohan/.vscode-server/bin/7debcd0e2acdea1c52de81bf9ee1620444407dda/node /home/rohan/.vscode-server/bin/7debcd0e2acdea1c52de81bf9ee1620444407dda/extensions/markdown-language-features/dist/serverWorkerMain --node-ipc --clientProcessId=770,0.0,0.9939,77.02,0.0,0.0,0.99,0.0,0.0,7,sleeping,io
2026-09-22T13:39:52,833,709,MainThread,/home/rohan/.vscode-server/bin/7debcd0e2acdea1c52de81bf9ee1620444407dda/node /home/rohan/.vscode-server/bin/7debcd0e2acdea1c52de81bf9ee1620444407dda/out/bootstrap-fork --type=ptyHost --logsPath /home/rohan/.vscode-server/data/logs/20260922T120228,0.0,0.976,75.62,0.0,0.0,6.46,0.0,0.0,13,sleeping,io
2026-09-22T13:39:52,964,833,bash,/bin/bash --init-file /home/rohan/.vscode-server/bin/7debcd0e2acdea1c52de81bf9ee1620444407dda/out/vs/workbench/contrib/terminal/common/scripts/shellIntegration-bash.sh,0.0,0.0673,5.21,0.0,0.0,0.0,0.0,0.0,1,sleeping,io
2026-09-22T13:39:52,1424,2,SessionLeader,/init,0.0,0.0142,1.1,0.0,0.0,0.0,0.0,0.0,1,sleeping,io
2026-09-22T13:39:52,1425,1424,Relay(1426),/init,0.0,0.0143,1.11,0.0,0.0,0.0,0.0,0.0,1,sleeping,io
2026-09-22T13:39:52,1426,1425,bash,-bash,0.0,0.0664,5.14,0.0,0.0,0.0,0.0,0.0,1,sleeping,io
2026-09-22T13:39:52,4147,770,pet,/home/rohan/.vscode-server/extensions/ms-python.vscode-python-envs-1.37.2026092101-linux-x64/python-env-tools/bin/pet server,0.0,0.0749,5.8,0.0,0.0,0.0,0.0,0.0,21,sleeping,io
2026-09-22T13:39:52,4156,833,bash,/bin/bash --init-file /home/rohan/.vscode-server/bin/7debcd0e2acdea1c52de81bf9ee1620444407dda/out/vs/workbench/contrib/terminal/common/scripts/shellIntegration-bash.sh,0.0,0.0663,5.14,0.0,0.0,0.0,0.0,0.0,1,sleeping,io
2026-09-22T13:39:52,4295,770,MainThread,/home/rohan/.vscode-server/bin/7debcd0e2acdea1c52de81bf9ee1620444407dda/node /home/rohan/.vscode-server/extensions/ms-python.vscode-pylance-2026.3.105/dist/server.bundle.js --cancellationReceive=file:2bc56d7a41ee8749874d0000b75c5745f8ddf88b1a --node-ipc --clientProcessId=770,0.0,8.4519,654.91,0.0,0.0,2.49,1.49,0.0,9,sleeping,io
2026-09-22T13:39:52,5890,2,SessionLeader,/init,0.0,0.0142,1.1,0.0,0.0,0.0,0.0,0.0,1,sleeping,io
2026-09-22T13:39:52,5891,5890,Relay(5896),/init,0.0,0.0143,1.11,0.0,0.0,0.5,0.0,0.0,1,sleeping,io
2026-09-22T13:39:52,5896,5891,bash,-bash,0.0,0.0668,5.18,0.0,0.0,0.0,0.0,0.0,1,sleeping,io
2026-09-22T13:39:52,6172,2,SessionLeader,/init,0.0,0.0142,1.1,0.0,0.0,0.0,0.0,0.0,1,sleeping,io
2026-09-22T13:39:52,6173,6172,Relay(6174),/init,0.0,0.0143,1.11,0.0,0.0,0.0,0.0,0.0,1,sleeping,io
2026-09-22T13:39:52,6174,6173,bash,-bash,0.0,0.0665,5.15,0.0,0.0,0.0,0.0,0.0,1,sleeping,io
2026-09-22T13:39:52,6941,2,SessionLeader,/init,0.0,0.0142,1.1,0.0,0.0,0.0,0.0,0.0,1,sleeping,io
2026-09-22T13:39:52,6943,6941,Relay(6945),/init,0.0,0.0143,1.11,0.0,0.0,0.0,0.0,0.0,1,sleeping,io
2026-09-22T13:39:52,6945,6943,bash,-bash,0.0,0.0666,5.16,0.0,0.0,0.0,0.0,0.0,1,sleeping,io
2026-09-22T13:39:52,8650,2,SessionLeader,/init,0.0,0.0142,1.1,0.0,0.0,0.0,0.0,0.0,1,sleeping,io
2026-09-22T13:39:52,8652,8650,Relay(8654),/init,0.0,0.0143,1.11,0.0,0.0,0.0,0.0,0.0,1,sleeping,io
2026-09-22T13:39:52,8654,8652,bash,-bash,0.0,0.0682,5.28,0.0,0.0,0.0,0.0,0.0,1,sleeping,io
2026-09-22T13:39:52,8853,2,SessionLeader,/init,0.0,0.0142,1.1,0.0,0.0,0.0,0.0,0.0,1,sleeping,io
2026-09-22T13:39:52,8854,8853,Relay(8858),/init,0.0,0.0143,1.11,0.0,0.0,0.0,0.0,0.0,1,sleeping,io
2026-09-22T13:39:52,8858,8854,bash,-bash,0.0,0.0675,5.23,0.0,0.0,0.0,0.0,0.0,1,sleeping,io
2026-09-22T13:39:52,15760,2,SessionLeader,/init,0.0,0.0142,1.1,0.0,0.0,0.0,0.0,0.0,1,sleeping,io
2026-09-22T13:39:52,15762,15760,Relay(15767),/init,0.0,0.0143,1.11,0.0,0.0,0.0,0.0,0.0,1,sleeping,io
2026-09-22T13:39:52,15767,15762,bash,-bash,0.0,0.0692,5.36,0.0,0.0,0.0,0.0,0.0,1,sleeping,io
2026-09-22T13:39:52,15903,2,SessionLeader,/init,0.0,0.0142,1.1,0.0,0.0,0.0,0.0,0.0,1,sleeping,io
2026-09-22T13:39:52,15904,15903,Relay(15909),/init,0.0,0.0143,1.11,0.0,0.0,0.0,0.0,0.0,1,sleeping,io
2026-09-22T13:39:52,15909,15904,bash,-bash,0.0,0.0693,5.37,0.0,0.0,0.0,0.0,0.0,1,sleeping,io
2026-09-22T13:39:52,20518,1,wsl-pro-service,/usr/libexec/wsl-pro-service,0.0,0.1491,11.55,0.0,0.0,0.0,0.0,0.0,8,sleeping,io
2026-09-22T13:39:52,21891,6945,python,python workloads/io/io_workload.py,4.0,0.1304,10.11,2035.78,128726297.11,249.01,0.0,0.0,1,disk-sleep,io
2026-09-22T13:39:54,1,0,systemd,/sbin/init,0.0,0.1643,12.73,0.0,0.0,0.0,0.0,0.0,1,sleeping,io
2026-09-22T13:39:54,2,1,init-systemd(Ub,/init,0.0,0.0279,2.16,0.0,0.0,0.0,0.0,0.0,2,sleeping,io
2026-09-22T13:39:54,7,2,init,plan9 --control-socket 7 --log-level 4 --server-fd 8 --pipe-fd 10 --log-truncate,0.0,0.0268,2.08,0.0,0.0,0.0,0.0,0.0,2,sleeping,io
2026-09-22T13:39:54,43,1,systemd-journald,/usr/lib/systemd/systemd-journald,0.0,0.2003,15.52,0.0,0.0,0.0,0.0,0.0,1,sleeping,io
2026-09-22T13:39:54,98,1,systemd-udevd,/usr/lib/systemd/systemd-udevd,0.0,0.0758,5.88,0.0,0.0,0.0,0.0,0.0,1,sleeping,io
2026-09-22T13:39:54,177,1,systemd-resolved,/usr/lib/systemd/systemd-resolved,0.0,0.1656,12.83,0.0,0.0,0.0,0.0,0.0,1,sleeping,io
2026-09-22T13:39:54,178,1,systemd-timesyncd,/usr/lib/systemd/systemd-timesyncd,0.0,0.1002,7.77,0.0,0.0,0.0,0.0,0.0,2,sleeping,io
2026-09-22T13:39:54,188,1,cron,/usr/sbin/cron -f -P,0.0,0.0338,2.62,0.0,0.0,0.0,0.0,0.0,1,sleeping,io
2026-09-22T13:39:54,189,1,dbus-daemon,@dbus-daemon --system --address=systemd: --nofork --nopidfile --systemd-activation --syslog-only,0.0,0.0669,5.18,0.0,0.0,0.0,0.0,0.0,1,sleeping,io
2026-09-22T13:39:54,203,1,systemd-logind,/usr/lib/systemd/systemd-logind,0.0,0.1112,8.62,0.0,0.0,0.0,0.0,0.0,1,sleeping,io
2026-09-22T13:39:54,217,1,agetty,/sbin/agetty -o -p -- \u --noclear - linux,0.0,0.0249,1.93,0.0,0.0,0.0,0.0,0.0,1,sleeping,io
2026-09-22T13:39:54,223,1,rsyslogd,/usr/sbin/rsyslogd -n -iNONE,0.0,0.0758,5.87,0.0,0.0,0.0,0.0,0.0,4,sleeping,io
2026-09-22T13:39:54,236,1,unattended-upgr,/usr/bin/python3 /usr/share/unattended-upgrades/unattended-upgrade-shutdown --wait-for-signal,0.0,0.2778,21.53,0.0,0.0,0.0,0.0,0.0,2,sleeping,io
2026-09-22T13:39:54,256,1,apache2,/usr/sbin/apache2 -k start,0.0,0.0634,4.91,0.0,0.0,1.0,0.0,0.0,1,sleeping,io
2026-09-22T13:39:54,257,256,apache2,/usr/sbin/apache2 -k start,0.0,0.0734,5.69,0.0,0.0,0.0,0.0,0.0,27,sleeping,io
2026-09-22T13:39:54,259,256,apache2,/usr/sbin/apache2 -k start,0.0,0.0734,5.69,0.0,0.0,0.0,0.0,0.0,27,sleeping,io
2026-09-22T13:39:54,386,2,login,/bin/login -f      ,0.0,0.0584,4.53,0.0,0.0,0.0,0.0,0.0,1,sleeping,io
2026-09-22T13:39:54,429,1,systemd,/usr/lib/systemd/systemd --user,0.0,0.145,11.24,0.0,0.0,0.0,0.0,0.0,1,sleeping,io
2026-09-22T13:39:54,430,429,(sd-pam),(sd-pam),0.0,0.0451,3.49,0.0,0.0,0.0,0.0,0.0,1,sleeping,io
2026-09-22T13:39:54,452,386,bash,-bash,0.0,0.0642,4.98,0.0,0.0,0.0,0.0,0.0,1,sleeping,io
2026-09-22T13:39:54,486,2,SessionLeader,/init,0.0,0.0142,1.1,0.0,0.0,0.0,0.0,0.0,1,sleeping,io
2026-09-22T13:39:54,487,486,Relay(488),/init,0.0,0.0159,1.23,0.0,0.0,0.0,0.0,0.0,1,sleeping,io
2026-09-22T13:39:54,488,487,bash,-bash,0.0,0.0665,5.16,0.0,0.0,0.0,0.0,0.0,1,sleeping,io
2026-09-22T13:39:54,696,2,SessionLeader,/init,0.0,0.0143,1.11,0.0,0.0,0.0,0.0,0.0,1,sleeping,io
2026-09-22T13:39:54,697,696,Relay(698),/init,0.0,0.0152,1.18,0.0,0.0,0.0,0.0,0.0,1,sleeping,io
2026-09-22T13:39:54,698,697,sh,"sh -c ""$VSCODE_WSL_EXT_LOCATION/scripts/wslServer.sh"" 7debcd0e2acdea1c52de81bf9ee1620444407dda stable code-server .vscode-server --host=127.0.0.1 --port=0 --connection-token=826864117-4248089396-2109865724-2149592531 --use-host-proxy --without-browser-env-var --disable-websocket-compression --accept-server-license-terms --telemetry-level=all",0.0,0.024,1.86,0.0,0.0,0.0,0.0,0.0,1,sleeping,io
2026-09-22T13:39:54,699,698,sh,sh /mnt/c/Users/Rohan/.vscode/extensions/ms-vscode-remote.remote-wsl-0.104.3/scripts/wslServer.sh 7debcd0e2acdea1c52de81bf9ee1620444407dda stable code-server .vscode-server --host=127.0.0.1 --port=0 --connection-token=826864117-4248089396-2109865724-2149592531 --use-host-proxy --without-browser-env-var --disable-websocket-compression --accept-server-license-terms --telemetry-level=all,0.0,0.0251,1.95,0.0,0.0,0.0,0.0,0.0,1,sleeping,io
2026-09-22T13:39:54,705,699,sh,sh /home/rohan/.vscode-server/bin/7debcd0e2acdea1c52de81bf9ee1620444407dda/bin/code-server --host=127.0.0.1 --port=0 --connection-token=826864117-4248089396-2109865724-2149592531 --use-host-proxy --without-browser-env-var --disable-websocket-compression --accept-server-license-terms --telemetry-level=all,0.0,0.025,1.93,0.0,0.0,0.0,0.0,0.0,1,sleeping,io
2026-09-22T13:39:54,709,705,MainThread,/home/rohan/.vscode-server/bin/7debcd0e2acdea1c52de81bf9ee1620444407dda/node /home/rohan/.vscode-server/bin/7debcd0e2acdea1c52de81bf9ee1620444407dda/out/server-main.js --host=127.0.0.1 --port=0 --connection-token=826864117-4248089396-2109865724-2149592531 --use-host-proxy --without-browser-env-var --disable-websocket-compression --accept-server-license-terms --telemetry-level=all,0.0,2.2857,177.11,0.0,0.0,7.97,0.0,0.0,11,sleeping,io
2026-09-22T13:39:54,721,2,SessionLeader,/init,0.0,0.0143,1.11,0.0,0.0,0.0,0.0,0.0,1,sleeping,io
2026-09-22T13:39:54,722,721,Relay(723),/init,0.0,0.0152,1.18,0.0,0.0,2.99,0.0,0.0,1,sleeping,io
2026-09-22T13:39:54,723,722,MainThread,"/home/rohan/.vscode-server/bin/7debcd0e2acdea1c52de81bf9ee1620444407dda/node -e const net = require('net'); process.stdin.pause(); const client = net.createConnection({ host: '127.0.0.1', port: 44115 }, () => { client.pipe(process.stdout); process.stdin.pipe(client); }); client.on('close', function (hadError) { console.error(hadError ? 'Remote close with error' : 'Remote close'); process.exit(hadError ? 1 : 0); }); client.on('error', function (err) { process.stderr.write(err && (err.stack || err.message) || String(err)); });",0.0,0.8723,67.59,0.0,0.0,2.99,0.0,0.0,7,sleeping,io
2026-09-22T13:39:54,730,2,SessionLeader,/init,0.0,0.0143,1.11,0.0,0.0,0.0,0.0,0.0,1,sleeping,io
2026-09-22T13:39:54,731,730,Relay(732),/init,0.0,0.0152,1.18,0.0,0.0,4.98,0.0,0.0,1,sleeping,io
2026-09-22T13:39:54,732,731,MainThread,"/home/rohan/.vscode-server/bin/7debcd0e2acdea1c52de81bf9ee1620444407dda/node -e const net = require('net'); process.stdin.pause(); const client = net.createConnection({ host: '127.0.0.1', port: 44115 }, () => { client.pipe(process.stdout); process.stdin.pipe(client); }); client.on('close', function (hadError) { console.error(hadError ? 'Remote close with error' : 'Remote close'); process.exit(hadError ? 1 : 0); }); client.on('error', function (err) { process.stderr.write(err && (err.stack || err.message) || String(err)); });",0.0,0.7845,60.79,0.0,0.0,4.98,0.0,0.0,7,sleeping,io
2026-09-22T13:39:54,743,709,MainThread,/home/rohan/.vscode-server/bin/7debcd0e2acdea1c52de81bf9ee1620444407dda/node /home/rohan/.vscode-server/bin/7debcd0e2acdea1c52de81bf9ee1620444407dda/out/bootstrap-fork --type=fileWatcher,0.5,0.8805,68.23,0.0,0.0,7.47,27.4,0.0,13,sleeping,io
2026-09-22T13:39:54,769,709,MainThread,/home/rohan/.vscode-server/bin/7debcd0e2acdea1c52de81bf9ee1620444407dda/node /home/rohan/.vscode-server/bin/7debcd0e2acdea1c52de81bf9ee1620444407dda/out/bootstrap-fork --type=agentHost --logsPath /home/rohan/.vscode-server/data/logs/20260922T120228 --user-data-dir /home/rohan/.vscode-server/data --telemetry-level all,0.0,1.775,137.54,0.0,0.0,0.0,0.0,0.0,11,sleeping,io
2026-09-22T13:39:54,770,709,MainThread,/home/rohan/.vscode-server/bin/7debcd0e2acdea1c52de81bf9ee1620444407dda/node --dns-result-order=ipv4first /home/rohan/.vscode-server/bin/7debcd0e2acdea1c52de81bf9ee1620444407dda/out/bootstrap-fork --type=extensionHost --transformURIs --useHostProxy=true,2.0,6.7073,519.73,0.0,0.0,194.76,1327.47,0.0,32,sleeping,io
2026-09-22T13:39:54,811,769,MainThread,/home/rohan/.vscode-server/bin/7debcd0e2acdea1c52de81bf9ee1620444407dda/node /home/rohan/.vscode-server/bin/7debcd0e2acdea1c52de81bf9ee1620444407dda/node_modules/@github/copilot-linux-x64/index.js --headless --no-auto-update --log-level info --stdio --no-auto-login,0.0,3.2137,249.02,0.0,0.0,0.0,0.0,0.0,44,sleeping,io
2026-09-22T13:39:54,812,770,MainThread,/home/rohan/.vscode-server/bin/7debcd0e2acdea1c52de81bf9ee1620444407dda/node /home/rohan/.vscode-server/bin/7debcd0e2acdea1c52de81bf9ee1620444407dda/extensions/markdown-language-features/dist/serverWorkerMain --node-ipc --clientProcessId=770,0.0,0.9939,77.02,0.0,0.0,0.5,0.0,0.0,7,sleeping,io
2026-09-22T13:39:54,833,709,MainThread,/home/rohan/.vscode-server/bin/7debcd0e2acdea1c52de81bf9ee1620444407dda/node /home/rohan/.vscode-server/bin/7debcd0e2acdea1c52de81bf9ee1620444407dda/out/bootstrap-fork --type=ptyHost --logsPath /home/rohan/.vscode-server/data/logs/20260922T120228,0.0,0.976,75.62,0.0,0.0,4.98,0.0,0.0,13,sleeping,io
2026-09-22T13:39:54,964,833,bash,/bin/bash --init-file /home/rohan/.vscode-server/bin/7debcd0e2acdea1c52de81bf9ee1620444407dda/out/vs/workbench/contrib/terminal/common/scripts/shellIntegration-bash.sh,0.0,0.0673,5.21,0.0,0.0,0.0,0.0,0.0,1,sleeping,io
2026-09-22T13:39:54,1424,2,SessionLeader,/init,0.0,0.0142,1.1,0.0,0.0,0.0,0.0,0.0,1,sleeping,io
2026-09-22T13:39:54,1425,1424,Relay(1426),/init,0.0,0.0143,1.11,0.0,0.0,0.0,0.0,0.0,1,sleeping,io
2026-09-22T13:39:54,1426,1425,bash,-bash,0.0,0.0664,5.14,0.0,0.0,0.0,0.0,0.0,1,sleeping,io
2026-09-22T13:39:54,4147,770,pet,/home/rohan/.vscode-server/extensions/ms-python.vscode-python-envs-1.37.2026092101-linux-x64/python-env-tools/bin/pet server,0.0,0.0749,5.8,0.0,0.0,0.0,0.0,0.0,21,sleeping,io
2026-09-22T13:39:54,4156,833,bash,/bin/bash --init-file /home/rohan/.vscode-server/bin/7debcd0e2acdea1c52de81bf9ee1620444407dda/out/vs/workbench/contrib/terminal/common/scripts/shellIntegration-bash.sh,0.0,0.0663,5.14,0.0,0.0,0.0,0.0,0.0,1,sleeping,io
2026-09-22T13:39:54,4295,770,MainThread,/home/rohan/.vscode-server/bin/7debcd0e2acdea1c52de81bf9ee1620444407dda/node /home/rohan/.vscode-server/extensions/ms-python.vscode-pylance-2026.3.105/dist/server.bundle.js --cancellationReceive=file:2bc56d7a41ee8749874d0000b75c5745f8ddf88b1a --node-ipc --clientProcessId=770,0.5,8.4519,654.91,0.0,0.0,2.49,0.0,0.0,9,sleeping,io
2026-09-22T13:39:54,5890,2,SessionLeader,/init,0.0,0.0142,1.1,0.0,0.0,0.0,0.0,0.0,1,sleeping,io
2026-09-22T13:39:54,5891,5890,Relay(5896),/init,0.0,0.0143,1.11,0.0,0.0,0.5,0.0,0.0,1,sleeping,io
2026-09-22T13:39:54,5896,5891,bash,-bash,0.0,0.0668,5.18,0.0,0.0,0.0,0.0,0.0,1,sleeping,io
2026-09-22T13:39:54,6172,2,SessionLeader,/init,0.0,0.0142,1.1,0.0,0.0,0.0,0.0,0.0,1,sleeping,io
2026-09-22T13:39:54,6173,6172,Relay(6174),/init,0.0,0.0143,1.11,0.0,0.0,0.0,0.0,0.0,1,sleeping,io
2026-09-22T13:39:54,6174,6173,bash,-bash,0.0,0.0665,5.15,0.0,0.0,0.0,0.0,0.0,1,sleeping,io
2026-09-22T13:39:54,6941,2,SessionLeader,/init,0.0,0.0142,1.1,0.0,0.0,0.0,0.0,0.0,1,sleeping,io
2026-09-22T13:39:54,6943,6941,Relay(6945),/init,0.0,0.0143,1.11,0.0,0.0,0.0,0.0,0.0,1,sleeping,io
2026-09-22T13:39:54,6945,6943,bash,-bash,0.0,0.0666,5.16,0.0,0.0,0.0,0.0,0.0,1,sleeping,io
2026-09-22T13:39:54,8650,2,SessionLeader,/init,0.0,0.0142,1.1,0.0,0.0,0.0,0.0,0.0,1,sleeping,io
2026-09-22T13:39:54,8652,8650,Relay(8654),/init,0.0,0.0143,1.11,0.0,0.0,0.0,0.0,0.0,1,sleeping,io
2026-09-22T13:39:54,8654,8652,bash,-bash,0.0,0.0682,5.28,0.0,0.0,0.0,0.0,0.0,1,sleeping,io
2026-09-22T13:39:54,8853,2,SessionLeader,/init,0.0,0.0142,1.1,0.0,0.0,0.0,0.0,0.0,1,sleeping,io
2026-09-22T13:39:54,8854,8853,Relay(8858),/init,0.0,0.0143,1.11,0.0,0.0,0.0,0.0,0.0,1,sleeping,io
2026-09-22T13:39:54,8858,8854,bash,-bash,0.0,0.0675,5.23,0.0,0.0,0.0,0.0,0.0,1,sleeping,io
2026-09-22T13:39:54,15760,2,SessionLeader,/init,0.0,0.0142,1.1,0.0,0.0,0.0,0.0,0.0,1,sleeping,io
2026-09-22T13:39:54,15762,15760,Relay(15767),/init,0.0,0.0143,1.11,0.0,0.0,0.0,0.0,0.0,1,sleeping,io
2026-09-22T13:39:54,15767,15762,bash,-bash,0.0,0.0692,5.36,0.0,0.0,0.0,0.0,0.0,1,sleeping,io
2026-09-22T13:39:54,15903,2,SessionLeader,/init,0.0,0.0142,1.1,0.0,0.0,0.0,0.0,0.0,1,sleeping,io
2026-09-22T13:39:54,15904,15903,Relay(15909),/init,0.0,0.0143,1.11,0.0,0.0,0.0,0.0,0.0,1,sleeping,io
2026-09-22T13:39:54,15909,15904,bash,-bash,0.0,0.0693,5.37,0.0,0.0,0.0,0.0,0.0,1,sleeping,io
2026-09-22T13:39:54,20518,1,wsl-pro-service,/usr/libexec/wsl-pro-service,0.0,0.1491,11.55,0.0,0.0,0.0,0.0,0.0,8,sleeping,io
2026-09-22T13:39:54,21891,6945,python,python workloads/io/io_workload.py,4.5,0.1304,10.11,0.0,139461024.06,266.0,0.0,0.0,1,disk-sleep,io
2026-09-22T13:39:56,1,0,systemd,/sbin/init,0.0,0.1643,12.73,0.0,0.0,0.99,0.0,0.0,1,sleeping,io
2026-09-22T13:39:56,2,1,init-systemd(Ub,/init,0.0,0.0279,2.16,0.0,0.0,0.0,0.0,0.0,2,sleeping,io
2026-09-22T13:39:56,7,2,init,plan9 --control-socket 7 --log-level 4 --server-fd 8 --pipe-fd 10 --log-truncate,0.0,0.0268,2.08,0.0,0.0,0.0,0.0,0.0,2,sleeping,io
2026-09-22T13:39:56,43,1,systemd-journald,/usr/lib/systemd/systemd-journald,1.0,0.2003,15.52,0.0,0.0,8.4,905.62,1.48,1,sleeping,io
2026-09-22T13:39:56,98,1,systemd-udevd,/usr/lib/systemd/systemd-udevd,0.0,0.0758,5.88,0.0,0.0,0.0,0.0,0.0,1,sleeping,io
2026-09-22T13:39:56,177,1,systemd-resolved,/usr/lib/systemd/systemd-resolved,0.0,0.1656,12.83,0.0,0.0,0.99,0.0,0.0,1,sleeping,io
2026-09-22T13:39:56,178,1,systemd-timesyncd,/usr/lib/systemd/systemd-timesyncd,0.0,0.1002,7.77,0.0,0.0,0.99,0.0,0.0,2,sleeping,io
2026-09-22T13:39:56,188,1,cron,/usr/sbin/cron -f -P,0.0,0.0338,2.62,0.0,0.0,0.0,0.0,0.0,1,sleeping,io
2026-09-22T13:39:56,189,1,dbus-daemon,@dbus-daemon --system --address=systemd: --nofork --nopidfile --systemd-activation --syslog-only,0.0,0.0669,5.18,0.0,0.0,1.48,0.0,0.0,1,sleeping,io
2026-09-22T13:39:56,203,1,systemd-logind,/usr/lib/systemd/systemd-logind,0.0,0.1112,8.62,0.0,0.0,10.38,0.0,0.0,1,sleeping,io
2026-09-22T13:39:56,217,1,agetty,/sbin/agetty -o -p -- \u --noclear - linux,0.0,0.0249,1.93,0.0,0.0,0.0,0.0,0.0,1,sleeping,io
2026-09-22T13:39:56,223,1,rsyslogd,/usr/sbin/rsyslogd -n -iNONE,0.0,0.0758,5.87,0.0,0.0,0.0,0.0,0.0,4,sleeping,io
2026-09-22T13:39:56,236,1,unattended-upgr,/usr/bin/python3 /usr/share/unattended-upgrades/unattended-upgrade-shutdown --wait-for-signal,0.0,0.2778,21.53,0.0,0.0,0.0,0.0,0.0,2,sleeping,io
2026-09-22T13:39:56,256,1,apache2,/usr/sbin/apache2 -k start,0.0,0.0634,4.91,0.0,0.0,0.99,0.0,0.0,1,sleeping,io
2026-09-22T13:39:56,257,256,apache2,/usr/sbin/apache2 -k start,0.0,0.0734,5.69,0.0,0.0,0.0,0.0,0.0,27,sleeping,io
2026-09-22T13:39:56,259,256,apache2,/usr/sbin/apache2 -k start,0.0,0.0734,5.69,0.0,0.0,0.0,0.0,0.0,27,sleeping,io
2026-09-22T13:39:56,386,2,login,/bin/login -f      ,0.0,0.0584,4.53,0.0,0.0,0.0,0.0,0.0,1,sleeping,io
2026-09-22T13:39:56,429,1,systemd,/usr/lib/systemd/systemd --user,0.0,0.145,11.24,0.0,0.0,0.99,0.0,0.0,1,sleeping,io
2026-09-22T13:39:56,430,429,(sd-pam),(sd-pam),0.0,0.0451,3.49,0.0,0.0,0.0,0.0,0.0,1,sleeping,io
2026-09-22T13:39:56,452,386,bash,-bash,0.0,0.0642,4.98,0.0,0.0,0.0,0.0,0.0,1,sleeping,io
2026-09-22T13:39:56,486,2,SessionLeader,/init,0.0,0.0142,1.1,0.0,0.0,0.0,0.0,0.0,1,sleeping,io
2026-09-22T13:39:56,487,486,Relay(488),/init,0.0,0.0159,1.23,0.0,0.0,0.0,0.0,0.0,1,sleeping,io
2026-09-22T13:39:56,488,487,bash,-bash,0.0,0.0665,5.16,0.0,0.0,0.0,0.0,0.0,1,sleeping,io
2026-09-22T13:39:56,696,2,SessionLeader,/init,0.0,0.0143,1.11,0.0,0.0,0.0,0.0,0.0,1,sleeping,io
2026-09-22T13:39:56,697,696,Relay(698),/init,0.0,0.0152,1.18,0.0,0.0,0.0,0.0,0.0,1,sleeping,io
2026-09-22T13:39:56,698,697,sh,"sh -c ""$VSCODE_WSL_EXT_LOCATION/scripts/wslServer.sh"" 7debcd0e2acdea1c52de81bf9ee1620444407dda stable code-server .vscode-server --host=127.0.0.1 --port=0 --connection-token=826864117-4248089396-2109865724-2149592531 --use-host-proxy --without-browser-env-var --disable-websocket-compression --accept-server-license-terms --telemetry-level=all",0.0,0.024,1.86,0.0,0.0,0.0,0.0,0.0,1,sleeping,io
2026-09-22T13:39:56,699,698,sh,sh /mnt/c/Users/Rohan/.vscode/extensions/ms-vscode-remote.remote-wsl-0.104.3/scripts/wslServer.sh 7debcd0e2acdea1c52de81bf9ee1620444407dda stable code-server .vscode-server --host=127.0.0.1 --port=0 --connection-token=826864117-4248089396-2109865724-2149592531 --use-host-proxy --without-browser-env-var --disable-websocket-compression --accept-server-license-terms --telemetry-level=all,0.0,0.0251,1.95,0.0,0.0,0.0,0.0,0.0,1,sleeping,io
2026-09-22T13:39:56,705,699,sh,sh /home/rohan/.vscode-server/bin/7debcd0e2acdea1c52de81bf9ee1620444407dda/bin/code-server --host=127.0.0.1 --port=0 --connection-token=826864117-4248089396-2109865724-2149592531 --use-host-proxy --without-browser-env-var --disable-websocket-compression --accept-server-license-terms --telemetry-level=all,0.0,0.025,1.93,0.0,0.0,0.0,0.0,0.0,1,sleeping,io
2026-09-22T13:39:56,709,705,MainThread,/home/rohan/.vscode-server/bin/7debcd0e2acdea1c52de81bf9ee1620444407dda/node /home/rohan/.vscode-server/bin/7debcd0e2acdea1c52de81bf9ee1620444407dda/out/server-main.js --host=127.0.0.1 --port=0 --connection-token=826864117-4248089396-2109865724-2149592531 --use-host-proxy --without-browser-env-var --disable-websocket-compression --accept-server-license-terms --telemetry-level=all,0.0,2.2857,177.11,0.0,0.0,7.41,0.0,0.0,11,sleeping,io
2026-09-22T13:39:56,721,2,SessionLeader,/init,0.0,0.0143,1.11,0.0,0.0,0.0,0.0,0.0,1,sleeping,io
2026-09-22T13:39:56,722,721,Relay(723),/init,0.0,0.0152,1.18,0.0,0.0,2.96,0.0,0.0,1,sleeping,io
2026-09-22T13:39:56,723,722,MainThread,"/home/rohan/.vscode-server/bin/7debcd0e2acdea1c52de81bf9ee1620444407dda/node -e const net = require('net'); process.stdin.pause(); const client = net.createConnection({ host: '127.0.0.1', port: 44115 }, () => { client.pipe(process.stdout); process.stdin.pipe(client); }); client.on('close', function (hadError) { console.error(hadError ? 'Remote close with error' : 'Remote close'); process.exit(hadError ? 1 : 0); }); client.on('error', function (err) { process.stderr.write(err && (err.stack || err.message) || String(err)); });",0.0,0.8723,67.59,0.0,0.0,2.96,0.0,0.0,7,sleeping,io
2026-09-22T13:39:56,730,2,SessionLeader,/init,0.0,0.0143,1.11,0.0,0.0,0.0,0.0,0.0,1,sleeping,io
2026-09-22T13:39:56,731,730,Relay(732),/init,0.0,0.0152,1.18,0.0,0.0,3.95,0.0,0.0,1,sleeping,io
2026-09-22T13:39:56,732,731,MainThread,"/home/rohan/.vscode-server/bin/7debcd0e2acdea1c52de81bf9ee1620444407dda/node -e const net = require('net'); process.stdin.pause(); const client = net.createConnection({ host: '127.0.0.1', port: 44115 }, () => { client.pipe(process.stdout); process.stdin.pipe(client); }); client.on('close', function (hadError) { console.error(hadError ? 'Remote close with error' : 'Remote close'); process.exit(hadError ? 1 : 0); }); client.on('error', function (err) { process.stderr.write(err && (err.stack || err.message) || String(err)); });",0.0,0.7845,60.79,0.0,0.0,4.45,0.0,0.0,7,sleeping,io
2026-09-22T13:39:56,743,709,MainThread,/home/rohan/.vscode-server/bin/7debcd0e2acdea1c52de81bf9ee1620444407dda/node /home/rohan/.vscode-server/bin/7debcd0e2acdea1c52de81bf9ee1620444407dda/out/bootstrap-fork --type=fileWatcher,1.0,0.8805,68.23,0.0,0.0,3.95,0.0,0.0,13,sleeping,io
2026-09-22T13:39:56,769,709,MainThread,/home/rohan/.vscode-server/bin/7debcd0e2acdea1c52de81bf9ee1620444407dda/node /home/rohan/.vscode-server/bin/7debcd0e2acdea1c52de81bf9ee1620444407dda/out/bootstrap-fork --type=agentHost --logsPath /home/rohan/.vscode-server/data/logs/20260922T120228 --user-data-dir /home/rohan/.vscode-server/data --telemetry-level all,0.0,1.7751,137.54,0.0,2023.63,3.46,0.49,0.0,11,sleeping,io
2026-09-22T13:39:56,770,709,MainThread,/home/rohan/.vscode-server/bin/7debcd0e2acdea1c52de81bf9ee1620444407dda/node --dns-result-order=ipv4first /home/rohan/.vscode-server/bin/7debcd0e2acdea1c52de81bf9ee1620444407dda/out/bootstrap-fork --type=extensionHost --transformURIs --useHostProxy=true,1.0,6.7073,519.73,0.0,0.0,193.17,987.61,0.0,32,sleeping,io
2026-09-22T13:39:56,811,769,MainThread,/home/rohan/.vscode-server/bin/7debcd0e2acdea1c52de81bf9ee1620444407dda/node /home/rohan/.vscode-server/bin/7debcd0e2acdea1c52de81bf9ee1620444407dda/node_modules/@github/copilot-linux-x64/index.js --headless --no-auto-update --log-level info --stdio --no-auto-login,0.0,3.2137,249.02,0.0,0.0,0.0,0.0,0.0,44,sleeping,io
2026-09-22T13:39:56,812,770,MainThread,/home/rohan/.vscode-server/bin/7debcd0e2acdea1c52de81bf9ee1620444407dda/node /home/rohan/.vscode-server/bin/7debcd0e2acdea1c52de81bf9ee1620444407dda/extensions/markdown-language-features/dist/serverWorkerMain --node-ipc --clientProcessId=770,0.0,0.9939,77.02,0.0,0.0,0.0,0.0,0.0,7,sleeping,io
2026-09-22T13:39:56,833,709,MainThread,/home/rohan/.vscode-server/bin/7debcd0e2acdea1c52de81bf9ee1620444407dda/node /home/rohan/.vscode-server/bin/7debcd0e2acdea1c52de81bf9ee1620444407dda/out/bootstrap-fork --type=ptyHost --logsPath /home/rohan/.vscode-server/data/logs/20260922T120228,0.0,0.976,75.62,0.0,0.0,5.93,0.0,0.0,13,sleeping,io
2026-09-22T13:39:56,964,833,bash,/bin/bash --init-file /home/rohan/.vscode-server/bin/7debcd0e2acdea1c52de81bf9ee1620444407dda/out/vs/workbench/contrib/terminal/common/scripts/shellIntegration-bash.sh,0.0,0.0673,5.21,0.0,0.0,0.0,0.0,0.0,1,sleeping,io
2026-09-22T13:39:56,1424,2,SessionLeader,/init,0.0,0.0142,1.1,0.0,0.0,0.0,0.0,0.0,1,sleeping,io
2026-09-22T13:39:56,1425,1424,Relay(1426),/init,0.0,0.0143,1.11,0.0,0.0,0.0,0.0,0.0,1,sleeping,io
2026-09-22T13:39:56,1426,1425,bash,-bash,0.0,0.0664,5.14,0.0,0.0,0.0,0.0,0.0,1,sleeping,io
2026-09-22T13:39:56,4147,770,pet,/home/rohan/.vscode-server/extensions/ms-python.vscode-python-envs-1.37.2026092101-linux-x64/python-env-tools/bin/pet server,0.0,0.0749,5.8,0.0,0.0,0.0,0.0,0.0,21,sleeping,io
2026-09-22T13:39:56,4156,833,bash,/bin/bash --init-file /home/rohan/.vscode-server/bin/7debcd0e2acdea1c52de81bf9ee1620444407dda/out/vs/workbench/contrib/terminal/common/scripts/shellIntegration-bash.sh,0.0,0.0663,5.14,0.0,0.0,0.0,0.0,0.0,1,sleeping,io
2026-09-22T13:39:56,4295,770,MainThread,/home/rohan/.vscode-server/bin/7debcd0e2acdea1c52de81bf9ee1620444407dda/node /home/rohan/.vscode-server/extensions/ms-python.vscode-pylance-2026.3.105/dist/server.bundle.js --cancellationReceive=file:2bc56d7a41ee8749874d0000b75c5745f8ddf88b1a --node-ipc --clientProcessId=770,0.0,8.4519,654.91,0.0,0.0,1.98,0.0,0.0,9,sleeping,io
2026-09-22T13:39:56,5890,2,SessionLeader,/init,0.0,0.0142,1.1,0.0,0.0,0.0,0.0,0.0,1,sleeping,io
2026-09-22T13:39:56,5891,5890,Relay(5896),/init,0.0,0.0143,1.11,0.0,0.0,0.49,0.0,0.0,1,sleeping,io
2026-09-22T13:39:56,5896,5891,bash,-bash,0.0,0.0668,5.18,0.0,0.0,0.0,0.0,0.0,1,sleeping,io
2026-09-22T13:39:56,6172,2,SessionLeader,/init,0.0,0.0142,1.1,0.0,0.0,0.0,0.0,0.0,1,sleeping,io
2026-09-22T13:39:56,6173,6172,Relay(6174),/init,0.0,0.0143,1.11,0.0,0.0,0.0,0.0,0.0,1,sleeping,io
2026-09-22T13:39:56,6174,6173,bash,-bash,0.0,0.0665,5.15,0.0,0.0,0.0,0.0,0.0,1,sleeping,io
2026-09-22T13:39:56,6941,2,SessionLeader,/init,0.0,0.0142,1.1,0.0,0.0,0.0,0.0,0.0,1,sleeping,io
2026-09-22T13:39:56,6943,6941,Relay(6945),/init,0.0,0.0143,1.11,0.0,0.0,0.0,0.0,0.0,1,sleeping,io
2026-09-22T13:39:56,6945,6943,bash,-bash,0.0,0.0666,5.16,0.0,0.0,0.0,0.0,0.0,1,sleeping,io
2026-09-22T13:39:56,8650,2,SessionLeader,/init,0.0,0.0142,1.1,0.0,0.0,0.0,0.0,0.0,1,sleeping,io
2026-09-22T13:39:56,8652,8650,Relay(8654),/init,0.0,0.0143,1.11,0.0,0.0,0.0,0.0,0.0,1,sleeping,io
2026-09-22T13:39:56,8654,8652,bash,-bash,0.0,0.0682,5.28,0.0,0.0,0.0,0.0,0.0,1,sleeping,io
2026-09-22T13:39:56,8853,2,SessionLeader,/init,0.0,0.0142,1.1,0.0,0.0,0.0,0.0,0.0,1,sleeping,io
2026-09-22T13:39:56,8854,8853,Relay(8858),/init,0.0,0.0143,1.11,0.0,0.0,0.0,0.0,0.0,1,sleeping,io
2026-09-22T13:39:56,8858,8854,bash,-bash,0.0,0.0675,5.23,0.0,0.0,0.0,0.0,0.0,1,sleeping,io
2026-09-22T13:39:56,15760,2,SessionLeader,/init,0.0,0.0142,1.1,0.0,0.0,0.0,0.0,0.0,1,sleeping,io
2026-09-22T13:39:56,15762,15760,Relay(15767),/init,0.0,0.0143,1.11,0.0,0.0,0.0,0.0,0.0,1,sleeping,io
2026-09-22T13:39:56,15767,15762,bash,-bash,0.0,0.0692,5.36,0.0,0.0,0.0,0.0,0.0,1,sleeping,io
2026-09-22T13:39:56,15903,2,SessionLeader,/init,0.0,0.0142,1.1,0.0,0.0,0.0,0.0,0.0,1,sleeping,io
2026-09-22T13:39:56,15904,15903,Relay(15909),/init,0.0,0.0143,1.11,0.0,0.0,0.0,0.0,0.0,1,sleeping,io
2026-09-22T13:39:56,15909,15904,bash,-bash,0.0,0.0693,5.37,0.0,0.0,0.0,0.0,0.0,1,sleeping,io
2026-09-22T13:39:56,20518,1,wsl-pro-service,/usr/libexec/wsl-pro-service,0.0,0.1491,11.55,0.0,0.0,0.0,0.0,0.0,8,sleeping,io
2026-09-22T13:39:56,21891,6945,python,python workloads/io/io_workload.py,3.5,0.1304,10.11,0.0,101018879.21,197.62,0.0,0.0,1,disk-sleep,io
2026-09-22T13:39:58,1,0,systemd,/sbin/init,0.0,0.1643,12.73,0.0,0.0,0.0,0.0,0.0,1,sleeping,io
2026-09-22T13:39:58,2,1,init-systemd(Ub,/init,0.0,0.0279,2.16,0.0,0.0,0.0,0.0,0.0,2,sleeping,io
2026-09-22T13:39:58,7,2,init,plan9 --control-socket 7 --log-level 4 --server-fd 8 --pipe-fd 10 --log-truncate,0.0,0.0268,2.08,0.0,0.0,0.0,0.0,0.0,2,sleeping,io
2026-09-22T13:39:58,43,1,systemd-journald,/usr/lib/systemd/systemd-journald,0.0,0.2001,15.51,0.0,0.0,0.0,0.0,0.0,1,sleeping,io
2026-09-22T13:39:58,98,1,systemd-udevd,/usr/lib/systemd/systemd-udevd,0.0,0.0758,5.88,0.0,0.0,0.0,0.0,0.0,1,sleeping,io
2026-09-22T13:39:58,177,1,systemd-resolved,/usr/lib/systemd/systemd-resolved,0.0,0.1656,12.83,0.0,0.0,0.0,0.0,0.0,1,sleeping,io
2026-09-22T13:39:58,178,1,systemd-timesyncd,/usr/lib/systemd/systemd-timesyncd,0.0,0.1002,7.77,0.0,0.0,0.0,0.0,0.0,2,sleeping,io
2026-09-22T13:39:58,188,1,cron,/usr/sbin/cron -f -P,0.0,0.0338,2.62,0.0,0.0,0.0,0.0,0.0,1,sleeping,io
2026-09-22T13:39:58,189,1,dbus-daemon,@dbus-daemon --system --address=systemd: --nofork --nopidfile --systemd-activation --syslog-only,0.0,0.0669,5.18,0.0,0.0,0.0,0.0,0.0,1,sleeping,io
2026-09-22T13:39:58,203,1,systemd-logind,/usr/lib/systemd/systemd-logind,0.0,0.1112,8.62,0.0,0.0,0.0,0.0,0.0,1,sleeping,io
2026-09-22T13:39:58,217,1,agetty,/sbin/agetty -o -p -- \u --noclear - linux,0.0,0.0249,1.93,0.0,0.0,0.0,0.0,0.0,1,sleeping,io
2026-09-22T13:39:58,223,1,rsyslogd,/usr/sbin/rsyslogd -n -iNONE,0.0,0.0758,5.87,0.0,0.0,0.0,0.0,0.0,4,sleeping,io
2026-09-22T13:39:58,236,1,unattended-upgr,/usr/bin/python3 /usr/share/unattended-upgrades/unattended-upgrade-shutdown --wait-for-signal,0.0,0.2778,21.53,0.0,0.0,0.0,0.0,0.0,2,sleeping,io
2026-09-22T13:39:58,256,1,apache2,/usr/sbin/apache2 -k start,0.0,0.0634,4.91,0.0,0.0,1.0,0.0,0.0,1,sleeping,io
2026-09-22T13:39:58,257,256,apache2,/usr/sbin/apache2 -k start,0.0,0.0734,5.69,0.0,0.0,0.0,0.0,0.0,27,sleeping,io
2026-09-22T13:39:58,259,256,apache2,/usr/sbin/apache2 -k start,0.0,0.0734,5.69,0.0,0.0,0.0,0.0,0.0,27,sleeping,io
2026-09-22T13:39:58,386,2,login,/bin/login -f      ,0.0,0.0584,4.53,0.0,0.0,0.0,0.0,0.0,1,sleeping,io
2026-09-22T13:39:58,429,1,systemd,/usr/lib/systemd/systemd --user,0.0,0.145,11.24,0.0,0.0,0.0,0.0,0.0,1,sleeping,io
2026-09-22T13:39:58,430,429,(sd-pam),(sd-pam),0.0,0.0451,3.49,0.0,0.0,0.0,0.0,0.0,1,sleeping,io
2026-09-22T13:39:58,452,386,bash,-bash,0.0,0.0642,4.98,0.0,0.0,0.0,0.0,0.0,1,sleeping,io
2026-09-22T13:39:58,486,2,SessionLeader,/init,0.0,0.0142,1.1,0.0,0.0,0.0,0.0,0.0,1,sleeping,io
2026-09-22T13:39:58,487,486,Relay(488),/init,0.0,0.0159,1.23,0.0,0.0,0.0,0.0,0.0,1,sleeping,io
2026-09-22T13:39:58,488,487,bash,-bash,0.0,0.0665,5.16,0.0,0.0,0.0,0.0,0.0,1,sleeping,io
2026-09-22T13:39:58,696,2,SessionLeader,/init,0.0,0.0143,1.11,0.0,0.0,0.0,0.0,0.0,1,sleeping,io
2026-09-22T13:39:58,697,696,Relay(698),/init,0.0,0.0152,1.18,0.0,0.0,0.0,0.0,0.0,1,sleeping,io
2026-09-22T13:39:58,698,697,sh,"sh -c ""$VSCODE_WSL_EXT_LOCATION/scripts/wslServer.sh"" 7debcd0e2acdea1c52de81bf9ee1620444407dda stable code-server .vscode-server --host=127.0.0.1 --port=0 --connection-token=826864117-4248089396-2109865724-2149592531 --use-host-proxy --without-browser-env-var --disable-websocket-compression --accept-server-license-terms --telemetry-level=all",0.0,0.024,1.86,0.0,0.0,0.0,0.0,0.0,1,sleeping,io
2026-09-22T13:39:58,699,698,sh,sh /mnt/c/Users/Rohan/.vscode/extensions/ms-vscode-remote.remote-wsl-0.104.3/scripts/wslServer.sh 7debcd0e2acdea1c52de81bf9ee1620444407dda stable code-server .vscode-server --host=127.0.0.1 --port=0 --connection-token=826864117-4248089396-2109865724-2149592531 --use-host-proxy --without-browser-env-var --disable-websocket-compression --accept-server-license-terms --telemetry-level=all,0.0,0.0251,1.95,0.0,0.0,0.0,0.0,0.0,1,sleeping,io
2026-09-22T13:39:58,705,699,sh,sh /home/rohan/.vscode-server/bin/7debcd0e2acdea1c52de81bf9ee1620444407dda/bin/code-server --host=127.0.0.1 --port=0 --connection-token=826864117-4248089396-2109865724-2149592531 --use-host-proxy --without-browser-env-var --disable-websocket-compression --accept-server-license-terms --telemetry-level=all,0.0,0.025,1.93,0.0,0.0,0.0,0.0,0.0,1,sleeping,io
2026-09-22T13:39:58,709,705,MainThread,/home/rohan/.vscode-server/bin/7debcd0e2acdea1c52de81bf9ee1620444407dda/node /home/rohan/.vscode-server/bin/7debcd0e2acdea1c52de81bf9ee1620444407dda/out/server-main.js --host=127.0.0.1 --port=0 --connection-token=826864117-4248089396-2109865724-2149592531 --use-host-proxy --without-browser-env-var --disable-websocket-compression --accept-server-license-terms --telemetry-level=all,0.0,2.2857,177.11,0.0,0.0,10.45,0.0,0.0,11,sleeping,io
2026-09-22T13:39:58,721,2,SessionLeader,/init,0.0,0.0143,1.11,0.0,0.0,0.0,0.0,0.0,1,sleeping,io
2026-09-22T13:39:58,722,721,Relay(723),/init,0.0,0.0152,1.18,0.0,0.0,2.49,0.0,0.0,1,sleeping,io
2026-09-22T13:39:58,723,722,MainThread,"/home/rohan/.vscode-server/bin/7debcd0e2acdea1c52de81bf9ee1620444407dda/node -e const net = require('net'); process.stdin.pause(); const client = net.createConnection({ host: '127.0.0.1', port: 44115 }, () => { client.pipe(process.stdout); process.stdin.pipe(client); }); client.on('close', function (hadError) { console.error(hadError ? 'Remote close with error' : 'Remote close'); process.exit(hadError ? 1 : 0); }); client.on('error', function (err) { process.stderr.write(err && (err.stack || err.message) || String(err)); });",0.0,0.8723,67.59,0.0,0.0,2.49,0.0,0.0,7,sleeping,io
2026-09-22T13:39:58,730,2,SessionLeader,/init,0.0,0.0143,1.11,0.0,0.0,0.0,0.0,0.0,1,sleeping,io
2026-09-22T13:39:58,731,730,Relay(732),/init,0.5,0.0152,1.18,0.0,0.0,4.98,0.0,0.0,1,sleeping,io
2026-09-22T13:39:58,732,731,MainThread,"/home/rohan/.vscode-server/bin/7debcd0e2acdea1c52de81bf9ee1620444407dda/node -e const net = require('net'); process.stdin.pause(); const client = net.createConnection({ host: '127.0.0.1', port: 44115 }, () => { client.pipe(process.stdout); process.stdin.pipe(client); }); client.on('close', function (hadError) { console.error(hadError ? 'Remote close with error' : 'Remote close'); process.exit(hadError ? 1 : 0); }); client.on('error', function (err) { process.stderr.write(err && (err.stack || err.message) || String(err)); });",0.0,0.7845,60.79,0.0,0.0,4.98,0.0,0.0,7,sleeping,io
2026-09-22T13:39:58,743,709,MainThread,/home/rohan/.vscode-server/bin/7debcd0e2acdea1c52de81bf9ee1620444407dda/node /home/rohan/.vscode-server/bin/7debcd0e2acdea1c52de81bf9ee1620444407dda/out/bootstrap-fork --type=fileWatcher,0.5,0.8807,68.24,0.0,0.0,5.48,1.49,0.0,13,sleeping,io
2026-09-22T13:39:58,769,709,MainThread,/home/rohan/.vscode-server/bin/7debcd0e2acdea1c52de81bf9ee1620444407dda/node /home/rohan/.vscode-server/bin/7debcd0e2acdea1c52de81bf9ee1620444407dda/out/bootstrap-fork --type=agentHost --logsPath /home/rohan/.vscode-server/data/logs/20260922T120228 --user-data-dir /home/rohan/.vscode-server/data --telemetry-level all,0.0,1.7751,137.54,0.0,0.0,0.5,0.0,0.0,11,sleeping,io
2026-09-22T13:39:58,770,709,MainThread,/home/rohan/.vscode-server/bin/7debcd0e2acdea1c52de81bf9ee1620444407dda/node --dns-result-order=ipv4first /home/rohan/.vscode-server/bin/7debcd0e2acdea1c52de81bf9ee1620444407dda/out/bootstrap-fork --type=extensionHost --transformURIs --useHostProxy=true,1.5,6.7073,519.73,0.0,0.0,195.65,1527.89,0.0,32,sleeping,io
2026-09-22T13:39:58,811,769,MainThread,/home/rohan/.vscode-server/bin/7debcd0e2acdea1c52de81bf9ee1620444407dda/node /home/rohan/.vscode-server/bin/7debcd0e2acdea1c52de81bf9ee1620444407dda/node_modules/@github/copilot-linux-x64/index.js --headless --no-auto-update --log-level info --stdio --no-auto-login,0.0,3.2137,249.02,0.0,0.0,0.0,0.0,0.0,44,sleeping,io
2026-09-22T13:39:58,812,770,MainThread,/home/rohan/.vscode-server/bin/7debcd0e2acdea1c52de81bf9ee1620444407dda/node /home/rohan/.vscode-server/bin/7debcd0e2acdea1c52de81bf9ee1620444407dda/extensions/markdown-language-features/dist/serverWorkerMain --node-ipc --clientProcessId=770,0.0,0.9939,77.02,0.0,0.0,0.5,0.0,0.0,7,sleeping,io
2026-09-22T13:39:58,833,709,MainThread,/home/rohan/.vscode-server/bin/7debcd0e2acdea1c52de81bf9ee1620444407dda/node /home/rohan/.vscode-server/bin/7debcd0e2acdea1c52de81bf9ee1620444407dda/out/bootstrap-fork --type=ptyHost --logsPath /home/rohan/.vscode-server/data/logs/20260922T120228,0.0,0.976,75.62,0.0,0.0,4.98,0.0,0.0,13,sleeping,io
2026-09-22T13:39:58,964,833,bash,/bin/bash --init-file /home/rohan/.vscode-server/bin/7debcd0e2acdea1c52de81bf9ee1620444407dda/out/vs/workbench/contrib/terminal/common/scripts/shellIntegration-bash.sh,0.0,0.0673,5.21,0.0,0.0,0.0,0.0,0.0,1,sleeping,io
2026-09-22T13:39:58,1424,2,SessionLeader,/init,0.0,0.0142,1.1,0.0,0.0,0.0,0.0,0.0,1,sleeping,io
2026-09-22T13:39:58,1425,1424,Relay(1426),/init,0.0,0.0143,1.11,0.0,0.0,0.0,0.0,0.0,1,sleeping,io
2026-09-22T13:39:58,1426,1425,bash,-bash,0.0,0.0664,5.14,0.0,0.0,0.0,0.0,0.0,1,sleeping,io
2026-09-22T13:39:58,4147,770,pet,/home/rohan/.vscode-server/extensions/ms-python.vscode-python-envs-1.37.2026092101-linux-x64/python-env-tools/bin/pet server,0.0,0.0749,5.8,0.0,0.0,0.0,0.0,0.0,21,sleeping,io
2026-09-22T13:39:58,4156,833,bash,/bin/bash --init-file /home/rohan/.vscode-server/bin/7debcd0e2acdea1c52de81bf9ee1620444407dda/out/vs/workbench/contrib/terminal/common/scripts/shellIntegration-bash.sh,0.0,0.0663,5.14,0.0,0.0,0.0,0.0,0.0,1,sleeping,io
2026-09-22T13:39:58,4295,770,MainThread,/home/rohan/.vscode-server/bin/7debcd0e2acdea1c52de81bf9ee1620444407dda/node /home/rohan/.vscode-server/extensions/ms-python.vscode-pylance-2026.3.105/dist/server.bundle.js --cancellationReceive=file:2bc56d7a41ee8749874d0000b75c5745f8ddf88b1a --node-ipc --clientProcessId=770,0.5,8.4519,654.91,0.0,0.0,2.49,0.0,0.0,9,sleeping,io
2026-09-22T13:39:58,5890,2,SessionLeader,/init,0.0,0.0142,1.1,0.0,0.0,0.0,0.0,0.0,1,sleeping,io
2026-09-22T13:39:58,5891,5890,Relay(5896),/init,0.0,0.0143,1.11,0.0,0.0,0.5,0.0,0.0,1,sleeping,io
2026-09-22T13:39:58,5896,5891,bash,-bash,0.0,0.0668,5.18,0.0,0.0,0.0,0.0,0.0,1,sleeping,io
2026-09-22T13:39:58,6172,2,SessionLeader,/init,0.0,0.0142,1.1,0.0,0.0,0.0,0.0,0.0,1,sleeping,io
2026-09-22T13:39:58,6173,6172,Relay(6174),/init,0.0,0.0143,1.11,0.0,0.0,0.0,0.0,0.0,1,sleeping,io
2026-09-22T13:39:58,6174,6173,bash,-bash,0.0,0.0665,5.15,0.0,0.0,0.0,0.0,0.0,1,sleeping,io
2026-09-22T13:39:58,6941,2,SessionLeader,/init,0.0,0.0142,1.1,0.0,0.0,0.0,0.0,0.0,1,sleeping,io
2026-09-22T13:39:58,6943,6941,Relay(6945),/init,0.0,0.0143,1.11,0.0,0.0,0.0,0.0,0.0,1,sleeping,io
2026-09-22T13:39:58,6945,6943,bash,-bash,0.0,0.0666,5.16,0.0,0.0,0.0,0.0,0.0,1,sleeping,io
2026-09-22T13:39:58,8650,2,SessionLeader,/init,0.0,0.0142,1.1,0.0,0.0,0.0,0.0,0.0,1,sleeping,io
2026-09-22T13:39:58,8652,8650,Relay(8654),/init,0.0,0.0143,1.11,0.0,0.0,0.0,0.0,0.0,1,sleeping,io
2026-09-22T13:39:58,8654,8652,bash,-bash,0.0,0.0682,5.28,0.0,0.0,0.0,0.0,0.0,1,sleeping,io
2026-09-22T13:39:58,8853,2,SessionLeader,/init,0.0,0.0142,1.1,0.0,0.0,0.0,0.0,0.0,1,sleeping,io
2026-09-22T13:39:58,8854,8853,Relay(8858),/init,0.0,0.0143,1.11,0.0,0.0,0.0,0.0,0.0,1,sleeping,io
2026-09-22T13:39:58,8858,8854,bash,-bash,0.0,0.0675,5.23,0.0,0.0,0.0,0.0,0.0,1,sleeping,io
2026-09-22T13:39:58,15760,2,SessionLeader,/init,0.0,0.0142,1.1,0.0,0.0,0.0,0.0,0.0,1,sleeping,io
2026-09-22T13:39:58,15762,15760,Relay(15767),/init,0.0,0.0143,1.11,0.0,0.0,0.0,0.0,0.0,1,sleeping,io
2026-09-22T13:39:58,15767,15762,bash,-bash,0.0,0.0692,5.36,0.0,0.0,0.0,0.0,0.0,1,sleeping,io
2026-09-22T13:39:58,15903,2,SessionLeader,/init,0.0,0.0142,1.1,0.0,0.0,0.0,0.0,0.0,1,sleeping,io
2026-09-22T13:39:58,15904,15903,Relay(15909),/init,0.0,0.0143,1.11,0.0,0.0,0.0,0.0,0.0,1,sleeping,io
2026-09-22T13:39:58,15909,15904,bash,-bash,0.0,0.0693,5.37,0.0,0.0,0.0,0.0,0.0,1,sleeping,io
2026-09-22T13:39:58,20518,1,wsl-pro-service,/usr/libexec/wsl-pro-service,0.0,0.1491,11.55,0.0,0.0,0.0,0.0,0.0,8,sleeping,io
2026-09-22T13:39:58,21891,6945,python,python workloads/io/io_workload.py,2.0,0.1304,10.11,0.0,56901602.76,108.53,0.0,0.0,1,disk-sleep,io
2026-09-22T13:40:00,1,0,systemd,/sbin/init,0.0,0.1643,12.73,0.0,0.0,0.0,0.0,0.0,1,sleeping,io
2026-09-22T13:40:00,2,1,init-systemd(Ub,/init,0.0,0.0279,2.16,0.0,0.0,0.0,0.0,0.0,2,sleeping,io
2026-09-22T13:40:00,7,2,init,plan9 --control-socket 7 --log-level 4 --server-fd 8 --pipe-fd 10 --log-truncate,0.0,0.0268,2.08,0.0,0.0,0.0,0.0,0.0,2,sleeping,io
2026-09-22T13:40:00,43,1,systemd-journald,/usr/lib/systemd/systemd-journald,0.0,0.2001,15.51,0.0,0.0,0.0,0.0,0.0,1,sleeping,io
2026-09-22T13:40:00,98,1,systemd-udevd,/usr/lib/systemd/systemd-udevd,0.0,0.0758,5.88,0.0,0.0,0.0,0.0,0.0,1,sleeping,io
2026-09-22T13:40:00,177,1,systemd-resolved,/usr/lib/systemd/systemd-resolved,0.0,0.1656,12.83,0.0,0.0,0.0,0.0,0.0,1,sleeping,io
2026-09-22T13:40:00,178,1,systemd-timesyncd,/usr/lib/systemd/systemd-timesyncd,0.0,0.1002,7.77,0.0,0.0,0.0,0.0,0.0,2,sleeping,io
2026-09-22T13:40:00,188,1,cron,/usr/sbin/cron -f -P,0.0,0.0338,2.62,0.0,0.0,0.0,0.0,0.0,1,sleeping,io
2026-09-22T13:40:00,189,1,dbus-daemon,@dbus-daemon --system --address=systemd: --nofork --nopidfile --systemd-activation --syslog-only,0.0,0.0669,5.18,0.0,0.0,0.0,0.0,0.0,1,sleeping,io
2026-09-22T13:40:00,203,1,systemd-logind,/usr/lib/systemd/systemd-logind,0.0,0.1112,8.62,0.0,0.0,0.0,0.0,0.0,1,sleeping,io
2026-09-22T13:40:00,217,1,agetty,/sbin/agetty -o -p -- \u --noclear - linux,0.0,0.0249,1.93,0.0,0.0,0.0,0.0,0.0,1,sleeping,io
2026-09-22T13:40:00,223,1,rsyslogd,/usr/sbin/rsyslogd -n -iNONE,0.0,0.0758,5.87,0.0,0.0,0.0,0.0,0.0,4,sleeping,io
2026-09-22T13:40:00,236,1,unattended-upgr,/usr/bin/python3 /usr/share/unattended-upgrades/unattended-upgrade-shutdown --wait-for-signal,0.0,0.2778,21.53,0.0,0.0,0.0,0.0,0.0,2,sleeping,io
2026-09-22T13:40:00,256,1,apache2,/usr/sbin/apache2 -k start,0.0,0.0634,4.91,0.0,0.0,1.0,0.0,0.0,1,sleeping,io
2026-09-22T13:40:00,257,256,apache2,/usr/sbin/apache2 -k start,0.0,0.0734,5.69,0.0,0.0,0.0,0.0,0.0,27,sleeping,io
2026-09-22T13:40:00,259,256,apache2,/usr/sbin/apache2 -k start,0.0,0.0734,5.69,0.0,0.0,0.0,0.0,0.0,27,sleeping,io
2026-09-22T13:40:00,386,2,login,/bin/login -f      ,0.0,0.0584,4.53,0.0,0.0,0.0,0.0,0.0,1,sleeping,io
2026-09-22T13:40:00,429,1,systemd,/usr/lib/systemd/systemd --user,0.0,0.145,11.24,0.0,0.0,0.0,0.0,0.0,1,sleeping,io
2026-09-22T13:40:00,430,429,(sd-pam),(sd-pam),0.0,0.0451,3.49,0.0,0.0,0.0,0.0,0.0,1,sleeping,io
2026-09-22T13:40:00,452,386,bash,-bash,0.0,0.0642,4.98,0.0,0.0,0.0,0.0,0.0,1,sleeping,io
2026-09-22T13:40:00,486,2,SessionLeader,/init,0.0,0.0142,1.1,0.0,0.0,0.0,0.0,0.0,1,sleeping,io
2026-09-22T13:40:00,487,486,Relay(488),/init,0.0,0.0159,1.23,0.0,0.0,0.0,0.0,0.0,1,sleeping,io
2026-09-22T13:40:00,488,487,bash,-bash,0.0,0.0665,5.16,0.0,0.0,0.0,0.0,0.0,1,sleeping,io
2026-09-22T13:40:00,696,2,SessionLeader,/init,0.0,0.0143,1.11,0.0,0.0,0.0,0.0,0.0,1,sleeping,io
2026-09-22T13:40:00,697,696,Relay(698),/init,0.0,0.0152,1.18,0.0,0.0,0.0,0.0,0.0,1,sleeping,io
2026-09-22T13:40:00,698,697,sh,"sh -c ""$VSCODE_WSL_EXT_LOCATION/scripts/wslServer.sh"" 7debcd0e2acdea1c52de81bf9ee1620444407dda stable code-server .vscode-server --host=127.0.0.1 --port=0 --connection-token=826864117-4248089396-2109865724-2149592531 --use-host-proxy --without-browser-env-var --disable-websocket-compression --accept-server-license-terms --telemetry-level=all",0.0,0.024,1.86,0.0,0.0,0.0,0.0,0.0,1,sleeping,io
2026-09-22T13:40:00,699,698,sh,sh /mnt/c/Users/Rohan/.vscode/extensions/ms-vscode-remote.remote-wsl-0.104.3/scripts/wslServer.sh 7debcd0e2acdea1c52de81bf9ee1620444407dda stable code-server .vscode-server --host=127.0.0.1 --port=0 --connection-token=826864117-4248089396-2109865724-2149592531 --use-host-proxy --without-browser-env-var --disable-websocket-compression --accept-server-license-terms --telemetry-level=all,0.0,0.0251,1.95,0.0,0.0,0.0,0.0,0.0,1,sleeping,io
2026-09-22T13:40:00,705,699,sh,sh /home/rohan/.vscode-server/bin/7debcd0e2acdea1c52de81bf9ee1620444407dda/bin/code-server --host=127.0.0.1 --port=0 --connection-token=826864117-4248089396-2109865724-2149592531 --use-host-proxy --without-browser-env-var --disable-websocket-compression --accept-server-license-terms --telemetry-level=all,0.0,0.025,1.93,0.0,0.0,0.0,0.0,0.0,1,sleeping,io
2026-09-22T13:40:00,709,705,MainThread,/home/rohan/.vscode-server/bin/7debcd0e2acdea1c52de81bf9ee1620444407dda/node /home/rohan/.vscode-server/bin/7debcd0e2acdea1c52de81bf9ee1620444407dda/out/server-main.js --host=127.0.0.1 --port=0 --connection-token=826864117-4248089396-2109865724-2149592531 --use-host-proxy --without-browser-env-var --disable-websocket-compression --accept-server-license-terms --telemetry-level=all,0.0,2.2857,177.11,0.0,0.0,8.97,0.0,0.0,11,sleeping,io
2026-09-22T13:40:00,721,2,SessionLeader,/init,0.0,0.0143,1.11,0.0,0.0,0.0,0.0,0.0,1,sleeping,io
2026-09-22T13:40:00,722,721,Relay(723),/init,0.0,0.0152,1.18,0.0,0.0,2.99,0.0,0.0,1,sleeping,io
2026-09-22T13:40:00,723,722,MainThread,"/home/rohan/.vscode-server/bin/7debcd0e2acdea1c52de81bf9ee1620444407dda/node -e const net = require('net'); process.stdin.pause(); const client = net.createConnection({ host: '127.0.0.1', port: 44115 }, () => { client.pipe(process.stdout); process.stdin.pipe(client); }); client.on('close', function (hadError) { console.error(hadError ? 'Remote close with error' : 'Remote close'); process.exit(hadError ? 1 : 0); }); client.on('error', function (err) { process.stderr.write(err && (err.stack || err.message) || String(err)); });",0.0,0.8723,67.59,0.0,0.0,2.99,0.0,0.0,7,sleeping,io
2026-09-22T13:40:00,730,2,SessionLeader,/init,0.0,0.0143,1.11,0.0,0.0,0.0,0.0,0.0,1,sleeping,io
2026-09-22T13:40:00,731,730,Relay(732),/init,0.0,0.0152,1.18,0.0,0.0,5.98,0.0,0.0,1,sleeping,io
2026-09-22T13:40:00,732,731,MainThread,"/home/rohan/.vscode-server/bin/7debcd0e2acdea1c52de81bf9ee1620444407dda/node -e const net = require('net'); process.stdin.pause(); const client = net.createConnection({ host: '127.0.0.1', port: 44115 }, () => { client.pipe(process.stdout); process.stdin.pipe(client); }); client.on('close', function (hadError) { console.error(hadError ? 'Remote close with error' : 'Remote close'); process.exit(hadError ? 1 : 0); }); client.on('error', function (err) { process.stderr.write(err && (err.stack || err.message) || String(err)); });",0.5,0.7845,60.79,0.0,0.0,5.98,0.0,0.0,7,sleeping,io
2026-09-22T13:40:00,743,709,MainThread,/home/rohan/.vscode-server/bin/7debcd0e2acdea1c52de81bf9ee1620444407dda/node /home/rohan/.vscode-server/bin/7debcd0e2acdea1c52de81bf9ee1620444407dda/out/bootstrap-fork --type=fileWatcher,0.5,0.8807,68.24,0.0,0.0,5.48,0.0,0.0,13,sleeping,io
2026-09-22T13:40:00,769,709,MainThread,/home/rohan/.vscode-server/bin/7debcd0e2acdea1c52de81bf9ee1620444407dda/node /home/rohan/.vscode-server/bin/7debcd0e2acdea1c52de81bf9ee1620444407dda/out/bootstrap-fork --type=agentHost --logsPath /home/rohan/.vscode-server/data/logs/20260922T120228 --user-data-dir /home/rohan/.vscode-server/data --telemetry-level all,0.0,1.7751,137.54,0.0,0.0,0.5,0.0,0.0,11,sleeping,io
2026-09-22T13:40:00,770,709,MainThread,/home/rohan/.vscode-server/bin/7debcd0e2acdea1c52de81bf9ee1620444407dda/node --dns-result-order=ipv4first /home/rohan/.vscode-server/bin/7debcd0e2acdea1c52de81bf9ee1620444407dda/out/bootstrap-fork --type=extensionHost --transformURIs --useHostProxy=true,1.5,6.7073,519.73,0.0,0.0,197.24,774.02,0.0,32,sleeping,io
2026-09-22T13:40:00,811,769,MainThread,/home/rohan/.vscode-server/bin/7debcd0e2acdea1c52de81bf9ee1620444407dda/node /home/rohan/.vscode-server/bin/7debcd0e2acdea1c52de81bf9ee1620444407dda/node_modules/@github/copilot-linux-x64/index.js --headless --no-auto-update --log-level info --stdio --no-auto-login,0.0,3.2137,249.02,0.0,0.0,0.0,0.0,0.0,44,sleeping,io
2026-09-22T13:40:00,812,770,MainThread,/home/rohan/.vscode-server/bin/7debcd0e2acdea1c52de81bf9ee1620444407dda/node /home/rohan/.vscode-server/bin/7debcd0e2acdea1c52de81bf9ee1620444407dda/extensions/markdown-language-features/dist/serverWorkerMain --node-ipc --clientProcessId=770,0.0,0.9939,77.02,0.0,0.0,1.0,0.0,0.0,7,sleeping,io
2026-09-22T13:40:00,833,709,MainThread,/home/rohan/.vscode-server/bin/7debcd0e2acdea1c52de81bf9ee1620444407dda/node /home/rohan/.vscode-server/bin/7debcd0e2acdea1c52de81bf9ee1620444407dda/out/bootstrap-fork --type=ptyHost --logsPath /home/rohan/.vscode-server/data/logs/20260922T120228,0.0,0.976,75.62,0.0,0.0,5.48,0.0,0.0,13,sleeping,io
2026-09-22T13:40:00,964,833,bash,/bin/bash --init-file /home/rohan/.vscode-server/bin/7debcd0e2acdea1c52de81bf9ee1620444407dda/out/vs/workbench/contrib/terminal/common/scripts/shellIntegration-bash.sh,0.0,0.0673,5.21,0.0,0.0,0.0,0.0,0.0,1,sleeping,io
2026-09-22T13:40:00,1424,2,SessionLeader,/init,0.0,0.0142,1.1,0.0,0.0,0.0,0.0,0.0,1,sleeping,io
2026-09-22T13:40:00,1425,1424,Relay(1426),/init,0.0,0.0143,1.11,0.0,0.0,0.0,0.0,0.0,1,sleeping,io
2026-09-22T13:40:00,1426,1425,bash,-bash,0.0,0.0664,5.14,0.0,0.0,0.0,0.0,0.0,1,sleeping,io
2026-09-22T13:40:00,4147,770,pet,/home/rohan/.vscode-server/extensions/ms-python.vscode-python-envs-1.37.2026092101-linux-x64/python-env-tools/bin/pet server,0.0,0.0749,5.8,0.0,0.0,0.0,0.0,0.0,21,sleeping,io
2026-09-22T13:40:00,4156,833,bash,/bin/bash --init-file /home/rohan/.vscode-server/bin/7debcd0e2acdea1c52de81bf9ee1620444407dda/out/vs/workbench/contrib/terminal/common/scripts/shellIntegration-bash.sh,0.0,0.0663,5.14,0.0,0.0,0.0,0.0,0.0,1,sleeping,io
2026-09-22T13:40:00,4295,770,MainThread,/home/rohan/.vscode-server/bin/7debcd0e2acdea1c52de81bf9ee1620444407dda/node /home/rohan/.vscode-server/extensions/ms-python.vscode-pylance-2026.3.105/dist/server.bundle.js --cancellationReceive=file:2bc56d7a41ee8749874d0000b75c5745f8ddf88b1a --node-ipc --clientProcessId=770,0.5,8.4519,654.91,0.0,0.0,2.99,0.0,0.0,9,sleeping,io
2026-09-22T13:40:00,5890,2,SessionLeader,/init,0.0,0.0142,1.1,0.0,0.0,0.0,0.0,0.0,1,sleeping,io
2026-09-22T13:40:00,5891,5890,Relay(5896),/init,0.0,0.0143,1.11,0.0,0.0,0.5,0.0,0.0,1,sleeping,io
2026-09-22T13:40:00,5896,5891,bash,-bash,0.0,0.0668,5.18,0.0,0.0,0.0,0.0,0.0,1,sleeping,io
2026-09-22T13:40:00,6172,2,SessionLeader,/init,0.0,0.0142,1.1,0.0,0.0,0.0,0.0,0.0,1,sleeping,io
2026-09-22T13:40:00,6173,6172,Relay(6174),/init,0.0,0.0143,1.11,0.0,0.0,0.0,0.0,0.0,1,sleeping,io
2026-09-22T13:40:00,6174,6173,bash,-bash,0.0,0.0665,5.15,0.0,0.0,0.0,0.0,0.0,1,sleeping,io
2026-09-22T13:40:00,6941,2,SessionLeader,/init,0.0,0.0142,1.1,0.0,0.0,0.0,0.0,0.0,1,sleeping,io
2026-09-22T13:40:00,6943,6941,Relay(6945),/init,0.0,0.0143,1.11,0.0,0.0,0.0,0.0,0.0,1,sleeping,io
2026-09-22T13:40:00,6945,6943,bash,-bash,0.0,0.0666,5.16,0.0,0.0,0.0,0.0,0.0,1,sleeping,io
2026-09-22T13:40:00,8650,2,SessionLeader,/init,0.0,0.0142,1.1,0.0,0.0,0.0,0.0,0.0,1,sleeping,io
2026-09-22T13:40:00,8652,8650,Relay(8654),/init,0.0,0.0143,1.11,0.0,0.0,0.0,0.0,0.0,1,sleeping,io
2026-09-22T13:40:00,8654,8652,bash,-bash,0.0,0.0682,5.28,0.0,0.0,0.0,0.0,0.0,1,sleeping,io
2026-09-22T13:40:00,8853,2,SessionLeader,/init,0.0,0.0142,1.1,0.0,0.0,0.0,0.0,0.0,1,sleeping,io
2026-09-22T13:40:00,8854,8853,Relay(8858),/init,0.0,0.0143,1.11,0.0,0.0,0.0,0.0,0.0,1,sleeping,io
2026-09-22T13:40:00,8858,8854,bash,-bash,0.0,0.0675,5.23,0.0,0.0,0.0,0.0,0.0,1,sleeping,io
2026-09-22T13:40:00,15760,2,SessionLeader,/init,0.0,0.0142,1.1,0.0,0.0,0.0,0.0,0.0,1,sleeping,io
2026-09-22T13:40:00,15762,15760,Relay(15767),/init,0.0,0.0143,1.11,0.0,0.0,0.0,0.0,0.0,1,sleeping,io
2026-09-22T13:40:00,15767,15762,bash,-bash,0.0,0.0692,5.36,0.0,0.0,0.0,0.0,0.0,1,sleeping,io
2026-09-22T13:40:00,15903,2,SessionLeader,/init,0.0,0.0142,1.1,0.0,0.0,0.0,0.0,0.0,1,sleeping,io
2026-09-22T13:40:00,15904,15903,Relay(15909),/init,0.0,0.0143,1.11,0.0,0.0,0.0,0.0,0.0,1,sleeping,io
2026-09-22T13:40:00,15909,15904,bash,-bash,0.0,0.0693,5.37,0.0,0.0,0.0,0.0,0.0,1,sleeping,io
2026-09-22T13:40:00,20518,1,wsl-pro-service,/usr/libexec/wsl-pro-service,0.0,0.1491,11.55,0.0,0.0,0.0,0.0,0.0,8,sleeping,io
2026-09-22T13:40:00,21891,6945,python,python workloads/io/io_workload.py,2.5,0.1304,10.11,0.0,66337087.32,126.53,0.0,0.0,1,disk-sleep,io
2026-09-22T13:40:02,1,0,systemd,/sbin/init,0.0,0.1643,12.73,0.0,0.0,0.99,0.0,0.0,1,sleeping,io
2026-09-22T13:40:02,2,1,init-systemd(Ub,/init,0.0,0.0279,2.16,0.0,0.0,0.0,0.0,0.0,2,sleeping,io
2026-09-22T13:40:02,7,2,init,plan9 --control-socket 7 --log-level 4 --server-fd 8 --pipe-fd 10 --log-truncate,0.0,0.0268,2.08,0.0,0.0,0.0,0.0,0.0,2,sleeping,io
2026-09-22T13:40:02,43,1,systemd-journald,/usr/lib/systemd/systemd-journald,1.5,0.2001,15.51,0.0,0.0,7.96,912.07,1.49,1,sleeping,io
2026-09-22T13:40:02,98,1,systemd-udevd,/usr/lib/systemd/systemd-udevd,0.0,0.0758,5.88,0.0,0.0,0.0,0.0,0.0,1,sleeping,io
2026-09-22T13:40:02,177,1,systemd-resolved,/usr/lib/systemd/systemd-resolved,0.0,0.1656,12.83,0.0,0.0,0.99,0.0,0.0,1,sleeping,io
2026-09-22T13:40:02,178,1,systemd-timesyncd,/usr/lib/systemd/systemd-timesyncd,0.0,0.1002,7.77,0.0,0.0,0.99,0.0,0.0,2,sleeping,io
2026-09-22T13:40:02,188,1,cron,/usr/sbin/cron -f -P,0.0,0.0338,2.62,0.0,0.0,0.5,0.0,0.0,1,sleeping,io
2026-09-22T13:40:02,189,1,dbus-daemon,@dbus-daemon --system --address=systemd: --nofork --nopidfile --systemd-activation --syslog-only,0.0,0.0669,5.18,0.0,0.0,1.49,0.0,0.0,1,sleeping,io
2026-09-22T13:40:02,203,1,systemd-logind,/usr/lib/systemd/systemd-logind,0.0,0.1112,8.62,0.0,0.0,6.47,0.0,0.0,1,sleeping,io
2026-09-22T13:40:02,217,1,agetty,/sbin/agetty -o -p -- \u --noclear - linux,0.0,0.0249,1.93,0.0,0.0,0.0,0.0,0.0,1,sleeping,io
2026-09-22T13:40:02,223,1,rsyslogd,/usr/sbin/rsyslogd -n -iNONE,0.0,0.0758,5.87,0.0,0.0,0.0,0.0,0.0,4,sleeping,io
2026-09-22T13:40:02,236,1,unattended-upgr,/usr/bin/python3 /usr/share/unattended-upgrades/unattended-upgrade-shutdown --wait-for-signal,0.0,0.2778,21.53,0.0,0.0,0.0,0.0,0.0,2,sleeping,io
2026-09-22T13:40:02,256,1,apache2,/usr/sbin/apache2 -k start,0.0,0.0634,4.91,0.0,0.0,0.99,0.0,0.0,1,sleeping,io
2026-09-22T13:40:02,257,256,apache2,/usr/sbin/apache2 -k start,0.0,0.0734,5.69,0.0,0.0,0.0,0.0,0.0,27,sleeping,io
2026-09-22T13:40:02,259,256,apache2,/usr/sbin/apache2 -k start,0.0,0.0734,5.69,0.0,0.0,0.0,0.0,0.0,27,sleeping,io
2026-09-22T13:40:02,386,2,login,/bin/login -f      ,0.0,0.0584,4.53,0.0,0.0,0.0,0.0,0.0,1,sleeping,io
2026-09-22T13:40:02,429,1,systemd,/usr/lib/systemd/systemd --user,0.0,0.145,11.24,0.0,0.0,0.99,0.0,0.0,1,sleeping,io
2026-09-22T13:40:02,430,429,(sd-pam),(sd-pam),0.0,0.0451,3.49,0.0,0.0,0.0,0.0,0.0,1,sleeping,io
2026-09-22T13:40:02,452,386,bash,-bash,0.0,0.0642,4.98,0.0,0.0,0.0,0.0,0.0,1,sleeping,io
2026-09-22T13:40:02,486,2,SessionLeader,/init,0.0,0.0142,1.1,0.0,0.0,0.0,0.0,0.0,1,sleeping,io
2026-09-22T13:40:02,487,486,Relay(488),/init,0.0,0.0159,1.23,0.0,0.0,0.0,0.0,0.0,1,sleeping,io
2026-09-22T13:40:02,488,487,bash,-bash,0.0,0.0665,5.16,0.0,0.0,0.0,0.0,0.0,1,sleeping,io
2026-09-22T13:40:02,696,2,SessionLeader,/init,0.0,0.0143,1.11,0.0,0.0,0.0,0.0,0.0,1,sleeping,io
2026-09-22T13:40:02,697,696,Relay(698),/init,0.0,0.0152,1.18,0.0,0.0,0.0,0.0,0.0,1,sleeping,io
2026-09-22T13:40:02,698,697,sh,"sh -c ""$VSCODE_WSL_EXT_LOCATION/scripts/wslServer.sh"" 7debcd0e2acdea1c52de81bf9ee1620444407dda stable code-server .vscode-server --host=127.0.0.1 --port=0 --connection-token=826864117-4248089396-2109865724-2149592531 --use-host-proxy --without-browser-env-var --disable-websocket-compression --accept-server-license-terms --telemetry-level=all",0.0,0.024,1.86,0.0,0.0,0.0,0.0,0.0,1,sleeping,io
2026-09-22T13:40:02,699,698,sh,sh /mnt/c/Users/Rohan/.vscode/extensions/ms-vscode-remote.remote-wsl-0.104.3/scripts/wslServer.sh 7debcd0e2acdea1c52de81bf9ee1620444407dda stable code-server .vscode-server --host=127.0.0.1 --port=0 --connection-token=826864117-4248089396-2109865724-2149592531 --use-host-proxy --without-browser-env-var --disable-websocket-compression --accept-server-license-terms --telemetry-level=all,0.0,0.0251,1.95,0.0,0.0,0.0,0.0,0.0,1,sleeping,io
2026-09-22T13:40:02,705,699,sh,sh /home/rohan/.vscode-server/bin/7debcd0e2acdea1c52de81bf9ee1620444407dda/bin/code-server --host=127.0.0.1 --port=0 --connection-token=826864117-4248089396-2109865724-2149592531 --use-host-proxy --without-browser-env-var --disable-websocket-compression --accept-server-license-terms --telemetry-level=all,0.0,0.025,1.93,0.0,0.0,0.0,0.0,0.0,1,sleeping,io
2026-09-22T13:40:02,709,705,MainThread,/home/rohan/.vscode-server/bin/7debcd0e2acdea1c52de81bf9ee1620444407dda/node /home/rohan/.vscode-server/bin/7debcd0e2acdea1c52de81bf9ee1620444407dda/out/server-main.js --host=127.0.0.1 --port=0 --connection-token=826864117-4248089396-2109865724-2149592531 --use-host-proxy --without-browser-env-var --disable-websocket-compression --accept-server-license-terms --telemetry-level=all,0.5,2.2857,177.11,0.0,0.0,8.95,0.0,0.0,11,sleeping,io
2026-09-22T13:40:02,721,2,SessionLeader,/init,0.0,0.0143,1.11,0.0,0.0,0.0,0.0,0.0,1,sleeping,io
2026-09-22T13:40:02,722,721,Relay(723),/init,0.0,0.0152,1.18,0.0,0.0,2.98,0.0,0.0,1,sleeping,io
2026-09-22T13:40:02,723,722,MainThread,"/home/rohan/.vscode-server/bin/7debcd0e2acdea1c52de81bf9ee1620444407dda/node -e const net = require('net'); process.stdin.pause(); const client = net.createConnection({ host: '127.0.0.1', port: 44115 }, () => { client.pipe(process.stdout); process.stdin.pipe(client); }); client.on('close', function (hadError) { console.error(hadError ? 'Remote close with error' : 'Remote close'); process.exit(hadError ? 1 : 0); }); client.on('error', function (err) { process.stderr.write(err && (err.stack || err.message) || String(err)); });",0.0,0.8723,67.59,0.0,0.0,2.98,0.0,0.0,7,sleeping,io
2026-09-22T13:40:02,730,2,SessionLeader,/init,0.0,0.0143,1.11,0.0,0.0,0.0,0.0,0.0,1,sleeping,io
2026-09-22T13:40:02,731,730,Relay(732),/init,0.0,0.0152,1.18,0.0,0.0,4.97,0.0,0.0,1,sleeping,io
2026-09-22T13:40:02,732,731,MainThread,"/home/rohan/.vscode-server/bin/7debcd0e2acdea1c52de81bf9ee1620444407dda/node -e const net = require('net'); process.stdin.pause(); const client = net.createConnection({ host: '127.0.0.1', port: 44115 }, () => { client.pipe(process.stdout); process.stdin.pipe(client); }); client.on('close', function (hadError) { console.error(hadError ? 'Remote close with error' : 'Remote close'); process.exit(hadError ? 1 : 0); }); client.on('error', function (err) { process.stderr.write(err && (err.stack || err.message) || String(err)); });",0.0,0.7845,60.79,0.0,0.0,4.97,0.0,0.0,7,sleeping,io
2026-09-22T13:40:02,743,709,MainThread,/home/rohan/.vscode-server/bin/7debcd0e2acdea1c52de81bf9ee1620444407dda/node /home/rohan/.vscode-server/bin/7debcd0e2acdea1c52de81bf9ee1620444407dda/out/bootstrap-fork --type=fileWatcher,0.5,0.8807,68.24,0.0,0.0,4.97,0.0,0.0,13,sleeping,io
2026-09-22T13:40:02,769,709,MainThread,/home/rohan/.vscode-server/bin/7debcd0e2acdea1c52de81bf9ee1620444407dda/node /home/rohan/.vscode-server/bin/7debcd0e2acdea1c52de81bf9ee1620444407dda/out/bootstrap-fork --type=agentHost --logsPath /home/rohan/.vscode-server/data/logs/20260922T120228 --user-data-dir /home/rohan/.vscode-server/data --telemetry-level all,0.5,1.7751,137.54,0.0,4074.85,3.98,0.0,0.0,11,sleeping,io
2026-09-22T13:40:02,770,709,MainThread,/home/rohan/.vscode-server/bin/7debcd0e2acdea1c52de81bf9ee1620444407dda/node --dns-result-order=ipv4first /home/rohan/.vscode-server/bin/7debcd0e2acdea1c52de81bf9ee1620444407dda/out/bootstrap-fork --type=extensionHost --transformURIs --useHostProxy=true,1.0,6.7073,519.73,0.0,0.0,198.97,1306.22,0.0,32,sleeping,io
2026-09-22T13:40:02,811,769,MainThread,/home/rohan/.vscode-server/bin/7debcd0e2acdea1c52de81bf9ee1620444407dda/node /home/rohan/.vscode-server/bin/7debcd0e2acdea1c52de81bf9ee1620444407dda/node_modules/@github/copilot-linux-x64/index.js --headless --no-auto-update --log-level info --stdio --no-auto-login,0.0,3.2137,249.02,0.0,0.0,0.0,0.0,0.0,44,sleeping,io
2026-09-22T13:40:02,812,770,MainThread,/home/rohan/.vscode-server/bin/7debcd0e2acdea1c52de81bf9ee1620444407dda/node /home/rohan/.vscode-server/bin/7debcd0e2acdea1c52de81bf9ee1620444407dda/extensions/markdown-language-features/dist/serverWorkerMain --node-ipc --clientProcessId=770,0.0,0.9939,77.02,0.0,0.0,0.0,0.0,0.0,7,sleeping,io
2026-09-22T13:40:02,833,709,MainThread,/home/rohan/.vscode-server/bin/7debcd0e2acdea1c52de81bf9ee1620444407dda/node /home/rohan/.vscode-server/bin/7debcd0e2acdea1c52de81bf9ee1620444407dda/out/bootstrap-fork --type=ptyHost --logsPath /home/rohan/.vscode-server/data/logs/20260922T120228,0.0,0.976,75.62,0.0,0.0,7.46,0.0,0.0,13,sleeping,io
2026-09-22T13:40:02,964,833,bash,/bin/bash --init-file /home/rohan/.vscode-server/bin/7debcd0e2acdea1c52de81bf9ee1620444407dda/out/vs/workbench/contrib/terminal/common/scripts/shellIntegration-bash.sh,0.0,0.0673,5.21,0.0,0.0,0.0,0.0,0.0,1,sleeping,io
2026-09-22T13:40:02,1424,2,SessionLeader,/init,0.0,0.0142,1.1,0.0,0.0,0.0,0.0,0.0,1,sleeping,io
2026-09-22T13:40:02,1425,1424,Relay(1426),/init,0.0,0.0143,1.11,0.0,0.0,0.0,0.0,0.0,1,sleeping,io
2026-09-22T13:40:02,1426,1425,bash,-bash,0.0,0.0664,5.14,0.0,0.0,0.0,0.0,0.0,1,sleeping,io
2026-09-22T13:40:02,4147,770,pet,/home/rohan/.vscode-server/extensions/ms-python.vscode-python-envs-1.37.2026092101-linux-x64/python-env-tools/bin/pet server,0.0,0.0749,5.8,0.0,0.0,0.0,0.0,0.0,21,sleeping,io
2026-09-22T13:40:02,4156,833,bash,/bin/bash --init-file /home/rohan/.vscode-server/bin/7debcd0e2acdea1c52de81bf9ee1620444407dda/out/vs/workbench/contrib/terminal/common/scripts/shellIntegration-bash.sh,0.0,0.0663,5.14,0.0,0.0,0.0,0.0,0.0,1,sleeping,io
2026-09-22T13:40:02,4295,770,MainThread,/home/rohan/.vscode-server/bin/7debcd0e2acdea1c52de81bf9ee1620444407dda/node /home/rohan/.vscode-server/extensions/ms-python.vscode-pylance-2026.3.105/dist/server.bundle.js --cancellationReceive=file:2bc56d7a41ee8749874d0000b75c5745f8ddf88b1a --node-ipc --clientProcessId=770,0.0,8.4519,654.91,0.0,0.0,1.99,0.0,0.0,9,sleeping,io
2026-09-22T13:40:02,5890,2,SessionLeader,/init,0.0,0.0142,1.1,0.0,0.0,0.0,0.0,0.0,1,sleeping,io
2026-09-22T13:40:02,5891,5890,Relay(5896),/init,0.0,0.0143,1.11,0.0,0.0,0.5,0.0,0.0,1,sleeping,io
2026-09-22T13:40:02,5896,5891,bash,-bash,0.0,0.0668,5.18,0.0,0.0,0.0,0.0,0.0,1,sleeping,io
2026-09-22T13:40:02,6172,2,SessionLeader,/init,0.0,0.0142,1.1,0.0,0.0,0.0,0.0,0.0,1,sleeping,io
2026-09-22T13:40:02,6173,6172,Relay(6174),/init,0.0,0.0143,1.11,0.0,0.0,0.0,0.0,0.0,1,sleeping,io
2026-09-22T13:40:02,6174,6173,bash,-bash,0.0,0.0665,5.15,0.0,0.0,0.0,0.0,0.0,1,sleeping,io
2026-09-22T13:40:02,6941,2,SessionLeader,/init,0.0,0.0142,1.1,0.0,0.0,0.0,0.0,0.0,1,sleeping,io
2026-09-22T13:40:02,6943,6941,Relay(6945),/init,0.0,0.0143,1.11,0.0,0.0,0.0,0.0,0.0,1,sleeping,io
2026-09-22T13:40:02,6945,6943,bash,-bash,0.0,0.0666,5.16,0.0,0.0,0.0,0.0,0.0,1,sleeping,io
2026-09-22T13:40:02,8650,2,SessionLeader,/init,0.0,0.0142,1.1,0.0,0.0,0.0,0.0,0.0,1,sleeping,io
2026-09-22T13:40:02,8652,8650,Relay(8654),/init,0.0,0.0143,1.11,0.0,0.0,0.0,0.0,0.0,1,sleeping,io
2026-09-22T13:40:02,8654,8652,bash,-bash,0.0,0.0682,5.28,0.0,0.0,0.0,0.0,0.0,1,sleeping,io
2026-09-22T13:40:02,8853,2,SessionLeader,/init,0.0,0.0142,1.1,0.0,0.0,0.0,0.0,0.0,1,sleeping,io
2026-09-22T13:40:02,8854,8853,Relay(8858),/init,0.0,0.0143,1.11,0.0,0.0,0.0,0.0,0.0,1,sleeping,io
2026-09-22T13:40:02,8858,8854,bash,-bash,0.0,0.0675,5.23,0.0,0.0,0.0,0.0,0.0,1,sleeping,io
2026-09-22T13:40:02,15760,2,SessionLeader,/init,0.0,0.0142,1.1,0.0,0.0,0.0,0.0,0.0,1,sleeping,io
2026-09-22T13:40:02,15762,15760,Relay(15767),/init,0.0,0.0143,1.11,0.0,0.0,0.0,0.0,0.0,1,sleeping,io
2026-09-22T13:40:02,15767,15762,bash,-bash,0.0,0.0692,5.36,0.0,0.0,0.0,0.0,0.0,1,sleeping,io
2026-09-22T13:40:02,15903,2,SessionLeader,/init,0.0,0.0142,1.1,0.0,0.0,0.0,0.0,0.0,1,sleeping,io
2026-09-22T13:40:02,15904,15903,Relay(15909),/init,0.0,0.0143,1.11,0.0,0.0,0.0,0.0,0.0,1,sleeping,io
2026-09-22T13:40:02,15909,15904,bash,-bash,0.0,0.0693,5.37,0.0,0.0,0.0,0.0,0.0,1,sleeping,io
2026-09-22T13:40:02,20518,1,wsl-pro-service,/usr/libexec/wsl-pro-service,0.0,0.1491,11.55,0.0,0.0,0.0,0.0,0.0,8,sleeping,io
2026-09-22T13:40:02,21891,6945,python,python workloads/io/io_workload.py,3.5,0.1304,10.11,0.0,68314503.08,134.78,0.0,0.0,1,disk-sleep,io
2026-09-22T13:40:04,1,0,systemd,/sbin/init,0.0,0.1643,12.73,0.0,0.0,0.0,0.0,0.0,1,sleeping,io
2026-09-22T13:40:04,2,1,init-systemd(Ub,/init,0.0,0.0279,2.16,0.0,0.0,0.0,0.0,0.0,2,sleeping,io
2026-09-22T13:40:04,7,2,init,plan9 --control-socket 7 --log-level 4 --server-fd 8 --pipe-fd 10 --log-truncate,0.0,0.0268,2.08,0.0,0.0,0.0,0.0,0.0,2,sleeping,io
2026-09-22T13:40:04,43,1,systemd-journald,/usr/lib/systemd/systemd-journald,0.0,0.2001,15.51,0.0,0.0,0.0,0.0,0.0,1,sleeping,io
2026-09-22T13:40:04,98,1,systemd-udevd,/usr/lib/systemd/systemd-udevd,0.0,0.0758,5.88,0.0,0.0,0.0,0.0,0.0,1,sleeping,io
2026-09-22T13:40:04,177,1,systemd-resolved,/usr/lib/systemd/systemd-resolved,0.0,0.1656,12.83,0.0,0.0,0.0,0.0,0.0,1,sleeping,io
2026-09-22T13:40:04,178,1,systemd-timesyncd,/usr/lib/systemd/systemd-timesyncd,0.0,0.1002,7.77,0.0,0.0,0.0,0.0,0.0,2,sleeping,io
2026-09-22T13:40:04,188,1,cron,/usr/sbin/cron -f -P,0.0,0.0338,2.62,0.0,0.0,0.0,0.0,0.0,1,sleeping,io
2026-09-22T13:40:04,189,1,dbus-daemon,@dbus-daemon --system --address=systemd: --nofork --nopidfile --systemd-activation --syslog-only,0.0,0.0669,5.18,0.0,0.0,0.0,0.0,0.0,1,sleeping,io
2026-09-22T13:40:04,203,1,systemd-logind,/usr/lib/systemd/systemd-logind,0.0,0.1112,8.62,0.0,0.0,0.0,0.0,0.0,1,sleeping,io
2026-09-22T13:40:04,217,1,agetty,/sbin/agetty -o -p -- \u --noclear - linux,0.0,0.0249,1.93,0.0,0.0,0.0,0.0,0.0,1,sleeping,io
2026-09-22T13:40:04,223,1,rsyslogd,/usr/sbin/rsyslogd -n -iNONE,0.0,0.0758,5.87,0.0,0.0,0.0,0.0,0.0,4,sleeping,io
2026-09-22T13:40:04,236,1,unattended-upgr,/usr/bin/python3 /usr/share/unattended-upgrades/unattended-upgrade-shutdown --wait-for-signal,0.0,0.2778,21.53,0.0,0.0,0.0,0.0,0.0,2,sleeping,io
2026-09-22T13:40:04,256,1,apache2,/usr/sbin/apache2 -k start,0.0,0.0634,4.91,0.0,0.0,1.0,0.0,0.0,1,sleeping,io
2026-09-22T13:40:04,257,256,apache2,/usr/sbin/apache2 -k start,0.0,0.0734,5.69,0.0,0.0,0.0,0.0,0.0,27,sleeping,io
2026-09-22T13:40:04,259,256,apache2,/usr/sbin/apache2 -k start,0.0,0.0734,5.69,0.0,0.0,0.0,0.0,0.0,27,sleeping,io
2026-09-22T13:40:04,386,2,login,/bin/login -f      ,0.0,0.0584,4.53,0.0,0.0,0.0,0.0,0.0,1,sleeping,io
2026-09-22T13:40:04,429,1,systemd,/usr/lib/systemd/systemd --user,0.0,0.145,11.24,0.0,0.0,0.0,0.0,0.0,1,sleeping,io
2026-09-22T13:40:04,430,429,(sd-pam),(sd-pam),0.0,0.0451,3.49,0.0,0.0,0.0,0.0,0.0,1,sleeping,io
2026-09-22T13:40:04,452,386,bash,-bash,0.0,0.0642,4.98,0.0,0.0,0.0,0.0,0.0,1,sleeping,io
2026-09-22T13:40:04,486,2,SessionLeader,/init,0.0,0.0142,1.1,0.0,0.0,0.0,0.0,0.0,1,sleeping,io
2026-09-22T13:40:04,487,486,Relay(488),/init,0.0,0.0159,1.23,0.0,0.0,0.0,0.0,0.0,1,sleeping,io
2026-09-22T13:40:04,488,487,bash,-bash,0.0,0.0665,5.16,0.0,0.0,0.0,0.0,0.0,1,sleeping,io
2026-09-22T13:40:04,696,2,SessionLeader,/init,0.0,0.0143,1.11,0.0,0.0,0.0,0.0,0.0,1,sleeping,io
2026-09-22T13:40:04,697,696,Relay(698),/init,0.0,0.0152,1.18,0.0,0.0,0.0,0.0,0.0,1,sleeping,io
2026-09-22T13:40:04,698,697,sh,"sh -c ""$VSCODE_WSL_EXT_LOCATION/scripts/wslServer.sh"" 7debcd0e2acdea1c52de81bf9ee1620444407dda stable code-server .vscode-server --host=127.0.0.1 --port=0 --connection-token=826864117-4248089396-2109865724-2149592531 --use-host-proxy --without-browser-env-var --disable-websocket-compression --accept-server-license-terms --telemetry-level=all",0.0,0.024,1.86,0.0,0.0,0.0,0.0,0.0,1,sleeping,io
2026-09-22T13:40:04,699,698,sh,sh /mnt/c/Users/Rohan/.vscode/extensions/ms-vscode-remote.remote-wsl-0.104.3/scripts/wslServer.sh 7debcd0e2acdea1c52de81bf9ee1620444407dda stable code-server .vscode-server --host=127.0.0.1 --port=0 --connection-token=826864117-4248089396-2109865724-2149592531 --use-host-proxy --without-browser-env-var --disable-websocket-compression --accept-server-license-terms --telemetry-level=all,0.0,0.0251,1.95,0.0,0.0,0.0,0.0,0.0,1,sleeping,io
2026-09-22T13:40:04,705,699,sh,sh /home/rohan/.vscode-server/bin/7debcd0e2acdea1c52de81bf9ee1620444407dda/bin/code-server --host=127.0.0.1 --port=0 --connection-token=826864117-4248089396-2109865724-2149592531 --use-host-proxy --without-browser-env-var --disable-websocket-compression --accept-server-license-terms --telemetry-level=all,0.0,0.025,1.93,0.0,0.0,0.0,0.0,0.0,1,sleeping,io
2026-09-22T13:40:04,709,705,MainThread,/home/rohan/.vscode-server/bin/7debcd0e2acdea1c52de81bf9ee1620444407dda/node /home/rohan/.vscode-server/bin/7debcd0e2acdea1c52de81bf9ee1620444407dda/out/server-main.js --host=127.0.0.1 --port=0 --connection-token=826864117-4248089396-2109865724-2149592531 --use-host-proxy --without-browser-env-var --disable-websocket-compression --accept-server-license-terms --telemetry-level=all,0.0,2.2857,177.11,0.0,0.0,8.46,0.0,0.0,11,sleeping,io
2026-09-22T13:40:04,721,2,SessionLeader,/init,0.0,0.0143,1.11,0.0,0.0,0.0,0.0,0.0,1,sleeping,io
2026-09-22T13:40:04,722,721,Relay(723),/init,0.0,0.0152,1.18,0.0,0.0,2.99,0.0,0.0,1,sleeping,io
2026-09-22T13:40:04,723,722,MainThread,"/home/rohan/.vscode-server/bin/7debcd0e2acdea1c52de81bf9ee1620444407dda/node -e const net = require('net'); process.stdin.pause(); const client = net.createConnection({ host: '127.0.0.1', port: 44115 }, () => { client.pipe(process.stdout); process.stdin.pipe(client); }); client.on('close', function (hadError) { console.error(hadError ? 'Remote close with error' : 'Remote close'); process.exit(hadError ? 1 : 0); }); client.on('error', function (err) { process.stderr.write(err && (err.stack || err.message) || String(err)); });",0.0,0.8723,67.59,0.0,0.0,2.99,0.0,0.0,7,sleeping,io
2026-09-22T13:40:04,730,2,SessionLeader,/init,0.0,0.0143,1.11,0.0,0.0,0.0,0.0,0.0,1,sleeping,io
2026-09-22T13:40:04,731,730,Relay(732),/init,0.0,0.0152,1.18,0.0,0.0,5.97,0.0,0.0,1,sleeping,io
2026-09-22T13:40:04,732,731,MainThread,"/home/rohan/.vscode-server/bin/7debcd0e2acdea1c52de81bf9ee1620444407dda/node -e const net = require('net'); process.stdin.pause(); const client = net.createConnection({ host: '127.0.0.1', port: 44115 }, () => { client.pipe(process.stdout); process.stdin.pipe(client); }); client.on('close', function (hadError) { console.error(hadError ? 'Remote close with error' : 'Remote close'); process.exit(hadError ? 1 : 0); }); client.on('error', function (err) { process.stderr.write(err && (err.stack || err.message) || String(err)); });",0.0,0.7845,60.79,0.0,0.0,5.97,0.0,0.0,7,sleeping,io
2026-09-22T13:40:04,743,709,MainThread,/home/rohan/.vscode-server/bin/7debcd0e2acdea1c52de81bf9ee1620444407dda/node /home/rohan/.vscode-server/bin/7debcd0e2acdea1c52de81bf9ee1620444407dda/out/bootstrap-fork --type=fileWatcher,1.0,0.8807,68.24,0.0,0.0,5.97,0.0,0.0,13,sleeping,io
2026-09-22T13:40:04,769,709,MainThread,/home/rohan/.vscode-server/bin/7debcd0e2acdea1c52de81bf9ee1620444407dda/node /home/rohan/.vscode-server/bin/7debcd0e2acdea1c52de81bf9ee1620444407dda/out/bootstrap-fork --type=agentHost --logsPath /home/rohan/.vscode-server/data/logs/20260922T120228 --user-data-dir /home/rohan/.vscode-server/data --telemetry-level all,0.0,1.7751,137.54,0.0,0.0,0.0,0.0,0.0,11,sleeping,io
2026-09-22T13:40:04,770,709,MainThread,/home/rohan/.vscode-server/bin/7debcd0e2acdea1c52de81bf9ee1620444407dda/node --dns-result-order=ipv4first /home/rohan/.vscode-server/bin/7debcd0e2acdea1c52de81bf9ee1620444407dda/out/bootstrap-fork --type=extensionHost --transformURIs --useHostProxy=true,1.5,6.7073,519.73,0.0,0.0,197.16,962.91,0.0,32,sleeping,io
2026-09-22T13:40:04,811,769,MainThread,/home/rohan/.vscode-server/bin/7debcd0e2acdea1c52de81bf9ee1620444407dda/node /home/rohan/.vscode-server/bin/7debcd0e2acdea1c52de81bf9ee1620444407dda/node_modules/@github/copilot-linux-x64/index.js --headless --no-auto-update --log-level info --stdio --no-auto-login,0.0,3.2137,249.02,0.0,0.0,0.0,0.0,0.0,44,sleeping,io
2026-09-22T13:40:04,812,770,MainThread,/home/rohan/.vscode-server/bin/7debcd0e2acdea1c52de81bf9ee1620444407dda/node /home/rohan/.vscode-server/bin/7debcd0e2acdea1c52de81bf9ee1620444407dda/extensions/markdown-language-features/dist/serverWorkerMain --node-ipc --clientProcessId=770,0.0,0.9939,77.02,0.0,0.0,0.5,0.0,0.0,7,sleeping,io
2026-09-22T13:40:04,833,709,MainThread,/home/rohan/.vscode-server/bin/7debcd0e2acdea1c52de81bf9ee1620444407dda/node /home/rohan/.vscode-server/bin/7debcd0e2acdea1c52de81bf9ee1620444407dda/out/bootstrap-fork --type=ptyHost --logsPath /home/rohan/.vscode-server/data/logs/20260922T120228,0.0,0.976,75.62,0.0,0.0,4.98,0.0,0.0,13,sleeping,io
2026-09-22T13:40:04,964,833,bash,/bin/bash --init-file /home/rohan/.vscode-server/bin/7debcd0e2acdea1c52de81bf9ee1620444407dda/out/vs/workbench/contrib/terminal/common/scripts/shellIntegration-bash.sh,0.0,0.0673,5.21,0.0,0.0,0.0,0.0,0.0,1,sleeping,io
2026-09-22T13:40:04,1424,2,SessionLeader,/init,0.0,0.0142,1.1,0.0,0.0,0.0,0.0,0.0,1,sleeping,io
2026-09-22T13:40:04,1425,1424,Relay(1426),/init,0.0,0.0143,1.11,0.0,0.0,0.0,0.0,0.0,1,sleeping,io
2026-09-22T13:40:04,1426,1425,bash,-bash,0.0,0.0664,5.14,0.0,0.0,0.0,0.0,0.0,1,sleeping,io
2026-09-22T13:40:04,4147,770,pet,/home/rohan/.vscode-server/extensions/ms-python.vscode-python-envs-1.37.2026092101-linux-x64/python-env-tools/bin/pet server,0.0,0.0749,5.8,0.0,0.0,0.0,0.0,0.0,21,sleeping,io
2026-09-22T13:40:04,4156,833,bash,/bin/bash --init-file /home/rohan/.vscode-server/bin/7debcd0e2acdea1c52de81bf9ee1620444407dda/out/vs/workbench/contrib/terminal/common/scripts/shellIntegration-bash.sh,0.0,0.0663,5.14,0.0,0.0,0.0,0.0,0.0,1,sleeping,io
2026-09-22T13:40:04,4295,770,MainThread,/home/rohan/.vscode-server/bin/7debcd0e2acdea1c52de81bf9ee1620444407dda/node /home/rohan/.vscode-server/extensions/ms-python.vscode-pylance-2026.3.105/dist/server.bundle.js --cancellationReceive=file:2bc56d7a41ee8749874d0000b75c5745f8ddf88b1a --node-ipc --clientProcessId=770,0.5,8.4519,654.91,0.0,0.0,2.99,0.0,0.0,9,sleeping,io
2026-09-22T13:40:04,5890,2,SessionLeader,/init,0.0,0.0142,1.1,0.0,0.0,0.0,0.0,0.0,1,sleeping,io
2026-09-22T13:40:04,5891,5890,Relay(5896),/init,0.0,0.0143,1.11,0.0,0.0,0.5,0.0,0.0,1,sleeping,io
2026-09-22T13:40:04,5896,5891,bash,-bash,0.0,0.0668,5.18,0.0,0.0,0.0,0.0,0.0,1,sleeping,io
2026-09-22T13:40:04,6172,2,SessionLeader,/init,0.0,0.0142,1.1,0.0,0.0,0.0,0.0,0.0,1,sleeping,io
2026-09-22T13:40:04,6173,6172,Relay(6174),/init,0.0,0.0143,1.11,0.0,0.0,0.0,0.0,0.0,1,sleeping,io
2026-09-22T13:40:04,6174,6173,bash,-bash,0.0,0.0665,5.15,0.0,0.0,0.0,0.0,0.0,1,sleeping,io
2026-09-22T13:40:04,6941,2,SessionLeader,/init,0.0,0.0142,1.1,0.0,0.0,0.0,0.0,0.0,1,sleeping,io
2026-09-22T13:40:04,6943,6941,Relay(6945),/init,0.0,0.0143,1.11,0.0,0.0,0.0,0.0,0.0,1,sleeping,io
2026-09-22T13:40:04,6945,6943,bash,-bash,0.0,0.0666,5.16,0.0,0.0,0.0,0.0,0.0,1,sleeping,io
2026-09-22T13:40:04,8650,2,SessionLeader,/init,0.0,0.0142,1.1,0.0,0.0,0.0,0.0,0.0,1,sleeping,io
2026-09-22T13:40:04,8652,8650,Relay(8654),/init,0.0,0.0143,1.11,0.0,0.0,0.0,0.0,0.0,1,sleeping,io
2026-09-22T13:40:04,8654,8652,bash,-bash,0.0,0.0682,5.28,0.0,0.0,0.0,0.0,0.0,1,sleeping,io
2026-09-22T13:40:04,8853,2,SessionLeader,/init,0.0,0.0142,1.1,0.0,0.0,0.0,0.0,0.0,1,sleeping,io
2026-09-22T13:40:04,8854,8853,Relay(8858),/init,0.0,0.0143,1.11,0.0,0.0,0.0,0.0,0.0,1,sleeping,io
2026-09-22T13:40:04,8858,8854,bash,-bash,0.0,0.0675,5.23,0.0,0.0,0.0,0.0,0.0,1,sleeping,io
2026-09-22T13:40:04,15760,2,SessionLeader,/init,0.0,0.0142,1.1,0.0,0.0,0.0,0.0,0.0,1,sleeping,io
2026-09-22T13:40:04,15762,15760,Relay(15767),/init,0.0,0.0143,1.11,0.0,0.0,0.0,0.0,0.0,1,sleeping,io
2026-09-22T13:40:04,15767,15762,bash,-bash,0.0,0.0692,5.36,0.0,0.0,0.0,0.0,0.0,1,sleeping,io
2026-09-22T13:40:04,15903,2,SessionLeader,/init,0.0,0.0142,1.1,0.0,0.0,0.0,0.0,0.0,1,sleeping,io
2026-09-22T13:40:04,15904,15903,Relay(15909),/init,0.0,0.0143,1.11,0.0,0.0,0.0,0.0,0.0,1,sleeping,io
2026-09-22T13:40:04,15909,15904,bash,-bash,0.0,0.0693,5.37,0.0,0.0,0.0,0.0,0.0,1,sleeping,io
2026-09-22T13:40:04,20518,1,wsl-pro-service,/usr/libexec/wsl-pro-service,0.0,0.1491,11.55,0.0,0.0,0.0,0.0,0.0,8,sleeping,io
2026-09-22T13:40:04,21891,6945,python,python workloads/io/io_workload.py,2.5,0.1304,10.11,0.0,77802170.3,147.9,0.0,0.0,1,disk-sleep,io
2026-09-22T13:40:06,1,0,systemd,/sbin/init,0.0,0.1643,12.73,0.0,0.0,1.5,0.0,0.0,1,sleeping,io
2026-09-22T13:40:06,2,1,init-systemd(Ub,/init,0.0,0.0279,2.16,0.0,0.0,0.0,0.0,0.0,2,sleeping,io
2026-09-22T13:40:06,7,2,init,plan9 --control-socket 7 --log-level 4 --server-fd 8 --pipe-fd 10 --log-truncate,0.0,0.0268,2.08,0.0,0.0,0.0,0.0,0.0,2,sleeping,io
2026-09-22T13:40:06,43,1,systemd-journald,/usr/lib/systemd/systemd-journald,1.0,0.2001,15.51,0.0,0.0,5.48,913.42,1.5,1,sleeping,io
2026-09-22T13:40:06,98,1,systemd-udevd,/usr/lib/systemd/systemd-udevd,0.0,0.0758,5.88,0.0,0.0,0.0,0.0,0.0,1,sleeping,io
2026-09-22T13:40:06,177,1,systemd-resolved,/usr/lib/systemd/systemd-resolved,0.0,0.1656,12.83,0.0,0.0,1.0,0.0,0.0,1,sleeping,io
2026-09-22T13:40:06,178,1,systemd-timesyncd,/usr/lib/systemd/systemd-timesyncd,0.0,0.1002,7.77,0.0,0.0,1.0,0.0,0.0,2,sleeping,io
2026-09-22T13:40:06,188,1,cron,/usr/sbin/cron -f -P,0.0,0.0338,2.62,0.0,0.0,0.0,0.0,0.0,1,sleeping,io
2026-09-22T13:40:06,189,1,dbus-daemon,@dbus-daemon --system --address=systemd: --nofork --nopidfile --systemd-activation --syslog-only,0.0,0.0669,5.18,0.0,0.0,1.99,0.0,0.0,1,sleeping,io
2026-09-22T13:40:06,203,1,systemd-logind,/usr/lib/systemd/systemd-logind,0.0,0.1112,8.62,0.0,0.0,8.48,0.0,0.0,1,sleeping,io
2026-09-22T13:40:06,217,1,agetty,/sbin/agetty -o -p -- \u --noclear - linux,0.0,0.0249,1.93,0.0,0.0,0.0,0.0,0.0,1,sleeping,io
2026-09-22T13:40:06,223,1,rsyslogd,/usr/sbin/rsyslogd -n -iNONE,0.0,0.0758,5.87,0.0,0.0,0.0,0.0,0.0,4,sleeping,io
2026-09-22T13:40:06,236,1,unattended-upgr,/usr/bin/python3 /usr/share/unattended-upgrades/unattended-upgrade-shutdown --wait-for-signal,0.0,0.2778,21.53,0.0,0.0,0.0,0.0,0.0,2,sleeping,io
2026-09-22T13:40:06,256,1,apache2,/usr/sbin/apache2 -k start,0.0,0.0634,4.91,0.0,0.0,1.0,0.0,0.0,1,sleeping,io
2026-09-22T13:40:06,257,256,apache2,/usr/sbin/apache2 -k start,0.0,0.0734,5.69,0.0,0.0,0.0,0.0,0.0,27,sleeping,io
2026-09-22T13:40:06,259,256,apache2,/usr/sbin/apache2 -k start,0.0,0.0734,5.69,0.0,0.0,0.0,0.0,0.0,27,sleeping,io
2026-09-22T13:40:06,386,2,login,/bin/login -f      ,0.0,0.0584,4.53,0.0,0.0,0.0,0.0,0.0,1,sleeping,io
2026-09-22T13:40:06,429,1,systemd,/usr/lib/systemd/systemd --user,0.0,0.145,11.24,0.0,0.0,1.0,0.0,0.0,1,sleeping,io
2026-09-22T13:40:06,430,429,(sd-pam),(sd-pam),0.0,0.0451,3.49,0.0,0.0,0.0,0.0,0.0,1,sleeping,io
2026-09-22T13:40:06,452,386,bash,-bash,0.0,0.0642,4.98,0.0,0.0,0.0,0.0,0.0,1,sleeping,io
2026-09-22T13:40:06,486,2,SessionLeader,/init,0.0,0.0142,1.1,0.0,0.0,0.0,0.0,0.0,1,sleeping,io
2026-09-22T13:40:06,487,486,Relay(488),/init,0.0,0.0159,1.23,0.0,0.0,0.0,0.0,0.0,1,sleeping,io
2026-09-22T13:40:06,488,487,bash,-bash,0.0,0.0665,5.16,0.0,0.0,0.0,0.0,0.0,1,sleeping,io
2026-09-22T13:40:06,696,2,SessionLeader,/init,0.0,0.0143,1.11,0.0,0.0,0.0,0.0,0.0,1,sleeping,io
2026-09-22T13:40:06,697,696,Relay(698),/init,0.0,0.0152,1.18,0.0,0.0,0.0,0.0,0.0,1,sleeping,io
2026-09-22T13:40:06,698,697,sh,"sh -c ""$VSCODE_WSL_EXT_LOCATION/scripts/wslServer.sh"" 7debcd0e2acdea1c52de81bf9ee1620444407dda stable code-server .vscode-server --host=127.0.0.1 --port=0 --connection-token=826864117-4248089396-2109865724-2149592531 --use-host-proxy --without-browser-env-var --disable-websocket-compression --accept-server-license-terms --telemetry-level=all",0.0,0.024,1.86,0.0,0.0,0.0,0.0,0.0,1,sleeping,io
2026-09-22T13:40:06,699,698,sh,sh /mnt/c/Users/Rohan/.vscode/extensions/ms-vscode-remote.remote-wsl-0.104.3/scripts/wslServer.sh 7debcd0e2acdea1c52de81bf9ee1620444407dda stable code-server .vscode-server --host=127.0.0.1 --port=0 --connection-token=826864117-4248089396-2109865724-2149592531 --use-host-proxy --without-browser-env-var --disable-websocket-compression --accept-server-license-terms --telemetry-level=all,0.0,0.0251,1.95,0.0,0.0,0.0,0.0,0.0,1,sleeping,io
2026-09-22T13:40:06,705,699,sh,sh /home/rohan/.vscode-server/bin/7debcd0e2acdea1c52de81bf9ee1620444407dda/bin/code-server --host=127.0.0.1 --port=0 --connection-token=826864117-4248089396-2109865724-2149592531 --use-host-proxy --without-browser-env-var --disable-websocket-compression --accept-server-license-terms --telemetry-level=all,0.0,0.025,1.93,0.0,0.0,0.0,0.0,0.0,1,sleeping,io
2026-09-22T13:40:06,709,705,MainThread,/home/rohan/.vscode-server/bin/7debcd0e2acdea1c52de81bf9ee1620444407dda/node /home/rohan/.vscode-server/bin/7debcd0e2acdea1c52de81bf9ee1620444407dda/out/server-main.js --host=127.0.0.1 --port=0 --connection-token=826864117-4248089396-2109865724-2149592531 --use-host-proxy --without-browser-env-var --disable-websocket-compression --accept-server-license-terms --telemetry-level=all,0.0,2.2857,177.11,0.0,0.0,7.98,0.0,0.0,11,sleeping,io
2026-09-22T13:40:06,721,2,SessionLeader,/init,0.0,0.0143,1.11,0.0,0.0,0.0,0.0,0.0,1,sleeping,io
2026-09-22T13:40:06,722,721,Relay(723),/init,0.0,0.0152,1.18,0.0,0.0,2.99,0.0,0.0,1,sleeping,io
2026-09-22T13:40:06,723,722,MainThread,"/home/rohan/.vscode-server/bin/7debcd0e2acdea1c52de81bf9ee1620444407dda/node -e const net = require('net'); process.stdin.pause(); const client = net.createConnection({ host: '127.0.0.1', port: 44115 }, () => { client.pipe(process.stdout); process.stdin.pipe(client); }); client.on('close', function (hadError) { console.error(hadError ? 'Remote close with error' : 'Remote close'); process.exit(hadError ? 1 : 0); }); client.on('error', function (err) { process.stderr.write(err && (err.stack || err.message) || String(err)); });",0.0,0.8723,67.59,0.0,0.0,2.99,0.0,0.0,7,sleeping,io
2026-09-22T13:40:06,730,2,SessionLeader,/init,0.0,0.0143,1.11,0.0,0.0,0.0,0.0,0.0,1,sleeping,io
2026-09-22T13:40:06,731,730,Relay(732),/init,0.0,0.0152,1.18,0.0,0.0,3.99,0.0,0.0,1,sleeping,io
2026-09-22T13:40:06,732,731,MainThread,"/home/rohan/.vscode-server/bin/7debcd0e2acdea1c52de81bf9ee1620444407dda/node -e const net = require('net'); process.stdin.pause(); const client = net.createConnection({ host: '127.0.0.1', port: 44115 }, () => { client.pipe(process.stdout); process.stdin.pipe(client); }); client.on('close', function (hadError) { console.error(hadError ? 'Remote close with error' : 'Remote close'); process.exit(hadError ? 1 : 0); }); client.on('error', function (err) { process.stderr.write(err && (err.stack || err.message) || String(err)); });",0.5,0.7845,60.79,0.0,0.0,3.99,0.0,0.0,7,sleeping,io
2026-09-22T13:40:06,743,709,MainThread,/home/rohan/.vscode-server/bin/7debcd0e2acdea1c52de81bf9ee1620444407dda/node /home/rohan/.vscode-server/bin/7debcd0e2acdea1c52de81bf9ee1620444407dda/out/bootstrap-fork --type=fileWatcher,0.5,0.8807,68.24,0.0,0.0,3.99,0.0,0.0,13,sleeping,io
2026-09-22T13:40:06,769,709,MainThread,/home/rohan/.vscode-server/bin/7debcd0e2acdea1c52de81bf9ee1620444407dda/node /home/rohan/.vscode-server/bin/7debcd0e2acdea1c52de81bf9ee1620444407dda/out/bootstrap-fork --type=agentHost --logsPath /home/rohan/.vscode-server/data/logs/20260922T120228 --user-data-dir /home/rohan/.vscode-server/data --telemetry-level all,0.0,1.7751,137.55,0.0,2042.6,3.99,0.5,0.0,11,sleeping,io
2026-09-22T13:40:06,770,709,MainThread,/home/rohan/.vscode-server/bin/7debcd0e2acdea1c52de81bf9ee1620444407dda/node --dns-result-order=ipv4first /home/rohan/.vscode-server/bin/7debcd0e2acdea1c52de81bf9ee1620444407dda/out/bootstrap-fork --type=extensionHost --transformURIs --useHostProxy=true,1.5,6.7073,519.73,0.0,0.0,195.48,996.86,0.0,32,sleeping,io
2026-09-22T13:40:06,811,769,MainThread,/home/rohan/.vscode-server/bin/7debcd0e2acdea1c52de81bf9ee1620444407dda/node /home/rohan/.vscode-server/bin/7debcd0e2acdea1c52de81bf9ee1620444407dda/node_modules/@github/copilot-linux-x64/index.js --headless --no-auto-update --log-level info --stdio --no-auto-login,0.0,3.2137,249.02,0.0,0.0,0.0,0.0,0.0,44,sleeping,io
2026-09-22T13:40:06,812,770,MainThread,/home/rohan/.vscode-server/bin/7debcd0e2acdea1c52de81bf9ee1620444407dda/node /home/rohan/.vscode-server/bin/7debcd0e2acdea1c52de81bf9ee1620444407dda/extensions/markdown-language-features/dist/serverWorkerMain --node-ipc --clientProcessId=770,0.0,0.9939,77.02,0.0,0.0,0.5,0.0,0.0,7,sleeping,io
2026-09-22T13:40:06,833,709,MainThread,/home/rohan/.vscode-server/bin/7debcd0e2acdea1c52de81bf9ee1620444407dda/node /home/rohan/.vscode-server/bin/7debcd0e2acdea1c52de81bf9ee1620444407dda/out/bootstrap-fork --type=ptyHost --logsPath /home/rohan/.vscode-server/data/logs/20260922T120228,0.0,0.976,75.62,0.0,0.0,5.98,0.0,0.0,13,sleeping,io
2026-09-22T13:40:06,964,833,bash,/bin/bash --init-file /home/rohan/.vscode-server/bin/7debcd0e2acdea1c52de81bf9ee1620444407dda/out/vs/workbench/contrib/terminal/common/scripts/shellIntegration-bash.sh,0.0,0.0673,5.21,0.0,0.0,0.0,0.0,0.0,1,sleeping,io
2026-09-22T13:40:06,1424,2,SessionLeader,/init,0.0,0.0142,1.1,0.0,0.0,0.0,0.0,0.0,1,sleeping,io
2026-09-22T13:40:06,1425,1424,Relay(1426),/init,0.0,0.0143,1.11,0.0,0.0,0.0,0.0,0.0,1,sleeping,io
2026-09-22T13:40:06,1426,1425,bash,-bash,0.0,0.0664,5.14,0.0,0.0,0.0,0.0,0.0,1,sleeping,io
2026-09-22T13:40:06,4147,770,pet,/home/rohan/.vscode-server/extensions/ms-python.vscode-python-envs-1.37.2026092101-linux-x64/python-env-tools/bin/pet server,0.0,0.0749,5.8,0.0,0.0,0.0,0.0,0.0,21,sleeping,io
2026-09-22T13:40:06,4156,833,bash,/bin/bash --init-file /home/rohan/.vscode-server/bin/7debcd0e2acdea1c52de81bf9ee1620444407dda/out/vs/workbench/contrib/terminal/common/scripts/shellIntegration-bash.sh,0.0,0.0663,5.14,0.0,0.0,0.0,0.0,0.0,1,sleeping,io
2026-09-22T13:40:06,4295,770,MainThread,/home/rohan/.vscode-server/bin/7debcd0e2acdea1c52de81bf9ee1620444407dda/node /home/rohan/.vscode-server/extensions/ms-python.vscode-pylance-2026.3.105/dist/server.bundle.js --cancellationReceive=file:2bc56d7a41ee8749874d0000b75c5745f8ddf88b1a --node-ipc --clientProcessId=770,0.5,8.4519,654.91,0.0,0.0,3.49,0.0,0.0,9,sleeping,io
2026-09-22T13:40:06,5890,2,SessionLeader,/init,0.0,0.0142,1.1,0.0,0.0,0.0,0.0,0.0,1,sleeping,io
2026-09-22T13:40:06,5891,5890,Relay(5896),/init,0.0,0.0143,1.11,0.0,0.0,0.5,0.0,0.0,1,sleeping,io
2026-09-22T13:40:06,5896,5891,bash,-bash,0.0,0.0668,5.18,0.0,0.0,0.0,0.0,0.0,1,sleeping,io
2026-09-22T13:40:06,6172,2,SessionLeader,/init,0.0,0.0142,1.1,0.0,0.0,0.0,0.0,0.0,1,sleeping,io
2026-09-22T13:40:06,6173,6172,Relay(6174),/init,0.0,0.0143,1.11,0.0,0.0,0.0,0.0,0.0,1,sleeping,io
2026-09-22T13:40:06,6174,6173,bash,-bash,0.0,0.0665,5.15,0.0,0.0,0.0,0.0,0.0,1,sleeping,io
2026-09-22T13:40:06,6941,2,SessionLeader,/init,0.0,0.0142,1.1,0.0,0.0,0.0,0.0,0.0,1,sleeping,io
2026-09-22T13:40:06,6943,6941,Relay(6945),/init,0.0,0.0143,1.11,0.0,0.0,1.0,0.0,0.0,1,sleeping,io
2026-09-22T13:40:06,6945,6943,bash,-bash,0.0,0.0666,5.16,247115.87,3520694552.33,0.5,17.95,0.0,1,sleeping,io
2026-09-22T13:40:06,8650,2,SessionLeader,/init,0.0,0.0142,1.1,0.0,0.0,0.0,0.0,0.0,1,sleeping,io
2026-09-22T13:40:06,8652,8650,Relay(8654),/init,0.0,0.0143,1.11,0.0,0.0,0.0,0.0,0.0,1,sleeping,io
2026-09-22T13:40:06,8654,8652,bash,-bash,0.0,0.0682,5.28,0.0,0.0,0.0,0.0,0.0,1,sleeping,io
2026-09-22T13:40:06,8853,2,SessionLeader,/init,0.0,0.0142,1.1,0.0,0.0,0.0,0.0,0.0,1,sleeping,io
2026-09-22T13:40:06,8854,8853,Relay(8858),/init,0.0,0.0143,1.11,0.0,0.0,0.0,0.0,0.0,1,sleeping,io
2026-09-22T13:40:06,8858,8854,bash,-bash,0.0,0.0675,5.23,0.0,0.0,0.0,0.0,0.0,1,sleeping,io
2026-09-22T13:40:06,15760,2,SessionLeader,/init,0.0,0.0142,1.1,0.0,0.0,0.0,0.0,0.0,1,sleeping,io
2026-09-22T13:40:06,15762,15760,Relay(15767),/init,0.0,0.0143,1.11,0.0,0.0,0.0,0.0,0.0,1,sleeping,io
2026-09-22T13:40:06,15767,15762,bash,-bash,0.0,0.0692,5.36,0.0,0.0,0.0,0.0,0.0,1,sleeping,io
2026-09-22T13:40:06,15903,2,SessionLeader,/init,0.0,0.0142,1.1,0.0,0.0,0.0,0.0,0.0,1,sleeping,io
2026-09-22T13:40:06,15904,15903,Relay(15909),/init,0.0,0.0143,1.11,0.0,0.0,0.0,0.0,0.0,1,sleeping,io
2026-09-22T13:40:06,15909,15904,bash,-bash,0.0,0.0693,5.37,0.0,0.0,0.0,0.0,0.0,1,sleeping,io
2026-09-22T13:40:06,20518,1,wsl-pro-service,/usr/libexec/wsl-pro-service,0.0,0.1491,11.55,0.0,0.0,0.0,0.0,0.0,8,sleeping,io
