timestamp,pid,ppid,name,cmdline,cpu_percent,memory_percent,rss_mb,read_bytes_per_sec,write_bytes_per_sec,context_switches_per_sec,minor_page_faults_per_sec,major_page_faults_per_sec,num_threads,status,workload_type
2026-09-22T13:41:55,1,0,systemd,/sbin/init,0.0,0.1643,12.73,0,0,0,0,0,1,sleeping,memory
2026-09-22T13:41:55,2,1,init-systemd(Ub,/init,0.0,0.0279,2.16,0,0,0,0,0,2,sleeping,memory
2026-09-22T13:41:55,7,2,init,plan9 --control-socket 7 --log-level 4 --server-fd 8 --pipe-fd 10 --log-truncate,0.0,0.0268,2.08,0,0,0,0,0,2,sleeping,memory
2026-09-22T13:41:55,43,1,systemd-journald,/usr/lib/systemd/systemd-journald,0.0,0.2002,15.51,0,0,0,0,0,1,sleeping,memory
2026-09-22T13:41:55,98,1,systemd-udevd,/usr/lib/systemd/systemd-udevd,0.0,0.0762,5.91,0,0,0,0,0,1,sleeping,memory
2026-09-22T13:41:55,177,1,systemd-resolved,/usr/lib/systemd/systemd-resolved,0.0,0.1656,12.83,0,0,0,0,0,1,sleeping,memory
2026-09-22T13:41:55,178,1,systemd-timesyncd,/usr/lib/systemd/systemd-timesyncd,0.0,0.1002,7.77,0,0,0,0,0,2,sleeping,memory
2026-09-22T13:41:55,188,1,cron,/usr/sbin/cron -f -P,0.0,0.0338,2.62,0,0,0,0,0,1,sleeping,memory
2026-09-22T13:41:55,189,1,dbus-daemon,@dbus-daemon --system --address=systemd: --nofork --nopidfile --systemd-activation --syslog-only,0.0,0.0669,5.18,0,0,0,0,0,1,sleeping,memory
2026-09-22T13:41:55,203,1,systemd-logind,/usr/lib/systemd/systemd-logind,0.0,0.1112,8.62,0,0,0,0,0,1,sleeping,memory
2026-09-22T13:41:55,217,1,agetty,/sbin/agetty -o -p -- \u --noclear - linux,0.0,0.0249,1.93,0,0,0,0,0,1,sleeping,memory
2026-09-22T13:41:55,223,1,rsyslogd,/usr/sbin/rsyslogd -n -iNONE,0.0,0.0758,5.87,0,0,0,0,0,4,sleeping,memory
2026-09-22T13:41:55,236,1,unattended-upgr,/usr/bin/python3 /usr/share/unattended-upgrades/unattended-upgrade-shutdown --wait-for-signal,0.0,0.2778,21.53,0,0,0,0,0,2,sleeping,memory
2026-09-22T13:41:55,256,1,apache2,/usr/sbin/apache2 -k start,0.0,0.0634,4.91,0,0,0,0,0,1,sleeping,memory
2026-09-22T13:41:55,257,256,apache2,/usr/sbin/apache2 -k start,0.0,0.0734,5.69,0,0,0,0,0,27,sleeping,memory
2026-09-22T13:41:55,259,256,apache2,/usr/sbin/apache2 -k start,0.0,0.0734,5.69,0,0,0,0,0,27,sleeping,memory
2026-09-22T13:41:55,386,2,login,/bin/login -f      ,0.0,0.0584,4.53,0,0,0,0,0,1,sleeping,memory
2026-09-22T13:41:55,429,1,systemd,/usr/lib/systemd/systemd --user,0.0,0.145,11.24,0,0,0,0,0,1,sleeping,memory
2026-09-22T13:41:55,430,429,(sd-pam),(sd-pam),0.0,0.0451,3.49,0,0,0,0,0,1,sleeping,memory
2026-09-22T13:41:55,452,386,bash,-bash,0.0,0.0642,4.98,0,0,0,0,0,1,sleeping,memory
2026-09-22T13:41:55,486,2,SessionLeader,/init,0.0,0.0142,1.1,0,0,0,0,0,1,sleeping,memory
2026-09-22T13:41:55,487,486,Relay(488),/init,0.0,0.0159,1.23,0,0,0,0,0,1,sleeping,memory
2026-09-22T13:41:55,488,487,bash,-bash,0.0,0.0665,5.16,0,0,0,0,0,1,sleeping,memory
2026-09-22T13:41:55,696,2,SessionLeader,/init,0.0,0.0143,1.11,0,0,0,0,0,1,sleeping,memory
2026-09-22T13:41:55,697,696,Relay(698),/init,0.0,0.0152,1.18,0,0,0,0,0,1,sleeping,memory
2026-09-22T13:41:55,698,697,sh,"sh -c ""$VSCODE_WSL_EXT_LOCATION/scripts/wslServer.sh"" 7debcd0e2acdea1c52de81bf9ee1620444407dda stable code-server .vscode-server --host=127.0.0.1 --port=0 --connection-token=826864117-4248089396-2109865724-2149592531 --use-host-proxy --without-browser-env-var --disable-websocket-compression --accept-server-license-terms --telemetry-level=all",0.0,0.024,1.86,0,0,0,0,0,1,sleeping,memory
2026-09-22T13:41:55,699,698,sh,sh /mnt/c/Users/Rohan/.vscode/extensions/ms-vscode-remote.remote-wsl-0.104.3/scripts/wslServer.sh 7debcd0e2acdea1c52de81bf9ee1620444407dda stable code-server .vscode-server --host=127.0.0.1 --port=0 --connection-token=826864117-4248089396-2109865724-2149592531 --use-host-proxy --without-browser-env-var --disable-websocket-compression --accept-server-license-terms --telemetry-level=all,0.0,0.0251,1.95,0,0,0,0,0,1,sleeping,memory
2026-09-22T13:41:55,705,699,sh,sh /home/rohan/.vscode-server/bin/7debcd0e2acdea1c52de81bf9ee1620444407dda/bin/code-server --host=127.0.0.1 --port=0 --connection-token=826864117-4248089396-2109865724-2149592531 --use-host-proxy --without-browser-env-var --disable-websocket-compression --accept-server-license-terms --telemetry-level=all,0.0,0.025,1.93,0,0,0,0,0,1,sleeping,memory
2026-09-22T13:41:55,709,705,MainThread,/home/rohan/.vscode-server/bin/7debcd0e2acdea1c52de81bf9ee1620444407dda/node /home/rohan/.vscode-server/bin/7debcd0e2acdea1c52de81bf9ee1620444407dda/out/server-main.js --host=127.0.0.1 --port=0 --connection-token=826864117-4248089396-2109865724-2149592531 --use-host-proxy --without-browser-env-var --disable-websocket-compression --accept-server-license-terms --telemetry-level=all,0.0,2.2857,177.11,0,0,0,0,0,11,sleeping,memory
2026-09-22T13:41:55,721,2,SessionLeader,/init,0.0,0.0143,1.11,0,0,0,0,0,1,sleeping,memory
2026-09-22T13:41:55,722,721,Relay(723),/init,0.0,0.0152,1.18,0,0,0,0,0,1,sleeping,memory
2026-09-22T13:41:55,723,722,MainThread,"/home/rohan/.vscode-server/bin/7debcd0e2acdea1c52de81bf9ee1620444407dda/node -e const net = require('net'); process.stdin.pause(); const client = net.createConnection({ host: '127.0.0.1', port: 44115 }, () => { client.pipe(process.stdout); process.stdin.pipe(client); }); client.on('close', function (hadError) { console.error(hadError ? 'Remote close with error' : 'Remote close'); process.exit(hadError ? 1 : 0); }); client.on('error', function (err) { process.stderr.write(err && (err.stack || err.message) || String(err)); });",0.0,0.8701,67.42,0,0,0,0,0,7,sleeping,memory
2026-09-22T13:41:55,730,2,SessionLeader,/init,0.0,0.0143,1.11,0,0,0,0,0,1,sleeping,memory
2026-09-22T13:41:55,731,730,Relay(732),/init,0.0,0.0152,1.18,0,0,0,0,0,1,sleeping,memory
2026-09-22T13:41:55,732,731,MainThread,"/home/rohan/.vscode-server/bin/7debcd0e2acdea1c52de81bf9ee1620444407dda/node -e const net = require('net'); process.stdin.pause(); const client = net.createConnection({ host: '127.0.0.1', port: 44115 }, () => { client.pipe(process.stdout); process.stdin.pipe(client); }); client.on('close', function (hadError) { console.error(hadError ? 'Remote close with error' : 'Remote close'); process.exit(hadError ? 1 : 0); }); client.on('error', function (err) { process.stderr.write(err && (err.stack || err.message) || String(err)); });",0.0,0.7845,60.79,0,0,0,0,0,7,sleeping,memory
2026-09-22T13:41:55,743,709,MainThread,/home/rohan/.vscode-server/bin/7debcd0e2acdea1c52de81bf9ee1620444407dda/node /home/rohan/.vscode-server/bin/7debcd0e2acdea1c52de81bf9ee1620444407dda/out/bootstrap-fork --type=fileWatcher,0.0,0.8807,68.24,0,0,0,0,0,13,sleeping,memory
2026-09-22T13:41:55,769,709,MainThread,/home/rohan/.vscode-server/bin/7debcd0e2acdea1c52de81bf9ee1620444407dda/node /home/rohan/.vscode-server/bin/7debcd0e2acdea1c52de81bf9ee1620444407dda/out/bootstrap-fork --type=agentHost --logsPath /home/rohan/.vscode-server/data/logs/20260922T120228 --user-data-dir /home/rohan/.vscode-server/data --telemetry-level all,0.0,1.7758,137.6,0,0,0,0,0,11,sleeping,memory
2026-09-22T13:41:55,770,709,MainThread,/home/rohan/.vscode-server/bin/7debcd0e2acdea1c52de81bf9ee1620444407dda/node --dns-result-order=ipv4first /home/rohan/.vscode-server/bin/7debcd0e2acdea1c52de81bf9ee1620444407dda/out/bootstrap-fork --type=extensionHost --transformURIs --useHostProxy=true,0.0,6.7073,519.73,0,0,0,0,0,32,sleeping,memory
2026-09-22T13:41:55,811,769,MainThread,/home/rohan/.vscode-server/bin/7debcd0e2acdea1c52de81bf9ee1620444407dda/node /home/rohan/.vscode-server/bin/7debcd0e2acdea1c52de81bf9ee1620444407dda/node_modules/@github/copilot-linux-x64/index.js --headless --no-auto-update --log-level info --stdio --no-auto-login,0.0,3.2137,249.02,0,0,0,0,0,44,sleeping,memory
2026-09-22T13:41:55,812,770,MainThread,/home/rohan/.vscode-server/bin/7debcd0e2acdea1c52de81bf9ee1620444407dda/node /home/rohan/.vscode-server/bin/7debcd0e2acdea1c52de81bf9ee1620444407dda/extensions/markdown-language-features/dist/serverWorkerMain --node-ipc --clientProcessId=770,0.0,0.9939,77.02,0,0,0,0,0,7,sleeping,memory
2026-09-22T13:41:55,833,709,MainThread,/home/rohan/.vscode-server/bin/7debcd0e2acdea1c52de81bf9ee1620444407dda/node /home/rohan/.vscode-server/bin/7debcd0e2acdea1c52de81bf9ee1620444407dda/out/bootstrap-fork --type=ptyHost --logsPath /home/rohan/.vscode-server/data/logs/20260922T120228,0.0,0.976,75.62,0,0,0,0,0,13,sleeping,memory
2026-09-22T13:41:55,964,833,bash,/bin/bash --init-file /home/rohan/.vscode-server/bin/7debcd0e2acdea1c52de81bf9ee1620444407dda/out/vs/workbench/contrib/terminal/common/scripts/shellIntegration-bash.sh,0.0,0.0673,5.21,0,0,0,0,0,1,sleeping,memory
2026-09-22T13:41:55,1424,2,SessionLeader,/init,0.0,0.0142,1.1,0,0,0,0,0,1,sleeping,memory
2026-09-22T13:41:55,1425,1424,Relay(1426),/init,0.0,0.0143,1.11,0,0,0,0,0,1,sleeping,memory
2026-09-22T13:41:55,1426,1425,bash,-bash,0.0,0.0664,5.14,0,0,0,0,0,1,sleeping,memory
2026-09-22T13:41:55,4147,770,pet,/home/rohan/.vscode-server/extensions/ms-python.vscode-python-envs-1.37.2026092101-linux-x64/python-env-tools/bin/pet server,0.0,0.0749,5.8,0,0,0,0,0,21,sleeping,memory
2026-09-22T13:41:55,4156,833,bash,/bin/bash --init-file /home/rohan/.vscode-server/bin/7debcd0e2acdea1c52de81bf9ee1620444407dda/out/vs/workbench/contrib/terminal/common/scripts/shellIntegration-bash.sh,0.0,0.0663,5.14,0,0,0,0,0,1,sleeping,memory
2026-09-22T13:41:55,4295,770,MainThread,/home/rohan/.vscode-server/bin/7debcd0e2acdea1c52de81bf9ee1620444407dda/node /home/rohan/.vscode-server/extensions/ms-python.vscode-pylance-2026.3.105/dist/server.bundle.js --cancellationReceive=file:2bc56d7a41ee8749874d0000b75c5745f8ddf88b1a --node-ipc --clientProcessId=770,0.0,8.4519,654.91,0,0,0,0,0,9,sleeping,memory
2026-09-22T13:41:55,5890,2,SessionLeader,/init,0.0,0.0142,1.1,0,0,0,0,0,1,sleeping,memory
2026-09-22T13:41:55,5891,5890,Relay(5896),/init,0.0,0.0143,1.11,0,0,0,0,0,1,sleeping,memory
2026-09-22T13:41:55,5896,5891,bash,-bash,0.0,0.0668,5.18,0,0,0,0,0,1,sleeping,memory
2026-09-22T13:41:55,6172,2,SessionLeader,/init,0.0,0.0142,1.1,0,0,0,0,0,1,sleeping,memory
2026-09-22T13:41:55,6173,6172,Relay(6174),/init,0.0,0.0143,1.11,0,0,0,0,0,1,sleeping,memory
2026-09-22T13:41:55,6174,6173,bash,-bash,0.0,0.0665,5.15,0,0,0,0,0,1,sleeping,memory
2026-09-22T13:41:55,6941,2,SessionLeader,/init,0.0,0.0142,1.1,0,0,0,0,0,1,sleeping,memory
2026-09-22T13:41:55,6943,6941,Relay(6945),/init,0.0,0.0143,1.11,0,0,0,0,0,1,sleeping,memory
2026-09-22T13:41:55,6945,6943,bash,-bash,0.0,0.0666,5.16,0,0,0,0,0,1,sleeping,memory
2026-09-22T13:41:55,8650,2,SessionLeader,/init,0.0,0.0142,1.1,0,0,0,0,0,1,sleeping,memory
2026-09-22T13:41:55,8652,8650,Relay(8654),/init,0.0,0.0143,1.11,0,0,0,0,0,1,sleeping,memory
2026-09-22T13:41:55,8654,8652,bash,-bash,0.0,0.0677,5.25,0,0,0,0,0,1,sleeping,memory
2026-09-22T13:41:55,8853,2,SessionLeader,/init,0.0,0.0142,1.1,0,0,0,0,0,1,sleeping,memory
2026-09-22T13:41:55,8854,8853,Relay(8858),/init,0.0,0.0143,1.11,0,0,0,0,0,1,sleeping,memory
2026-09-22T13:41:55,8858,8854,bash,-bash,0.0,0.0679,5.26,0,0,0,0,0,1,sleeping,memory
2026-09-22T13:41:55,15760,2,SessionLeader,/init,0.0,0.0142,1.1,0,0,0,0,0,1,sleeping,memory
2026-09-22T13:41:55,15762,15760,Relay(15767),/init,0.0,0.0143,1.11,0,0,0,0,0,1,sleeping,memory
2026-09-22T13:41:55,15767,15762,bash,-bash,0.0,0.0687,5.32,0,0,0,0,0,1,sleeping,memory
2026-09-22T13:41:55,15903,2,SessionLeader,/init,0.0,0.0142,1.1,0,0,0,0,0,1,sleeping,memory
2026-09-22T13:41:55,15904,15903,Relay(15909),/init,0.0,0.0143,1.11,0,0,0,0,0,1,sleeping,memory
2026-09-22T13:41:55,15909,15904,bash,-bash,0.0,0.0689,5.34,0,0,0,0,0,1,sleeping,memory
2026-09-22T13:41:55,20518,1,wsl-pro-service,/usr/libexec/wsl-pro-service,0.0,0.1492,11.56,0,0,0,0,0,8,sleeping,memory
2026-09-22T13:41:57,1,0,systemd,/sbin/init,0.0,0.1643,12.73,0.0,0.0,0.99,0.0,0.0,1,sleeping,memory
2026-09-22T13:41:57,2,1,init-systemd(Ub,/init,0.0,0.0279,2.16,0.0,0.0,0.0,0.0,0.0,2,sleeping,memory
2026-09-22T13:41:57,7,2,init,plan9 --control-socket 7 --log-level 4 --server-fd 8 --pipe-fd 10 --log-truncate,0.0,0.0268,2.08,0.0,0.0,0.0,0.0,0.0,2,sleeping,memory
2026-09-22T13:41:57,43,1,systemd-journald,/usr/lib/systemd/systemd-journald,1.0,0.2001,15.51,0.0,0.0,5.94,906.84,1.49,1,sleeping,memory
2026-09-22T13:41:57,98,1,systemd-udevd,/usr/lib/systemd/systemd-udevd,0.0,0.0761,5.9,0.0,0.0,0.0,0.0,0.0,1,sleeping,memory
2026-09-22T13:41:57,177,1,systemd-resolved,/usr/lib/systemd/systemd-resolved,0.0,0.1656,12.83,0.0,0.0,0.99,0.0,0.0,1,sleeping,memory
2026-09-22T13:41:57,178,1,systemd-timesyncd,/usr/lib/systemd/systemd-timesyncd,0.0,0.1002,7.77,0.0,0.0,0.99,0.0,0.0,2,sleeping,memory
2026-09-22T13:41:57,188,1,cron,/usr/sbin/cron -f -P,0.0,0.0338,2.62,0.0,0.0,0.0,0.0,0.0,1,sleeping,memory
2026-09-22T13:41:57,189,1,dbus-daemon,@dbus-daemon --system --address=systemd: --nofork --nopidfile --systemd-activation --syslog-only,0.0,0.0669,5.18,0.0,0.0,1.48,0.0,0.0,1,sleeping,memory
2026-09-22T13:41:57,203,1,systemd-logind,/usr/lib/systemd/systemd-logind,0.0,0.1112,8.62,0.0,0.0,5.44,0.0,0.0,1,sleeping,memory
2026-09-22T13:41:57,217,1,agetty,/sbin/agetty -o -p -- \u --noclear - linux,0.0,0.0249,1.93,0.0,0.0,0.0,0.0,0.0,1,sleeping,memory
2026-09-22T13:41:57,223,1,rsyslogd,/usr/sbin/rsyslogd -n -iNONE,0.0,0.0758,5.87,0.0,0.0,0.0,0.0,0.0,4,sleeping,memory
2026-09-22T13:41:57,236,1,unattended-upgr,/usr/bin/python3 /usr/share/unattended-upgrades/unattended-upgrade-shutdown --wait-for-signal,0.0,0.2778,21.53,0.0,0.0,0.0,0.0,0.0,2,sleeping,memory
2026-09-22T13:41:57,256,1,apache2,/usr/sbin/apache2 -k start,0.0,0.0634,4.91,0.0,0.0,0.99,0.0,0.0,1,sleeping,memory
2026-09-22T13:41:57,257,256,apache2,/usr/sbin/apache2 -k start,0.0,0.0734,5.69,0.0,0.0,0.0,0.0,0.0,27,sleeping,memory
2026-09-22T13:41:57,259,256,apache2,/usr/sbin/apache2 -k start,0.0,0.0734,5.69,0.0,0.0,0.0,0.0,0.0,27,sleeping,memory
2026-09-22T13:41:57,386,2,login,/bin/login -f      ,0.0,0.0584,4.53,0.0,0.0,0.0,0.0,0.0,1,sleeping,memory
2026-09-22T13:41:57,429,1,systemd,/usr/lib/systemd/systemd --user,0.0,0.145,11.24,0.0,0.0,0.99,0.0,0.0,1,sleeping,memory
2026-09-22T13:41:57,430,429,(sd-pam),(sd-pam),0.0,0.0451,3.49,0.0,0.0,0.0,0.0,0.0,1,sleeping,memory
2026-09-22T13:41:57,452,386,bash,-bash,0.0,0.0642,4.98,0.0,0.0,0.0,0.0,0.0,1,sleeping,memory
2026-09-22T13:41:57,486,2,SessionLeader,/init,0.0,0.0142,1.1,0.0,0.0,0.0,0.0,0.0,1,sleeping,memory
2026-09-22T13:41:57,487,486,Relay(488),/init,0.0,0.0159,1.23,0.0,0.0,0.0,0.0,0.0,1,sleeping,memory
2026-09-22T13:41:57,488,487,bash,-bash,0.0,0.0665,5.16,0.0,0.0,0.0,0.0,0.0,1,sleeping,memory
2026-09-22T13:41:57,696,2,SessionLeader,/init,0.0,0.0143,1.11,0.0,0.0,0.0,0.0,0.0,1,sleeping,memory
2026-09-22T13:41:57,697,696,Relay(698),/init,0.0,0.0152,1.18,0.0,0.0,0.0,0.0,0.0,1,sleeping,memory
2026-09-22T13:41:57,698,697,sh,"sh -c ""$VSCODE_WSL_EXT_LOCATION/scripts/wslServer.sh"" 7debcd0e2acdea1c52de81bf9ee1620444407dda stable code-server .vscode-server --host=127.0.0.1 --port=0 --connection-token=826864117-4248089396-2109865724-2149592531 --use-host-proxy --without-browser-env-var --disable-websocket-compression --accept-server-license-terms --telemetry-level=all",0.0,0.024,1.86,0.0,0.0,0.0,0.0,0.0,1,sleeping,memory
2026-09-22T13:41:57,699,698,sh,sh /mnt/c/Users/Rohan/.vscode/extensions/ms-vscode-remote.remote-wsl-0.104.3/scripts/wslServer.sh 7debcd0e2acdea1c52de81bf9ee1620444407dda stable code-server .vscode-server --host=127.0.0.1 --port=0 --connection-token=826864117-4248089396-2109865724-2149592531 --use-host-proxy --without-browser-env-var --disable-websocket-compression --accept-server-license-terms --telemetry-level=all,0.0,0.0251,1.95,0.0,0.0,0.0,0.0,0.0,1,sleeping,memory
2026-09-22T13:41:57,705,699,sh,sh /home/rohan/.vscode-server/bin/7debcd0e2acdea1c52de81bf9ee1620444407dda/bin/code-server --host=127.0.0.1 --port=0 --connection-token=826864117-4248089396-2109865724-2149592531 --use-host-proxy --without-browser-env-var --disable-websocket-compression --accept-server-license-terms --telemetry-level=all,0.0,0.025,1.93,0.0,0.0,0.0,0.0,0.0,1,sleeping,memory
2026-09-22T13:41:57,709,705,MainThread,/home/rohan/.vscode-server/bin/7debcd0e2acdea1c52de81bf9ee1620444407dda/node /home/rohan/.vscode-server/bin/7debcd0e2acdea1c52de81bf9ee1620444407dda/out/server-main.js --host=127.0.0.1 --port=0 --connection-token=826864117-4248089396-2109865724-2149592531 --use-host-proxy --without-browser-env-var --disable-websocket-compression --accept-server-license-terms --telemetry-level=all,0.0,2.2857,177.11,0.0,0.0,5.44,0.0,0.0,11,sleeping,memory
2026-09-22T13:41:57,721,2,SessionLeader,/init,0.0,0.0143,1.11,0.0,0.0,0.0,0.0,0.0,1,sleeping,memory
2026-09-22T13:41:57,722,721,Relay(723),/init,0.0,0.0152,1.18,0.0,0.0,1.48,0.0,0.0,1,sleeping,memory
2026-09-22T13:41:57,723,722,MainThread,"/home/rohan/.vscode-server/bin/7debcd0e2acdea1c52de81bf9ee1620444407dda/node -e const net = require('net'); process.stdin.pause(); const client = net.createConnection({ host: '127.0.0.1', port: 44115 }, () => { client.pipe(process.stdout); process.stdin.pipe(client); }); client.on('close', function (hadError) { console.error(hadError ? 'Remote close with error' : 'Remote close'); process.exit(hadError ? 1 : 0); }); client.on('error', function (err) { process.stderr.write(err && (err.stack || err.message) || String(err)); });",0.0,0.8701,67.42,0.0,0.0,1.48,0.0,0.0,7,sleeping,memory
2026-09-22T13:41:57,730,2,SessionLeader,/init,0.0,0.0143,1.11,0.0,0.0,0.0,0.0,0.0,1,sleeping,memory
2026-09-22T13:41:57,731,730,Relay(732),/init,0.0,0.0152,1.18,0.0,0.0,0.99,0.0,0.0,1,sleeping,memory
2026-09-22T13:41:57,732,731,MainThread,"/home/rohan/.vscode-server/bin/7debcd0e2acdea1c52de81bf9ee1620444407dda/node -e const net = require('net'); process.stdin.pause(); const client = net.createConnection({ host: '127.0.0.1', port: 44115 }, () => { client.pipe(process.stdout); process.stdin.pipe(client); }); client.on('close', function (hadError) { console.error(hadError ? 'Remote close with error' : 'Remote close'); process.exit(hadError ? 1 : 0); }); client.on('error', function (err) { process.stderr.write(err && (err.stack || err.message) || String(err)); });",0.0,0.7845,60.79,0.0,0.0,0.99,0.0,0.0,7,sleeping,memory
2026-09-22T13:41:57,743,709,MainThread,/home/rohan/.vscode-server/bin/7debcd0e2acdea1c52de81bf9ee1620444407dda/node /home/rohan/.vscode-server/bin/7debcd0e2acdea1c52de81bf9ee1620444407dda/out/bootstrap-fork --type=fileWatcher,0.0,0.8807,68.24,0.0,0.0,1.48,0.0,0.0,13,sleeping,memory
2026-09-22T13:41:57,769,709,MainThread,/home/rohan/.vscode-server/bin/7debcd0e2acdea1c52de81bf9ee1620444407dda/node /home/rohan/.vscode-server/bin/7debcd0e2acdea1c52de81bf9ee1620444407dda/out/bootstrap-fork --type=agentHost --logsPath /home/rohan/.vscode-server/data/logs/20260922T120228 --user-data-dir /home/rohan/.vscode-server/data --telemetry-level all,0.0,1.7758,137.6,0.0,2025.9,3.96,0.0,0.0,11,sleeping,memory
2026-09-22T13:41:57,770,709,MainThread,/home/rohan/.vscode-server/bin/7debcd0e2acdea1c52de81bf9ee1620444407dda/node --dns-result-order=ipv4first /home/rohan/.vscode-server/bin/7debcd0e2acdea1c52de81bf9ee1620444407dda/out/bootstrap-fork --type=extensionHost --transformURIs --useHostProxy=true,1.5,6.7073,519.73,0.0,0.0,184.0,1439.33,0.0,32,sleeping,memory
2026-09-22T13:41:57,811,769,MainThread,/home/rohan/.vscode-server/bin/7debcd0e2acdea1c52de81bf9ee1620444407dda/node /home/rohan/.vscode-server/bin/7debcd0e2acdea1c52de81bf9ee1620444407dda/node_modules/@github/copilot-linux-x64/index.js --headless --no-auto-update --log-level info --stdio --no-auto-login,0.0,3.2137,249.02,0.0,0.0,0.0,0.0,0.0,44,sleeping,memory
2026-09-22T13:41:57,812,770,MainThread,/home/rohan/.vscode-server/bin/7debcd0e2acdea1c52de81bf9ee1620444407dda/node /home/rohan/.vscode-server/bin/7debcd0e2acdea1c52de81bf9ee1620444407dda/extensions/markdown-language-features/dist/serverWorkerMain --node-ipc --clientProcessId=770,0.0,0.9939,77.02,0.0,0.0,0.49,0.0,0.0,7,sleeping,memory
2026-09-22T13:41:57,833,709,MainThread,/home/rohan/.vscode-server/bin/7debcd0e2acdea1c52de81bf9ee1620444407dda/node /home/rohan/.vscode-server/bin/7debcd0e2acdea1c52de81bf9ee1620444407dda/out/bootstrap-fork --type=ptyHost --logsPath /home/rohan/.vscode-server/data/logs/20260922T120228,0.0,0.976,75.62,0.0,0.0,5.94,0.0,0.0,13,sleeping,memory
2026-09-22T13:41:57,964,833,bash,/bin/bash --init-file /home/rohan/.vscode-server/bin/7debcd0e2acdea1c52de81bf9ee1620444407dda/out/vs/workbench/contrib/terminal/common/scripts/shellIntegration-bash.sh,0.0,0.0673,5.21,0.0,0.0,0.0,0.0,0.0,1,sleeping,memory
2026-09-22T13:41:57,1424,2,SessionLeader,/init,0.0,0.0142,1.1,0.0,0.0,0.0,0.0,0.0,1,sleeping,memory
2026-09-22T13:41:57,1425,1424,Relay(1426),/init,0.0,0.0143,1.11,0.0,0.0,0.0,0.0,0.0,1,sleeping,memory
2026-09-22T13:41:57,1426,1425,bash,-bash,0.0,0.0664,5.14,0.0,0.0,0.0,0.0,0.0,1,sleeping,memory
2026-09-22T13:41:57,4147,770,pet,/home/rohan/.vscode-server/extensions/ms-python.vscode-python-envs-1.37.2026092101-linux-x64/python-env-tools/bin/pet server,0.0,0.0749,5.8,0.0,0.0,0.0,0.0,0.0,21,sleeping,memory
2026-09-22T13:41:57,4156,833,bash,/bin/bash --init-file /home/rohan/.vscode-server/bin/7debcd0e2acdea1c52de81bf9ee1620444407dda/out/vs/workbench/contrib/terminal/common/scripts/shellIntegration-bash.sh,0.0,0.0663,5.14,0.0,0.0,0.0,0.0,0.0,1,sleeping,memory
2026-09-22T13:41:57,4295,770,MainThread,/home/rohan/.vscode-server/bin/7debcd0e2acdea1c52de81bf9ee1620444407dda/node /home/rohan/.vscode-server/extensions/ms-python.vscode-pylance-2026.3.105/dist/server.bundle.js --cancellationReceive=file:2bc56d7a41ee8749874d0000b75c5745f8ddf88b1a --node-ipc --clientProcessId=770,0.0,8.4519,654.91,0.0,0.0,0.99,0.0,0.0,9,sleeping,memory
2026-09-22T13:41:57,5890,2,SessionLeader,/init,0.0,0.0142,1.1,0.0,0.0,0.0,0.0,0.0,1,sleeping,memory
2026-09-22T13:41:57,5891,5890,Relay(5896),/init,0.0,0.0143,1.11,0.0,0.0,0.49,0.0,0.0,1,sleeping,memory
2026-09-22T13:41:57,5896,5891,bash,-bash,0.0,0.0668,5.18,0.0,0.0,0.0,0.0,0.0,1,sleeping,memory
2026-09-22T13:41:57,6172,2,SessionLeader,/init,0.0,0.0142,1.1,0.0,0.0,0.0,0.0,0.0,1,sleeping,memory
2026-09-22T13:41:57,6173,6172,Relay(6174),/init,0.0,0.0143,1.11,0.0,0.0,0.0,0.0,0.0,1,sleeping,memory
2026-09-22T13:41:57,6174,6173,bash,-bash,0.0,0.0665,5.15,0.0,0.0,0.0,0.0,0.0,1,sleeping,memory
2026-09-22T13:41:57,6941,2,SessionLeader,/init,0.0,0.0142,1.1,0.0,0.0,0.0,0.0,0.0,1,sleeping,memory
2026-09-22T13:41:57,6943,6941,Relay(6945),/init,0.0,0.0143,1.11,0.0,0.0,0.0,0.0,0.0,1,sleeping,memory
2026-09-22T13:41:57,6945,6943,bash,-bash,0.0,0.0666,5.16,0.0,0.0,0.0,0.0,0.0,1,sleeping,memory
2026-09-22T13:41:57,8650,2,SessionLeader,/init,0.0,0.0142,1.1,0.0,0.0,0.0,0.0,0.0,1,sleeping,memory
2026-09-22T13:41:57,8652,8650,Relay(8654),/init,0.0,0.0143,1.11,0.0,0.0,0.0,0.0,0.0,1,sleeping,memory
2026-09-22T13:41:57,8654,8652,bash,-bash,0.0,0.0677,5.25,0.0,0.0,0.0,0.0,0.0,1,sleeping,memory
2026-09-22T13:41:57,8853,2,SessionLeader,/init,0.0,0.0142,1.1,0.0,0.0,0.0,0.0,0.0,1,sleeping,memory
2026-09-22T13:41:57,8854,8853,Relay(8858),/init,0.0,0.0143,1.11,0.0,0.0,0.0,0.0,0.0,1,sleeping,memory
2026-09-22T13:41:57,8858,8854,bash,-bash,0.0,0.0679,5.26,0.0,0.0,0.0,0.0,0.0,1,sleeping,memory
2026-09-22T13:41:57,15760,2,SessionLeader,/init,0.0,0.0142,1.1,0.0,0.0,0.0,0.0,0.0,1,sleeping,memory
2026-09-22T13:41:57,15762,15760,Relay(15767),/init,0.0,0.0143,1.11,0.0,0.0,0.0,0.0,0.0,1,sleeping,memory
2026-09-22T13:41:57,15767,15762,bash,-bash,0.0,0.0687,5.32,0.0,0.0,0.0,0.0,0.0,1,sleeping,memory
2026-09-22T13:41:57,15903,2,SessionLeader,/init,0.0,0.0142,1.1,0.0,0.0,0.0,0.0,0.0,1,sleeping,memory
2026-09-22T13:41:57,15904,15903,Relay(15909),/init,0.0,0.0143,1.11,0.0,0.0,0.0,0.0,0.0,1,sleeping,memory
2026-09-22T13:41:57,15909,15904,bash,-bash,0.0,0.0689,5.34,0.0,0.0,0.0,0.0,0.0,1,sleeping,memory
2026-09-22T13:41:57,20518,1,wsl-pro-service,/usr/libexec/wsl-pro-service,0.0,0.1492,11.56,0.0,0.0,0.0,0.0,0.0,8,sleeping,memory
2026-09-22T13:41:59,1,0,systemd,/sbin/init,0.0,0.1643,12.73,0.0,0.0,0.0,0.0,0.0,1,sleeping,memory
2026-09-22T13:41:59,2,1,init-systemd(Ub,/init,0.0,0.0279,2.16,0.0,0.0,0.0,0.0,0.0,2,sleeping,memory
2026-09-22T13:41:59,7,2,init,plan9 --control-socket 7 --log-level 4 --server-fd 8 --pipe-fd 10 --log-truncate,0.0,0.0268,2.08,0.0,0.0,0.0,0.0,0.0,2,sleeping,memory
2026-09-22T13:41:59,43,1,systemd-journald,/usr/lib/systemd/systemd-journald,0.0,0.2001,15.51,0.0,0.0,0.0,0.0,0.0,1,sleeping,memory
2026-09-22T13:41:59,98,1,systemd-udevd,/usr/lib/systemd/systemd-udevd,0.0,0.074,5.73,0.0,0.0,0.0,0.0,0.0,1,sleeping,memory
2026-09-22T13:41:59,177,1,systemd-resolved,/usr/lib/systemd/systemd-resolved,0.0,0.1656,12.83,0.0,0.0,0.0,0.0,0.0,1,sleeping,memory
2026-09-22T13:41:59,178,1,systemd-timesyncd,/usr/lib/systemd/systemd-timesyncd,0.0,0.1002,7.77,0.0,0.0,0.0,0.0,0.0,2,sleeping,memory
2026-09-22T13:41:59,188,1,cron,/usr/sbin/cron -f -P,0.0,0.0338,2.62,0.0,0.0,0.0,0.0,0.0,1,sleeping,memory
2026-09-22T13:41:59,189,1,dbus-daemon,@dbus-daemon --system --address=systemd: --nofork --nopidfile --systemd-activation --syslog-only,0.0,0.0669,5.18,0.0,0.0,0.0,0.0,0.0,1,sleeping,memory
2026-09-22T13:41:59,203,1,systemd-logind,/usr/lib/systemd/systemd-logind,0.0,0.1112,8.62,0.0,0.0,0.0,0.0,0.0,1,sleeping,memory
2026-09-22T13:41:59,217,1,agetty,/sbin/agetty -o -p -- \u --noclear - linux,0.0,0.0249,1.93,0.0,0.0,0.0,0.0,0.0,1,sleeping,memory
2026-09-22T13:41:59,223,1,rsyslogd,/usr/sbin/rsyslogd -n -iNONE,0.0,0.0758,5.87,0.0,0.0,0.0,0.0,0.0,4,sleeping,memory
2026-09-22T13:41:59,236,1,unattended-upgr,/usr/bin/python3 /usr/share/unattended-upgrades/unattended-upgrade-shutdown --wait-for-signal,0.0,0.2778,21.53,0.0,0.0,0.0,0.0,0.0,2,sleeping,memory
2026-09-22T13:41:59,256,1,apache2,/usr/sbin/apache2 -k start,0.0,0.0634,4.91,0.0,0.0,1.0,0.0,0.0,1,sleeping,memory
2026-09-22T13:41:59,257,256,apache2,/usr/sbin/apache2 -k start,0.0,0.0734,5.69,0.0,0.0,0.0,0.0,0.0,27,sleeping,memory
2026-09-22T13:41:59,259,256,apache2,/usr/sbin/apache2 -k start,0.0,0.0734,5.69,0.0,0.0,0.0,0.0,0.0,27,sleeping,memory
2026-09-22T13:41:59,386,2,login,/bin/login -f      ,0.0,0.0584,4.53,0.0,0.0,0.0,0.0,0.0,1,sleeping,memory
2026-09-22T13:41:59,429,1,systemd,/usr/lib/systemd/systemd --user,0.0,0.145,11.24,0.0,0.0,0.0,0.0,0.0,1,sleeping,memory
2026-09-22T13:41:59,430,429,(sd-pam),(sd-pam),0.0,0.0451,3.49,0.0,0.0,0.0,0.0,0.0,1,sleeping,memory
2026-09-22T13:41:59,452,386,bash,-bash,0.0,0.0642,4.98,0.0,0.0,0.0,0.0,0.0,1,sleeping,memory
2026-09-22T13:41:59,486,2,SessionLeader,/init,0.0,0.0142,1.1,0.0,0.0,0.0,0.0,0.0,1,sleeping,memory
2026-09-22T13:41:59,487,486,Relay(488),/init,0.0,0.0159,1.23,0.0,0.0,0.0,0.0,0.0,1,sleeping,memory
2026-09-22T13:41:59,488,487,bash,-bash,0.0,0.0665,5.16,0.0,0.0,0.0,0.0,0.0,1,sleeping,memory
2026-09-22T13:41:59,696,2,SessionLeader,/init,0.0,0.0143,1.11,0.0,0.0,0.0,0.0,0.0,1,sleeping,memory
2026-09-22T13:41:59,697,696,Relay(698),/init,0.0,0.0152,1.18,0.0,0.0,0.0,0.0,0.0,1,sleeping,memory
2026-09-22T13:41:59,698,697,sh,"sh -c ""$VSCODE_WSL_EXT_LOCATION/scripts/wslServer.sh"" 7debcd0e2acdea1c52de81bf9ee1620444407dda stable code-server .vscode-server --host=127.0.0.1 --port=0 --connection-token=826864117-4248089396-2109865724-2149592531 --use-host-proxy --without-browser-env-var --disable-websocket-compression --accept-server-license-terms --telemetry-level=all",0.0,0.024,1.86,0.0,0.0,0.0,0.0,0.0,1,sleeping,memory
2026-09-22T13:41:59,699,698,sh,sh /mnt/c/Users/Rohan/.vscode/extensions/ms-vscode-remote.remote-wsl-0.104.3/scripts/wslServer.sh 7debcd0e2acdea1c52de81bf9ee1620444407dda stable code-server .vscode-server --host=127.0.0.1 --port=0 --connection-token=826864117-4248089396-2109865724-2149592531 --use-host-proxy --without-browser-env-var --disable-websocket-compression --accept-server-license-terms --telemetry-level=all,0.0,0.0251,1.95,0.0,0.0,0.0,0.0,0.0,1,sleeping,memory
2026-09-22T13:41:59,705,699,sh,sh /home/rohan/.vscode-server/bin/7debcd0e2acdea1c52de81bf9ee1620444407dda/bin/code-server --host=127.0.0.1 --port=0 --connection-token=826864117-4248089396-2109865724-2149592531 --use-host-proxy --without-browser-env-var --disable-websocket-compression --accept-server-license-terms --telemetry-level=all,0.0,0.025,1.93,0.0,0.0,0.0,0.0,0.0,1,sleeping,memory
2026-09-22T13:41:59,709,705,MainThread,/home/rohan/.vscode-server/bin/7debcd0e2acdea1c52de81bf9ee1620444407dda/node /home/rohan/.vscode-server/bin/7debcd0e2acdea1c52de81bf9ee1620444407dda/out/server-main.js --host=127.0.0.1 --port=0 --connection-token=826864117-4248089396-2109865724-2149592531 --use-host-proxy --without-browser-env-var --disable-websocket-compression --accept-server-license-terms --telemetry-level=all,0.0,2.2857,177.11,0.0,0.0,4.48,0.0,0.0,11,sleeping,memory
2026-09-22T13:41:59,721,2,SessionLeader,/init,0.0,0.0143,1.11,0.0,0.0,0.0,0.0,0.0,1,sleeping,memory
2026-09-22T13:41:59,722,721,Relay(723),/init,0.0,0.0152,1.18,0.0,0.0,1.49,0.0,0.0,1,sleeping,memory
2026-09-22T13:41:59,723,722,MainThread,"/home/rohan/.vscode-server/bin/7debcd0e2acdea1c52de81bf9ee1620444407dda/node -e const net = require('net'); process.stdin.pause(); const client = net.createConnection({ host: '127.0.0.1', port: 44115 }, () => { client.pipe(process.stdout); process.stdin.pipe(client); }); client.on('close', function (hadError) { console.error(hadError ? 'Remote close with error' : 'Remote close'); process.exit(hadError ? 1 : 0); }); client.on('error', function (err) { process.stderr.write(err && (err.stack || err.message) || String(err)); });",0.0,0.8701,67.42,0.0,0.0,1.49,0.0,0.0,7,sleeping,memory
2026-09-22T13:41:59,730,2,SessionLeader,/init,0.0,0.0143,1.11,0.0,0.0,0.0,0.0,0.0,1,sleeping,memory
2026-09-22T13:41:59,731,730,Relay(732),/init,0.0,0.0152,1.18,0.0,0.0,2.49,0.0,0.0,1,sleeping,memory
2026-09-22T13:41:59,732,731,MainThread,"/home/rohan/.vscode-server/bin/7debcd0e2acdea1c52de81bf9ee1620444407dda/node -e const net = require('net'); process.stdin.pause(); const client = net.createConnection({ host: '127.0.0.1', port: 44115 }, () => { client.pipe(process.stdout); process.stdin.pipe(client); }); client.on('close', function (hadError) { console.error(hadError ? 'Remote close with error' : 'Remote close'); process.exit(hadError ? 1 : 0); }); client.on('error', function (err) { process.stderr.write(err && (err.stack || err.message) || String(err)); });",0.0,0.7845,60.79,0.0,0.0,2.49,0.0,0.0,7,sleeping,memory
2026-09-22T13:41:59,743,709,MainThread,/home/rohan/.vscode-server/bin/7debcd0e2acdea1c52de81bf9ee1620444407dda/node /home/rohan/.vscode-server/bin/7debcd0e2acdea1c52de81bf9ee1620444407dda/out/bootstrap-fork --type=fileWatcher,0.5,0.8807,68.24,0.0,0.0,2.49,0.0,0.0,13,sleeping,memory
2026-09-22T13:41:59,769,709,MainThread,/home/rohan/.vscode-server/bin/7debcd0e2acdea1c52de81bf9ee1620444407dda/node /home/rohan/.vscode-server/bin/7debcd0e2acdea1c52de81bf9ee1620444407dda/out/bootstrap-fork --type=agentHost --logsPath /home/rohan/.vscode-server/data/logs/20260922T120228 --user-data-dir /home/rohan/.vscode-server/data --telemetry-level all,0.0,1.7758,137.6,0.0,0.0,0.5,0.0,0.0,11,sleeping,memory
2026-09-22T13:41:59,770,709,MainThread,/home/rohan/.vscode-server/bin/7debcd0e2acdea1c52de81bf9ee1620444407dda/node --dns-result-order=ipv4first /home/rohan/.vscode-server/bin/7debcd0e2acdea1c52de81bf9ee1620444407dda/out/bootstrap-fork --type=extensionHost --transformURIs --useHostProxy=true,1.0,6.7073,519.73,0.0,0.0,188.35,776.32,0.0,32,sleeping,memory
2026-09-22T13:41:59,811,769,MainThread,/home/rohan/.vscode-server/bin/7debcd0e2acdea1c52de81bf9ee1620444407dda/node /home/rohan/.vscode-server/bin/7debcd0e2acdea1c52de81bf9ee1620444407dda/node_modules/@github/copilot-linux-x64/index.js --headless --no-auto-update --log-level info --stdio --no-auto-login,0.0,3.2137,249.02,0.0,0.0,0.0,0.0,0.0,44,sleeping,memory
2026-09-22T13:41:59,812,770,MainThread,/home/rohan/.vscode-server/bin/7debcd0e2acdea1c52de81bf9ee1620444407dda/node /home/rohan/.vscode-server/bin/7debcd0e2acdea1c52de81bf9ee1620444407dda/extensions/markdown-language-features/dist/serverWorkerMain --node-ipc --clientProcessId=770,0.0,0.9939,77.02,0.0,0.0,0.0,0.0,0.0,7,sleeping,memory
2026-09-22T13:41:59,833,709,MainThread,/home/rohan/.vscode-server/bin/7debcd0e2acdea1c52de81bf9ee1620444407dda/node /home/rohan/.vscode-server/bin/7debcd0e2acdea1c52de81bf9ee1620444407dda/out/bootstrap-fork --type=ptyHost --logsPath /home/rohan/.vscode-server/data/logs/20260922T120228,0.0,0.976,75.62,0.0,0.0,4.98,0.0,0.0,13,sleeping,memory
2026-09-22T13:41:59,964,833,bash,/bin/bash --init-file /home/rohan/.vscode-server/bin/7debcd0e2acdea1c52de81bf9ee1620444407dda/out/vs/workbench/contrib/terminal/common/scripts/shellIntegration-bash.sh,0.0,0.0673,5.21,0.0,0.0,0.0,0.0,0.0,1,sleeping,memory
2026-09-22T13:41:59,1424,2,SessionLeader,/init,0.0,0.0142,1.1,0.0,0.0,0.0,0.0,0.0,1,sleeping,memory
2026-09-22T13:41:59,1425,1424,Relay(1426),/init,0.0,0.0143,1.11,0.0,0.0,0.0,0.0,0.0,1,sleeping,memory
2026-09-22T13:41:59,1426,1425,bash,-bash,0.0,0.0664,5.14,0.0,0.0,0.0,0.0,0.0,1,sleeping,memory
2026-09-22T13:41:59,4147,770,pet,/home/rohan/.vscode-server/extensions/ms-python.vscode-python-envs-1.37.2026092101-linux-x64/python-env-tools/bin/pet server,0.0,0.0749,5.8,0.0,0.0,0.0,0.0,0.0,21,sleeping,memory
2026-09-22T13:41:59,4156,833,bash,/bin/bash --init-file /home/rohan/.vscode-server/bin/7debcd0e2acdea1c52de81bf9ee1620444407dda/out/vs/workbench/contrib/terminal/common/scripts/shellIntegration-bash.sh,0.0,0.0663,5.14,0.0,0.0,0.0,0.0,0.0,1,sleeping,memory
2026-09-22T13:41:59,4295,770,MainThread,/home/rohan/.vscode-server/bin/7debcd0e2acdea1c52de81bf9ee1620444407dda/node /home/rohan/.vscode-server/extensions/ms-python.vscode-pylance-2026.3.105/dist/server.bundle.js --cancellationReceive=file:2bc56d7a41ee8749874d0000b75c5745f8ddf88b1a --node-ipc --clientProcessId=770,0.0,8.4519,654.91,0.0,0.0,0.5,0.0,0.0,9,sleeping,memory
2026-09-22T13:41:59,5890,2,SessionLeader,/init,0.0,0.0142,1.1,0.0,0.0,0.0,0.0,0.0,1,sleeping,memory
2026-09-22T13:41:59,5891,5890,Relay(5896),/init,0.0,0.0143,1.11,0.0,0.0,0.5,0.0,0.0,1,sleeping,memory
2026-09-22T13:41:59,5896,5891,bash,-bash,0.0,0.0668,5.18,0.0,0.0,0.0,0.0,0.0,1,sleeping,memory
2026-09-22T13:41:59,6172,2,SessionLeader,/init,0.0,0.0142,1.1,0.0,0.0,0.0,0.0,0.0,1,sleeping,memory
2026-09-22T13:41:59,6173,6172,Relay(6174),/init,0.0,0.0143,1.11,0.0,0.0,0.0,0.0,0.0,1,sleeping,memory
2026-09-22T13:41:59,6174,6173,bash,-bash,0.0,0.0665,5.15,0.0,0.0,0.0,0.0,0.0,1,sleeping,memory
2026-09-22T13:41:59,6941,2,SessionLeader,/init,0.0,0.0142,1.1,0.0,0.0,0.0,0.0,0.0,1,sleeping,memory
2026-09-22T13:41:59,6943,6941,Relay(6945),/init,0.0,0.0143,1.11,0.0,0.0,0.0,0.0,0.0,1,sleeping,memory
2026-09-22T13:41:59,6945,6943,bash,-bash,0.0,0.0666,5.16,0.0,0.0,0.0,0.0,0.0,1,sleeping,memory
2026-09-22T13:41:59,8650,2,SessionLeader,/init,0.0,0.0142,1.1,0.0,0.0,0.0,0.0,0.0,1,sleeping,memory
2026-09-22T13:41:59,8652,8650,Relay(8654),/init,0.0,0.0143,1.11,0.0,0.0,0.0,0.0,0.0,1,sleeping,memory
2026-09-22T13:41:59,8654,8652,bash,-bash,0.0,0.0677,5.25,0.0,0.0,0.0,0.0,0.0,1,sleeping,memory
2026-09-22T13:41:59,8853,2,SessionLeader,/init,0.0,0.0142,1.1,0.0,0.0,0.0,0.0,0.0,1,sleeping,memory
2026-09-22T13:41:59,8854,8853,Relay(8858),/init,0.0,0.0143,1.11,0.0,0.0,0.0,0.0,0.0,1,sleeping,memory
2026-09-22T13:41:59,8858,8854,bash,-bash,0.0,0.0679,5.26,0.0,0.0,0.0,0.0,0.0,1,sleeping,memory
2026-09-22T13:41:59,15760,2,SessionLeader,/init,0.0,0.0142,1.1,0.0,0.0,0.0,0.0,0.0,1,sleeping,memory
2026-09-22T13:41:59,15762,15760,Relay(15767),/init,0.0,0.0143,1.11,0.0,0.0,0.0,0.0,0.0,1,sleeping,memory
2026-09-22T13:41:59,15767,15762,bash,-bash,0.0,0.0687,5.32,0.0,0.0,0.0,0.0,0.0,1,sleeping,memory
2026-09-22T13:41:59,15903,2,SessionLeader,/init,0.0,0.0142,1.1,0.0,0.0,0.0,0.0,0.0,1,sleeping,memory
2026-09-22T13:41:59,15904,15903,Relay(15909),/init,0.0,0.0143,1.11,0.0,0.0,1.99,0.0,0.0,1,sleeping,memory
2026-09-22T13:41:59,15909,15904,bash,-bash,0.5,0.0689,5.34,0.0,0.0,0.5,15.45,0.0,1,sleeping,memory
2026-09-22T13:41:59,20518,1,wsl-pro-service,/usr/libexec/wsl-pro-service,0.0,0.1492,11.56,0.0,0.0,0.0,0.0,0.0,8,sleeping,memory
2026-09-22T13:41:59,22465,15909,python,python workloads/memory/memory_workload.py,0.0,13.2388,1025.83,0,0,0,0,0,20,running,memory
2026-09-22T13:42:01,1,0,systemd,/sbin/init,0.0,0.1643,12.73,0.0,0.0,1.0,0.0,0.0,1,sleeping,memory
2026-09-22T13:42:01,2,1,init-systemd(Ub,/init,0.0,0.0279,2.16,0.0,0.0,0.0,0.0,0.0,2,sleeping,memory
2026-09-22T13:42:01,7,2,init,plan9 --control-socket 7 --log-level 4 --server-fd 8 --pipe-fd 10 --log-truncate,0.0,0.0268,2.08,0.0,0.0,0.0,0.0,0.0,2,sleeping,memory
2026-09-22T13:42:01,43,1,systemd-journald,/usr/lib/systemd/systemd-journald,1.0,0.2001,15.51,0.0,0.0,5.98,914.7,1.49,1,sleeping,memory
2026-09-22T13:42:01,98,1,systemd-udevd,/usr/lib/systemd/systemd-udevd,0.0,0.074,5.73,0.0,0.0,0.0,0.0,0.0,1,sleeping,memory
2026-09-22T13:42:01,177,1,systemd-resolved,/usr/lib/systemd/systemd-resolved,0.0,0.1656,12.83,0.0,0.0,1.0,0.0,0.0,1,sleeping,memory
2026-09-22T13:42:01,178,1,systemd-timesyncd,/usr/lib/systemd/systemd-timesyncd,0.0,0.1002,7.77,0.0,0.0,1.0,0.0,0.0,2,sleeping,memory
2026-09-22T13:42:01,188,1,cron,/usr/sbin/cron -f -P,0.0,0.0338,2.62,0.0,0.0,0.5,0.0,0.0,1,sleeping,memory
2026-09-22T13:42:01,189,1,dbus-daemon,@dbus-daemon --system --address=systemd: --nofork --nopidfile --systemd-activation --syslog-only,0.5,0.0669,5.18,0.0,0.0,1.49,0.0,0.0,1,sleeping,memory
2026-09-22T13:42:01,203,1,systemd-logind,/usr/lib/systemd/systemd-logind,0.0,0.1112,8.62,0.0,0.0,1.99,0.0,0.0,1,sleeping,memory
2026-09-22T13:42:01,217,1,agetty,/sbin/agetty -o -p -- \u --noclear - linux,0.0,0.0249,1.93,0.0,0.0,0.0,0.0,0.0,1,sleeping,memory
2026-09-22T13:42:01,223,1,rsyslogd,/usr/sbin/rsyslogd -n -iNONE,0.0,0.0758,5.87,0.0,0.0,0.0,0.0,0.0,4,sleeping,memory
2026-09-22T13:42:01,236,1,unattended-upgr,/usr/bin/python3 /usr/share/unattended-upgrades/unattended-upgrade-shutdown --wait-for-signal,0.0,0.2778,21.53,0.0,0.0,0.0,0.0,0.0,2,sleeping,memory
2026-09-22T13:42:01,256,1,apache2,/usr/sbin/apache2 -k start,0.0,0.0634,4.91,0.0,0.0,1.0,0.0,0.0,1,sleeping,memory
2026-09-22T13:42:01,257,256,apache2,/usr/sbin/apache2 -k start,0.0,0.0734,5.69,0.0,0.0,0.0,0.0,0.0,27,sleeping,memory
2026-09-22T13:42:01,259,256,apache2,/usr/sbin/apache2 -k start,0.0,0.0734,5.69,0.0,0.0,0.0,0.0,0.0,27,sleeping,memory
2026-09-22T13:42:01,386,2,login,/bin/login -f      ,0.0,0.0584,4.53,0.0,0.0,0.0,0.0,0.0,1,sleeping,memory
2026-09-22T13:42:01,429,1,systemd,/usr/lib/systemd/systemd --user,0.0,0.145,11.24,0.0,0.0,1.0,0.0,0.0,1,sleeping,memory
2026-09-22T13:42:01,430,429,(sd-pam),(sd-pam),0.0,0.0451,3.49,0.0,0.0,0.0,0.0,0.0,1,sleeping,memory
2026-09-22T13:42:01,452,386,bash,-bash,0.0,0.0642,4.98,0.0,0.0,0.0,0.0,0.0,1,sleeping,memory
2026-09-22T13:42:01,486,2,SessionLeader,/init,0.0,0.0142,1.1,0.0,0.0,0.0,0.0,0.0,1,sleeping,memory
2026-09-22T13:42:01,487,486,Relay(488),/init,0.0,0.0159,1.23,0.0,0.0,0.0,0.0,0.0,1,sleeping,memory
2026-09-22T13:42:01,488,487,bash,-bash,0.0,0.0665,5.16,0.0,0.0,0.0,0.0,0.0,1,sleeping,memory
2026-09-22T13:42:01,696,2,SessionLeader,/init,0.0,0.0143,1.11,0.0,0.0,0.0,0.0,0.0,1,sleeping,memory
2026-09-22T13:42:01,697,696,Relay(698),/init,0.0,0.0152,1.18,0.0,0.0,0.0,0.0,0.0,1,sleeping,memory
2026-09-22T13:42:01,698,697,sh,"sh -c ""$VSCODE_WSL_EXT_LOCATION/scripts/wslServer.sh"" 7debcd0e2acdea1c52de81bf9ee1620444407dda stable code-server .vscode-server --host=127.0.0.1 --port=0 --connection-token=826864117-4248089396-2109865724-2149592531 --use-host-proxy --without-browser-env-var --disable-websocket-compression --accept-server-license-terms --telemetry-level=all",0.0,0.024,1.86,0.0,0.0,0.0,0.0,0.0,1,sleeping,memory
2026-09-22T13:42:01,699,698,sh,sh /mnt/c/Users/Rohan/.vscode/extensions/ms-vscode-remote.remote-wsl-0.104.3/scripts/wslServer.sh 7debcd0e2acdea1c52de81bf9ee1620444407dda stable code-server .vscode-server --host=127.0.0.1 --port=0 --connection-token=826864117-4248089396-2109865724-2149592531 --use-host-proxy --without-browser-env-var --disable-websocket-compression --accept-server-license-terms --telemetry-level=all,0.0,0.0251,1.95,0.0,0.0,0.0,0.0,0.0,1,sleeping,memory
2026-09-22T13:42:01,705,699,sh,sh /home/rohan/.vscode-server/bin/7debcd0e2acdea1c52de81bf9ee1620444407dda/bin/code-server --host=127.0.0.1 --port=0 --connection-token=826864117-4248089396-2109865724-2149592531 --use-host-proxy --without-browser-env-var --disable-websocket-compression --accept-server-license-terms --telemetry-level=all,0.0,0.025,1.93,0.0,0.0,0.0,0.0,0.0,1,sleeping,memory
2026-09-22T13:42:01,709,705,MainThread,/home/rohan/.vscode-server/bin/7debcd0e2acdea1c52de81bf9ee1620444407dda/node /home/rohan/.vscode-server/bin/7debcd0e2acdea1c52de81bf9ee1620444407dda/out/server-main.js --host=127.0.0.1 --port=0 --connection-token=826864117-4248089396-2109865724-2149592531 --use-host-proxy --without-browser-env-var --disable-websocket-compression --accept-server-license-terms --telemetry-level=all,0.5,2.2857,177.11,0.0,0.0,4.48,0.0,0.0,11,sleeping,memory
2026-09-22T13:42:01,721,2,SessionLeader,/init,0.0,0.0143,1.11,0.0,0.0,0.0,0.0,0.0,1,sleeping,memory
2026-09-22T13:42:01,722,721,Relay(723),/init,0.0,0.0152,1.18,0.0,0.0,0.5,0.0,0.0,1,sleeping,memory
2026-09-22T13:42:01,723,722,MainThread,"/home/rohan/.vscode-server/bin/7debcd0e2acdea1c52de81bf9ee1620444407dda/node -e const net = require('net'); process.stdin.pause(); const client = net.createConnection({ host: '127.0.0.1', port: 44115 }, () => { client.pipe(process.stdout); process.stdin.pipe(client); }); client.on('close', function (hadError) { console.error(hadError ? 'Remote close with error' : 'Remote close'); process.exit(hadError ? 1 : 0); }); client.on('error', function (err) { process.stderr.write(err && (err.stack || err.message) || String(err)); });",0.0,0.8701,67.42,0.0,0.0,0.5,0.0,0.0,7,sleeping,memory
2026-09-22T13:42:01,730,2,SessionLeader,/init,0.0,0.0143,1.11,0.0,0.0,0.0,0.0,0.0,1,sleeping,memory
2026-09-22T13:42:01,731,730,Relay(732),/init,0.0,0.0152,1.18,0.0,0.0,1.99,0.0,0.0,1,sleeping,memory
2026-09-22T13:42:01,732,731,MainThread,"/home/rohan/.vscode-server/bin/7debcd0e2acdea1c52de81bf9ee1620444407dda/node -e const net = require('net'); process.stdin.pause(); const client = net.createConnection({ host: '127.0.0.1', port: 44115 }, () => { client.pipe(process.stdout); process.stdin.pipe(client); }); client.on('close', function (hadError) { console.error(hadError ? 'Remote close with error' : 'Remote close'); process.exit(hadError ? 1 : 0); }); client.on('error', function (err) { process.stderr.write(err && (err.stack || err.message) || String(err)); });",0.0,0.7845,60.79,0.0,0.0,1.99,0.0,0.0,7,sleeping,memory
2026-09-22T13:42:01,743,709,MainThread,/home/rohan/.vscode-server/bin/7debcd0e2acdea1c52de81bf9ee1620444407dda/node /home/rohan/.vscode-server/bin/7debcd0e2acdea1c52de81bf9ee1620444407dda/out/bootstrap-fork --type=fileWatcher,0.0,0.8807,68.24,0.0,0.0,1.99,0.0,0.0,13,sleeping,memory
2026-09-22T13:42:01,769,709,MainThread,/home/rohan/.vscode-server/bin/7debcd0e2acdea1c52de81bf9ee1620444407dda/node /home/rohan/.vscode-server/bin/7debcd0e2acdea1c52de81bf9ee1620444407dda/out/bootstrap-fork --type=agentHost --logsPath /home/rohan/.vscode-server/data/logs/20260922T120228 --user-data-dir /home/rohan/.vscode-server/data --telemetry-level all,0.0,1.7758,137.6,0.0,0.0,0.0,0.0,0.0,11,sleeping,memory
2026-09-22T13:42:01,770,709,MainThread,/home/rohan/.vscode-server/bin/7debcd0e2acdea1c52de81bf9ee1620444407dda/node --dns-result-order=ipv4first /home/rohan/.vscode-server/bin/7debcd0e2acdea1c52de81bf9ee1620444407dda/out/bootstrap-fork --type=extensionHost --transformURIs --useHostProxy=true,1.5,6.7073,519.73,0.0,0.0,190.8,927.09,0.0,32,sleeping,memory
2026-09-22T13:42:01,811,769,MainThread,/home/rohan/.vscode-server/bin/7debcd0e2acdea1c52de81bf9ee1620444407dda/node /home/rohan/.vscode-server/bin/7debcd0e2acdea1c52de81bf9ee1620444407dda/node_modules/@github/copilot-linux-x64/index.js --headless --no-auto-update --log-level info --stdio --no-auto-login,0.0,3.2137,249.02,0.0,0.0,0.0,0.0,0.0,44,sleeping,memory
2026-09-22T13:42:01,812,770,MainThread,/home/rohan/.vscode-server/bin/7debcd0e2acdea1c52de81bf9ee1620444407dda/node /home/rohan/.vscode-server/bin/7debcd0e2acdea1c52de81bf9ee1620444407dda/extensions/markdown-language-features/dist/serverWorkerMain --node-ipc --clientProcessId=770,0.0,0.9939,77.02,0.0,0.0,0.5,0.0,0.0,7,sleeping,memory
2026-09-22T13:42:01,833,709,MainThread,/home/rohan/.vscode-server/bin/7debcd0e2acdea1c52de81bf9ee1620444407dda/node /home/rohan/.vscode-server/bin/7debcd0e2acdea1c52de81bf9ee1620444407dda/out/bootstrap-fork --type=ptyHost --logsPath /home/rohan/.vscode-server/data/logs/20260922T120228,0.0,0.976,75.62,0.0,0.0,7.97,0.0,0.0,13,sleeping,memory
2026-09-22T13:42:01,964,833,bash,/bin/bash --init-file /home/rohan/.vscode-server/bin/7debcd0e2acdea1c52de81bf9ee1620444407dda/out/vs/workbench/contrib/terminal/common/scripts/shellIntegration-bash.sh,0.0,0.0673,5.21,0.0,0.0,0.0,0.0,0.0,1,sleeping,memory
2026-09-22T13:42:01,1424,2,SessionLeader,/init,0.0,0.0142,1.1,0.0,0.0,0.0,0.0,0.0,1,sleeping,memory
2026-09-22T13:42:01,1425,1424,Relay(1426),/init,0.0,0.0143,1.11,0.0,0.0,0.0,0.0,0.0,1,sleeping,memory
2026-09-22T13:42:01,1426,1425,bash,-bash,0.0,0.0664,5.14,0.0,0.0,0.0,0.0,0.0,1,sleeping,memory
2026-09-22T13:42:01,4147,770,pet,/home/rohan/.vscode-server/extensions/ms-python.vscode-python-envs-1.37.2026092101-linux-x64/python-env-tools/bin/pet server,0.0,0.0749,5.8,0.0,0.0,0.0,0.0,0.0,21,sleeping,memory
2026-09-22T13:42:01,4156,833,bash,/bin/bash --init-file /home/rohan/.vscode-server/bin/7debcd0e2acdea1c52de81bf9ee1620444407dda/out/vs/workbench/contrib/terminal/common/scripts/shellIntegration-bash.sh,0.0,0.0663,5.14,0.0,0.0,0.0,0.0,0.0,1,sleeping,memory
2026-09-22T13:42:01,4295,770,MainThread,/home/rohan/.vscode-server/bin/7debcd0e2acdea1c52de81bf9ee1620444407dda/node /home/rohan/.vscode-server/extensions/ms-python.vscode-pylance-2026.3.105/dist/server.bundle.js --cancellationReceive=file:2bc56d7a41ee8749874d0000b75c5745f8ddf88b1a --node-ipc --clientProcessId=770,0.5,8.4519,654.91,0.0,0.0,1.0,0.0,0.0,9,sleeping,memory
2026-09-22T13:42:01,5890,2,SessionLeader,/init,0.0,0.0142,1.1,0.0,0.0,0.0,0.0,0.0,1,sleeping,memory
2026-09-22T13:42:01,5891,5890,Relay(5896),/init,0.0,0.0143,1.11,0.0,0.0,0.5,0.0,0.0,1,sleeping,memory
2026-09-22T13:42:01,5896,5891,bash,-bash,0.0,0.0668,5.18,0.0,0.0,0.0,0.0,0.0,1,sleeping,memory
2026-09-22T13:42:01,6172,2,SessionLeader,/init,0.0,0.0142,1.1,0.0,0.0,0.0,0.0,0.0,1,sleeping,memory
2026-09-22T13:42:01,6173,6172,Relay(6174),/init,0.0,0.0143,1.11,0.0,0.0,0.0,0.0,0.0,1,sleeping,memory
2026-09-22T13:42:01,6174,6173,bash,-bash,0.0,0.0665,5.15,0.0,0.0,0.0,0.0,0.0,1,sleeping,memory
2026-09-22T13:42:01,6941,2,SessionLeader,/init,0.0,0.0142,1.1,0.0,0.0,0.0,0.0,0.0,1,sleeping,memory
2026-09-22T13:42:01,6943,6941,Relay(6945),/init,0.0,0.0143,1.11,0.0,0.0,0.0,0.0,0.0,1,sleeping,memory
2026-09-22T13:42:01,6945,6943,bash,-bash,0.0,0.0666,5.16,0.0,0.0,0.0,0.0,0.0,1,sleeping,memory
2026-09-22T13:42:01,8650,2,SessionLeader,/init,0.0,0.0142,1.1,0.0,0.0,0.0,0.0,0.0,1,sleeping,memory
2026-09-22T13:42:01,8652,8650,Relay(8654),/init,0.0,0.0143,1.11,0.0,0.0,0.0,0.0,0.0,1,sleeping,memory
2026-09-22T13:42:01,8654,8652,bash,-bash,0.0,0.0677,5.25,0.0,0.0,0.0,0.0,0.0,1,sleeping,memory
2026-09-22T13:42:01,8853,2,SessionLeader,/init,0.0,0.0142,1.1,0.0,0.0,0.0,0.0,0.0,1,sleeping,memory
2026-09-22T13:42:01,8854,8853,Relay(8858),/init,0.0,0.0143,1.11,0.0,0.0,0.0,0.0,0.0,1,sleeping,memory
2026-09-22T13:42:01,8858,8854,bash,-bash,0.0,0.0679,5.26,0.0,0.0,0.0,0.0,0.0,1,sleeping,memory
2026-09-22T13:42:01,15760,2,SessionLeader,/init,0.0,0.0142,1.1,0.0,0.0,0.0,0.0,0.0,1,sleeping,memory
2026-09-22T13:42:01,15762,15760,Relay(15767),/init,0.0,0.0143,1.11,0.0,0.0,0.0,0.0,0.0,1,sleeping,memory
2026-09-22T13:42:01,15767,15762,bash,-bash,0.0,0.0687,5.32,0.0,0.0,0.0,0.0,0.0,1,sleeping,memory
2026-09-22T13:42:01,15903,2,SessionLeader,/init,0.0,0.0142,1.1,0.0,0.0,0.0,0.0,0.0,1,sleeping,memory
2026-09-22T13:42:01,15904,15903,Relay(15909),/init,0.0,0.0143,1.11,0.0,0.0,0.0,0.0,0.0,1,sleeping,memory
2026-09-22T13:42:01,15909,15904,bash,-bash,0.0,0.0689,5.34,0.0,0.0,0.0,0.0,0.0,1,sleeping,memory
2026-09-22T13:42:01,20518,1,wsl-pro-service,/usr/libexec/wsl-pro-service,0.0,0.1492,11.56,0.0,0.0,0.0,0.0,0.0,8,sleeping,memory
2026-09-22T13:42:01,22465,15909,python,python workloads/memory/memory_workload.py,99.6,13.2388,1025.83,0.0,0.0,3.99,0.0,0.0,20,running,memory
2026-09-22T13:42:03,1,0,systemd,/sbin/init,0.0,0.1643,12.73,0.0,0.0,0.0,0.0,0.0,1,sleeping,memory
2026-09-22T13:42:03,2,1,init-systemd(Ub,/init,0.0,0.0279,2.16,0.0,0.0,0.0,0.0,0.0,2,sleeping,memory
2026-09-22T13:42:03,7,2,init,plan9 --control-socket 7 --log-level 4 --server-fd 8 --pipe-fd 10 --log-truncate,0.0,0.0268,2.08,0.0,0.0,0.0,0.0,0.0,2,sleeping,memory
2026-09-22T13:42:03,43,1,systemd-journald,/usr/lib/systemd/systemd-journald,0.0,0.2001,15.51,0.0,0.0,0.5,0.0,0.0,1,sleeping,memory
2026-09-22T13:42:03,98,1,systemd-udevd,/usr/lib/systemd/systemd-udevd,0.0,0.074,5.73,0.0,0.0,0.0,0.0,0.0,1,sleeping,memory
2026-09-22T13:42:03,177,1,systemd-resolved,/usr/lib/systemd/systemd-resolved,0.0,0.1656,12.83,0.0,0.0,0.0,0.0,0.0,1,sleeping,memory
2026-09-22T13:42:03,178,1,systemd-timesyncd,/usr/lib/systemd/systemd-timesyncd,0.0,0.1002,7.77,0.0,0.0,0.0,0.0,0.0,2,sleeping,memory
2026-09-22T13:42:03,188,1,cron,/usr/sbin/cron -f -P,0.0,0.0338,2.62,0.0,0.0,0.0,0.0,0.0,1,sleeping,memory
2026-09-22T13:42:03,189,1,dbus-daemon,@dbus-daemon --system --address=systemd: --nofork --nopidfile --systemd-activation --syslog-only,0.0,0.0669,5.18,0.0,0.0,0.0,0.0,0.0,1,sleeping,memory
2026-09-22T13:42:03,203,1,systemd-logind,/usr/lib/systemd/systemd-logind,0.0,0.1112,8.62,0.0,0.0,0.0,0.0,0.0,1,sleeping,memory
2026-09-22T13:42:03,217,1,agetty,/sbin/agetty -o -p -- \u --noclear - linux,0.0,0.0249,1.93,0.0,0.0,0.0,0.0,0.0,1,sleeping,memory
2026-09-22T13:42:03,223,1,rsyslogd,/usr/sbin/rsyslogd -n -iNONE,0.0,0.0758,5.87,0.0,0.0,0.0,0.0,0.0,4,sleeping,memory
2026-09-22T13:42:03,236,1,unattended-upgr,/usr/bin/python3 /usr/share/unattended-upgrades/unattended-upgrade-shutdown --wait-for-signal,0.0,0.2778,21.53,0.0,0.0,0.0,0.0,0.0,2,sleeping,memory
2026-09-22T13:42:03,256,1,apache2,/usr/sbin/apache2 -k start,0.0,0.0634,4.91,0.0,0.0,1.0,0.0,0.0,1,sleeping,memory
2026-09-22T13:42:03,257,256,apache2,/usr/sbin/apache2 -k start,0.0,0.0734,5.69,0.0,0.0,0.0,0.0,0.0,27,sleeping,memory
2026-09-22T13:42:03,259,256,apache2,/usr/sbin/apache2 -k start,0.0,0.0734,5.69,0.0,0.0,0.0,0.0,0.0,27,sleeping,memory
2026-09-22T13:42:03,386,2,login,/bin/login -f      ,0.0,0.0584,4.53,0.0,0.0,0.0,0.0,0.0,1,sleeping,memory
2026-09-22T13:42:03,429,1,systemd,/usr/lib/systemd/systemd --user,0.0,0.145,11.24,0.0,0.0,0.0,0.0,0.0,1,sleeping,memory
2026-09-22T13:42:03,430,429,(sd-pam),(sd-pam),0.0,0.0451,3.49,0.0,0.0,0.0,0.0,0.0,1,sleeping,memory
2026-09-22T13:42:03,452,386,bash,-bash,0.0,0.0642,4.98,0.0,0.0,0.0,0.0,0.0,1,sleeping,memory
2026-09-22T13:42:03,486,2,SessionLeader,/init,0.0,0.0142,1.1,0.0,0.0,0.0,0.0,0.0,1,sleeping,memory
2026-09-22T13:42:03,487,486,Relay(488),/init,0.0,0.0159,1.23,0.0,0.0,0.0,0.0,0.0,1,sleeping,memory
2026-09-22T13:42:03,488,487,bash,-bash,0.0,0.0665,5.16,0.0,0.0,0.0,0.0,0.0,1,sleeping,memory
2026-09-22T13:42:03,696,2,SessionLeader,/init,0.0,0.0143,1.11,0.0,0.0,0.0,0.0,0.0,1,sleeping,memory
2026-09-22T13:42:03,697,696,Relay(698),/init,0.0,0.0152,1.18,0.0,0.0,0.0,0.0,0.0,1,sleeping,memory
2026-09-22T13:42:03,698,697,sh,"sh -c ""$VSCODE_WSL_EXT_LOCATION/scripts/wslServer.sh"" 7debcd0e2acdea1c52de81bf9ee1620444407dda stable code-server .vscode-server --host=127.0.0.1 --port=0 --connection-token=826864117-4248089396-2109865724-2149592531 --use-host-proxy --without-browser-env-var --disable-websocket-compression --accept-server-license-terms --telemetry-level=all",0.0,0.024,1.86,0.0,0.0,0.0,0.0,0.0,1,sleeping,memory
2026-09-22T13:42:03,699,698,sh,sh /mnt/c/Users/Rohan/.vscode/extensions/ms-vscode-remote.remote-wsl-0.104.3/scripts/wslServer.sh 7debcd0e2acdea1c52de81bf9ee1620444407dda stable code-server .vscode-server --host=127.0.0.1 --port=0 --connection-token=826864117-4248089396-2109865724-2149592531 --use-host-proxy --without-browser-env-var --disable-websocket-compression --accept-server-license-terms --telemetry-level=all,0.0,0.0251,1.95,0.0,0.0,0.0,0.0,0.0,1,sleeping,memory
2026-09-22T13:42:03,705,699,sh,sh /home/rohan/.vscode-server/bin/7debcd0e2acdea1c52de81bf9ee1620444407dda/bin/code-server --host=127.0.0.1 --port=0 --connection-token=826864117-4248089396-2109865724-2149592531 --use-host-proxy --without-browser-env-var --disable-websocket-compression --accept-server-license-terms --telemetry-level=all,0.0,0.025,1.93,0.0,0.0,0.0,0.0,0.0,1,sleeping,memory
2026-09-22T13:42:03,709,705,MainThread,/home/rohan/.vscode-server/bin/7debcd0e2acdea1c52de81bf9ee1620444407dda/node /home/rohan/.vscode-server/bin/7debcd0e2acdea1c52de81bf9ee1620444407dda/out/server-main.js --host=127.0.0.1 --port=0 --connection-token=826864117-4248089396-2109865724-2149592531 --use-host-proxy --without-browser-env-var --disable-websocket-compression --accept-server-license-terms --telemetry-level=all,0.0,2.2857,177.11,0.0,0.0,5.98,0.0,0.0,11,sleeping,memory
2026-09-22T13:42:03,721,2,SessionLeader,/init,0.0,0.0143,1.11,0.0,0.0,0.0,0.0,0.0,1,sleeping,memory
2026-09-22T13:42:03,722,721,Relay(723),/init,0.0,0.0152,1.18,0.0,0.0,1.99,0.0,0.0,1,sleeping,memory
2026-09-22T13:42:03,723,722,MainThread,"/home/rohan/.vscode-server/bin/7debcd0e2acdea1c52de81bf9ee1620444407dda/node -e const net = require('net'); process.stdin.pause(); const client = net.createConnection({ host: '127.0.0.1', port: 44115 }, () => { client.pipe(process.stdout); process.stdin.pipe(client); }); client.on('close', function (hadError) { console.error(hadError ? 'Remote close with error' : 'Remote close'); process.exit(hadError ? 1 : 0); }); client.on('error', function (err) { process.stderr.write(err && (err.stack || err.message) || String(err)); });",0.0,0.8701,67.42,0.0,0.0,1.99,0.0,0.0,7,sleeping,memory
2026-09-22T13:42:03,730,2,SessionLeader,/init,0.0,0.0143,1.11,0.0,0.0,0.0,0.0,0.0,1,sleeping,memory
2026-09-22T13:42:03,731,730,Relay(732),/init,0.0,0.0152,1.18,0.0,0.0,1.0,0.0,0.0,1,sleeping,memory
2026-09-22T13:42:03,732,731,MainThread,"/home/rohan/.vscode-server/bin/7debcd0e2acdea1c52de81bf9ee1620444407dda/node -e const net = require('net'); process.stdin.pause(); const client = net.createConnection({ host: '127.0.0.1', port: 44115 }, () => { client.pipe(process.stdout); process.stdin.pipe(client); }); client.on('close', function (hadError) { console.error(hadError ? 'Remote close with error' : 'Remote close'); process.exit(hadError ? 1 : 0); }); client.on('error', function (err) { process.stderr.write(err && (err.stack || err.message) || String(err)); });",0.5,0.7845,60.79,0.0,0.0,1.0,0.0,0.0,7,sleeping,memory
2026-09-22T13:42:03,743,709,MainThread,/home/rohan/.vscode-server/bin/7debcd0e2acdea1c52de81bf9ee1620444407dda/node /home/rohan/.vscode-server/bin/7debcd0e2acdea1c52de81bf9ee1620444407dda/out/bootstrap-fork --type=fileWatcher,0.0,0.8807,68.24,0.0,0.0,1.49,0.0,0.0,13,sleeping,memory
2026-09-22T13:42:03,769,709,MainThread,/home/rohan/.vscode-server/bin/7debcd0e2acdea1c52de81bf9ee1620444407dda/node /home/rohan/.vscode-server/bin/7debcd0e2acdea1c52de81bf9ee1620444407dda/out/bootstrap-fork --type=agentHost --logsPath /home/rohan/.vscode-server/data/logs/20260922T120228 --user-data-dir /home/rohan/.vscode-server/data --telemetry-level all,0.0,1.7758,137.6,0.0,2040.5,3.99,0.0,0.0,11,sleeping,memory
2026-09-22T13:42:03,770,709,MainThread,/home/rohan/.vscode-server/bin/7debcd0e2acdea1c52de81bf9ee1620444407dda/node --dns-result-order=ipv4first /home/rohan/.vscode-server/bin/7debcd0e2acdea1c52de81bf9ee1620444407dda/out/bootstrap-fork --type=extensionHost --transformURIs --useHostProxy=true,1.0,6.7073,519.73,0.0,0.0,191.8,790.6,0.0,32,sleeping,memory
2026-09-22T13:42:03,811,769,MainThread,/home/rohan/.vscode-server/bin/7debcd0e2acdea1c52de81bf9ee1620444407dda/node /home/rohan/.vscode-server/bin/7debcd0e2acdea1c52de81bf9ee1620444407dda/node_modules/@github/copilot-linux-x64/index.js --headless --no-auto-update --log-level info --stdio --no-auto-login,0.0,3.2137,249.02,0.0,0.0,0.0,0.0,0.0,44,sleeping,memory
2026-09-22T13:42:03,812,770,MainThread,/home/rohan/.vscode-server/bin/7debcd0e2acdea1c52de81bf9ee1620444407dda/node /home/rohan/.vscode-server/bin/7debcd0e2acdea1c52de81bf9ee1620444407dda/extensions/markdown-language-features/dist/serverWorkerMain --node-ipc --clientProcessId=770,0.0,0.9939,77.02,0.0,0.0,1.0,0.0,0.0,7,sleeping,memory
2026-09-22T13:42:03,833,709,MainThread,/home/rohan/.vscode-server/bin/7debcd0e2acdea1c52de81bf9ee1620444407dda/node /home/rohan/.vscode-server/bin/7debcd0e2acdea1c52de81bf9ee1620444407dda/out/bootstrap-fork --type=ptyHost --logsPath /home/rohan/.vscode-server/data/logs/20260922T120228,0.5,0.976,75.62,0.0,0.0,5.48,0.0,0.0,13,sleeping,memory
2026-09-22T13:42:03,964,833,bash,/bin/bash --init-file /home/rohan/.vscode-server/bin/7debcd0e2acdea1c52de81bf9ee1620444407dda/out/vs/workbench/contrib/terminal/common/scripts/shellIntegration-bash.sh,0.0,0.0673,5.21,0.0,0.0,0.0,0.0,0.0,1,sleeping,memory
2026-09-22T13:42:03,1424,2,SessionLeader,/init,0.0,0.0142,1.1,0.0,0.0,0.0,0.0,0.0,1,sleeping,memory
2026-09-22T13:42:03,1425,1424,Relay(1426),/init,0.0,0.0143,1.11,0.0,0.0,0.0,0.0,0.0,1,sleeping,memory
2026-09-22T13:42:03,1426,1425,bash,-bash,0.0,0.0664,5.14,0.0,0.0,0.0,0.0,0.0,1,sleeping,memory
2026-09-22T13:42:03,4147,770,pet,/home/rohan/.vscode-server/extensions/ms-python.vscode-python-envs-1.37.2026092101-linux-x64/python-env-tools/bin/pet server,0.0,0.0749,5.8,0.0,0.0,0.0,0.0,0.0,21,sleeping,memory
2026-09-22T13:42:03,4156,833,bash,/bin/bash --init-file /home/rohan/.vscode-server/bin/7debcd0e2acdea1c52de81bf9ee1620444407dda/out/vs/workbench/contrib/terminal/common/scripts/shellIntegration-bash.sh,0.0,0.0663,5.14,0.0,0.0,0.0,0.0,0.0,1,sleeping,memory
2026-09-22T13:42:03,4295,770,MainThread,/home/rohan/.vscode-server/bin/7debcd0e2acdea1c52de81bf9ee1620444407dda/node /home/rohan/.vscode-server/extensions/ms-python.vscode-pylance-2026.3.105/dist/server.bundle.js --cancellationReceive=file:2bc56d7a41ee8749874d0000b75c5745f8ddf88b1a --node-ipc --clientProcessId=770,0.0,8.4519,654.91,0.0,0.0,1.0,0.0,0.0,9,sleeping,memory
2026-09-22T13:42:03,5890,2,SessionLeader,/init,0.0,0.0142,1.1,0.0,0.0,0.0,0.0,0.0,1,sleeping,memory
2026-09-22T13:42:03,5891,5890,Relay(5896),/init,0.0,0.0143,1.11,0.0,0.0,0.5,0.0,0.0,1,sleeping,memory
2026-09-22T13:42:03,5896,5891,bash,-bash,0.0,0.0668,5.18,0.0,0.0,0.0,0.0,0.0,1,sleeping,memory
2026-09-22T13:42:03,6172,2,SessionLeader,/init,0.0,0.0142,1.1,0.0,0.0,0.0,0.0,0.0,1,sleeping,memory
2026-09-22T13:42:03,6173,6172,Relay(6174),/init,0.0,0.0143,1.11,0.0,0.0,0.0,0.0,0.0,1,sleeping,memory
2026-09-22T13:42:03,6174,6173,bash,-bash,0.0,0.0665,5.15,0.0,0.0,0.0,0.0,0.0,1,sleeping,memory
2026-09-22T13:42:03,6941,2,SessionLeader,/init,0.0,0.0142,1.1,0.0,0.0,0.0,0.0,0.0,1,sleeping,memory
2026-09-22T13:42:03,6943,6941,Relay(6945),/init,0.0,0.0143,1.11,0.0,0.0,0.0,0.0,0.0,1,sleeping,memory
2026-09-22T13:42:03,6945,6943,bash,-bash,0.0,0.0666,5.16,0.0,0.0,0.0,0.0,0.0,1,sleeping,memory
2026-09-22T13:42:03,8650,2,SessionLeader,/init,0.0,0.0142,1.1,0.0,0.0,0.0,0.0,0.0,1,sleeping,memory
2026-09-22T13:42:03,8652,8650,Relay(8654),/init,0.0,0.0143,1.11,0.0,0.0,0.0,0.0,0.0,1,sleeping,memory
2026-09-22T13:42:03,8654,8652,bash,-bash,0.0,0.0677,5.25,0.0,0.0,0.0,0.0,0.0,1,sleeping,memory
2026-09-22T13:42:03,8853,2,SessionLeader,/init,0.0,0.0142,1.1,0.0,0.0,0.0,0.0,0.0,1,sleeping,memory
2026-09-22T13:42:03,8854,8853,Relay(8858),/init,0.0,0.0143,1.11,0.0,0.0,0.0,0.0,0.0,1,sleeping,memory
2026-09-22T13:42:03,8858,8854,bash,-bash,0.0,0.0679,5.26,0.0,0.0,0.0,0.0,0.0,1,sleeping,memory
2026-09-22T13:42:03,15760,2,SessionLeader,/init,0.0,0.0142,1.1,0.0,0.0,0.0,0.0,0.0,1,sleeping,memory
2026-09-22T13:42:03,15762,15760,Relay(15767),/init,0.0,0.0143,1.11,0.0,0.0,0.0,0.0,0.0,1,sleeping,memory
2026-09-22T13:42:03,15767,15762,bash,-bash,0.0,0.0687,5.32,0.0,0.0,0.0,0.0,0.0,1,sleeping,memory
2026-09-22T13:42:03,15903,2,SessionLeader,/init,0.0,0.0142,1.1,0.0,0.0,0.0,0.0,0.0,1,sleeping,memory
2026-09-22T13:42:03,15904,15903,Relay(15909),/init,0.0,0.0143,1.11,0.0,0.0,0.0,0.0,0.0,1,sleeping,memory
2026-09-22T13:42:03,15909,15904,bash,-bash,0.0,0.0689,5.34,0.0,0.0,0.0,0.0,0.0,1,sleeping,memory
2026-09-22T13:42:03,20518,1,wsl-pro-service,/usr/libexec/wsl-pro-service,0.0,0.1492,11.56,0.0,0.0,0.0,0.0,0.0,8,sleeping,memory
2026-09-22T13:42:03,22465,15909,python,python workloads/memory/memory_workload.py,100.1,13.2388,1025.83,0.0,0.0,7.97,0.0,0.0,20,running,memory
2026-09-22T13:42:05,1,0,systemd,/sbin/init,0.0,0.1643,12.73,0.0,0.0,0.0,0.0,0.0,1,sleeping,memory
2026-09-22T13:42:05,2,1,init-systemd(Ub,/init,0.0,0.0279,2.16,0.0,0.0,0.0,0.0,0.0,2,sleeping,memory
2026-09-22T13:42:05,7,2,init,plan9 --control-socket 7 --log-level 4 --server-fd 8 --pipe-fd 10 --log-truncate,0.0,0.0268,2.08,0.0,0.0,0.0,0.0,0.0,2,sleeping,memory
2026-09-22T13:42:05,43,1,systemd-journald,/usr/lib/systemd/systemd-journald,0.0,0.2001,15.51,0.0,0.0,0.0,0.0,0.0,1,sleeping,memory
2026-09-22T13:42:05,98,1,systemd-udevd,/usr/lib/systemd/systemd-udevd,0.0,0.074,5.73,0.0,0.0,0.0,0.0,0.0,1,sleeping,memory
2026-09-22T13:42:05,177,1,systemd-resolved,/usr/lib/systemd/systemd-resolved,0.0,0.1656,12.83,0.0,0.0,0.0,0.0,0.0,1,sleeping,memory
2026-09-22T13:42:05,178,1,systemd-timesyncd,/usr/lib/systemd/systemd-timesyncd,0.0,0.1002,7.77,0.0,0.0,0.0,0.0,0.0,2,sleeping,memory
2026-09-22T13:42:05,188,1,cron,/usr/sbin/cron -f -P,0.0,0.0338,2.62,0.0,0.0,0.0,0.0,0.0,1,sleeping,memory
2026-09-22T13:42:05,189,1,dbus-daemon,@dbus-daemon --system --address=systemd: --nofork --nopidfile --systemd-activation --syslog-only,0.0,0.0669,5.18,0.0,0.0,0.0,0.0,0.0,1,sleeping,memory
2026-09-22T13:42:05,203,1,systemd-logind,/usr/lib/systemd/systemd-logind,0.0,0.1112,8.62,0.0,0.0,0.0,0.0,0.0,1,sleeping,memory
2026-09-22T13:42:05,217,1,agetty,/sbin/agetty -o -p -- \u --noclear - linux,0.0,0.0249,1.93,0.0,0.0,0.0,0.0,0.0,1,sleeping,memory
2026-09-22T13:42:05,223,1,rsyslogd,/usr/sbin/rsyslogd -n -iNONE,0.0,0.0758,5.87,0.0,0.0,0.0,0.0,0.0,4,sleeping,memory
2026-09-22T13:42:05,236,1,unattended-upgr,/usr/bin/python3 /usr/share/unattended-upgrades/unattended-upgrade-shutdown --wait-for-signal,0.0,0.2778,21.53,0.0,0.0,0.0,0.0,0.0,2,sleeping,memory
2026-09-22T13:42:05,256,1,apache2,/usr/sbin/apache2 -k start,0.0,0.0634,4.91,0.0,0.0,1.0,0.0,0.0,1,sleeping,memory
2026-09-22T13:42:05,257,256,apache2,/usr/sbin/apache2 -k start,0.0,0.0734,5.69,0.0,0.0,0.0,0.0,0.0,27,sleeping,memory
2026-09-22T13:42:05,259,256,apache2,/usr/sbin/apache2 -k start,0.0,0.0734,5.69,0.0,0.0,0.0,0.0,0.0,27,sleeping,memory
2026-09-22T13:42:05,386,2,login,/bin/login -f      ,0.0,0.0584,4.53,0.0,0.0,0.0,0.0,0.0,1,sleeping,memory
2026-09-22T13:42:05,429,1,systemd,/usr/lib/systemd/systemd --user,0.0,0.145,11.24,0.0,0.0,0.0,0.0,0.0,1,sleeping,memory
2026-09-22T13:42:05,430,429,(sd-pam),(sd-pam),0.0,0.0451,3.49,0.0,0.0,0.0,0.0,0.0,1,sleeping,memory
2026-09-22T13:42:05,452,386,bash,-bash,0.0,0.0642,4.98,0.0,0.0,0.0,0.0,0.0,1,sleeping,memory
2026-09-22T13:42:05,486,2,SessionLeader,/init,0.0,0.0142,1.1,0.0,0.0,0.0,0.0,0.0,1,sleeping,memory
2026-09-22T13:42:05,487,486,Relay(488),/init,0.0,0.0159,1.23,0.0,0.0,0.0,0.0,0.0,1,sleeping,memory
2026-09-22T13:42:05,488,487,bash,-bash,0.0,0.0665,5.16,0.0,0.0,0.0,0.0,0.0,1,sleeping,memory
2026-09-22T13:42:05,696,2,SessionLeader,/init,0.0,0.0143,1.11,0.0,0.0,0.0,0.0,0.0,1,sleeping,memory
2026-09-22T13:42:05,697,696,Relay(698),/init,0.0,0.0152,1.18,0.0,0.0,0.0,0.0,0.0,1,sleeping,memory
2026-09-22T13:42:05,698,697,sh,"sh -c ""$VSCODE_WSL_EXT_LOCATION/scripts/wslServer.sh"" 7debcd0e2acdea1c52de81bf9ee1620444407dda stable code-server .vscode-server --host=127.0.0.1 --port=0 --connection-token=826864117-4248089396-2109865724-2149592531 --use-host-proxy --without-browser-env-var --disable-websocket-compression --accept-server-license-terms --telemetry-level=all",0.0,0.024,1.86,0.0,0.0,0.0,0.0,0.0,1,sleeping,memory
2026-09-22T13:42:05,699,698,sh,sh /mnt/c/Users/Rohan/.vscode/extensions/ms-vscode-remote.remote-wsl-0.104.3/scripts/wslServer.sh 7debcd0e2acdea1c52de81bf9ee1620444407dda stable code-server .vscode-server --host=127.0.0.1 --port=0 --connection-token=826864117-4248089396-2109865724-2149592531 --use-host-proxy --without-browser-env-var --disable-websocket-compression --accept-server-license-terms --telemetry-level=all,0.0,0.0251,1.95,0.0,0.0,0.0,0.0,0.0,1,sleeping,memory
2026-09-22T13:42:05,705,699,sh,sh /home/rohan/.vscode-server/bin/7debcd0e2acdea1c52de81bf9ee1620444407dda/bin/code-server --host=127.0.0.1 --port=0 --connection-token=826864117-4248089396-2109865724-2149592531 --use-host-proxy --without-browser-env-var --disable-websocket-compression --accept-server-license-terms --telemetry-level=all,0.0,0.025,1.93,0.0,0.0,0.0,0.0,0.0,1,sleeping,memory
2026-09-22T13:42:05,709,705,MainThread,/home/rohan/.vscode-server/bin/7debcd0e2acdea1c52de81bf9ee1620444407dda/node /home/rohan/.vscode-server/bin/7debcd0e2acdea1c52de81bf9ee1620444407dda/out/server-main.js --host=127.0.0.1 --port=0 --connection-token=826864117-4248089396-2109865724-2149592531 --use-host-proxy --without-browser-env-var --disable-websocket-compression --accept-server-license-terms --telemetry-level=all,0.0,2.2857,177.11,0.0,0.0,5.98,0.0,0.0,11,sleeping,memory
2026-09-22T13:42:05,721,2,SessionLeader,/init,0.0,0.0143,1.11,0.0,0.0,0.0,0.0,0.0,1,sleeping,memory
2026-09-22T13:42:05,722,721,Relay(723),/init,0.0,0.0152,1.18,0.0,0.0,1.49,0.0,0.0,1,sleeping,memory
2026-09-22T13:42:05,723,722,MainThread,"/home/rohan/.vscode-server/bin/7debcd0e2acdea1c52de81bf9ee1620444407dda/node -e const net = require('net'); process.stdin.pause(); const client = net.createConnection({ host: '127.0.0.1', port: 44115 }, () => { client.pipe(process.stdout); process.stdin.pipe(client); }); client.on('close', function (hadError) { console.error(hadError ? 'Remote close with error' : 'Remote close'); process.exit(hadError ? 1 : 0); }); client.on('error', function (err) { process.stderr.write(err && (err.stack || err.message) || String(err)); });",0.0,0.8701,67.42,0.0,0.0,1.49,0.0,0.0,7,sleeping,memory
2026-09-22T13:42:05,730,2,SessionLeader,/init,0.0,0.0143,1.11,0.0,0.0,0.0,0.0,0.0,1,sleeping,memory
2026-09-22T13:42:05,731,730,Relay(732),/init,0.0,0.0152,1.18,0.0,0.0,1.99,0.0,0.0,1,sleeping,memory
2026-09-22T13:42:05,732,731,MainThread,"/home/rohan/.vscode-server/bin/7debcd0e2acdea1c52de81bf9ee1620444407dda/node -e const net = require('net'); process.stdin.pause(); const client = net.createConnection({ host: '127.0.0.1', port: 44115 }, () => { client.pipe(process.stdout); process.stdin.pipe(client); }); client.on('close', function (hadError) { console.error(hadError ? 'Remote close with error' : 'Remote close'); process.exit(hadError ? 1 : 0); }); client.on('error', function (err) { process.stderr.write(err && (err.stack || err.message) || String(err)); });",0.0,0.7845,60.79,0.0,0.0,1.99,0.0,0.0,7,sleeping,memory
2026-09-22T13:42:05,743,709,MainThread,/home/rohan/.vscode-server/bin/7debcd0e2acdea1c52de81bf9ee1620444407dda/node /home/rohan/.vscode-server/bin/7debcd0e2acdea1c52de81bf9ee1620444407dda/out/bootstrap-fork --type=fileWatcher,0.5,0.8807,68.24,0.0,0.0,2.49,0.0,0.0,13,sleeping,memory
2026-09-22T13:42:05,769,709,MainThread,/home/rohan/.vscode-server/bin/7debcd0e2acdea1c52de81bf9ee1620444407dda/node /home/rohan/.vscode-server/bin/7debcd0e2acdea1c52de81bf9ee1620444407dda/out/bootstrap-fork --type=agentHost --logsPath /home/rohan/.vscode-server/data/logs/20260922T120228 --user-data-dir /home/rohan/.vscode-server/data --telemetry-level all,0.0,1.7758,137.6,0.0,0.0,0.0,0.0,0.0,11,sleeping,memory
2026-09-22T13:42:05,770,709,MainThread,/home/rohan/.vscode-server/bin/7debcd0e2acdea1c52de81bf9ee1620444407dda/node --dns-result-order=ipv4first /home/rohan/.vscode-server/bin/7debcd0e2acdea1c52de81bf9ee1620444407dda/out/bootstrap-fork --type=extensionHost --transformURIs --useHostProxy=true,1.5,6.7073,519.73,0.0,0.0,190.79,925.56,0.0,32,sleeping,memory
2026-09-22T13:42:05,811,769,MainThread,/home/rohan/.vscode-server/bin/7debcd0e2acdea1c52de81bf9ee1620444407dda/node /home/rohan/.vscode-server/bin/7debcd0e2acdea1c52de81bf9ee1620444407dda/node_modules/@github/copilot-linux-x64/index.js --headless --no-auto-update --log-level info --stdio --no-auto-login,0.0,3.2137,249.02,0.0,0.0,0.0,0.0,0.0,44,sleeping,memory
2026-09-22T13:42:05,812,770,MainThread,/home/rohan/.vscode-server/bin/7debcd0e2acdea1c52de81bf9ee1620444407dda/node /home/rohan/.vscode-server/bin/7debcd0e2acdea1c52de81bf9ee1620444407dda/extensions/markdown-language-features/dist/serverWorkerMain --node-ipc --clientProcessId=770,0.0,0.9939,77.02,0.0,0.0,0.0,0.0,0.0,7,sleeping,memory
2026-09-22T13:42:05,833,709,MainThread,/home/rohan/.vscode-server/bin/7debcd0e2acdea1c52de81bf9ee1620444407dda/node /home/rohan/.vscode-server/bin/7debcd0e2acdea1c52de81bf9ee1620444407dda/out/bootstrap-fork --type=ptyHost --logsPath /home/rohan/.vscode-server/data/logs/20260922T120228,0.0,0.976,75.62,0.0,0.0,4.98,0.0,0.0,13,sleeping,memory
2026-09-22T13:42:05,964,833,bash,/bin/bash --init-file /home/rohan/.vscode-server/bin/7debcd0e2acdea1c52de81bf9ee1620444407dda/out/vs/workbench/contrib/terminal/common/scripts/shellIntegration-bash.sh,0.0,0.0673,5.21,0.0,0.0,0.0,0.0,0.0,1,sleeping,memory
2026-09-22T13:42:05,1424,2,SessionLeader,/init,0.0,0.0142,1.1,0.0,0.0,0.0,0.0,0.0,1,sleeping,memory
2026-09-22T13:42:05,1425,1424,Relay(1426),/init,0.0,0.0143,1.11,0.0,0.0,0.0,0.0,0.0,1,sleeping,memory
2026-09-22T13:42:05,1426,1425,bash,-bash,0.0,0.0664,5.14,0.0,0.0,0.0,0.0,0.0,1,sleeping,memory
2026-09-22T13:42:05,4147,770,pet,/home/rohan/.vscode-server/extensions/ms-python.vscode-python-envs-1.37.2026092101-linux-x64/python-env-tools/bin/pet server,0.0,0.0749,5.8,0.0,0.0,0.0,0.0,0.0,21,sleeping,memory
2026-09-22T13:42:05,4156,833,bash,/bin/bash --init-file /home/rohan/.vscode-server/bin/7debcd0e2acdea1c52de81bf9ee1620444407dda/out/vs/workbench/contrib/terminal/common/scripts/shellIntegration-bash.sh,0.0,0.0663,5.14,0.0,0.0,0.0,0.0,0.0,1,sleeping,memory
2026-09-22T13:42:05,4295,770,MainThread,/home/rohan/.vscode-server/bin/7debcd0e2acdea1c52de81bf9ee1620444407dda/node /home/rohan/.vscode-server/extensions/ms-python.vscode-pylance-2026.3.105/dist/server.bundle.js --cancellationReceive=file:2bc56d7a41ee8749874d0000b75c5745f8ddf88b1a --node-ipc --clientProcessId=770,0.0,8.4519,654.91,0.0,0.0,1.49,0.0,0.0,9,sleeping,memory
2026-09-22T13:42:05,5890,2,SessionLeader,/init,0.0,0.0142,1.1,0.0,0.0,0.0,0.0,0.0,1,sleeping,memory
2026-09-22T13:42:05,5891,5890,Relay(5896),/init,0.0,0.0143,1.11,0.0,0.0,0.5,0.0,0.0,1,sleeping,memory
2026-09-22T13:42:05,5896,5891,bash,-bash,0.0,0.0668,5.18,0.0,0.0,0.0,0.0,0.0,1,sleeping,memory
2026-09-22T13:42:05,6172,2,SessionLeader,/init,0.0,0.0142,1.1,0.0,0.0,0.0,0.0,0.0,1,sleeping,memory
2026-09-22T13:42:05,6173,6172,Relay(6174),/init,0.0,0.0143,1.11,0.0,0.0,0.0,0.0,0.0,1,sleeping,memory
2026-09-22T13:42:05,6174,6173,bash,-bash,0.0,0.0665,5.15,0.0,0.0,0.0,0.0,0.0,1,sleeping,memory
2026-09-22T13:42:05,6941,2,SessionLeader,/init,0.0,0.0142,1.1,0.0,0.0,0.0,0.0,0.0,1,sleeping,memory
2026-09-22T13:42:05,6943,6941,Relay(6945),/init,0.0,0.0143,1.11,0.0,0.0,0.0,0.0,0.0,1,sleeping,memory
2026-09-22T13:42:05,6945,6943,bash,-bash,0.0,0.0666,5.16,0.0,0.0,0.0,0.0,0.0,1,sleeping,memory
2026-09-22T13:42:05,8650,2,SessionLeader,/init,0.0,0.0142,1.1,0.0,0.0,0.0,0.0,0.0,1,sleeping,memory
2026-09-22T13:42:05,8652,8650,Relay(8654),/init,0.0,0.0143,1.11,0.0,0.0,0.0,0.0,0.0,1,sleeping,memory
2026-09-22T13:42:05,8654,8652,bash,-bash,0.0,0.0677,5.25,0.0,0.0,0.0,0.0,0.0,1,sleeping,memory
2026-09-22T13:42:05,8853,2,SessionLeader,/init,0.0,0.0142,1.1,0.0,0.0,0.0,0.0,0.0,1,sleeping,memory
2026-09-22T13:42:05,8854,8853,Relay(8858),/init,0.0,0.0143,1.11,0.0,0.0,0.0,0.0,0.0,1,sleeping,memory
2026-09-22T13:42:05,8858,8854,bash,-bash,0.0,0.0679,5.26,0.0,0.0,0.0,0.0,0.0,1,sleeping,memory
2026-09-22T13:42:05,15760,2,SessionLeader,/init,0.0,0.0142,1.1,0.0,0.0,0.0,0.0,0.0,1,sleeping,memory
2026-09-22T13:42:05,15762,15760,Relay(15767),/init,0.0,0.0143,1.11,0.0,0.0,0.0,0.0,0.0,1,sleeping,memory
2026-09-22T13:42:05,15767,15762,bash,-bash,0.0,0.0687,5.32,0.0,0.0,0.0,0.0,0.0,1,sleeping,memory
2026-09-22T13:42:05,15903,2,SessionLeader,/init,0.0,0.0142,1.1,0.0,0.0,0.0,0.0,0.0,1,sleeping,memory
2026-09-22T13:42:05,15904,15903,Relay(15909),/init,0.0,0.0143,1.11,0.0,0.0,0.0,0.0,0.0,1,sleeping,memory
2026-09-22T13:42:05,15909,15904,bash,-bash,0.0,0.0689,5.34,0.0,0.0,0.0,0.0,0.0,1,sleeping,memory
2026-09-22T13:42:05,20518,1,wsl-pro-service,/usr/libexec/wsl-pro-service,0.0,0.1492,11.56,0.0,0.0,0.0,0.0,0.0,8,sleeping,memory
2026-09-22T13:42:05,22465,15909,python,python workloads/memory/memory_workload.py,100.1,13.2388,1025.83,0.0,0.0,4.48,0.0,0.0,20,running,memory
2026-09-22T13:42:19,1,0,systemd,/sbin/init,0.0,0.1643,12.73,0.0,0.0,0.07,0.0,0.0,1,sleeping,memory
2026-09-22T13:42:19,2,1,init-systemd(Ub,/init,0.0,0.0279,2.16,0.0,0.0,0.0,0.0,0.0,2,sleeping,memory
2026-09-22T13:42:19,7,2,init,plan9 --control-socket 7 --log-level 4 --server-fd 8 --pipe-fd 10 --log-truncate,0.0,0.0268,2.08,0.0,0.0,0.0,0.0,0.0,2,sleeping,memory
2026-09-22T13:42:19,43,1,systemd-journald,/usr/lib/systemd/systemd-journald,0.0,0.2001,15.51,0.0,0.0,0.15,0.0,0.0,1,sleeping,memory
2026-09-22T13:42:19,98,1,systemd-udevd,/usr/lib/systemd/systemd-udevd,0.0,0.074,5.73,0.0,0.0,0.0,0.0,0.0,1,sleeping,memory
2026-09-22T13:42:19,177,1,systemd-resolved,/usr/lib/systemd/systemd-resolved,0.0,0.1656,12.83,0.0,0.0,0.07,0.0,0.0,1,sleeping,memory
2026-09-22T13:42:19,178,1,systemd-timesyncd,/usr/lib/systemd/systemd-timesyncd,0.0,0.1002,7.77,0.0,0.0,0.07,0.0,0.0,2,sleeping,memory
2026-09-22T13:42:19,188,1,cron,/usr/sbin/cron -f -P,0.0,0.0338,2.62,0.0,0.0,0.0,0.0,0.0,1,sleeping,memory
2026-09-22T13:42:19,189,1,dbus-daemon,@dbus-daemon --system --address=systemd: --nofork --nopidfile --systemd-activation --syslog-only,0.0,0.0669,5.18,0.0,0.0,0.07,0.0,0.0,1,sleeping,memory
2026-09-22T13:42:19,203,1,systemd-logind,/usr/lib/systemd/systemd-logind,0.0,0.1112,8.62,0.0,0.0,0.44,0.0,0.0,1,sleeping,memory
2026-09-22T13:42:19,217,1,agetty,/sbin/agetty -o -p -- \u --noclear - linux,0.0,0.0249,1.93,0.0,0.0,0.0,0.0,0.0,1,sleeping,memory
2026-09-22T13:42:19,223,1,rsyslogd,/usr/sbin/rsyslogd -n -iNONE,0.0,0.0758,5.87,0.0,0.0,0.0,0.0,0.0,4,sleeping,memory
2026-09-22T13:42:19,236,1,unattended-upgr,/usr/bin/python3 /usr/share/unattended-upgrades/unattended-upgrade-shutdown --wait-for-signal,0.0,0.2778,21.53,0.0,0.0,0.0,0.0,0.0,2,sleeping,memory
2026-09-22T13:42:19,256,1,apache2,/usr/sbin/apache2 -k start,0.0,0.0634,4.91,0.0,0.0,0.15,0.0,0.0,1,sleeping,memory
2026-09-22T13:42:19,257,256,apache2,/usr/sbin/apache2 -k start,0.0,0.0734,5.69,0.0,0.0,0.0,0.0,0.0,27,sleeping,memory
2026-09-22T13:42:19,259,256,apache2,/usr/sbin/apache2 -k start,0.0,0.0734,5.69,0.0,0.0,0.0,0.0,0.0,27,sleeping,memory
2026-09-22T13:42:19,386,2,login,/bin/login -f      ,0.0,0.0584,4.53,0.0,0.0,0.0,0.0,0.0,1,sleeping,memory
2026-09-22T13:42:19,429,1,systemd,/usr/lib/systemd/systemd --user,0.0,0.145,11.24,0.0,0.0,0.07,0.0,0.0,1,sleeping,memory
2026-09-22T13:42:19,430,429,(sd-pam),(sd-pam),0.0,0.0451,3.49,0.0,0.0,0.0,0.0,0.0,1,sleeping,memory
2026-09-22T13:42:19,452,386,bash,-bash,0.0,0.0642,4.98,0.0,0.0,0.0,0.0,0.0,1,sleeping,memory
2026-09-22T13:42:19,486,2,SessionLeader,/init,0.0,0.0142,1.1,0.0,0.0,0.0,0.0,0.0,1,sleeping,memory
2026-09-22T13:42:19,487,486,Relay(488),/init,0.0,0.0159,1.23,0.0,0.0,0.0,0.0,0.0,1,sleeping,memory
2026-09-22T13:42:19,488,487,bash,-bash,0.0,0.0665,5.16,0.0,0.0,0.0,0.0,0.0,1,sleeping,memory
2026-09-22T13:42:19,696,2,SessionLeader,/init,0.0,0.0143,1.11,0.0,0.0,0.0,0.0,0.0,1,sleeping,memory
2026-09-22T13:42:19,697,696,Relay(698),/init,0.0,0.0152,1.18,0.0,0.0,0.0,0.0,0.0,1,sleeping,memory
2026-09-22T13:42:19,698,697,sh,"sh -c ""$VSCODE_WSL_EXT_LOCATION/scripts/wslServer.sh"" 7debcd0e2acdea1c52de81bf9ee1620444407dda stable code-server .vscode-server --host=127.0.0.1 --port=0 --connection-token=826864117-4248089396-2109865724-2149592531 --use-host-proxy --without-browser-env-var --disable-websocket-compression --accept-server-license-terms --telemetry-level=all",0.0,0.024,1.86,0.0,0.0,0.0,0.0,0.0,1,sleeping,memory
2026-09-22T13:42:19,699,698,sh,sh /mnt/c/Users/Rohan/.vscode/extensions/ms-vscode-remote.remote-wsl-0.104.3/scripts/wslServer.sh 7debcd0e2acdea1c52de81bf9ee1620444407dda stable code-server .vscode-server --host=127.0.0.1 --port=0 --connection-token=826864117-4248089396-2109865724-2149592531 --use-host-proxy --without-browser-env-var --disable-websocket-compression --accept-server-license-terms --telemetry-level=all,0.0,0.0251,1.95,0.0,0.0,0.0,0.0,0.0,1,sleeping,memory
2026-09-22T13:42:19,705,699,sh,sh /home/rohan/.vscode-server/bin/7debcd0e2acdea1c52de81bf9ee1620444407dda/bin/code-server --host=127.0.0.1 --port=0 --connection-token=826864117-4248089396-2109865724-2149592531 --use-host-proxy --without-browser-env-var --disable-websocket-compression --accept-server-license-terms --telemetry-level=all,0.0,0.025,1.93,0.0,0.0,0.0,0.0,0.0,1,sleeping,memory
2026-09-22T13:42:19,709,705,MainThread,/home/rohan/.vscode-server/bin/7debcd0e2acdea1c52de81bf9ee1620444407dda/node /home/rohan/.vscode-server/bin/7debcd0e2acdea1c52de81bf9ee1620444407dda/out/server-main.js --host=127.0.0.1 --port=0 --connection-token=826864117-4248089396-2109865724-2149592531 --use-host-proxy --without-browser-env-var --disable-websocket-compression --accept-server-license-terms --telemetry-level=all,0.0,2.2857,177.11,0.0,0.0,0.8,0.0,0.0,11,sleeping,memory
2026-09-22T13:42:19,721,2,SessionLeader,/init,0.0,0.0143,1.11,0.0,0.0,0.0,0.0,0.0,1,sleeping,memory
2026-09-22T13:42:19,722,721,Relay(723),/init,0.0,0.0152,1.18,0.0,0.0,0.22,0.0,0.0,1,sleeping,memory
2026-09-22T13:42:19,723,722,MainThread,"/home/rohan/.vscode-server/bin/7debcd0e2acdea1c52de81bf9ee1620444407dda/node -e const net = require('net'); process.stdin.pause(); const client = net.createConnection({ host: '127.0.0.1', port: 44115 }, () => { client.pipe(process.stdout); process.stdin.pipe(client); }); client.on('close', function (hadError) { console.error(hadError ? 'Remote close with error' : 'Remote close'); process.exit(hadError ? 1 : 0); }); client.on('error', function (err) { process.stderr.write(err && (err.stack || err.message) || String(err)); });",0.0,0.8701,67.42,0.0,0.0,0.22,0.0,0.0,7,sleeping,memory
2026-09-22T13:42:19,730,2,SessionLeader,/init,0.0,0.0143,1.11,0.0,0.0,0.0,0.0,0.0,1,sleeping,memory
2026-09-22T13:42:19,731,730,Relay(732),/init,0.0,0.0152,1.18,0.0,0.0,0.15,0.0,0.0,1,sleeping,memory
2026-09-22T13:42:19,732,731,MainThread,"/home/rohan/.vscode-server/bin/7debcd0e2acdea1c52de81bf9ee1620444407dda/node -e const net = require('net'); process.stdin.pause(); const client = net.createConnection({ host: '127.0.0.1', port: 44115 }, () => { client.pipe(process.stdout); process.stdin.pipe(client); }); client.on('close', function (hadError) { console.error(hadError ? 'Remote close with error' : 'Remote close'); process.exit(hadError ? 1 : 0); }); client.on('error', function (err) { process.stderr.write(err && (err.stack || err.message) || String(err)); });",0.0,0.7845,60.79,0.0,0.0,0.15,0.0,0.0,7,sleeping,memory
2026-09-22T13:42:19,743,709,MainThread,/home/rohan/.vscode-server/bin/7debcd0e2acdea1c52de81bf9ee1620444407dda/node /home/rohan/.vscode-server/bin/7debcd0e2acdea1c52de81bf9ee1620444407dda/out/bootstrap-fork --type=fileWatcher,0.0,0.8807,68.24,0.0,0.0,0.22,0.0,0.0,13,sleeping,memory
2026-09-22T13:42:19,769,709,MainThread,/home/rohan/.vscode-server/bin/7debcd0e2acdea1c52de81bf9ee1620444407dda/node /home/rohan/.vscode-server/bin/7debcd0e2acdea1c52de81bf9ee1620444407dda/out/bootstrap-fork --type=agentHost --logsPath /home/rohan/.vscode-server/data/logs/20260922T120228 --user-data-dir /home/rohan/.vscode-server/data --telemetry-level all,0.5,1.7758,137.6,0.0,298.89,0.58,0.0,0.0,11,sleeping,memory
2026-09-22T13:42:19,770,709,MainThread,/home/rohan/.vscode-server/bin/7debcd0e2acdea1c52de81bf9ee1620444407dda/node --dns-result-order=ipv4first /home/rohan/.vscode-server/bin/7debcd0e2acdea1c52de81bf9ee1620444407dda/out/bootstrap-fork --type=extensionHost --transformURIs --useHostProxy=true,1.5,6.7073,519.73,0.0,0.0,27.51,123.47,0.0,32,sleeping,memory
2026-09-22T13:42:19,811,769,MainThread,/home/rohan/.vscode-server/bin/7debcd0e2acdea1c52de81bf9ee1620444407dda/node /home/rohan/.vscode-server/bin/7debcd0e2acdea1c52de81bf9ee1620444407dda/node_modules/@github/copilot-linux-x64/index.js --headless --no-auto-update --log-level info --stdio --no-auto-login,0.0,3.2137,249.02,0.0,0.0,0.0,0.0,0.0,44,sleeping,memory
2026-09-22T13:42:19,812,770,MainThread,/home/rohan/.vscode-server/bin/7debcd0e2acdea1c52de81bf9ee1620444407dda/node /home/rohan/.vscode-server/bin/7debcd0e2acdea1c52de81bf9ee1620444407dda/extensions/markdown-language-features/dist/serverWorkerMain --node-ipc --clientProcessId=770,0.0,0.9939,77.02,0.0,0.0,0.07,0.0,0.0,7,sleeping,memory
2026-09-22T13:42:19,833,709,MainThread,/home/rohan/.vscode-server/bin/7debcd0e2acdea1c52de81bf9ee1620444407dda/node /home/rohan/.vscode-server/bin/7debcd0e2acdea1c52de81bf9ee1620444407dda/out/bootstrap-fork --type=ptyHost --logsPath /home/rohan/.vscode-server/data/logs/20260922T120228,0.5,0.976,75.62,0.0,0.0,0.95,0.0,0.0,13,sleeping,memory
2026-09-22T13:42:19,964,833,bash,/bin/bash --init-file /home/rohan/.vscode-server/bin/7debcd0e2acdea1c52de81bf9ee1620444407dda/out/vs/workbench/contrib/terminal/common/scripts/shellIntegration-bash.sh,0.0,0.0673,5.21,0.0,0.0,0.0,0.0,0.0,1,sleeping,memory
2026-09-22T13:42:19,1424,2,SessionLeader,/init,0.0,0.0142,1.1,0.0,0.0,0.0,0.0,0.0,1,sleeping,memory
2026-09-22T13:42:19,1425,1424,Relay(1426),/init,0.0,0.0143,1.11,0.0,0.0,0.0,0.0,0.0,1,sleeping,memory
2026-09-22T13:42:19,1426,1425,bash,-bash,0.0,0.0664,5.14,0.0,0.0,0.0,0.0,0.0,1,sleeping,memory
2026-09-22T13:42:19,4147,770,pet,/home/rohan/.vscode-server/extensions/ms-python.vscode-python-envs-1.37.2026092101-linux-x64/python-env-tools/bin/pet server,0.0,0.0749,5.8,0.0,0.0,0.0,0.0,0.0,21,sleeping,memory
2026-09-22T13:42:19,4156,833,bash,/bin/bash --init-file /home/rohan/.vscode-server/bin/7debcd0e2acdea1c52de81bf9ee1620444407dda/out/vs/workbench/contrib/terminal/common/scripts/shellIntegration-bash.sh,0.0,0.0663,5.14,0.0,0.0,0.0,0.0,0.0,1,sleeping,memory
2026-09-22T13:42:19,4295,770,MainThread,/home/rohan/.vscode-server/bin/7debcd0e2acdea1c52de81bf9ee1620444407dda/node /home/rohan/.vscode-server/extensions/ms-python.vscode-pylance-2026.3.105/dist/server.bundle.js --cancellationReceive=file:2bc56d7a41ee8749874d0000b75c5745f8ddf88b1a --node-ipc --clientProcessId=770,0.0,8.4519,654.91,0.0,0.0,0.15,0.0,0.0,9,sleeping,memory
2026-09-22T13:42:19,5890,2,SessionLeader,/init,0.0,0.0142,1.1,0.0,0.0,0.0,0.0,0.0,1,sleeping,memory
2026-09-22T13:42:19,5891,5890,Relay(5896),/init,0.0,0.0143,1.11,0.0,0.0,0.07,0.0,0.0,1,sleeping,memory
2026-09-22T13:42:19,5896,5891,bash,-bash,0.0,0.0668,5.18,0.0,0.0,0.0,0.0,0.0,1,sleeping,memory
2026-09-22T13:42:19,6172,2,SessionLeader,/init,0.0,0.0142,1.1,0.0,0.0,0.0,0.0,0.0,1,sleeping,memory
2026-09-22T13:42:19,6173,6172,Relay(6174),/init,0.0,0.0143,1.11,0.0,0.0,0.0,0.0,0.0,1,sleeping,memory
2026-09-22T13:42:19,6174,6173,bash,-bash,0.0,0.0665,5.15,0.0,0.0,0.0,0.0,0.0,1,sleeping,memory
2026-09-22T13:42:19,6941,2,SessionLeader,/init,0.0,0.0142,1.1,0.0,0.0,0.0,0.0,0.0,1,sleeping,memory
2026-09-22T13:42:19,6943,6941,Relay(6945),/init,0.0,0.0143,1.11,0.0,0.0,0.0,0.0,0.0,1,sleeping,memory
2026-09-22T13:42:19,6945,6943,bash,-bash,0.0,0.0666,5.16,0.0,0.0,0.0,0.0,0.0,1,sleeping,memory
2026-09-22T13:42:19,8650,2,SessionLeader,/init,0.0,0.0142,1.1,0.0,0.0,0.0,0.0,0.0,1,sleeping,memory
2026-09-22T13:42:19,8652,8650,Relay(8654),/init,0.0,0.0143,1.11,0.0,0.0,0.0,0.0,0.0,1,sleeping,memory
2026-09-22T13:42:19,8654,8652,bash,-bash,0.0,0.0677,5.25,0.0,0.0,0.0,0.0,0.0,1,sleeping,memory
2026-09-22T13:42:19,8853,2,SessionLeader,/init,0.0,0.0142,1.1,0.0,0.0,0.0,0.0,0.0,1,sleeping,memory
2026-09-22T13:42:19,8854,8853,Relay(8858),/init,0.0,0.0143,1.11,0.0,0.0,0.0,0.0,0.0,1,sleeping,memory
2026-09-22T13:42:19,8858,8854,bash,-bash,0.0,0.0679,5.26,0.0,0.0,0.0,0.0,0.0,1,sleeping,memory
2026-09-22T13:42:19,15760,2,SessionLeader,/init,0.0,0.0142,1.1,0.0,0.0,0.0,0.0,0.0,1,sleeping,memory
2026-09-22T13:42:19,15762,15760,Relay(15767),/init,0.0,0.0143,1.11,0.0,0.0,0.0,0.0,0.0,1,sleeping,memory
2026-09-22T13:42:19,15767,15762,bash,-bash,0.0,0.0687,5.32,0.0,0.0,0.0,0.0,0.0,1,sleeping,memory
2026-09-22T13:42:19,15903,2,SessionLeader,/init,0.0,0.0142,1.1,0.0,0.0,0.0,0.0,0.0,1,sleeping,memory
2026-09-22T13:42:19,15904,15903,Relay(15909),/init,0.0,0.0143,1.11,0.0,0.0,0.0,0.0,0.0,1,sleeping,memory
2026-09-22T13:42:19,15909,15904,bash,-bash,0.0,0.0689,5.34,0.0,0.0,0.0,0.0,0.0,1,sleeping,memory
2026-09-22T13:42:19,20518,1,wsl-pro-service,/usr/libexec/wsl-pro-service,0.0,0.1492,11.56,0.0,0.0,0.0,0.0,0.0,8,sleeping,memory
2026-09-22T13:42:19,22465,15909,python,python workloads/memory/memory_workload.py,100.1,13.2388,1025.83,0.0,0.0,0.58,0.0,0.0,20,running,memory
2026-09-22T13:42:21,1,0,systemd,/sbin/init,0.0,0.1643,12.73,0.0,0.0,0.0,0.0,0.0,1,sleeping,memory
2026-09-22T13:42:21,2,1,init-systemd(Ub,/init,0.0,0.0279,2.16,0.0,0.0,0.0,0.0,0.0,2,sleeping,memory
2026-09-22T13:42:21,7,2,init,plan9 --control-socket 7 --log-level 4 --server-fd 8 --pipe-fd 10 --log-truncate,0.0,0.0268,2.08,0.0,0.0,0.0,0.0,0.0,2,sleeping,memory
2026-09-22T13:42:21,43,1,systemd-journald,/usr/lib/systemd/systemd-journald,0.0,0.2001,15.51,0.0,0.0,0.0,0.0,0.0,1,sleeping,memory
2026-09-22T13:42:21,98,1,systemd-udevd,/usr/lib/systemd/systemd-udevd,0.0,0.074,5.73,0.0,0.0,0.0,0.0,0.0,1,sleeping,memory
2026-09-22T13:42:21,177,1,systemd-resolved,/usr/lib/systemd/systemd-resolved,0.0,0.1656,12.83,0.0,0.0,0.0,0.0,0.0,1,sleeping,memory
2026-09-22T13:42:21,178,1,systemd-timesyncd,/usr/lib/systemd/systemd-timesyncd,0.0,0.1002,7.77,0.0,0.0,0.0,0.0,0.0,2,sleeping,memory
2026-09-22T13:42:21,188,1,cron,/usr/sbin/cron -f -P,0.0,0.0338,2.62,0.0,0.0,0.0,0.0,0.0,1,sleeping,memory
2026-09-22T13:42:21,189,1,dbus-daemon,@dbus-daemon --system --address=systemd: --nofork --nopidfile --systemd-activation --syslog-only,0.0,0.0669,5.18,0.0,0.0,0.0,0.0,0.0,1,sleeping,memory
2026-09-22T13:42:21,203,1,systemd-logind,/usr/lib/systemd/systemd-logind,0.0,0.1112,8.62,0.0,0.0,0.0,0.0,0.0,1,sleeping,memory
2026-09-22T13:42:21,217,1,agetty,/sbin/agetty -o -p -- \u --noclear - linux,0.0,0.0249,1.93,0.0,0.0,0.0,0.0,0.0,1,sleeping,memory
2026-09-22T13:42:21,223,1,rsyslogd,/usr/sbin/rsyslogd -n -iNONE,0.0,0.0758,5.87,0.0,0.0,0.0,0.0,0.0,4,sleeping,memory
2026-09-22T13:42:21,236,1,unattended-upgr,/usr/bin/python3 /usr/share/unattended-upgrades/unattended-upgrade-shutdown --wait-for-signal,0.0,0.2778,21.53,0.0,0.0,0.0,0.0,0.0,2,sleeping,memory
2026-09-22T13:42:21,256,1,apache2,/usr/sbin/apache2 -k start,0.0,0.0634,4.91,0.0,0.0,1.0,0.0,0.0,1,sleeping,memory
2026-09-22T13:42:21,257,256,apache2,/usr/sbin/apache2 -k start,0.0,0.0734,5.69,0.0,0.0,0.0,0.0,0.0,27,sleeping,memory
2026-09-22T13:42:21,259,256,apache2,/usr/sbin/apache2 -k start,0.0,0.0734,5.69,0.0,0.0,0.0,0.0,0.0,27,sleeping,memory
2026-09-22T13:42:21,386,2,login,/bin/login -f      ,0.0,0.0584,4.53,0.0,0.0,0.0,0.0,0.0,1,sleeping,memory
2026-09-22T13:42:21,429,1,systemd,/usr/lib/systemd/systemd --user,0.0,0.145,11.24,0.0,0.0,0.0,0.0,0.0,1,sleeping,memory
2026-09-22T13:42:21,430,429,(sd-pam),(sd-pam),0.0,0.0451,3.49,0.0,0.0,0.0,0.0,0.0,1,sleeping,memory
2026-09-22T13:42:21,452,386,bash,-bash,0.0,0.0642,4.98,0.0,0.0,0.0,0.0,0.0,1,sleeping,memory
2026-09-22T13:42:21,486,2,SessionLeader,/init,0.0,0.0142,1.1,0.0,0.0,0.0,0.0,0.0,1,sleeping,memory
2026-09-22T13:42:21,487,486,Relay(488),/init,0.0,0.0159,1.23,0.0,0.0,0.0,0.0,0.0,1,sleeping,memory
2026-09-22T13:42:21,488,487,bash,-bash,0.0,0.0665,5.16,0.0,0.0,0.0,0.0,0.0,1,sleeping,memory
2026-09-22T13:42:21,696,2,SessionLeader,/init,0.0,0.0143,1.11,0.0,0.0,0.0,0.0,0.0,1,sleeping,memory
2026-09-22T13:42:21,697,696,Relay(698),/init,0.0,0.0152,1.18,0.0,0.0,0.0,0.0,0.0,1,sleeping,memory
2026-09-22T13:42:21,698,697,sh,"sh -c ""$VSCODE_WSL_EXT_LOCATION/scripts/wslServer.sh"" 7debcd0e2acdea1c52de81bf9ee1620444407dda stable code-server .vscode-server --host=127.0.0.1 --port=0 --connection-token=826864117-4248089396-2109865724-2149592531 --use-host-proxy --without-browser-env-var --disable-websocket-compression --accept-server-license-terms --telemetry-level=all",0.0,0.024,1.86,0.0,0.0,0.0,0.0,0.0,1,sleeping,memory
2026-09-22T13:42:21,699,698,sh,sh /mnt/c/Users/Rohan/.vscode/extensions/ms-vscode-remote.remote-wsl-0.104.3/scripts/wslServer.sh 7debcd0e2acdea1c52de81bf9ee1620444407dda stable code-server .vscode-server --host=127.0.0.1 --port=0 --connection-token=826864117-4248089396-2109865724-2149592531 --use-host-proxy --without-browser-env-var --disable-websocket-compression --accept-server-license-terms --telemetry-level=all,0.0,0.0251,1.95,0.0,0.0,0.0,0.0,0.0,1,sleeping,memory
2026-09-22T13:42:21,705,699,sh,sh /home/rohan/.vscode-server/bin/7debcd0e2acdea1c52de81bf9ee1620444407dda/bin/code-server --host=127.0.0.1 --port=0 --connection-token=826864117-4248089396-2109865724-2149592531 --use-host-proxy --without-browser-env-var --disable-websocket-compression --accept-server-license-terms --telemetry-level=all,0.0,0.025,1.93,0.0,0.0,0.0,0.0,0.0,1,sleeping,memory
2026-09-22T13:42:21,709,705,MainThread,/home/rohan/.vscode-server/bin/7debcd0e2acdea1c52de81bf9ee1620444407dda/node /home/rohan/.vscode-server/bin/7debcd0e2acdea1c52de81bf9ee1620444407dda/out/server-main.js --host=127.0.0.1 --port=0 --connection-token=826864117-4248089396-2109865724-2149592531 --use-host-proxy --without-browser-env-var --disable-websocket-compression --accept-server-license-terms --telemetry-level=all,0.0,2.2857,177.11,0.0,0.0,4.48,0.0,0.0,11,sleeping,memory
2026-09-22T13:42:21,721,2,SessionLeader,/init,0.0,0.0143,1.11,0.0,0.0,0.0,0.0,0.0,1,sleeping,memory
2026-09-22T13:42:21,722,721,Relay(723),/init,0.0,0.0152,1.18,0.0,0.0,1.49,0.0,0.0,1,sleeping,memory
2026-09-22T13:42:21,723,722,MainThread,"/home/rohan/.vscode-server/bin/7debcd0e2acdea1c52de81bf9ee1620444407dda/node -e const net = require('net'); process.stdin.pause(); const client = net.createConnection({ host: '127.0.0.1', port: 44115 }, () => { client.pipe(process.stdout); process.stdin.pipe(client); }); client.on('close', function (hadError) { console.error(hadError ? 'Remote close with error' : 'Remote close'); process.exit(hadError ? 1 : 0); }); client.on('error', function (err) { process.stderr.write(err && (err.stack || err.message) || String(err)); });",0.0,0.8701,67.42,0.0,0.0,1.49,0.0,0.0,7,sleeping,memory
2026-09-22T13:42:21,730,2,SessionLeader,/init,0.0,0.0143,1.11,0.0,0.0,0.0,0.0,0.0,1,sleeping,memory
2026-09-22T13:42:21,731,730,Relay(732),/init,0.0,0.0152,1.18,0.0,0.0,1.99,0.0,0.0,1,sleeping,memory
2026-09-22T13:42:21,732,731,MainThread,"/home/rohan/.vscode-server/bin/7debcd0e2acdea1c52de81bf9ee1620444407dda/node -e const net = require('net'); process.stdin.pause(); const client = net.createConnection({ host: '127.0.0.1', port: 44115 }, () => { client.pipe(process.stdout); process.stdin.pipe(client); }); client.on('close', function (hadError) { console.error(hadError ? 'Remote close with error' : 'Remote close'); process.exit(hadError ? 1 : 0); }); client.on('error', function (err) { process.stderr.write(err && (err.stack || err.message) || String(err)); });",0.0,0.7845,60.79,0.0,0.0,1.99,0.0,0.0,7,sleeping,memory
2026-09-22T13:42:21,743,709,MainThread,/home/rohan/.vscode-server/bin/7debcd0e2acdea1c52de81bf9ee1620444407dda/node /home/rohan/.vscode-server/bin/7debcd0e2acdea1c52de81bf9ee1620444407dda/out/bootstrap-fork --type=fileWatcher,0.0,0.8807,68.24,0.0,0.0,5.48,0.0,0.0,13,sleeping,memory
2026-09-22T13:42:21,769,709,MainThread,/home/rohan/.vscode-server/bin/7debcd0e2acdea1c52de81bf9ee1620444407dda/node /home/rohan/.vscode-server/bin/7debcd0e2acdea1c52de81bf9ee1620444407dda/out/bootstrap-fork --type=agentHost --logsPath /home/rohan/.vscode-server/data/logs/20260922T120228 --user-data-dir /home/rohan/.vscode-server/data --telemetry-level all,0.0,1.7758,137.6,0.0,0.0,0.0,0.0,0.0,11,sleeping,memory
2026-09-22T13:42:21,770,709,MainThread,/home/rohan/.vscode-server/bin/7debcd0e2acdea1c52de81bf9ee1620444407dda/node --dns-result-order=ipv4first /home/rohan/.vscode-server/bin/7debcd0e2acdea1c52de81bf9ee1620444407dda/out/bootstrap-fork --type=extensionHost --transformURIs --useHostProxy=true,1.5,6.7073,519.73,0.0,0.0,178.35,934.08,0.0,32,sleeping,memory
2026-09-22T13:42:21,811,769,MainThread,/home/rohan/.vscode-server/bin/7debcd0e2acdea1c52de81bf9ee1620444407dda/node /home/rohan/.vscode-server/bin/7debcd0e2acdea1c52de81bf9ee1620444407dda/node_modules/@github/copilot-linux-x64/index.js --headless --no-auto-update --log-level info --stdio --no-auto-login,0.0,3.2137,249.02,0.0,0.0,0.0,0.0,0.0,44,sleeping,memory
2026-09-22T13:42:21,812,770,MainThread,/home/rohan/.vscode-server/bin/7debcd0e2acdea1c52de81bf9ee1620444407dda/node /home/rohan/.vscode-server/bin/7debcd0e2acdea1c52de81bf9ee1620444407dda/extensions/markdown-language-features/dist/serverWorkerMain --node-ipc --clientProcessId=770,0.0,0.9939,77.02,0.0,0.0,0.5,0.0,0.0,7,sleeping,memory
2026-09-22T13:42:21,833,709,MainThread,/home/rohan/.vscode-server/bin/7debcd0e2acdea1c52de81bf9ee1620444407dda/node /home/rohan/.vscode-server/bin/7debcd0e2acdea1c52de81bf9ee1620444407dda/out/bootstrap-fork --type=ptyHost --logsPath /home/rohan/.vscode-server/data/logs/20260922T120228,0.0,0.976,75.62,0.0,0.0,5.48,0.0,0.0,13,sleeping,memory
2026-09-22T13:42:21,964,833,bash,/bin/bash --init-file /home/rohan/.vscode-server/bin/7debcd0e2acdea1c52de81bf9ee1620444407dda/out/vs/workbench/contrib/terminal/common/scripts/shellIntegration-bash.sh,0.0,0.0673,5.21,0.0,0.0,0.0,0.0,0.0,1,sleeping,memory
2026-09-22T13:42:21,1424,2,SessionLeader,/init,0.0,0.0142,1.1,0.0,0.0,0.0,0.0,0.0,1,sleeping,memory
2026-09-22T13:42:21,1425,1424,Relay(1426),/init,0.0,0.0143,1.11,0.0,0.0,0.0,0.0,0.0,1,sleeping,memory
2026-09-22T13:42:21,1426,1425,bash,-bash,0.0,0.0664,5.14,0.0,0.0,0.0,0.0,0.0,1,sleeping,memory
2026-09-22T13:42:21,4147,770,pet,/home/rohan/.vscode-server/extensions/ms-python.vscode-python-envs-1.37.2026092101-linux-x64/python-env-tools/bin/pet server,0.0,0.0749,5.8,0.0,0.0,0.0,0.0,0.0,21,sleeping,memory
2026-09-22T13:42:21,4156,833,bash,/bin/bash --init-file /home/rohan/.vscode-server/bin/7debcd0e2acdea1c52de81bf9ee1620444407dda/out/vs/workbench/contrib/terminal/common/scripts/shellIntegration-bash.sh,0.0,0.0663,5.14,0.0,0.0,0.0,0.0,0.0,1,sleeping,memory
2026-09-22T13:42:21,4295,770,MainThread,/home/rohan/.vscode-server/bin/7debcd0e2acdea1c52de81bf9ee1620444407dda/node /home/rohan/.vscode-server/extensions/ms-python.vscode-pylance-2026.3.105/dist/server.bundle.js --cancellationReceive=file:2bc56d7a41ee8749874d0000b75c5745f8ddf88b1a --node-ipc --clientProcessId=770,0.0,8.4519,654.91,0.0,0.0,1.0,0.0,0.0,9,sleeping,memory
2026-09-22T13:42:21,5890,2,SessionLeader,/init,0.0,0.0142,1.1,0.0,0.0,0.0,0.0,0.0,1,sleeping,memory
2026-09-22T13:42:21,5891,5890,Relay(5896),/init,0.0,0.0143,1.11,0.0,0.0,0.5,0.0,0.0,1,sleeping,memory
2026-09-22T13:42:21,5896,5891,bash,-bash,0.0,0.0668,5.18,0.0,0.0,0.0,0.0,0.0,1,sleeping,memory
2026-09-22T13:42:21,6172,2,SessionLeader,/init,0.0,0.0142,1.1,0.0,0.0,0.0,0.0,0.0,1,sleeping,memory
2026-09-22T13:42:21,6173,6172,Relay(6174),/init,0.0,0.0143,1.11,0.0,0.0,0.0,0.0,0.0,1,sleeping,memory
2026-09-22T13:42:21,6174,6173,bash,-bash,0.0,0.0665,5.15,0.0,0.0,0.0,0.0,0.0,1,sleeping,memory
2026-09-22T13:42:21,6941,2,SessionLeader,/init,0.0,0.0142,1.1,0.0,0.0,0.0,0.0,0.0,1,sleeping,memory
2026-09-22T13:42:21,6943,6941,Relay(6945),/init,0.0,0.0143,1.11,0.0,0.0,0.0,0.0,0.0,1,sleeping,memory
2026-09-22T13:42:21,6945,6943,bash,-bash,0.0,0.0666,5.16,0.0,0.0,0.0,0.0,0.0,1,sleeping,memory
2026-09-22T13:42:21,8650,2,SessionLeader,/init,0.0,0.0142,1.1,0.0,0.0,0.0,0.0,0.0,1,sleeping,memory
2026-09-22T13:42:21,8652,8650,Relay(8654),/init,0.0,0.0143,1.11,0.0,0.0,0.0,0.0,0.0,1,sleeping,memory
2026-09-22T13:42:21,8654,8652,bash,-bash,0.0,0.0677,5.25,0.0,0.0,0.0,0.0,0.0,1,sleeping,memory
2026-09-22T13:42:21,8853,2,SessionLeader,/init,0.0,0.0142,1.1,0.0,0.0,0.0,0.0,0.0,1,sleeping,memory
2026-09-22T13:42:21,8854,8853,Relay(8858),/init,0.0,0.0143,1.11,0.0,0.0,0.0,0.0,0.0,1,sleeping,memory
2026-09-22T13:42:21,8858,8854,bash,-bash,0.0,0.0679,5.26,0.0,0.0,0.0,0.0,0.0,1,sleeping,memory
2026-09-22T13:42:21,15760,2,SessionLeader,/init,0.0,0.0142,1.1,0.0,0.0,0.0,0.0,0.0,1,sleeping,memory
2026-09-22T13:42:21,15762,15760,Relay(15767),/init,0.0,0.0143,1.11,0.0,0.0,0.0,0.0,0.0,1,sleeping,memory
2026-09-22T13:42:21,15767,15762,bash,-bash,0.0,0.0687,5.32,0.0,0.0,0.0,0.0,0.0,1,sleeping,memory
2026-09-22T13:42:21,15903,2,SessionLeader,/init,0.0,0.0142,1.1,0.0,0.0,0.0,0.0,0.0,1,sleeping,memory
2026-09-22T13:42:21,15904,15903,Relay(15909),/init,0.0,0.0143,1.11,0.0,0.0,0.0,0.0,0.0,1,sleeping,memory
2026-09-22T13:42:21,15909,15904,bash,-bash,0.0,0.0689,5.34,0.0,0.0,0.0,0.0,0.0,1,sleeping,memory
2026-09-22T13:42:21,20518,1,wsl-pro-service,/usr/libexec/wsl-pro-service,0.0,0.1492,11.56,0.0,0.0,0.0,0.0,0.0,8,sleeping,memory
2026-09-22T13:42:21,22465,15909,python,python workloads/memory/memory_workload.py,99.6,13.2388,1025.83,0.0,0.0,3.49,0.0,0.0,20,running,memory
2026-09-22T13:42:23,1,0,systemd,/sbin/init,0.0,0.1643,12.73,0.0,0.0,0.0,0.0,0.0,1,sleeping,memory
2026-09-22T13:42:23,2,1,init-systemd(Ub,/init,0.0,0.0279,2.16,0.0,0.0,0.0,0.0,0.0,2,sleeping,memory
2026-09-22T13:42:23,7,2,init,plan9 --control-socket 7 --log-level 4 --server-fd 8 --pipe-fd 10 --log-truncate,0.0,0.0268,2.08,0.0,0.0,0.0,0.0,0.0,2,sleeping,memory
2026-09-22T13:42:23,43,1,systemd-journald,/usr/lib/systemd/systemd-journald,0.0,0.2001,15.51,0.0,0.0,0.0,0.0,0.0,1,sleeping,memory
2026-09-22T13:42:23,98,1,systemd-udevd,/usr/lib/systemd/systemd-udevd,0.0,0.074,5.73,0.0,0.0,0.0,0.0,0.0,1,sleeping,memory
2026-09-22T13:42:23,177,1,systemd-resolved,/usr/lib/systemd/systemd-resolved,0.0,0.1656,12.83,0.0,0.0,0.0,0.0,0.0,1,sleeping,memory
2026-09-22T13:42:23,178,1,systemd-timesyncd,/usr/lib/systemd/systemd-timesyncd,0.0,0.1002,7.77,0.0,0.0,0.0,0.0,0.0,2,sleeping,memory
2026-09-22T13:42:23,188,1,cron,/usr/sbin/cron -f -P,0.0,0.0338,2.62,0.0,0.0,0.0,0.0,0.0,1,sleeping,memory
2026-09-22T13:42:23,189,1,dbus-daemon,@dbus-daemon --system --address=systemd: --nofork --nopidfile --systemd-activation --syslog-only,0.0,0.0669,5.18,0.0,0.0,0.0,0.0,0.0,1,sleeping,memory
2026-09-22T13:42:23,203,1,systemd-logind,/usr/lib/systemd/systemd-logind,0.0,0.1112,8.62,0.0,0.0,0.0,0.0,0.0,1,sleeping,memory
2026-09-22T13:42:23,217,1,agetty,/sbin/agetty -o -p -- \u --noclear - linux,0.0,0.0249,1.93,0.0,0.0,0.0,0.0,0.0,1,sleeping,memory
2026-09-22T13:42:23,223,1,rsyslogd,/usr/sbin/rsyslogd -n -iNONE,0.0,0.0758,5.87,0.0,0.0,0.0,0.0,0.0,4,sleeping,memory
2026-09-22T13:42:23,236,1,unattended-upgr,/usr/bin/python3 /usr/share/unattended-upgrades/unattended-upgrade-shutdown --wait-for-signal,0.0,0.2778,21.53,0.0,0.0,0.0,0.0,0.0,2,sleeping,memory
2026-09-22T13:42:23,256,1,apache2,/usr/sbin/apache2 -k start,0.0,0.0634,4.91,0.0,0.0,1.0,0.0,0.0,1,sleeping,memory
2026-09-22T13:42:23,257,256,apache2,/usr/sbin/apache2 -k start,0.0,0.0734,5.69,0.0,0.0,0.0,0.0,0.0,27,sleeping,memory
2026-09-22T13:42:23,259,256,apache2,/usr/sbin/apache2 -k start,0.0,0.0734,5.69,0.0,0.0,0.0,0.0,0.0,27,sleeping,memory
2026-09-22T13:42:23,386,2,login,/bin/login -f      ,0.0,0.0584,4.53,0.0,0.0,0.0,0.0,0.0,1,sleeping,memory
2026-09-22T13:42:23,429,1,systemd,/usr/lib/systemd/systemd --user,0.0,0.145,11.24,0.0,0.0,0.0,0.0,0.0,1,sleeping,memory
2026-09-22T13:42:23,430,429,(sd-pam),(sd-pam),0.0,0.0451,3.49,0.0,0.0,0.0,0.0,0.0,1,sleeping,memory
2026-09-22T13:42:23,452,386,bash,-bash,0.0,0.0642,4.98,0.0,0.0,0.0,0.0,0.0,1,sleeping,memory
2026-09-22T13:42:23,486,2,SessionLeader,/init,0.0,0.0142,1.1,0.0,0.0,0.0,0.0,0.0,1,sleeping,memory
2026-09-22T13:42:23,487,486,Relay(488),/init,0.0,0.0159,1.23,0.0,0.0,0.0,0.0,0.0,1,sleeping,memory
2026-09-22T13:42:23,488,487,bash,-bash,0.0,0.0665,5.16,0.0,0.0,0.0,0.0,0.0,1,sleeping,memory
2026-09-22T13:42:23,696,2,SessionLeader,/init,0.0,0.0143,1.11,0.0,0.0,0.0,0.0,0.0,1,sleeping,memory
2026-09-22T13:42:23,697,696,Relay(698),/init,0.0,0.0152,1.18,0.0,0.0,0.0,0.0,0.0,1,sleeping,memory
2026-09-22T13:42:23,698,697,sh,"sh -c ""$VSCODE_WSL_EXT_LOCATION/scripts/wslServer.sh"" 7debcd0e2acdea1c52de81bf9ee1620444407dda stable code-server .vscode-server --host=127.0.0.1 --port=0 --connection-token=826864117-4248089396-2109865724-2149592531 --use-host-proxy --without-browser-env-var --disable-websocket-compression --accept-server-license-terms --telemetry-level=all",0.0,0.024,1.86,0.0,0.0,0.0,0.0,0.0,1,sleeping,memory
2026-09-22T13:42:23,699,698,sh,sh /mnt/c/Users/Rohan/.vscode/extensions/ms-vscode-remote.remote-wsl-0.104.3/scripts/wslServer.sh 7debcd0e2acdea1c52de81bf9ee1620444407dda stable code-server .vscode-server --host=127.0.0.1 --port=0 --connection-token=826864117-4248089396-2109865724-2149592531 --use-host-proxy --without-browser-env-var --disable-websocket-compression --accept-server-license-terms --telemetry-level=all,0.0,0.0251,1.95,0.0,0.0,0.0,0.0,0.0,1,sleeping,memory
2026-09-22T13:42:23,705,699,sh,sh /home/rohan/.vscode-server/bin/7debcd0e2acdea1c52de81bf9ee1620444407dda/bin/code-server --host=127.0.0.1 --port=0 --connection-token=826864117-4248089396-2109865724-2149592531 --use-host-proxy --without-browser-env-var --disable-websocket-compression --accept-server-license-terms --telemetry-level=all,0.0,0.025,1.93,0.0,0.0,0.0,0.0,0.0,1,sleeping,memory
2026-09-22T13:42:23,709,705,MainThread,/home/rohan/.vscode-server/bin/7debcd0e2acdea1c52de81bf9ee1620444407dda/node /home/rohan/.vscode-server/bin/7debcd0e2acdea1c52de81bf9ee1620444407dda/out/server-main.js --host=127.0.0.1 --port=0 --connection-token=826864117-4248089396-2109865724-2149592531 --use-host-proxy --without-browser-env-var --disable-websocket-compression --accept-server-license-terms --telemetry-level=all,0.0,2.2857,177.11,0.0,0.0,4.98,0.0,0.0,11,sleeping,memory
2026-09-22T13:42:23,721,2,SessionLeader,/init,0.0,0.0143,1.11,0.0,0.0,0.0,0.0,0.0,1,sleeping,memory
2026-09-22T13:42:23,722,721,Relay(723),/init,0.0,0.0152,1.18,0.0,0.0,0.5,0.0,0.0,1,sleeping,memory
2026-09-22T13:42:23,723,722,MainThread,"/home/rohan/.vscode-server/bin/7debcd0e2acdea1c52de81bf9ee1620444407dda/node -e const net = require('net'); process.stdin.pause(); const client = net.createConnection({ host: '127.0.0.1', port: 44115 }, () => { client.pipe(process.stdout); process.stdin.pipe(client); }); client.on('close', function (hadError) { console.error(hadError ? 'Remote close with error' : 'Remote close'); process.exit(hadError ? 1 : 0); }); client.on('error', function (err) { process.stderr.write(err && (err.stack || err.message) || String(err)); });",0.0,0.8701,67.42,0.0,0.0,0.5,0.0,0.0,7,sleeping,memory
2026-09-22T13:42:23,730,2,SessionLeader,/init,0.0,0.0143,1.11,0.0,0.0,0.0,0.0,0.0,1,sleeping,memory
2026-09-22T13:42:23,731,730,Relay(732),/init,0.0,0.0152,1.18,0.0,0.0,1.0,0.0,0.0,1,sleeping,memory
2026-09-22T13:42:23,732,731,MainThread,"/home/rohan/.vscode-server/bin/7debcd0e2acdea1c52de81bf9ee1620444407dda/node -e const net = require('net'); process.stdin.pause(); const client = net.createConnection({ host: '127.0.0.1', port: 44115 }, () => { client.pipe(process.stdout); process.stdin.pipe(client); }); client.on('close', function (hadError) { console.error(hadError ? 'Remote close with error' : 'Remote close'); process.exit(hadError ? 1 : 0); }); client.on('error', function (err) { process.stderr.write(err && (err.stack || err.message) || String(err)); });",0.0,0.7845,60.79,0.0,0.0,1.0,0.0,0.0,7,sleeping,memory
2026-09-22T13:42:23,743,709,MainThread,/home/rohan/.vscode-server/bin/7debcd0e2acdea1c52de81bf9ee1620444407dda/node /home/rohan/.vscode-server/bin/7debcd0e2acdea1c52de81bf9ee1620444407dda/out/bootstrap-fork --type=fileWatcher,0.0,0.8807,68.24,0.0,0.0,1.0,0.0,0.0,13,sleeping,memory
2026-09-22T13:42:23,769,709,MainThread,/home/rohan/.vscode-server/bin/7debcd0e2acdea1c52de81bf9ee1620444407dda/node /home/rohan/.vscode-server/bin/7debcd0e2acdea1c52de81bf9ee1620444407dda/out/bootstrap-fork --type=agentHost --logsPath /home/rohan/.vscode-server/data/logs/20260922T120228 --user-data-dir /home/rohan/.vscode-server/data --telemetry-level all,0.0,1.7758,137.6,0.0,0.0,0.0,0.0,0.0,11,sleeping,memory
2026-09-22T13:42:23,770,709,MainThread,/home/rohan/.vscode-server/bin/7debcd0e2acdea1c52de81bf9ee1620444407dda/node --dns-result-order=ipv4first /home/rohan/.vscode-server/bin/7debcd0e2acdea1c52de81bf9ee1620444407dda/out/bootstrap-fork --type=extensionHost --transformURIs --useHostProxy=true,1.5,6.7073,519.73,0.0,0.0,189.78,859.75,0.0,32,sleeping,memory
2026-09-22T13:42:23,811,769,MainThread,/home/rohan/.vscode-server/bin/7debcd0e2acdea1c52de81bf9ee1620444407dda/node /home/rohan/.vscode-server/bin/7debcd0e2acdea1c52de81bf9ee1620444407dda/node_modules/@github/copilot-linux-x64/index.js --headless --no-auto-update --log-level info --stdio --no-auto-login,0.0,3.2137,249.02,0.0,0.0,0.0,0.0,0.0,44,sleeping,memory
2026-09-22T13:42:23,812,770,MainThread,/home/rohan/.vscode-server/bin/7debcd0e2acdea1c52de81bf9ee1620444407dda/node /home/rohan/.vscode-server/bin/7debcd0e2acdea1c52de81bf9ee1620444407dda/extensions/markdown-language-features/dist/serverWorkerMain --node-ipc --clientProcessId=770,0.0,0.9939,77.02,0.0,0.0,0.5,0.0,0.0,7,sleeping,memory
2026-09-22T13:42:23,833,709,MainThread,/home/rohan/.vscode-server/bin/7debcd0e2acdea1c52de81bf9ee1620444407dda/node /home/rohan/.vscode-server/bin/7debcd0e2acdea1c52de81bf9ee1620444407dda/out/bootstrap-fork --type=ptyHost --logsPath /home/rohan/.vscode-server/data/logs/20260922T120228,0.0,0.976,75.62,0.0,0.0,6.97,0.0,0.0,13,sleeping,memory
2026-09-22T13:42:23,964,833,bash,/bin/bash --init-file /home/rohan/.vscode-server/bin/7debcd0e2acdea1c52de81bf9ee1620444407dda/out/vs/workbench/contrib/terminal/common/scripts/shellIntegration-bash.sh,0.0,0.0673,5.21,0.0,0.0,0.0,0.0,0.0,1,sleeping,memory
2026-09-22T13:42:23,1424,2,SessionLeader,/init,0.0,0.0142,1.1,0.0,0.0,0.0,0.0,0.0,1,sleeping,memory
2026-09-22T13:42:23,1425,1424,Relay(1426),/init,0.0,0.0143,1.11,0.0,0.0,0.0,0.0,0.0,1,sleeping,memory
2026-09-22T13:42:23,1426,1425,bash,-bash,0.0,0.0664,5.14,0.0,0.0,0.0,0.0,0.0,1,sleeping,memory
2026-09-22T13:42:23,4147,770,pet,/home/rohan/.vscode-server/extensions/ms-python.vscode-python-envs-1.37.2026092101-linux-x64/python-env-tools/bin/pet server,0.0,0.0749,5.8,0.0,0.0,0.0,0.0,0.0,21,sleeping,memory
2026-09-22T13:42:23,4156,833,bash,/bin/bash --init-file /home/rohan/.vscode-server/bin/7debcd0e2acdea1c52de81bf9ee1620444407dda/out/vs/workbench/contrib/terminal/common/scripts/shellIntegration-bash.sh,0.0,0.0663,5.14,0.0,0.0,0.0,0.0,0.0,1,sleeping,memory
2026-09-22T13:42:23,4295,770,MainThread,/home/rohan/.vscode-server/bin/7debcd0e2acdea1c52de81bf9ee1620444407dda/node /home/rohan/.vscode-server/extensions/ms-python.vscode-pylance-2026.3.105/dist/server.bundle.js --cancellationReceive=file:2bc56d7a41ee8749874d0000b75c5745f8ddf88b1a --node-ipc --clientProcessId=770,0.0,8.4519,654.91,0.0,0.0,0.5,0.0,0.0,9,sleeping,memory
2026-09-22T13:42:23,5890,2,SessionLeader,/init,0.0,0.0142,1.1,0.0,0.0,0.0,0.0,0.0,1,sleeping,memory
2026-09-22T13:42:23,5891,5890,Relay(5896),/init,0.0,0.0143,1.11,0.0,0.0,0.5,0.0,0.0,1,sleeping,memory
2026-09-22T13:42:23,5896,5891,bash,-bash,0.0,0.0668,5.18,0.0,0.0,0.0,0.0,0.0,1,sleeping,memory
2026-09-22T13:42:23,6172,2,SessionLeader,/init,0.0,0.0142,1.1,0.0,0.0,0.0,0.0,0.0,1,sleeping,memory
2026-09-22T13:42:23,6173,6172,Relay(6174),/init,0.0,0.0143,1.11,0.0,0.0,0.0,0.0,0.0,1,sleeping,memory
2026-09-22T13:42:23,6174,6173,bash,-bash,0.0,0.0665,5.15,0.0,0.0,0.0,0.0,0.0,1,sleeping,memory
2026-09-22T13:42:23,6941,2,SessionLeader,/init,0.0,0.0142,1.1,0.0,0.0,0.0,0.0,0.0,1,sleeping,memory
2026-09-22T13:42:23,6943,6941,Relay(6945),/init,0.0,0.0143,1.11,0.0,0.0,0.0,0.0,0.0,1,sleeping,memory
2026-09-22T13:42:23,6945,6943,bash,-bash,0.0,0.0666,5.16,0.0,0.0,0.0,0.0,0.0,1,sleeping,memory
2026-09-22T13:42:23,8650,2,SessionLeader,/init,0.0,0.0142,1.1,0.0,0.0,0.0,0.0,0.0,1,sleeping,memory
2026-09-22T13:42:23,8652,8650,Relay(8654),/init,0.0,0.0143,1.11,0.0,0.0,0.0,0.0,0.0,1,sleeping,memory
2026-09-22T13:42:23,8654,8652,bash,-bash,0.0,0.0677,5.25,0.0,0.0,0.0,0.0,0.0,1,sleeping,memory
2026-09-22T13:42:23,8853,2,SessionLeader,/init,0.0,0.0142,1.1,0.0,0.0,0.0,0.0,0.0,1,sleeping,memory
2026-09-22T13:42:23,8854,8853,Relay(8858),/init,0.0,0.0143,1.11,0.0,0.0,0.0,0.0,0.0,1,sleeping,memory
2026-09-22T13:42:23,8858,8854,bash,-bash,0.0,0.0679,5.26,0.0,0.0,0.0,0.0,0.0,1,sleeping,memory
2026-09-22T13:42:23,15760,2,SessionLeader,/init,0.0,0.0142,1.1,0.0,0.0,0.0,0.0,0.0,1,sleeping,memory
2026-09-22T13:42:23,15762,15760,Relay(15767),/init,0.0,0.0143,1.11,0.0,0.0,0.0,0.0,0.0,1,sleeping,memory
2026-09-22T13:42:23,15767,15762,bash,-bash,0.0,0.0687,5.32,0.0,0.0,0.0,0.0,0.0,1,sleeping,memory
2026-09-22T13:42:23,15903,2,SessionLeader,/init,0.0,0.0142,1.1,0.0,0.0,0.0,0.0,0.0,1,sleeping,memory
2026-09-22T13:42:23,15904,15903,Relay(15909),/init,0.0,0.0143,1.11,0.0,0.0,0.0,0.0,0.0,1,sleeping,memory
2026-09-22T13:42:23,15909,15904,bash,-bash,0.0,0.0689,5.34,0.0,0.0,0.0,0.0,0.0,1,sleeping,memory
2026-09-22T13:42:23,20518,1,wsl-pro-service,/usr/libexec/wsl-pro-service,0.0,0.1492,11.56,0.0,0.0,0.0,0.0,0.0,8,sleeping,memory
2026-09-22T13:42:23,22465,15909,python,python workloads/memory/memory_workload.py,100.1,13.2388,1025.83,0.0,0.0,2.49,0.0,0.0,20,running,memory
2026-09-22T13:42:25,1,0,systemd,/sbin/init,0.0,0.1643,12.73,0.0,0.0,0.0,0.0,0.0,1,sleeping,memory
2026-09-22T13:42:25,2,1,init-systemd(Ub,/init,0.0,0.0279,2.16,0.0,0.0,0.0,0.0,0.0,2,sleeping,memory
2026-09-22T13:42:25,7,2,init,plan9 --control-socket 7 --log-level 4 --server-fd 8 --pipe-fd 10 --log-truncate,0.0,0.0268,2.08,0.0,0.0,0.0,0.0,0.0,2,sleeping,memory
2026-09-22T13:42:25,43,1,systemd-journald,/usr/lib/systemd/systemd-journald,0.0,0.2001,15.51,0.0,0.0,0.0,0.0,0.0,1,sleeping,memory
2026-09-22T13:42:25,98,1,systemd-udevd,/usr/lib/systemd/systemd-udevd,0.0,0.074,5.73,0.0,0.0,0.0,0.0,0.0,1,sleeping,memory
2026-09-22T13:42:25,177,1,systemd-resolved,/usr/lib/systemd/systemd-resolved,0.0,0.1656,12.83,0.0,0.0,0.0,0.0,0.0,1,sleeping,memory
2026-09-22T13:42:25,178,1,systemd-timesyncd,/usr/lib/systemd/systemd-timesyncd,0.0,0.1002,7.77,0.0,0.0,0.0,0.0,0.0,2,sleeping,memory
2026-09-22T13:42:25,188,1,cron,/usr/sbin/cron -f -P,0.0,0.0338,2.62,0.0,0.0,0.0,0.0,0.0,1,sleeping,memory
2026-09-22T13:42:25,189,1,dbus-daemon,@dbus-daemon --system --address=systemd: --nofork --nopidfile --systemd-activation --syslog-only,0.0,0.0669,5.18,0.0,0.0,0.0,0.0,0.0,1,sleeping,memory
2026-09-22T13:42:25,203,1,systemd-logind,/usr/lib/systemd/systemd-logind,0.0,0.1112,8.62,0.0,0.0,0.0,0.0,0.0,1,sleeping,memory
2026-09-22T13:42:25,217,1,agetty,/sbin/agetty -o -p -- \u --noclear - linux,0.0,0.0249,1.93,0.0,0.0,0.0,0.0,0.0,1,sleeping,memory
2026-09-22T13:42:25,223,1,rsyslogd,/usr/sbin/rsyslogd -n -iNONE,0.0,0.0758,5.87,0.0,0.0,0.0,0.0,0.0,4,sleeping,memory
2026-09-22T13:42:25,236,1,unattended-upgr,/usr/bin/python3 /usr/share/unattended-upgrades/unattended-upgrade-shutdown --wait-for-signal,0.0,0.2778,21.53,0.0,0.0,0.0,0.0,0.0,2,sleeping,memory
2026-09-22T13:42:25,256,1,apache2,/usr/sbin/apache2 -k start,0.0,0.0634,4.91,0.0,0.0,1.0,0.0,0.0,1,sleeping,memory
2026-09-22T13:42:25,257,256,apache2,/usr/sbin/apache2 -k start,0.0,0.0734,5.69,0.0,0.0,0.0,0.0,0.0,27,sleeping,memory
2026-09-22T13:42:25,259,256,apache2,/usr/sbin/apache2 -k start,0.0,0.0734,5.69,0.0,0.0,0.0,0.0,0.0,27,sleeping,memory
2026-09-22T13:42:25,386,2,login,/bin/login -f      ,0.0,0.0584,4.53,0.0,0.0,0.0,0.0,0.0,1,sleeping,memory
2026-09-22T13:42:25,429,1,systemd,/usr/lib/systemd/systemd --user,0.0,0.145,11.24,0.0,0.0,0.0,0.0,0.0,1,sleeping,memory
2026-09-22T13:42:25,430,429,(sd-pam),(sd-pam),0.0,0.0451,3.49,0.0,0.0,0.0,0.0,0.0,1,sleeping,memory
2026-09-22T13:42:25,452,386,bash,-bash,0.0,0.0642,4.98,0.0,0.0,0.0,0.0,0.0,1,sleeping,memory
2026-09-22T13:42:25,486,2,SessionLeader,/init,0.0,0.0142,1.1,0.0,0.0,0.0,0.0,0.0,1,sleeping,memory
2026-09-22T13:42:25,487,486,Relay(488),/init,0.0,0.0159,1.23,0.0,0.0,0.0,0.0,0.0,1,sleeping,memory
2026-09-22T13:42:25,488,487,bash,-bash,0.0,0.0665,5.16,0.0,0.0,0.0,0.0,0.0,1,sleeping,memory
2026-09-22T13:42:25,696,2,SessionLeader,/init,0.0,0.0143,1.11,0.0,0.0,0.0,0.0,0.0,1,sleeping,memory
2026-09-22T13:42:25,697,696,Relay(698),/init,0.0,0.0152,1.18,0.0,0.0,0.0,0.0,0.0,1,sleeping,memory
2026-09-22T13:42:25,698,697,sh,"sh -c ""$VSCODE_WSL_EXT_LOCATION/scripts/wslServer.sh"" 7debcd0e2acdea1c52de81bf9ee1620444407dda stable code-server .vscode-server --host=127.0.0.1 --port=0 --connection-token=826864117-4248089396-2109865724-2149592531 --use-host-proxy --without-browser-env-var --disable-websocket-compression --accept-server-license-terms --telemetry-level=all",0.0,0.024,1.86,0.0,0.0,0.0,0.0,0.0,1,sleeping,memory
2026-09-22T13:42:25,699,698,sh,sh /mnt/c/Users/Rohan/.vscode/extensions/ms-vscode-remote.remote-wsl-0.104.3/scripts/wslServer.sh 7debcd0e2acdea1c52de81bf9ee1620444407dda stable code-server .vscode-server --host=127.0.0.1 --port=0 --connection-token=826864117-4248089396-2109865724-2149592531 --use-host-proxy --without-browser-env-var --disable-websocket-compression --accept-server-license-terms --telemetry-level=all,0.0,0.0251,1.95,0.0,0.0,0.0,0.0,0.0,1,sleeping,memory
2026-09-22T13:42:25,705,699,sh,sh /home/rohan/.vscode-server/bin/7debcd0e2acdea1c52de81bf9ee1620444407dda/bin/code-server --host=127.0.0.1 --port=0 --connection-token=826864117-4248089396-2109865724-2149592531 --use-host-proxy --without-browser-env-var --disable-websocket-compression --accept-server-license-terms --telemetry-level=all,0.0,0.025,1.93,0.0,0.0,0.0,0.0,0.0,1,sleeping,memory
2026-09-22T13:42:25,709,705,MainThread,/home/rohan/.vscode-server/bin/7debcd0e2acdea1c52de81bf9ee1620444407dda/node /home/rohan/.vscode-server/bin/7debcd0e2acdea1c52de81bf9ee1620444407dda/out/server-main.js --host=127.0.0.1 --port=0 --connection-token=826864117-4248089396-2109865724-2149592531 --use-host-proxy --without-browser-env-var --disable-websocket-compression --accept-server-license-terms --telemetry-level=all,0.0,2.2857,177.11,0.0,0.0,9.96,0.0,0.0,11,sleeping,memory
2026-09-22T13:42:25,721,2,SessionLeader,/init,0.0,0.0143,1.11,0.0,0.0,0.0,0.0,0.0,1,sleeping,memory
2026-09-22T13:42:25,722,721,Relay(723),/init,0.0,0.0152,1.18,0.0,0.0,1.99,0.0,0.0,1,sleeping,memory
2026-09-22T13:42:25,723,722,MainThread,"/home/rohan/.vscode-server/bin/7debcd0e2acdea1c52de81bf9ee1620444407dda/node -e const net = require('net'); process.stdin.pause(); const client = net.createConnection({ host: '127.0.0.1', port: 44115 }, () => { client.pipe(process.stdout); process.stdin.pipe(client); }); client.on('close', function (hadError) { console.error(hadError ? 'Remote close with error' : 'Remote close'); process.exit(hadError ? 1 : 0); }); client.on('error', function (err) { process.stderr.write(err && (err.stack || err.message) || String(err)); });",0.0,0.8701,67.42,0.0,0.0,1.99,0.0,0.0,7,sleeping,memory
2026-09-22T13:42:25,730,2,SessionLeader,/init,0.0,0.0143,1.11,0.0,0.0,0.0,0.0,0.0,1,sleeping,memory
2026-09-22T13:42:25,731,730,Relay(732),/init,0.0,0.0152,1.18,0.0,0.0,1.0,0.0,0.0,1,sleeping,memory
2026-09-22T13:42:25,732,731,MainThread,"/home/rohan/.vscode-server/bin/7debcd0e2acdea1c52de81bf9ee1620444407dda/node -e const net = require('net'); process.stdin.pause(); const client = net.createConnection({ host: '127.0.0.1', port: 44115 }, () => { client.pipe(process.stdout); process.stdin.pipe(client); }); client.on('close', function (hadError) { console.error(hadError ? 'Remote close with error' : 'Remote close'); process.exit(hadError ? 1 : 0); }); client.on('error', function (err) { process.stderr.write(err && (err.stack || err.message) || String(err)); });",0.0,0.7845,60.79,0.0,0.0,1.0,0.0,0.0,7,sleeping,memory
2026-09-22T13:42:25,743,709,MainThread,/home/rohan/.vscode-server/bin/7debcd0e2acdea1c52de81bf9ee1620444407dda/node /home/rohan/.vscode-server/bin/7debcd0e2acdea1c52de81bf9ee1620444407dda/out/bootstrap-fork --type=fileWatcher,0.0,0.8807,68.24,0.0,0.0,1.49,0.0,0.0,13,sleeping,memory
2026-09-22T13:42:25,769,709,MainThread,/home/rohan/.vscode-server/bin/7debcd0e2acdea1c52de81bf9ee1620444407dda/node /home/rohan/.vscode-server/bin/7debcd0e2acdea1c52de81bf9ee1620444407dda/out/bootstrap-fork --type=agentHost --logsPath /home/rohan/.vscode-server/data/logs/20260922T120228 --user-data-dir /home/rohan/.vscode-server/data --telemetry-level all,0.0,1.7758,137.6,0.0,2040.57,3.99,0.0,0.0,11,sleeping,memory
2026-09-22T13:42:25,770,709,MainThread,/home/rohan/.vscode-server/bin/7debcd0e2acdea1c52de81bf9ee1620444407dda/node --dns-result-order=ipv4first /home/rohan/.vscode-server/bin/7debcd0e2acdea1c52de81bf9ee1620444407dda/out/bootstrap-fork --type=extensionHost --transformURIs --useHostProxy=true,1.0,6.7073,519.73,0.0,0.0,188.81,892.23,0.0,32,sleeping,memory
2026-09-22T13:42:25,811,769,MainThread,/home/rohan/.vscode-server/bin/7debcd0e2acdea1c52de81bf9ee1620444407dda/node /home/rohan/.vscode-server/bin/7debcd0e2acdea1c52de81bf9ee1620444407dda/node_modules/@github/copilot-linux-x64/index.js --headless --no-auto-update --log-level info --stdio --no-auto-login,0.0,3.2137,249.02,0.0,0.0,0.0,0.0,0.0,44,sleeping,memory
2026-09-22T13:42:25,812,770,MainThread,/home/rohan/.vscode-server/bin/7debcd0e2acdea1c52de81bf9ee1620444407dda/node /home/rohan/.vscode-server/bin/7debcd0e2acdea1c52de81bf9ee1620444407dda/extensions/markdown-language-features/dist/serverWorkerMain --node-ipc --clientProcessId=770,0.0,0.9939,77.02,0.0,0.0,0.5,0.0,0.0,7,sleeping,memory
2026-09-22T13:42:25,833,709,MainThread,/home/rohan/.vscode-server/bin/7debcd0e2acdea1c52de81bf9ee1620444407dda/node /home/rohan/.vscode-server/bin/7debcd0e2acdea1c52de81bf9ee1620444407dda/out/bootstrap-fork --type=ptyHost --logsPath /home/rohan/.vscode-server/data/logs/20260922T120228,0.0,0.976,75.62,0.0,0.0,4.98,0.0,0.0,13,sleeping,memory
2026-09-22T13:42:25,964,833,bash,/bin/bash --init-file /home/rohan/.vscode-server/bin/7debcd0e2acdea1c52de81bf9ee1620444407dda/out/vs/workbench/contrib/terminal/common/scripts/shellIntegration-bash.sh,0.0,0.0673,5.21,0.0,0.0,0.0,0.0,0.0,1,sleeping,memory
2026-09-22T13:42:25,1424,2,SessionLeader,/init,0.0,0.0142,1.1,0.0,0.0,0.0,0.0,0.0,1,sleeping,memory
2026-09-22T13:42:25,1425,1424,Relay(1426),/init,0.0,0.0143,1.11,0.0,0.0,0.0,0.0,0.0,1,sleeping,memory
2026-09-22T13:42:25,1426,1425,bash,-bash,0.0,0.0664,5.14,0.0,0.0,0.0,0.0,0.0,1,sleeping,memory
2026-09-22T13:42:25,4147,770,pet,/home/rohan/.vscode-server/extensions/ms-python.vscode-python-envs-1.37.2026092101-linux-x64/python-env-tools/bin/pet server,0.0,0.0749,5.8,0.0,0.0,0.0,0.0,0.0,21,sleeping,memory
2026-09-22T13:42:25,4156,833,bash,/bin/bash --init-file /home/rohan/.vscode-server/bin/7debcd0e2acdea1c52de81bf9ee1620444407dda/out/vs/workbench/contrib/terminal/common/scripts/shellIntegration-bash.sh,0.0,0.0663,5.14,0.0,0.0,0.0,0.0,0.0,1,sleeping,memory
2026-09-22T13:42:25,4295,770,MainThread,/home/rohan/.vscode-server/bin/7debcd0e2acdea1c52de81bf9ee1620444407dda/node /home/rohan/.vscode-server/extensions/ms-python.vscode-pylance-2026.3.105/dist/server.bundle.js --cancellationReceive=file:2bc56d7a41ee8749874d0000b75c5745f8ddf88b1a --node-ipc --clientProcessId=770,0.0,8.4519,654.91,0.0,0.0,1.0,0.0,0.0,9,sleeping,memory
2026-09-22T13:42:25,5890,2,SessionLeader,/init,0.0,0.0142,1.1,0.0,0.0,0.0,0.0,0.0,1,sleeping,memory
2026-09-22T13:42:25,5891,5890,Relay(5896),/init,0.0,0.0143,1.11,0.0,0.0,0.5,0.0,0.0,1,sleeping,memory
2026-09-22T13:42:25,5896,5891,bash,-bash,0.0,0.0668,5.18,0.0,0.0,0.0,0.0,0.0,1,sleeping,memory
2026-09-22T13:42:25,6172,2,SessionLeader,/init,0.0,0.0142,1.1,0.0,0.0,0.0,0.0,0.0,1,sleeping,memory
2026-09-22T13:42:25,6173,6172,Relay(6174),/init,0.0,0.0143,1.11,0.0,0.0,0.0,0.0,0.0,1,sleeping,memory
2026-09-22T13:42:25,6174,6173,bash,-bash,0.0,0.0665,5.15,0.0,0.0,0.0,0.0,0.0,1,sleeping,memory
2026-09-22T13:42:25,6941,2,SessionLeader,/init,0.0,0.0142,1.1,0.0,0.0,0.0,0.0,0.0,1,sleeping,memory
2026-09-22T13:42:25,6943,6941,Relay(6945),/init,0.0,0.0143,1.11,0.0,0.0,0.0,0.0,0.0,1,sleeping,memory
2026-09-22T13:42:25,6945,6943,bash,-bash,0.0,0.0666,5.16,0.0,0.0,0.0,0.0,0.0,1,sleeping,memory
2026-09-22T13:42:25,8650,2,SessionLeader,/init,0.0,0.0142,1.1,0.0,0.0,0.0,0.0,0.0,1,sleeping,memory
2026-09-22T13:42:25,8652,8650,Relay(8654),/init,0.0,0.0143,1.11,0.0,0.0,0.0,0.0,0.0,1,sleeping,memory
2026-09-22T13:42:25,8654,8652,bash,-bash,0.0,0.0677,5.25,0.0,0.0,0.0,0.0,0.0,1,sleeping,memory
2026-09-22T13:42:25,8853,2,SessionLeader,/init,0.0,0.0142,1.1,0.0,0.0,0.0,0.0,0.0,1,sleeping,memory
2026-09-22T13:42:25,8854,8853,Relay(8858),/init,0.0,0.0143,1.11,0.0,0.0,0.0,0.0,0.0,1,sleeping,memory
2026-09-22T13:42:25,8858,8854,bash,-bash,0.0,0.0679,5.26,0.0,0.0,0.0,0.0,0.0,1,sleeping,memory
2026-09-22T13:42:25,15760,2,SessionLeader,/init,0.0,0.0142,1.1,0.0,0.0,0.0,0.0,0.0,1,sleeping,memory
2026-09-22T13:42:25,15762,15760,Relay(15767),/init,0.0,0.0143,1.11,0.0,0.0,0.0,0.0,0.0,1,sleeping,memory
2026-09-22T13:42:25,15767,15762,bash,-bash,0.0,0.0687,5.32,0.0,0.0,0.0,0.0,0.0,1,sleeping,memory
2026-09-22T13:42:25,15903,2,SessionLeader,/init,0.0,0.0142,1.1,0.0,0.0,0.0,0.0,0.0,1,sleeping,memory
2026-09-22T13:42:25,15904,15903,Relay(15909),/init,0.0,0.0143,1.11,0.0,0.0,0.0,0.0,0.0,1,sleeping,memory
2026-09-22T13:42:25,15909,15904,bash,-bash,0.0,0.0689,5.34,0.0,0.0,0.0,0.0,0.0,1,sleeping,memory
2026-09-22T13:42:25,20518,1,wsl-pro-service,/usr/libexec/wsl-pro-service,0.0,0.1492,11.56,0.0,0.0,0.0,0.0,0.0,8,sleeping,memory
2026-09-22T13:42:25,22465,15909,python,python workloads/memory/memory_workload.py,100.1,13.2388,1025.83,0.0,0.0,2.49,0.0,0.0,20,running,memory
2026-09-22T13:42:27,1,0,systemd,/sbin/init,0.0,0.1643,12.73,0.0,0.0,0.0,0.0,0.0,1,sleeping,memory
2026-09-22T13:42:27,2,1,init-systemd(Ub,/init,0.0,0.0279,2.16,0.0,0.0,0.0,0.0,0.0,2,sleeping,memory
2026-09-22T13:42:27,7,2,init,plan9 --control-socket 7 --log-level 4 --server-fd 8 --pipe-fd 10 --log-truncate,0.0,0.0268,2.08,0.0,0.0,0.0,0.0,0.0,2,sleeping,memory
2026-09-22T13:42:27,43,1,systemd-journald,/usr/lib/systemd/systemd-journald,0.0,0.2002,15.51,0.0,0.0,1.0,0.5,0.0,1,sleeping,memory
2026-09-22T13:42:27,98,1,systemd-udevd,/usr/lib/systemd/systemd-udevd,0.0,0.074,5.73,0.0,0.0,0.0,0.0,0.0,1,sleeping,memory
2026-09-22T13:42:27,177,1,systemd-resolved,/usr/lib/systemd/systemd-resolved,0.0,0.1656,12.83,0.0,0.0,0.0,0.0,0.0,1,sleeping,memory
2026-09-22T13:42:27,178,1,systemd-timesyncd,/usr/lib/systemd/systemd-timesyncd,0.0,0.1002,7.77,0.0,0.0,0.0,0.0,0.0,2,sleeping,memory
2026-09-22T13:42:27,188,1,cron,/usr/sbin/cron -f -P,0.0,0.0338,2.62,0.0,0.0,0.0,0.0,0.0,1,sleeping,memory
2026-09-22T13:42:27,189,1,dbus-daemon,@dbus-daemon --system --address=systemd: --nofork --nopidfile --systemd-activation --syslog-only,0.0,0.0669,5.18,0.0,0.0,0.0,0.0,0.0,1,sleeping,memory
2026-09-22T13:42:27,203,1,systemd-logind,/usr/lib/systemd/systemd-logind,0.0,0.1112,8.62,0.0,0.0,0.0,0.0,0.0,1,sleeping,memory
2026-09-22T13:42:27,217,1,agetty,/sbin/agetty -o -p -- \u --noclear - linux,0.0,0.0249,1.93,0.0,0.0,0.0,0.0,0.0,1,sleeping,memory
2026-09-22T13:42:27,223,1,rsyslogd,/usr/sbin/rsyslogd -n -iNONE,0.0,0.0758,5.87,0.0,0.0,0.0,0.0,0.0,4,sleeping,memory
2026-09-22T13:42:27,236,1,unattended-upgr,/usr/bin/python3 /usr/share/unattended-upgrades/unattended-upgrade-shutdown --wait-for-signal,0.0,0.2778,21.53,0.0,0.0,0.0,0.0,0.0,2,sleeping,memory
2026-09-22T13:42:27,256,1,apache2,/usr/sbin/apache2 -k start,0.0,0.0634,4.91,0.0,0.0,1.0,0.0,0.0,1,sleeping,memory
2026-09-22T13:42:27,257,256,apache2,/usr/sbin/apache2 -k start,0.0,0.0734,5.69,0.0,0.0,0.0,0.0,0.0,27,sleeping,memory
2026-09-22T13:42:27,259,256,apache2,/usr/sbin/apache2 -k start,0.0,0.0734,5.69,0.0,0.0,0.0,0.0,0.0,27,sleeping,memory
2026-09-22T13:42:27,386,2,login,/bin/login -f      ,0.0,0.0584,4.53,0.0,0.0,0.0,0.0,0.0,1,sleeping,memory
2026-09-22T13:42:27,429,1,systemd,/usr/lib/systemd/systemd --user,0.0,0.145,11.24,0.0,0.0,0.0,0.0,0.0,1,sleeping,memory
2026-09-22T13:42:27,430,429,(sd-pam),(sd-pam),0.0,0.0451,3.49,0.0,0.0,0.0,0.0,0.0,1,sleeping,memory
2026-09-22T13:42:27,452,386,bash,-bash,0.0,0.0642,4.98,0.0,0.0,0.0,0.0,0.0,1,sleeping,memory
2026-09-22T13:42:27,486,2,SessionLeader,/init,0.0,0.0142,1.1,0.0,0.0,0.0,0.0,0.0,1,sleeping,memory
2026-09-22T13:42:27,487,486,Relay(488),/init,0.0,0.0159,1.23,0.0,0.0,0.0,0.0,0.0,1,sleeping,memory
2026-09-22T13:42:27,488,487,bash,-bash,0.0,0.0665,5.16,0.0,0.0,0.0,0.0,0.0,1,sleeping,memory
2026-09-22T13:42:27,696,2,SessionLeader,/init,0.0,0.0143,1.11,0.0,0.0,0.0,0.0,0.0,1,sleeping,memory
2026-09-22T13:42:27,697,696,Relay(698),/init,0.0,0.0152,1.18,0.0,0.0,0.0,0.0,0.0,1,sleeping,memory
2026-09-22T13:42:27,698,697,sh,"sh -c ""$VSCODE_WSL_EXT_LOCATION/scripts/wslServer.sh"" 7debcd0e2acdea1c52de81bf9ee1620444407dda stable code-server .vscode-server --host=127.0.0.1 --port=0 --connection-token=826864117-4248089396-2109865724-2149592531 --use-host-proxy --without-browser-env-var --disable-websocket-compression --accept-server-license-terms --telemetry-level=all",0.0,0.024,1.86,0.0,0.0,0.0,0.0,0.0,1,sleeping,memory
2026-09-22T13:42:27,699,698,sh,sh /mnt/c/Users/Rohan/.vscode/extensions/ms-vscode-remote.remote-wsl-0.104.3/scripts/wslServer.sh 7debcd0e2acdea1c52de81bf9ee1620444407dda stable code-server .vscode-server --host=127.0.0.1 --port=0 --connection-token=826864117-4248089396-2109865724-2149592531 --use-host-proxy --without-browser-env-var --disable-websocket-compression --accept-server-license-terms --telemetry-level=all,0.0,0.0251,1.95,0.0,0.0,0.0,0.0,0.0,1,sleeping,memory
2026-09-22T13:42:27,705,699,sh,sh /home/rohan/.vscode-server/bin/7debcd0e2acdea1c52de81bf9ee1620444407dda/bin/code-server --host=127.0.0.1 --port=0 --connection-token=826864117-4248089396-2109865724-2149592531 --use-host-proxy --without-browser-env-var --disable-websocket-compression --accept-server-license-terms --telemetry-level=all,0.0,0.025,1.93,0.0,0.0,0.0,0.0,0.0,1,sleeping,memory
2026-09-22T13:42:27,709,705,MainThread,/home/rohan/.vscode-server/bin/7debcd0e2acdea1c52de81bf9ee1620444407dda/node /home/rohan/.vscode-server/bin/7debcd0e2acdea1c52de81bf9ee1620444407dda/out/server-main.js --host=127.0.0.1 --port=0 --connection-token=826864117-4248089396-2109865724-2149592531 --use-host-proxy --without-browser-env-var --disable-websocket-compression --accept-server-license-terms --telemetry-level=all,0.0,2.2857,177.11,0.0,0.0,5.98,0.0,0.0,11,sleeping,memory
2026-09-22T13:42:27,721,2,SessionLeader,/init,0.0,0.0143,1.11,0.0,0.0,0.0,0.0,0.0,1,sleeping,memory
2026-09-22T13:42:27,722,721,Relay(723),/init,0.0,0.0152,1.18,0.0,0.0,1.49,0.0,0.0,1,sleeping,memory
2026-09-22T13:42:27,723,722,MainThread,"/home/rohan/.vscode-server/bin/7debcd0e2acdea1c52de81bf9ee1620444407dda/node -e const net = require('net'); process.stdin.pause(); const client = net.createConnection({ host: '127.0.0.1', port: 44115 }, () => { client.pipe(process.stdout); process.stdin.pipe(client); }); client.on('close', function (hadError) { console.error(hadError ? 'Remote close with error' : 'Remote close'); process.exit(hadError ? 1 : 0); }); client.on('error', function (err) { process.stderr.write(err && (err.stack || err.message) || String(err)); });",0.0,0.8701,67.42,0.0,0.0,1.49,0.0,0.0,7,sleeping,memory
2026-09-22T13:42:27,730,2,SessionLeader,/init,0.0,0.0143,1.11,0.0,0.0,0.0,0.0,0.0,1,sleeping,memory
2026-09-22T13:42:27,731,730,Relay(732),/init,0.0,0.0152,1.18,0.0,0.0,1.99,0.0,0.0,1,sleeping,memory
2026-09-22T13:42:27,732,731,MainThread,"/home/rohan/.vscode-server/bin/7debcd0e2acdea1c52de81bf9ee1620444407dda/node -e const net = require('net'); process.stdin.pause(); const client = net.createConnection({ host: '127.0.0.1', port: 44115 }, () => { client.pipe(process.stdout); process.stdin.pipe(client); }); client.on('close', function (hadError) { console.error(hadError ? 'Remote close with error' : 'Remote close'); process.exit(hadError ? 1 : 0); }); client.on('error', function (err) { process.stderr.write(err && (err.stack || err.message) || String(err)); });",0.0,0.7845,60.79,0.0,0.0,1.99,0.0,0.0,7,sleeping,memory
2026-09-22T13:42:27,743,709,MainThread,/home/rohan/.vscode-server/bin/7debcd0e2acdea1c52de81bf9ee1620444407dda/node /home/rohan/.vscode-server/bin/7debcd0e2acdea1c52de81bf9ee1620444407dda/out/bootstrap-fork --type=fileWatcher,0.0,0.8807,68.24,0.0,0.0,2.49,0.0,0.0,13,sleeping,memory
2026-09-22T13:42:27,769,709,MainThread,/home/rohan/.vscode-server/bin/7debcd0e2acdea1c52de81bf9ee1620444407dda/node /home/rohan/.vscode-server/bin/7debcd0e2acdea1c52de81bf9ee1620444407dda/out/bootstrap-fork --type=agentHost --logsPath /home/rohan/.vscode-server/data/logs/20260922T120228 --user-data-dir /home/rohan/.vscode-server/data --telemetry-level all,0.0,1.7758,137.6,0.0,0.0,0.0,0.0,0.0,11,sleeping,memory
2026-09-22T13:42:27,770,709,MainThread,/home/rohan/.vscode-server/bin/7debcd0e2acdea1c52de81bf9ee1620444407dda/node --dns-result-order=ipv4first /home/rohan/.vscode-server/bin/7debcd0e2acdea1c52de81bf9ee1620444407dda/out/bootstrap-fork --type=extensionHost --transformURIs --useHostProxy=true,1.5,6.7073,519.73,0.0,0.0,192.32,849.01,0.0,32,sleeping,memory
2026-09-22T13:42:27,811,769,MainThread,/home/rohan/.vscode-server/bin/7debcd0e2acdea1c52de81bf9ee1620444407dda/node /home/rohan/.vscode-server/bin/7debcd0e2acdea1c52de81bf9ee1620444407dda/node_modules/@github/copilot-linux-x64/index.js --headless --no-auto-update --log-level info --stdio --no-auto-login,0.0,3.2137,249.02,0.0,0.0,0.0,0.0,0.0,44,sleeping,memory
2026-09-22T13:42:27,812,770,MainThread,/home/rohan/.vscode-server/bin/7debcd0e2acdea1c52de81bf9ee1620444407dda/node /home/rohan/.vscode-server/bin/7debcd0e2acdea1c52de81bf9ee1620444407dda/extensions/markdown-language-features/dist/serverWorkerMain --node-ipc --clientProcessId=770,0.0,0.9939,77.02,0.0,0.0,0.5,0.0,0.0,7,sleeping,memory
2026-09-22T13:42:27,833,709,MainThread,/home/rohan/.vscode-server/bin/7debcd0e2acdea1c52de81bf9ee1620444407dda/node /home/rohan/.vscode-server/bin/7debcd0e2acdea1c52de81bf9ee1620444407dda/out/bootstrap-fork --type=ptyHost --logsPath /home/rohan/.vscode-server/data/logs/20260922T120228,0.0,0.976,75.62,0.0,0.0,5.48,0.0,0.0,13,sleeping,memory
2026-09-22T13:42:27,964,833,bash,/bin/bash --init-file /home/rohan/.vscode-server/bin/7debcd0e2acdea1c52de81bf9ee1620444407dda/out/vs/workbench/contrib/terminal/common/scripts/shellIntegration-bash.sh,0.0,0.0673,5.21,0.0,0.0,0.0,0.0,0.0,1,sleeping,memory
2026-09-22T13:42:27,1424,2,SessionLeader,/init,0.0,0.0142,1.1,0.0,0.0,0.0,0.0,0.0,1,sleeping,memory
2026-09-22T13:42:27,1425,1424,Relay(1426),/init,0.0,0.0143,1.11,0.0,0.0,0.0,0.0,0.0,1,sleeping,memory
2026-09-22T13:42:27,1426,1425,bash,-bash,0.0,0.0664,5.14,0.0,0.0,0.0,0.0,0.0,1,sleeping,memory
2026-09-22T13:42:27,4147,770,pet,/home/rohan/.vscode-server/extensions/ms-python.vscode-python-envs-1.37.2026092101-linux-x64/python-env-tools/bin/pet server,0.0,0.0749,5.8,0.0,0.0,0.0,0.0,0.0,21,sleeping,memory
2026-09-22T13:42:27,4156,833,bash,/bin/bash --init-file /home/rohan/.vscode-server/bin/7debcd0e2acdea1c52de81bf9ee1620444407dda/out/vs/workbench/contrib/terminal/common/scripts/shellIntegration-bash.sh,0.0,0.0663,5.14,0.0,0.0,0.0,0.0,0.0,1,sleeping,memory
2026-09-22T13:42:27,4295,770,MainThread,/home/rohan/.vscode-server/bin/7debcd0e2acdea1c52de81bf9ee1620444407dda/node /home/rohan/.vscode-server/extensions/ms-python.vscode-pylance-2026.3.105/dist/server.bundle.js --cancellationReceive=file:2bc56d7a41ee8749874d0000b75c5745f8ddf88b1a --node-ipc --clientProcessId=770,0.0,8.4519,654.91,0.0,0.0,1.0,0.0,0.0,9,sleeping,memory
2026-09-22T13:42:27,5890,2,SessionLeader,/init,0.0,0.0142,1.1,0.0,0.0,0.0,0.0,0.0,1,sleeping,memory
2026-09-22T13:42:27,5891,5890,Relay(5896),/init,0.0,0.0143,1.11,0.0,0.0,0.5,0.0,0.0,1,sleeping,memory
2026-09-22T13:42:27,5896,5891,bash,-bash,0.0,0.0668,5.18,0.0,0.0,0.0,0.0,0.0,1,sleeping,memory
2026-09-22T13:42:27,6172,2,SessionLeader,/init,0.0,0.0142,1.1,0.0,0.0,0.0,0.0,0.0,1,sleeping,memory
2026-09-22T13:42:27,6173,6172,Relay(6174),/init,0.0,0.0143,1.11,0.0,0.0,0.0,0.0,0.0,1,sleeping,memory
2026-09-22T13:42:27,6174,6173,bash,-bash,0.0,0.0665,5.15,0.0,0.0,0.0,0.0,0.0,1,sleeping,memory
2026-09-22T13:42:27,6941,2,SessionLeader,/init,0.0,0.0142,1.1,0.0,0.0,0.0,0.0,0.0,1,sleeping,memory
2026-09-22T13:42:27,6943,6941,Relay(6945),/init,0.0,0.0143,1.11,0.0,0.0,0.0,0.0,0.0,1,sleeping,memory
2026-09-22T13:42:27,6945,6943,bash,-bash,0.0,0.0666,5.16,0.0,0.0,0.0,0.0,0.0,1,sleeping,memory
2026-09-22T13:42:27,8650,2,SessionLeader,/init,0.0,0.0142,1.1,0.0,0.0,0.0,0.0,0.0,1,sleeping,memory
2026-09-22T13:42:27,8652,8650,Relay(8654),/init,0.0,0.0143,1.11,0.0,0.0,0.0,0.0,0.0,1,sleeping,memory
2026-09-22T13:42:27,8654,8652,bash,-bash,0.0,0.0677,5.25,0.0,0.0,0.0,0.0,0.0,1,sleeping,memory
2026-09-22T13:42:27,8853,2,SessionLeader,/init,0.0,0.0142,1.1,0.0,0.0,0.0,0.0,0.0,1,sleeping,memory
2026-09-22T13:42:27,8854,8853,Relay(8858),/init,0.0,0.0143,1.11,0.0,0.0,0.0,0.0,0.0,1,sleeping,memory
2026-09-22T13:42:27,8858,8854,bash,-bash,0.0,0.0679,5.26,0.0,0.0,0.0,0.0,0.0,1,sleeping,memory
2026-09-22T13:42:27,15760,2,SessionLeader,/init,0.0,0.0142,1.1,0.0,0.0,0.0,0.0,0.0,1,sleeping,memory
2026-09-22T13:42:27,15762,15760,Relay(15767),/init,0.0,0.0143,1.11,0.0,0.0,0.0,0.0,0.0,1,sleeping,memory
2026-09-22T13:42:27,15767,15762,bash,-bash,0.0,0.0687,5.32,0.0,0.0,0.0,0.0,0.0,1,sleeping,memory
2026-09-22T13:42:27,15903,2,SessionLeader,/init,0.0,0.0142,1.1,0.0,0.0,0.0,0.0,0.0,1,sleeping,memory
2026-09-22T13:42:27,15904,15903,Relay(15909),/init,0.0,0.0143,1.11,0.0,0.0,0.0,0.0,0.0,1,sleeping,memory
2026-09-22T13:42:27,15909,15904,bash,-bash,0.0,0.0689,5.34,0.0,0.0,0.0,0.0,0.0,1,sleeping,memory
2026-09-22T13:42:27,20518,1,wsl-pro-service,/usr/libexec/wsl-pro-service,0.0,0.1492,11.56,0.0,0.0,0.0,0.0,0.0,8,sleeping,memory
2026-09-22T13:42:27,22465,15909,python,python workloads/memory/memory_workload.py,99.6,13.2388,1025.83,0.0,0.0,3.99,0.0,0.0,20,running,memory
2026-09-22T13:42:29,1,0,systemd,/sbin/init,0.0,0.1643,12.73,0.0,0.0,0.0,0.0,0.0,1,sleeping,memory
2026-09-22T13:42:29,2,1,init-systemd(Ub,/init,0.0,0.0279,2.16,0.0,0.0,0.0,0.0,0.0,2,sleeping,memory
2026-09-22T13:42:29,7,2,init,plan9 --control-socket 7 --log-level 4 --server-fd 8 --pipe-fd 10 --log-truncate,0.0,0.0268,2.08,0.0,0.0,0.0,0.0,0.0,2,sleeping,memory
2026-09-22T13:42:29,43,1,systemd-journald,/usr/lib/systemd/systemd-journald,0.0,0.2002,15.51,0.0,0.0,0.0,0.0,0.0,1,sleeping,memory
2026-09-22T13:42:29,98,1,systemd-udevd,/usr/lib/systemd/systemd-udevd,0.0,0.074,5.73,0.0,0.0,0.0,0.0,0.0,1,sleeping,memory
2026-09-22T13:42:29,177,1,systemd-resolved,/usr/lib/systemd/systemd-resolved,0.0,0.1656,12.83,0.0,0.0,0.0,0.0,0.0,1,sleeping,memory
2026-09-22T13:42:29,178,1,systemd-timesyncd,/usr/lib/systemd/systemd-timesyncd,0.0,0.1002,7.77,0.0,0.0,0.0,0.0,0.0,2,sleeping,memory
2026-09-22T13:42:29,188,1,cron,/usr/sbin/cron -f -P,0.0,0.0338,2.62,0.0,0.0,0.0,0.0,0.0,1,sleeping,memory
2026-09-22T13:42:29,189,1,dbus-daemon,@dbus-daemon --system --address=systemd: --nofork --nopidfile --systemd-activation --syslog-only,0.0,0.0669,5.18,0.0,0.0,0.0,0.0,0.0,1,sleeping,memory
2026-09-22T13:42:29,203,1,systemd-logind,/usr/lib/systemd/systemd-logind,0.0,0.1112,8.62,0.0,0.0,0.0,0.0,0.0,1,sleeping,memory
2026-09-22T13:42:29,217,1,agetty,/sbin/agetty -o -p -- \u --noclear - linux,0.0,0.0249,1.93,0.0,0.0,0.0,0.0,0.0,1,sleeping,memory
2026-09-22T13:42:29,223,1,rsyslogd,/usr/sbin/rsyslogd -n -iNONE,0.0,0.0758,5.87,0.0,0.0,0.0,0.0,0.0,4,sleeping,memory
2026-09-22T13:42:29,236,1,unattended-upgr,/usr/bin/python3 /usr/share/unattended-upgrades/unattended-upgrade-shutdown --wait-for-signal,0.0,0.2778,21.53,0.0,0.0,0.0,0.0,0.0,2,sleeping,memory
2026-09-22T13:42:29,256,1,apache2,/usr/sbin/apache2 -k start,0.0,0.0634,4.91,0.0,0.0,1.0,0.0,0.0,1,sleeping,memory
2026-09-22T13:42:29,257,256,apache2,/usr/sbin/apache2 -k start,0.0,0.0734,5.69,0.0,0.0,0.0,0.0,0.0,27,sleeping,memory
2026-09-22T13:42:29,259,256,apache2,/usr/sbin/apache2 -k start,0.0,0.0734,5.69,0.0,0.0,0.0,0.0,0.0,27,sleeping,memory
2026-09-22T13:42:29,386,2,login,/bin/login -f      ,0.0,0.0584,4.53,0.0,0.0,0.0,0.0,0.0,1,sleeping,memory
2026-09-22T13:42:29,429,1,systemd,/usr/lib/systemd/systemd --user,0.0,0.145,11.24,0.0,0.0,0.0,0.0,0.0,1,sleeping,memory
2026-09-22T13:42:29,430,429,(sd-pam),(sd-pam),0.0,0.0451,3.49,0.0,0.0,0.0,0.0,0.0,1,sleeping,memory
2026-09-22T13:42:29,452,386,bash,-bash,0.0,0.0642,4.98,0.0,0.0,0.0,0.0,0.0,1,sleeping,memory
2026-09-22T13:42:29,486,2,SessionLeader,/init,0.0,0.0142,1.1,0.0,0.0,0.0,0.0,0.0,1,sleeping,memory
2026-09-22T13:42:29,487,486,Relay(488),/init,0.0,0.0159,1.23,0.0,0.0,0.0,0.0,0.0,1,sleeping,memory
2026-09-22T13:42:29,488,487,bash,-bash,0.0,0.0665,5.16,0.0,0.0,0.0,0.0,0.0,1,sleeping,memory
2026-09-22T13:42:29,696,2,SessionLeader,/init,0.0,0.0143,1.11,0.0,0.0,0.0,0.0,0.0,1,sleeping,memory
2026-09-22T13:42:29,697,696,Relay(698),/init,0.0,0.0152,1.18,0.0,0.0,0.0,0.0,0.0,1,sleeping,memory
2026-09-22T13:42:29,698,697,sh,"sh -c ""$VSCODE_WSL_EXT_LOCATION/scripts/wslServer.sh"" 7debcd0e2acdea1c52de81bf9ee1620444407dda stable code-server .vscode-server --host=127.0.0.1 --port=0 --connection-token=826864117-4248089396-2109865724-2149592531 --use-host-proxy --without-browser-env-var --disable-websocket-compression --accept-server-license-terms --telemetry-level=all",0.0,0.024,1.86,0.0,0.0,0.0,0.0,0.0,1,sleeping,memory
2026-09-22T13:42:29,699,698,sh,sh /mnt/c/Users/Rohan/.vscode/extensions/ms-vscode-remote.remote-wsl-0.104.3/scripts/wslServer.sh 7debcd0e2acdea1c52de81bf9ee1620444407dda stable code-server .vscode-server --host=127.0.0.1 --port=0 --connection-token=826864117-4248089396-2109865724-2149592531 --use-host-proxy --without-browser-env-var --disable-websocket-compression --accept-server-license-terms --telemetry-level=all,0.0,0.0251,1.95,0.0,0.0,0.0,0.0,0.0,1,sleeping,memory
2026-09-22T13:42:29,705,699,sh,sh /home/rohan/.vscode-server/bin/7debcd0e2acdea1c52de81bf9ee1620444407dda/bin/code-server --host=127.0.0.1 --port=0 --connection-token=826864117-4248089396-2109865724-2149592531 --use-host-proxy --without-browser-env-var --disable-websocket-compression --accept-server-license-terms --telemetry-level=all,0.0,0.025,1.93,0.0,0.0,0.0,0.0,0.0,1,sleeping,memory
2026-09-22T13:42:29,709,705,MainThread,/home/rohan/.vscode-server/bin/7debcd0e2acdea1c52de81bf9ee1620444407dda/node /home/rohan/.vscode-server/bin/7debcd0e2acdea1c52de81bf9ee1620444407dda/out/server-main.js --host=127.0.0.1 --port=0 --connection-token=826864117-4248089396-2109865724-2149592531 --use-host-proxy --without-browser-env-var --disable-websocket-compression --accept-server-license-terms --telemetry-level=all,0.0,2.2857,177.11,0.0,0.0,4.98,0.0,0.0,11,sleeping,memory
2026-09-22T13:42:29,721,2,SessionLeader,/init,0.0,0.0143,1.11,0.0,0.0,0.0,0.0,0.0,1,sleeping,memory
2026-09-22T13:42:29,722,721,Relay(723),/init,0.0,0.0152,1.18,0.0,0.0,1.49,0.0,0.0,1,sleeping,memory
2026-09-22T13:42:29,723,722,MainThread,"/home/rohan/.vscode-server/bin/7debcd0e2acdea1c52de81bf9ee1620444407dda/node -e const net = require('net'); process.stdin.pause(); const client = net.createConnection({ host: '127.0.0.1', port: 44115 }, () => { client.pipe(process.stdout); process.stdin.pipe(client); }); client.on('close', function (hadError) { console.error(hadError ? 'Remote close with error' : 'Remote close'); process.exit(hadError ? 1 : 0); }); client.on('error', function (err) { process.stderr.write(err && (err.stack || err.message) || String(err)); });",0.0,0.8701,67.42,0.0,0.0,1.49,0.0,0.0,7,sleeping,memory
2026-09-22T13:42:29,730,2,SessionLeader,/init,0.0,0.0143,1.11,0.0,0.0,0.0,0.0,0.0,1,sleeping,memory
2026-09-22T13:42:29,731,730,Relay(732),/init,0.0,0.0152,1.18,0.0,0.0,1.0,0.0,0.0,1,sleeping,memory
2026-09-22T13:42:29,732,731,MainThread,"/home/rohan/.vscode-server/bin/7debcd0e2acdea1c52de81bf9ee1620444407dda/node -e const net = require('net'); process.stdin.pause(); const client = net.createConnection({ host: '127.0.0.1', port: 44115 }, () => { client.pipe(process.stdout); process.stdin.pipe(client); }); client.on('close', function (hadError) { console.error(hadError ? 'Remote close with error' : 'Remote close'); process.exit(hadError ? 1 : 0); }); client.on('error', function (err) { process.stderr.write(err && (err.stack || err.message) || String(err)); });",0.0,0.7845,60.79,0.0,0.0,1.0,0.0,0.0,7,sleeping,memory
2026-09-22T13:42:29,743,709,MainThread,/home/rohan/.vscode-server/bin/7debcd0e2acdea1c52de81bf9ee1620444407dda/node /home/rohan/.vscode-server/bin/7debcd0e2acdea1c52de81bf9ee1620444407dda/out/bootstrap-fork --type=fileWatcher,0.0,0.8807,68.24,0.0,0.0,1.99,0.0,0.0,13,sleeping,memory
2026-09-22T13:42:29,769,709,MainThread,/home/rohan/.vscode-server/bin/7debcd0e2acdea1c52de81bf9ee1620444407dda/node /home/rohan/.vscode-server/bin/7debcd0e2acdea1c52de81bf9ee1620444407dda/out/bootstrap-fork --type=agentHost --logsPath /home/rohan/.vscode-server/data/logs/20260922T120228 --user-data-dir /home/rohan/.vscode-server/data --telemetry-level all,0.0,1.7758,137.6,0.0,2040.52,3.99,0.0,0.0,11,sleeping,memory
2026-09-22T13:42:29,770,709,MainThread,/home/rohan/.vscode-server/bin/7debcd0e2acdea1c52de81bf9ee1620444407dda/node --dns-result-order=ipv4first /home/rohan/.vscode-server/bin/7debcd0e2acdea1c52de81bf9ee1620444407dda/out/bootstrap-fork --type=extensionHost --transformURIs --useHostProxy=true,1.0,6.7073,519.73,0.0,0.0,190.8,918.14,0.0,32,sleeping,memory
2026-09-22T13:42:29,811,769,MainThread,/home/rohan/.vscode-server/bin/7debcd0e2acdea1c52de81bf9ee1620444407dda/node /home/rohan/.vscode-server/bin/7debcd0e2acdea1c52de81bf9ee1620444407dda/node_modules/@github/copilot-linux-x64/index.js --headless --no-auto-update --log-level info --stdio --no-auto-login,0.0,3.2137,249.02,0.0,0.0,0.0,0.0,0.0,44,sleeping,memory
2026-09-22T13:42:29,812,770,MainThread,/home/rohan/.vscode-server/bin/7debcd0e2acdea1c52de81bf9ee1620444407dda/node /home/rohan/.vscode-server/bin/7debcd0e2acdea1c52de81bf9ee1620444407dda/extensions/markdown-language-features/dist/serverWorkerMain --node-ipc --clientProcessId=770,0.0,0.9939,77.02,0.0,0.0,0.0,0.0,0.0,7,sleeping,memory
2026-09-22T13:42:29,833,709,MainThread,/home/rohan/.vscode-server/bin/7debcd0e2acdea1c52de81bf9ee1620444407dda/node /home/rohan/.vscode-server/bin/7debcd0e2acdea1c52de81bf9ee1620444407dda/out/bootstrap-fork --type=ptyHost --logsPath /home/rohan/.vscode-server/data/logs/20260922T120228,0.0,0.976,75.62,0.0,0.0,6.48,0.0,0.0,13,sleeping,memory
2026-09-22T13:42:29,964,833,bash,/bin/bash --init-file /home/rohan/.vscode-server/bin/7debcd0e2acdea1c52de81bf9ee1620444407dda/out/vs/workbench/contrib/terminal/common/scripts/shellIntegration-bash.sh,0.0,0.0673,5.21,0.0,0.0,0.0,0.0,0.0,1,sleeping,memory
2026-09-22T13:42:29,1424,2,SessionLeader,/init,0.0,0.0142,1.1,0.0,0.0,0.0,0.0,0.0,1,sleeping,memory
2026-09-22T13:42:29,1425,1424,Relay(1426),/init,0.0,0.0143,1.11,0.0,0.0,0.0,0.0,0.0,1,sleeping,memory
2026-09-22T13:42:29,1426,1425,bash,-bash,0.0,0.0664,5.14,0.0,0.0,0.0,0.0,0.0,1,sleeping,memory
2026-09-22T13:42:29,4147,770,pet,/home/rohan/.vscode-server/extensions/ms-python.vscode-python-envs-1.37.2026092101-linux-x64/python-env-tools/bin/pet server,0.0,0.0749,5.8,0.0,0.0,0.0,0.0,0.0,21,sleeping,memory
2026-09-22T13:42:29,4156,833,bash,/bin/bash --init-file /home/rohan/.vscode-server/bin/7debcd0e2acdea1c52de81bf9ee1620444407dda/out/vs/workbench/contrib/terminal/common/scripts/shellIntegration-bash.sh,0.0,0.0663,5.14,0.0,0.0,0.0,0.0,0.0,1,sleeping,memory
2026-09-22T13:42:29,4295,770,MainThread,/home/rohan/.vscode-server/bin/7debcd0e2acdea1c52de81bf9ee1620444407dda/node /home/rohan/.vscode-server/extensions/ms-python.vscode-pylance-2026.3.105/dist/server.bundle.js --cancellationReceive=file:2bc56d7a41ee8749874d0000b75c5745f8ddf88b1a --node-ipc --clientProcessId=770,0.0,8.452,654.91,0.0,0.0,0.5,0.5,0.0,9,sleeping,memory
2026-09-22T13:42:29,5890,2,SessionLeader,/init,0.0,0.0142,1.1,0.0,0.0,0.0,0.0,0.0,1,sleeping,memory
2026-09-22T13:42:29,5891,5890,Relay(5896),/init,0.0,0.0143,1.11,0.0,0.0,0.5,0.0,0.0,1,sleeping,memory
2026-09-22T13:42:29,5896,5891,bash,-bash,0.0,0.0668,5.18,0.0,0.0,0.0,0.0,0.0,1,sleeping,memory
2026-09-22T13:42:29,6172,2,SessionLeader,/init,0.0,0.0142,1.1,0.0,0.0,0.0,0.0,0.0,1,sleeping,memory
2026-09-22T13:42:29,6173,6172,Relay(6174),/init,0.0,0.0143,1.11,0.0,0.0,0.0,0.0,0.0,1,sleeping,memory
2026-09-22T13:42:29,6174,6173,bash,-bash,0.0,0.0665,5.15,0.0,0.0,0.0,0.0,0.0,1,sleeping,memory
2026-09-22T13:42:29,6941,2,SessionLeader,/init,0.0,0.0142,1.1,0.0,0.0,0.0,0.0,0.0,1,sleeping,memory
2026-09-22T13:42:29,6943,6941,Relay(6945),/init,0.0,0.0143,1.11,0.0,0.0,0.0,0.0,0.0,1,sleeping,memory
2026-09-22T13:42:29,6945,6943,bash,-bash,0.0,0.0666,5.16,0.0,0.0,0.0,0.0,0.0,1,sleeping,memory
2026-09-22T13:42:29,8650,2,SessionLeader,/init,0.0,0.0142,1.1,0.0,0.0,0.0,0.0,0.0,1,sleeping,memory
2026-09-22T13:42:29,8652,8650,Relay(8654),/init,0.0,0.0143,1.11,0.0,0.0,0.0,0.0,0.0,1,sleeping,memory
2026-09-22T13:42:29,8654,8652,bash,-bash,0.0,0.0677,5.25,0.0,0.0,0.0,0.0,0.0,1,sleeping,memory
2026-09-22T13:42:29,8853,2,SessionLeader,/init,0.0,0.0142,1.1,0.0,0.0,0.0,0.0,0.0,1,sleeping,memory
2026-09-22T13:42:29,8854,8853,Relay(8858),/init,0.0,0.0143,1.11,0.0,0.0,0.0,0.0,0.0,1,sleeping,memory
2026-09-22T13:42:29,8858,8854,bash,-bash,0.0,0.0679,5.26,0.0,0.0,0.0,0.0,0.0,1,sleeping,memory
2026-09-22T13:42:29,15760,2,SessionLeader,/init,0.0,0.0142,1.1,0.0,0.0,0.0,0.0,0.0,1,sleeping,memory
2026-09-22T13:42:29,15762,15760,Relay(15767),/init,0.0,0.0143,1.11,0.0,0.0,0.0,0.0,0.0,1,sleeping,memory
2026-09-22T13:42:29,15767,15762,bash,-bash,0.0,0.0687,5.32,0.0,0.0,0.0,0.0,0.0,1,sleeping,memory
2026-09-22T13:42:29,15903,2,SessionLeader,/init,0.0,0.0142,1.1,0.0,0.0,0.0,0.0,0.0,1,sleeping,memory
2026-09-22T13:42:29,15904,15903,Relay(15909),/init,0.0,0.0143,1.11,0.0,0.0,0.0,0.0,0.0,1,sleeping,memory
2026-09-22T13:42:29,15909,15904,bash,-bash,0.0,0.0689,5.34,0.0,0.0,0.0,0.0,0.0,1,sleeping,memory
2026-09-22T13:42:29,20518,1,wsl-pro-service,/usr/libexec/wsl-pro-service,0.0,0.1492,11.56,0.0,0.0,0.0,0.0,0.0,8,sleeping,memory
2026-09-22T13:42:29,22465,15909,python,python workloads/memory/memory_workload.py,100.1,13.2388,1025.83,0.0,0.0,3.49,0.0,0.0,20,running,memory
2026-09-22T13:42:31,1,0,systemd,/sbin/init,0.0,0.1643,12.73,0.0,0.0,0.0,0.0,0.0,1,sleeping,memory
2026-09-22T13:42:31,2,1,init-systemd(Ub,/init,0.0,0.0279,2.16,0.0,0.0,0.0,0.0,0.0,2,sleeping,memory
2026-09-22T13:42:31,7,2,init,plan9 --control-socket 7 --log-level 4 --server-fd 8 --pipe-fd 10 --log-truncate,0.0,0.0268,2.08,0.0,0.0,0.0,0.0,0.0,2,sleeping,memory
2026-09-22T13:42:31,43,1,systemd-journald,/usr/lib/systemd/systemd-journald,0.0,0.2002,15.51,0.0,0.0,0.0,0.0,0.0,1,sleeping,memory
2026-09-22T13:42:31,98,1,systemd-udevd,/usr/lib/systemd/systemd-udevd,0.0,0.074,5.73,0.0,0.0,0.0,0.0,0.0,1,sleeping,memory
2026-09-22T13:42:31,177,1,systemd-resolved,/usr/lib/systemd/systemd-resolved,0.0,0.1656,12.83,0.0,0.0,0.0,0.0,0.0,1,sleeping,memory
2026-09-22T13:42:31,178,1,systemd-timesyncd,/usr/lib/systemd/systemd-timesyncd,0.0,0.1002,7.77,0.0,0.0,0.0,0.0,0.0,2,sleeping,memory
2026-09-22T13:42:31,188,1,cron,/usr/sbin/cron -f -P,0.0,0.0338,2.62,0.0,0.0,0.0,0.0,0.0,1,sleeping,memory
2026-09-22T13:42:31,189,1,dbus-daemon,@dbus-daemon --system --address=systemd: --nofork --nopidfile --systemd-activation --syslog-only,0.0,0.0669,5.18,0.0,0.0,0.0,0.0,0.0,1,sleeping,memory
2026-09-22T13:42:31,203,1,systemd-logind,/usr/lib/systemd/systemd-logind,0.0,0.1112,8.62,0.0,0.0,0.0,0.0,0.0,1,sleeping,memory
2026-09-22T13:42:31,217,1,agetty,/sbin/agetty -o -p -- \u --noclear - linux,0.0,0.0249,1.93,0.0,0.0,0.0,0.0,0.0,1,sleeping,memory
2026-09-22T13:42:31,223,1,rsyslogd,/usr/sbin/rsyslogd -n -iNONE,0.0,0.0758,5.87,0.0,0.0,0.0,0.0,0.0,4,sleeping,memory
2026-09-22T13:42:31,236,1,unattended-upgr,/usr/bin/python3 /usr/share/unattended-upgrades/unattended-upgrade-shutdown --wait-for-signal,0.0,0.2778,21.53,0.0,0.0,0.0,0.0,0.0,2,sleeping,memory
2026-09-22T13:42:31,256,1,apache2,/usr/sbin/apache2 -k start,0.0,0.0634,4.91,0.0,0.0,1.0,0.0,0.0,1,sleeping,memory
2026-09-22T13:42:31,257,256,apache2,/usr/sbin/apache2 -k start,0.0,0.0734,5.69,0.0,0.0,0.0,0.0,0.0,27,sleeping,memory
2026-09-22T13:42:31,259,256,apache2,/usr/sbin/apache2 -k start,0.0,0.0734,5.69,0.0,0.0,0.0,0.0,0.0,27,sleeping,memory
2026-09-22T13:42:31,386,2,login,/bin/login -f      ,0.0,0.0584,4.53,0.0,0.0,0.0,0.0,0.0,1,sleeping,memory
2026-09-22T13:42:31,429,1,systemd,/usr/lib/systemd/systemd --user,0.0,0.145,11.24,0.0,0.0,0.0,0.0,0.0,1,sleeping,memory
2026-09-22T13:42:31,430,429,(sd-pam),(sd-pam),0.0,0.0451,3.49,0.0,0.0,0.0,0.0,0.0,1,sleeping,memory
2026-09-22T13:42:31,452,386,bash,-bash,0.0,0.0642,4.98,0.0,0.0,0.0,0.0,0.0,1,sleeping,memory
2026-09-22T13:42:31,486,2,SessionLeader,/init,0.0,0.0142,1.1,0.0,0.0,0.0,0.0,0.0,1,sleeping,memory
2026-09-22T13:42:31,487,486,Relay(488),/init,0.0,0.0159,1.23,0.0,0.0,0.0,0.0,0.0,1,sleeping,memory
2026-09-22T13:42:31,488,487,bash,-bash,0.0,0.0665,5.16,0.0,0.0,0.0,0.0,0.0,1,sleeping,memory
2026-09-22T13:42:31,696,2,SessionLeader,/init,0.0,0.0143,1.11,0.0,0.0,0.0,0.0,0.0,1,sleeping,memory
2026-09-22T13:42:31,697,696,Relay(698),/init,0.0,0.0152,1.18,0.0,0.0,0.0,0.0,0.0,1,sleeping,memory
2026-09-22T13:42:31,698,697,sh,"sh -c ""$VSCODE_WSL_EXT_LOCATION/scripts/wslServer.sh"" 7debcd0e2acdea1c52de81bf9ee1620444407dda stable code-server .vscode-server --host=127.0.0.1 --port=0 --connection-token=826864117-4248089396-2109865724-2149592531 --use-host-proxy --without-browser-env-var --disable-websocket-compression --accept-server-license-terms --telemetry-level=all",0.0,0.024,1.86,0.0,0.0,0.0,0.0,0.0,1,sleeping,memory
2026-09-22T13:42:31,699,698,sh,sh /mnt/c/Users/Rohan/.vscode/extensions/ms-vscode-remote.remote-wsl-0.104.3/scripts/wslServer.sh 7debcd0e2acdea1c52de81bf9ee1620444407dda stable code-server .vscode-server --host=127.0.0.1 --port=0 --connection-token=826864117-4248089396-2109865724-2149592531 --use-host-proxy --without-browser-env-var --disable-websocket-compression --accept-server-license-terms --telemetry-level=all,0.0,0.0251,1.95,0.0,0.0,0.0,0.0,0.0,1,sleeping,memory
2026-09-22T13:42:31,705,699,sh,sh /home/rohan/.vscode-server/bin/7debcd0e2acdea1c52de81bf9ee1620444407dda/bin/code-server --host=127.0.0.1 --port=0 --connection-token=826864117-4248089396-2109865724-2149592531 --use-host-proxy --without-browser-env-var --disable-websocket-compression --accept-server-license-terms --telemetry-level=all,0.0,0.025,1.93,0.0,0.0,0.0,0.0,0.0,1,sleeping,memory
2026-09-22T13:42:31,709,705,MainThread,/home/rohan/.vscode-server/bin/7debcd0e2acdea1c52de81bf9ee1620444407dda/node /home/rohan/.vscode-server/bin/7debcd0e2acdea1c52de81bf9ee1620444407dda/out/server-main.js --host=127.0.0.1 --port=0 --connection-token=826864117-4248089396-2109865724-2149592531 --use-host-proxy --without-browser-env-var --disable-websocket-compression --accept-server-license-terms --telemetry-level=all,1.0,2.2857,177.11,0.0,0.0,3.99,0.0,0.0,11,sleeping,memory
2026-09-22T13:42:31,721,2,SessionLeader,/init,0.0,0.0143,1.11,0.0,0.0,0.0,0.0,0.0,1,sleeping,memory
2026-09-22T13:42:31,722,721,Relay(723),/init,0.0,0.0152,1.18,0.0,0.0,1.49,0.0,0.0,1,sleeping,memory
2026-09-22T13:42:31,723,722,MainThread,"/home/rohan/.vscode-server/bin/7debcd0e2acdea1c52de81bf9ee1620444407dda/node -e const net = require('net'); process.stdin.pause(); const client = net.createConnection({ host: '127.0.0.1', port: 44115 }, () => { client.pipe(process.stdout); process.stdin.pipe(client); }); client.on('close', function (hadError) { console.error(hadError ? 'Remote close with error' : 'Remote close'); process.exit(hadError ? 1 : 0); }); client.on('error', function (err) { process.stderr.write(err && (err.stack || err.message) || String(err)); });",0.0,0.8701,67.42,0.0,0.0,1.49,0.0,0.0,7,sleeping,memory
2026-09-22T13:42:31,730,2,SessionLeader,/init,0.0,0.0143,1.11,0.0,0.0,0.0,0.0,0.0,1,sleeping,memory
2026-09-22T13:42:31,731,730,Relay(732),/init,0.0,0.0152,1.18,0.0,0.0,1.99,0.0,0.0,1,sleeping,memory
2026-09-22T13:42:31,732,731,MainThread,"/home/rohan/.vscode-server/bin/7debcd0e2acdea1c52de81bf9ee1620444407dda/node -e const net = require('net'); process.stdin.pause(); const client = net.createConnection({ host: '127.0.0.1', port: 44115 }, () => { client.pipe(process.stdout); process.stdin.pipe(client); }); client.on('close', function (hadError) { console.error(hadError ? 'Remote close with error' : 'Remote close'); process.exit(hadError ? 1 : 0); }); client.on('error', function (err) { process.stderr.write(err && (err.stack || err.message) || String(err)); });",0.0,0.7845,60.79,0.0,0.0,1.99,0.0,0.0,7,sleeping,memory
2026-09-22T13:42:31,743,709,MainThread,/home/rohan/.vscode-server/bin/7debcd0e2acdea1c52de81bf9ee1620444407dda/node /home/rohan/.vscode-server/bin/7debcd0e2acdea1c52de81bf9ee1620444407dda/out/bootstrap-fork --type=fileWatcher,0.0,0.8807,68.24,0.0,0.0,3.49,0.0,0.0,13,sleeping,memory
2026-09-22T13:42:31,769,709,MainThread,/home/rohan/.vscode-server/bin/7debcd0e2acdea1c52de81bf9ee1620444407dda/node /home/rohan/.vscode-server/bin/7debcd0e2acdea1c52de81bf9ee1620444407dda/out/bootstrap-fork --type=agentHost --logsPath /home/rohan/.vscode-server/data/logs/20260922T120228 --user-data-dir /home/rohan/.vscode-server/data --telemetry-level all,0.0,1.7758,137.6,0.0,0.0,0.0,0.0,0.0,11,sleeping,memory
2026-09-22T13:42:31,770,709,MainThread,/home/rohan/.vscode-server/bin/7debcd0e2acdea1c52de81bf9ee1620444407dda/node --dns-result-order=ipv4first /home/rohan/.vscode-server/bin/7debcd0e2acdea1c52de81bf9ee1620444407dda/out/bootstrap-fork --type=extensionHost --transformURIs --useHostProxy=true,1.0,6.7073,519.73,0.0,0.0,190.82,846.49,0.0,32,sleeping,memory
2026-09-22T13:42:31,811,769,MainThread,/home/rohan/.vscode-server/bin/7debcd0e2acdea1c52de81bf9ee1620444407dda/node /home/rohan/.vscode-server/bin/7debcd0e2acdea1c52de81bf9ee1620444407dda/node_modules/@github/copilot-linux-x64/index.js --headless --no-auto-update --log-level info --stdio --no-auto-login,0.0,3.2137,249.02,0.0,0.0,0.0,0.0,0.0,44,sleeping,memory
2026-09-22T13:42:31,812,770,MainThread,/home/rohan/.vscode-server/bin/7debcd0e2acdea1c52de81bf9ee1620444407dda/node /home/rohan/.vscode-server/bin/7debcd0e2acdea1c52de81bf9ee1620444407dda/extensions/markdown-language-features/dist/serverWorkerMain --node-ipc --clientProcessId=770,0.0,0.9939,77.02,0.0,0.0,1.0,0.0,0.0,7,sleeping,memory
2026-09-22T13:42:31,833,709,MainThread,/home/rohan/.vscode-server/bin/7debcd0e2acdea1c52de81bf9ee1620444407dda/node /home/rohan/.vscode-server/bin/7debcd0e2acdea1c52de81bf9ee1620444407dda/out/bootstrap-fork --type=ptyHost --logsPath /home/rohan/.vscode-server/data/logs/20260922T120228,0.0,0.976,75.62,0.0,0.0,5.48,0.0,0.0,13,sleeping,memory
2026-09-22T13:42:31,964,833,bash,/bin/bash --init-file /home/rohan/.vscode-server/bin/7debcd0e2acdea1c52de81bf9ee1620444407dda/out/vs/workbench/contrib/terminal/common/scripts/shellIntegration-bash.sh,0.0,0.0673,5.21,0.0,0.0,0.0,0.0,0.0,1,sleeping,memory
2026-09-22T13:42:31,1424,2,SessionLeader,/init,0.0,0.0142,1.1,0.0,0.0,0.0,0.0,0.0,1,sleeping,memory
2026-09-22T13:42:31,1425,1424,Relay(1426),/init,0.0,0.0143,1.11,0.0,0.0,0.0,0.0,0.0,1,sleeping,memory
2026-09-22T13:42:31,1426,1425,bash,-bash,0.0,0.0664,5.14,0.0,0.0,0.0,0.0,0.0,1,sleeping,memory
2026-09-22T13:42:31,4147,770,pet,/home/rohan/.vscode-server/extensions/ms-python.vscode-python-envs-1.37.2026092101-linux-x64/python-env-tools/bin/pet server,0.0,0.0749,5.8,0.0,0.0,0.0,0.0,0.0,21,sleeping,memory
2026-09-22T13:42:31,4156,833,bash,/bin/bash --init-file /home/rohan/.vscode-server/bin/7debcd0e2acdea1c52de81bf9ee1620444407dda/out/vs/workbench/contrib/terminal/common/scripts/shellIntegration-bash.sh,0.0,0.0663,5.14,0.0,0.0,0.0,0.0,0.0,1,sleeping,memory
2026-09-22T13:42:31,4295,770,MainThread,/home/rohan/.vscode-server/bin/7debcd0e2acdea1c52de81bf9ee1620444407dda/node /home/rohan/.vscode-server/extensions/ms-python.vscode-pylance-2026.3.105/dist/server.bundle.js --cancellationReceive=file:2bc56d7a41ee8749874d0000b75c5745f8ddf88b1a --node-ipc --clientProcessId=770,0.5,8.452,654.91,0.0,0.0,1.0,0.0,0.0,9,sleeping,memory
2026-09-22T13:42:31,5890,2,SessionLeader,/init,0.0,0.0142,1.1,0.0,0.0,0.0,0.0,0.0,1,sleeping,memory
2026-09-22T13:42:31,5891,5890,Relay(5896),/init,0.0,0.0143,1.11,0.0,0.0,0.5,0.0,0.0,1,sleeping,memory
2026-09-22T13:42:31,5896,5891,bash,-bash,0.0,0.0668,5.18,0.0,0.0,0.0,0.0,0.0,1,sleeping,memory
2026-09-22T13:42:31,6172,2,SessionLeader,/init,0.0,0.0142,1.1,0.0,0.0,0.0,0.0,0.0,1,sleeping,memory
2026-09-22T13:42:31,6173,6172,Relay(6174),/init,0.0,0.0143,1.11,0.0,0.0,0.0,0.0,0.0,1,sleeping,memory
2026-09-22T13:42:31,6174,6173,bash,-bash,0.0,0.0665,5.15,0.0,0.0,0.0,0.0,0.0,1,sleeping,memory
2026-09-22T13:42:31,6941,2,SessionLeader,/init,0.0,0.0142,1.1,0.0,0.0,0.0,0.0,0.0,1,sleeping,memory
2026-09-22T13:42:31,6943,6941,Relay(6945),/init,0.0,0.0143,1.11,0.0,0.0,0.0,0.0,0.0,1,sleeping,memory
2026-09-22T13:42:31,6945,6943,bash,-bash,0.0,0.0666,5.16,0.0,0.0,0.0,0.0,0.0,1,sleeping,memory
2026-09-22T13:42:31,8650,2,SessionLeader,/init,0.0,0.0142,1.1,0.0,0.0,0.0,0.0,0.0,1,sleeping,memory
2026-09-22T13:42:31,8652,8650,Relay(8654),/init,0.0,0.0143,1.11,0.0,0.0,0.0,0.0,0.0,1,sleeping,memory
2026-09-22T13:42:31,8654,8652,bash,-bash,0.0,0.0677,5.25,0.0,0.0,0.0,0.0,0.0,1,sleeping,memory
2026-09-22T13:42:31,8853,2,SessionLeader,/init,0.0,0.0142,1.1,0.0,0.0,0.0,0.0,0.0,1,sleeping,memory
2026-09-22T13:42:31,8854,8853,Relay(8858),/init,0.0,0.0143,1.11,0.0,0.0,0.0,0.0,0.0,1,sleeping,memory
2026-09-22T13:42:31,8858,8854,bash,-bash,0.0,0.0679,5.26,0.0,0.0,0.0,0.0,0.0,1,sleeping,memory
2026-09-22T13:42:31,15760,2,SessionLeader,/init,0.0,0.0142,1.1,0.0,0.0,0.0,0.0,0.0,1,sleeping,memory
2026-09-22T13:42:31,15762,15760,Relay(15767),/init,0.0,0.0143,1.11,0.0,0.0,0.0,0.0,0.0,1,sleeping,memory
2026-09-22T13:42:31,15767,15762,bash,-bash,0.0,0.0687,5.32,0.0,0.0,0.0,0.0,0.0,1,sleeping,memory
2026-09-22T13:42:31,15903,2,SessionLeader,/init,0.0,0.0142,1.1,0.0,0.0,0.0,0.0,0.0,1,sleeping,memory
2026-09-22T13:42:31,15904,15903,Relay(15909),/init,0.0,0.0143,1.11,0.0,0.0,0.0,0.0,0.0,1,sleeping,memory
2026-09-22T13:42:31,15909,15904,bash,-bash,0.0,0.0689,5.34,0.0,0.0,0.0,0.0,0.0,1,sleeping,memory
2026-09-22T13:42:31,20518,1,wsl-pro-service,/usr/libexec/wsl-pro-service,0.0,0.1492,11.56,0.0,0.0,0.0,0.0,0.0,8,sleeping,memory
2026-09-22T13:42:31,22465,15909,python,python workloads/memory/memory_workload.py,100.1,13.2388,1025.83,0.0,0.0,3.49,0.0,0.0,20,running,memory
2026-09-22T13:42:33,1,0,systemd,/sbin/init,0.0,0.1643,12.73,0.0,0.0,0.5,0.0,0.0,1,sleeping,memory
2026-09-22T13:42:33,2,1,init-systemd(Ub,/init,0.0,0.0279,2.16,0.0,0.0,0.0,0.0,0.0,2,sleeping,memory
2026-09-22T13:42:33,7,2,init,plan9 --control-socket 7 --log-level 4 --server-fd 8 --pipe-fd 10 --log-truncate,0.0,0.0268,2.08,0.0,0.0,0.0,0.0,0.0,2,sleeping,memory
2026-09-22T13:42:33,43,1,systemd-journald,/usr/lib/systemd/systemd-journald,0.0,0.2002,15.51,0.0,0.0,0.0,0.0,0.0,1,sleeping,memory
2026-09-22T13:42:33,98,1,systemd-udevd,/usr/lib/systemd/systemd-udevd,0.0,0.074,5.73,0.0,0.0,0.0,0.0,0.0,1,sleeping,memory
2026-09-22T13:42:33,177,1,systemd-resolved,/usr/lib/systemd/systemd-resolved,0.0,0.1656,12.83,0.0,0.0,0.0,0.0,0.0,1,sleeping,memory
2026-09-22T13:42:33,178,1,systemd-timesyncd,/usr/lib/systemd/systemd-timesyncd,0.0,0.1002,7.77,0.0,0.0,0.5,0.0,0.0,2,sleeping,memory
2026-09-22T13:42:33,188,1,cron,/usr/sbin/cron -f -P,0.0,0.0338,2.62,0.0,0.0,0.0,0.0,0.0,1,sleeping,memory
2026-09-22T13:42:33,189,1,dbus-daemon,@dbus-daemon --system --address=systemd: --nofork --nopidfile --systemd-activation --syslog-only,0.0,0.0669,5.18,0.0,0.0,0.0,0.0,0.0,1,sleeping,memory
2026-09-22T13:42:33,203,1,systemd-logind,/usr/lib/systemd/systemd-logind,0.0,0.1112,8.62,0.0,0.0,0.0,0.0,0.0,1,sleeping,memory
2026-09-22T13:42:33,217,1,agetty,/sbin/agetty -o -p -- \u --noclear - linux,0.0,0.0249,1.93,0.0,0.0,0.0,0.0,0.0,1,sleeping,memory
2026-09-22T13:42:33,223,1,rsyslogd,/usr/sbin/rsyslogd -n -iNONE,0.0,0.0758,5.87,0.0,0.0,0.0,0.0,0.0,4,sleeping,memory
2026-09-22T13:42:33,236,1,unattended-upgr,/usr/bin/python3 /usr/share/unattended-upgrades/unattended-upgrade-shutdown --wait-for-signal,0.0,0.2778,21.53,0.0,0.0,0.0,0.0,0.0,2,sleeping,memory
2026-09-22T13:42:33,256,1,apache2,/usr/sbin/apache2 -k start,0.0,0.0634,4.91,0.0,0.0,1.0,0.0,0.0,1,sleeping,memory
2026-09-22T13:42:33,257,256,apache2,/usr/sbin/apache2 -k start,0.0,0.0734,5.69,0.0,0.0,0.0,0.0,0.0,27,sleeping,memory
2026-09-22T13:42:33,259,256,apache2,/usr/sbin/apache2 -k start,0.0,0.0734,5.69,0.0,0.0,0.0,0.0,0.0,27,sleeping,memory
2026-09-22T13:42:33,386,2,login,/bin/login -f      ,0.0,0.0584,4.53,0.0,0.0,0.0,0.0,0.0,1,sleeping,memory
2026-09-22T13:42:33,429,1,systemd,/usr/lib/systemd/systemd --user,0.0,0.145,11.24,0.0,0.0,0.0,0.0,0.0,1,sleeping,memory
2026-09-22T13:42:33,430,429,(sd-pam),(sd-pam),0.0,0.0451,3.49,0.0,0.0,0.0,0.0,0.0,1,sleeping,memory
2026-09-22T13:42:33,452,386,bash,-bash,0.0,0.0642,4.98,0.0,0.0,0.0,0.0,0.0,1,sleeping,memory
2026-09-22T13:42:33,486,2,SessionLeader,/init,0.0,0.0142,1.1,0.0,0.0,0.0,0.0,0.0,1,sleeping,memory
2026-09-22T13:42:33,487,486,Relay(488),/init,0.0,0.0159,1.23,0.0,0.0,0.0,0.0,0.0,1,sleeping,memory
2026-09-22T13:42:33,488,487,bash,-bash,0.0,0.0665,5.16,0.0,0.0,0.0,0.0,0.0,1,sleeping,memory
2026-09-22T13:42:33,696,2,SessionLeader,/init,0.0,0.0143,1.11,0.0,0.0,0.0,0.0,0.0,1,sleeping,memory
2026-09-22T13:42:33,697,696,Relay(698),/init,0.0,0.0152,1.18,0.0,0.0,0.0,0.0,0.0,1,sleeping,memory
2026-09-22T13:42:33,698,697,sh,"sh -c ""$VSCODE_WSL_EXT_LOCATION/scripts/wslServer.sh"" 7debcd0e2acdea1c52de81bf9ee1620444407dda stable code-server .vscode-server --host=127.0.0.1 --port=0 --connection-token=826864117-4248089396-2109865724-2149592531 --use-host-proxy --without-browser-env-var --disable-websocket-compression --accept-server-license-terms --telemetry-level=all",0.0,0.024,1.86,0.0,0.0,0.0,0.0,0.0,1,sleeping,memory
2026-09-22T13:42:33,699,698,sh,sh /mnt/c/Users/Rohan/.vscode/extensions/ms-vscode-remote.remote-wsl-0.104.3/scripts/wslServer.sh 7debcd0e2acdea1c52de81bf9ee1620444407dda stable code-server .vscode-server --host=127.0.0.1 --port=0 --connection-token=826864117-4248089396-2109865724-2149592531 --use-host-proxy --without-browser-env-var --disable-websocket-compression --accept-server-license-terms --telemetry-level=all,0.0,0.0251,1.95,0.0,0.0,0.0,0.0,0.0,1,sleeping,memory
2026-09-22T13:42:33,705,699,sh,sh /home/rohan/.vscode-server/bin/7debcd0e2acdea1c52de81bf9ee1620444407dda/bin/code-server --host=127.0.0.1 --port=0 --connection-token=826864117-4248089396-2109865724-2149592531 --use-host-proxy --without-browser-env-var --disable-websocket-compression --accept-server-license-terms --telemetry-level=all,0.0,0.025,1.93,0.0,0.0,0.0,0.0,0.0,1,sleeping,memory
2026-09-22T13:42:33,709,705,MainThread,/home/rohan/.vscode-server/bin/7debcd0e2acdea1c52de81bf9ee1620444407dda/node /home/rohan/.vscode-server/bin/7debcd0e2acdea1c52de81bf9ee1620444407dda/out/server-main.js --host=127.0.0.1 --port=0 --connection-token=826864117-4248089396-2109865724-2149592531 --use-host-proxy --without-browser-env-var --disable-websocket-compression --accept-server-license-terms --telemetry-level=all,0.0,2.2857,177.11,0.0,0.0,4.48,0.0,0.0,11,sleeping,memory
2026-09-22T13:42:33,721,2,SessionLeader,/init,0.0,0.0143,1.11,0.0,0.0,0.0,0.0,0.0,1,sleeping,memory
2026-09-22T13:42:33,722,721,Relay(723),/init,0.0,0.0152,1.18,0.0,0.0,0.5,0.0,0.0,1,sleeping,memory
2026-09-22T13:42:33,723,722,MainThread,"/home/rohan/.vscode-server/bin/7debcd0e2acdea1c52de81bf9ee1620444407dda/node -e const net = require('net'); process.stdin.pause(); const client = net.createConnection({ host: '127.0.0.1', port: 44115 }, () => { client.pipe(process.stdout); process.stdin.pipe(client); }); client.on('close', function (hadError) { console.error(hadError ? 'Remote close with error' : 'Remote close'); process.exit(hadError ? 1 : 0); }); client.on('error', function (err) { process.stderr.write(err && (err.stack || err.message) || String(err)); });",0.0,0.8701,67.42,0.0,0.0,0.5,0.0,0.0,7,sleeping,memory
2026-09-22T13:42:33,730,2,SessionLeader,/init,0.0,0.0143,1.11,0.0,0.0,0.0,0.0,0.0,1,sleeping,memory
2026-09-22T13:42:33,731,730,Relay(732),/init,0.0,0.0152,1.18,0.0,0.0,1.0,0.0,0.0,1,sleeping,memory
2026-09-22T13:42:33,732,731,MainThread,"/home/rohan/.vscode-server/bin/7debcd0e2acdea1c52de81bf9ee1620444407dda/node -e const net = require('net'); process.stdin.pause(); const client = net.createConnection({ host: '127.0.0.1', port: 44115 }, () => { client.pipe(process.stdout); process.stdin.pipe(client); }); client.on('close', function (hadError) { console.error(hadError ? 'Remote close with error' : 'Remote close'); process.exit(hadError ? 1 : 0); }); client.on('error', function (err) { process.stderr.write(err && (err.stack || err.message) || String(err)); });",0.0,0.7845,60.79,0.0,0.0,1.0,0.0,0.0,7,sleeping,memory
2026-09-22T13:42:33,743,709,MainThread,/home/rohan/.vscode-server/bin/7debcd0e2acdea1c52de81bf9ee1620444407dda/node /home/rohan/.vscode-server/bin/7debcd0e2acdea1c52de81bf9ee1620444407dda/out/bootstrap-fork --type=fileWatcher,0.0,0.8807,68.24,0.0,0.0,1.0,0.0,0.0,13,sleeping,memory
2026-09-22T13:42:33,769,709,MainThread,/home/rohan/.vscode-server/bin/7debcd0e2acdea1c52de81bf9ee1620444407dda/node /home/rohan/.vscode-server/bin/7debcd0e2acdea1c52de81bf9ee1620444407dda/out/bootstrap-fork --type=agentHost --logsPath /home/rohan/.vscode-server/data/logs/20260922T120228 --user-data-dir /home/rohan/.vscode-server/data --telemetry-level all,0.0,1.7758,137.6,0.0,0.0,0.0,0.0,0.0,11,sleeping,memory
2026-09-22T13:42:33,770,709,MainThread,/home/rohan/.vscode-server/bin/7debcd0e2acdea1c52de81bf9ee1620444407dda/node --dns-result-order=ipv4first /home/rohan/.vscode-server/bin/7debcd0e2acdea1c52de81bf9ee1620444407dda/out/bootstrap-fork --type=extensionHost --transformURIs --useHostProxy=true,1.5,6.7073,519.73,0.0,0.0,189.81,1310.76,0.0,32,sleeping,memory
2026-09-22T13:42:33,811,769,MainThread,/home/rohan/.vscode-server/bin/7debcd0e2acdea1c52de81bf9ee1620444407dda/node /home/rohan/.vscode-server/bin/7debcd0e2acdea1c52de81bf9ee1620444407dda/node_modules/@github/copilot-linux-x64/index.js --headless --no-auto-update --log-level info --stdio --no-auto-login,0.0,3.2137,249.02,0.0,0.0,0.0,0.0,0.0,44,sleeping,memory
2026-09-22T13:42:33,812,770,MainThread,/home/rohan/.vscode-server/bin/7debcd0e2acdea1c52de81bf9ee1620444407dda/node /home/rohan/.vscode-server/bin/7debcd0e2acdea1c52de81bf9ee1620444407dda/extensions/markdown-language-features/dist/serverWorkerMain --node-ipc --clientProcessId=770,0.0,0.9939,77.02,0.0,0.0,0.5,0.0,0.0,7,sleeping,memory
2026-09-22T13:42:33,833,709,MainThread,/home/rohan/.vscode-server/bin/7debcd0e2acdea1c52de81bf9ee1620444407dda/node /home/rohan/.vscode-server/bin/7debcd0e2acdea1c52de81bf9ee1620444407dda/out/bootstrap-fork --type=ptyHost --logsPath /home/rohan/.vscode-server/data/logs/20260922T120228,0.0,0.976,75.62,0.0,0.0,6.48,0.0,0.0,13,sleeping,memory
2026-09-22T13:42:33,964,833,bash,/bin/bash --init-file /home/rohan/.vscode-server/bin/7debcd0e2acdea1c52de81bf9ee1620444407dda/out/vs/workbench/contrib/terminal/common/scripts/shellIntegration-bash.sh,0.0,0.0673,5.21,0.0,0.0,0.0,0.0,0.0,1,sleeping,memory
2026-09-22T13:42:33,1424,2,SessionLeader,/init,0.0,0.0142,1.1,0.0,0.0,0.0,0.0,0.0,1,sleeping,memory
2026-09-22T13:42:33,1425,1424,Relay(1426),/init,0.0,0.0143,1.11,0.0,0.0,0.0,0.0,0.0,1,sleeping,memory
2026-09-22T13:42:33,1426,1425,bash,-bash,0.0,0.0664,5.14,0.0,0.0,0.0,0.0,0.0,1,sleeping,memory
2026-09-22T13:42:33,4147,770,pet,/home/rohan/.vscode-server/extensions/ms-python.vscode-python-envs-1.37.2026092101-linux-x64/python-env-tools/bin/pet server,0.0,0.0749,5.8,0.0,0.0,0.0,0.0,0.0,21,sleeping,memory
2026-09-22T13:42:33,4156,833,bash,/bin/bash --init-file /home/rohan/.vscode-server/bin/7debcd0e2acdea1c52de81bf9ee1620444407dda/out/vs/workbench/contrib/terminal/common/scripts/shellIntegration-bash.sh,0.0,0.0663,5.14,0.0,0.0,0.0,0.0,0.0,1,sleeping,memory
2026-09-22T13:42:33,4295,770,MainThread,/home/rohan/.vscode-server/bin/7debcd0e2acdea1c52de81bf9ee1620444407dda/node /home/rohan/.vscode-server/extensions/ms-python.vscode-pylance-2026.3.105/dist/server.bundle.js --cancellationReceive=file:2bc56d7a41ee8749874d0000b75c5745f8ddf88b1a --node-ipc --clientProcessId=770,0.0,8.452,654.91,0.0,0.0,1.0,0.0,0.0,9,sleeping,memory
2026-09-22T13:42:33,5890,2,SessionLeader,/init,0.0,0.0142,1.1,0.0,0.0,0.0,0.0,0.0,1,sleeping,memory
2026-09-22T13:42:33,5891,5890,Relay(5896),/init,0.0,0.0143,1.11,0.0,0.0,0.5,0.0,0.0,1,sleeping,memory
2026-09-22T13:42:33,5896,5891,bash,-bash,0.0,0.0668,5.18,0.0,0.0,0.0,0.0,0.0,1,sleeping,memory
2026-09-22T13:42:33,6172,2,SessionLeader,/init,0.0,0.0142,1.1,0.0,0.0,0.0,0.0,0.0,1,sleeping,memory
2026-09-22T13:42:33,6173,6172,Relay(6174),/init,0.0,0.0143,1.11,0.0,0.0,0.0,0.0,0.0,1,sleeping,memory
2026-09-22T13:42:33,6174,6173,bash,-bash,0.0,0.0665,5.15,0.0,0.0,0.0,0.0,0.0,1,sleeping,memory
2026-09-22T13:42:33,6941,2,SessionLeader,/init,0.0,0.0142,1.1,0.0,0.0,0.0,0.0,0.0,1,sleeping,memory
2026-09-22T13:42:33,6943,6941,Relay(6945),/init,0.0,0.0143,1.11,0.0,0.0,0.0,0.0,0.0,1,sleeping,memory
2026-09-22T13:42:33,6945,6943,bash,-bash,0.0,0.0666,5.16,0.0,0.0,0.0,0.0,0.0,1,sleeping,memory
2026-09-22T13:42:33,8650,2,SessionLeader,/init,0.0,0.0142,1.1,0.0,0.0,0.0,0.0,0.0,1,sleeping,memory
2026-09-22T13:42:33,8652,8650,Relay(8654),/init,0.0,0.0143,1.11,0.0,0.0,0.0,0.0,0.0,1,sleeping,memory
2026-09-22T13:42:33,8654,8652,bash,-bash,0.0,0.0677,5.25,0.0,0.0,0.0,0.0,0.0,1,sleeping,memory
2026-09-22T13:42:33,8853,2,SessionLeader,/init,0.0,0.0142,1.1,0.0,0.0,0.0,0.0,0.0,1,sleeping,memory
2026-09-22T13:42:33,8854,8853,Relay(8858),/init,0.0,0.0143,1.11,0.0,0.0,0.0,0.0,0.0,1,sleeping,memory
2026-09-22T13:42:33,8858,8854,bash,-bash,0.0,0.0679,5.26,0.0,0.0,0.0,0.0,0.0,1,sleeping,memory
2026-09-22T13:42:33,15760,2,SessionLeader,/init,0.0,0.0142,1.1,0.0,0.0,0.0,0.0,0.0,1,sleeping,memory
2026-09-22T13:42:33,15762,15760,Relay(15767),/init,0.0,0.0143,1.11,0.0,0.0,0.0,0.0,0.0,1,sleeping,memory
2026-09-22T13:42:33,15767,15762,bash,-bash,0.0,0.0687,5.32,0.0,0.0,0.0,0.0,0.0,1,sleeping,memory
2026-09-22T13:42:33,15903,2,SessionLeader,/init,0.0,0.0142,1.1,0.0,0.0,0.0,0.0,0.0,1,sleeping,memory
2026-09-22T13:42:33,15904,15903,Relay(15909),/init,0.0,0.0143,1.11,0.0,0.0,0.0,0.0,0.0,1,sleeping,memory
2026-09-22T13:42:33,15909,15904,bash,-bash,0.0,0.0689,5.34,0.0,0.0,0.0,0.0,0.0,1,sleeping,memory
2026-09-22T13:42:33,20518,1,wsl-pro-service,/usr/libexec/wsl-pro-service,0.0,0.1492,11.56,0.0,0.0,0.0,0.0,0.0,8,sleeping,memory
2026-09-22T13:42:33,22465,15909,python,python workloads/memory/memory_workload.py,99.6,13.2388,1025.83,0.0,0.0,2.49,0.0,0.0,20,running,memory
2026-09-22T13:42:23,1,0,systemd,/sbin/init,0.0,0.1643,12.73,0,0,0,0,0,1,sleeping,memory
2026-09-22T13:42:23,2,1,init-systemd(Ub,/init,0.0,0.0279,2.16,0,0,0,0,0,2,sleeping,memory
2026-09-22T13:42:23,7,2,init,plan9 --control-socket 7 --log-level 4 --server-fd 8 --pipe-fd 10 --log-truncate,0.0,0.0268,2.08,0,0,0,0,0,2,sleeping,memory
2026-09-22T13:42:23,43,1,systemd-journald,/usr/lib/systemd/systemd-journald,1.0,0.2001,15.51,0,0,0,0,0,1,sleeping,memory
2026-09-22T13:42:23,98,1,systemd-udevd,/usr/lib/systemd/systemd-udevd,0.0,0.074,5.73,0,0,0,0,0,1,sleeping,memory
2026-09-22T13:42:23,177,1,systemd-resolved,/usr/lib/systemd/systemd-resolved,0.0,0.1656,12.83,0,0,0,0,0,1,sleeping,memory
2026-09-22T13:42:23,178,1,systemd-timesyncd,/usr/lib/systemd/systemd-timesyncd,0.5,0.1002,7.77,0,0,0,0,0,2,sleeping,memory
2026-09-22T13:42:23,188,1,cron,/usr/sbin/cron -f -P,0.0,0.0338,2.62,0,0,0,0,0,1,sleeping,memory
2026-09-22T13:42:23,189,1,dbus-daemon,@dbus-daemon --system --address=systemd: --nofork --nopidfile --systemd-activation --syslog-only,0.0,0.0669,5.18,0,0,0,0,0,1,sleeping,memory
2026-09-22T13:42:23,203,1,systemd-logind,/usr/lib/systemd/systemd-logind,0.5,0.1112,8.62,0,0,0,0,0,1,sleeping,memory
2026-09-22T13:42:23,217,1,agetty,/sbin/agetty -o -p -- \u --noclear - linux,0.0,0.0249,1.93,0,0,0,0,0,1,sleeping,memory
2026-09-22T13:42:23,223,1,rsyslogd,/usr/sbin/rsyslogd -n -iNONE,0.0,0.0758,5.87,0,0,0,0,0,4,sleeping,memory
2026-09-22T13:42:23,236,1,unattended-upgr,/usr/bin/python3 /usr/share/unattended-upgrades/unattended-upgrade-shutdown --wait-for-signal,0.0,0.2778,21.53,0,0,0,0,0,2,sleeping,memory
2026-09-22T13:42:23,256,1,apache2,/usr/sbin/apache2 -k start,0.0,0.0634,4.91,0,0,0,0,0,1,sleeping,memory
2026-09-22T13:42:23,257,256,apache2,/usr/sbin/apache2 -k start,0.0,0.0734,5.69,0,0,0,0,0,27,sleeping,memory
2026-09-22T13:42:23,259,256,apache2,/usr/sbin/apache2 -k start,0.0,0.0734,5.69,0,0,0,0,0,27,sleeping,memory
2026-09-22T13:42:23,386,2,login,/bin/login -f      ,0.0,0.0584,4.53,0,0,0,0,0,1,sleeping,memory
2026-09-22T13:42:23,429,1,systemd,/usr/lib/systemd/systemd --user,0.0,0.145,11.24,0,0,0,0,0,1,sleeping,memory
2026-09-22T13:42:23,430,429,(sd-pam),(sd-pam),0.0,0.0451,3.49,0,0,0,0,0,1,sleeping,memory
2026-09-22T13:42:23,452,386,bash,-bash,0.0,0.0642,4.98,0,0,0,0,0,1,sleeping,memory
2026-09-22T13:42:23,486,2,SessionLeader,/init,0.0,0.0142,1.1,0,0,0,0,0,1,sleeping,memory
2026-09-22T13:42:23,487,486,Relay(488),/init,0.0,0.0159,1.23,0,0,0,0,0,1,sleeping,memory
2026-09-22T13:42:23,488,487,bash,-bash,0.0,0.0665,5.16,0,0,0,0,0,1,sleeping,memory
2026-09-22T13:42:23,696,2,SessionLeader,/init,0.0,0.0143,1.11,0,0,0,0,0,1,sleeping,memory
2026-09-22T13:42:23,697,696,Relay(698),/init,0.0,0.0152,1.18,0,0,0,0,0,1,sleeping,memory
2026-09-22T13:42:23,698,697,sh,"sh -c ""$VSCODE_WSL_EXT_LOCATION/scripts/wslServer.sh"" 7debcd0e2acdea1c52de81bf9ee1620444407dda stable code-server .vscode-server --host=127.0.0.1 --port=0 --connection-token=826864117-4248089396-2109865724-2149592531 --use-host-proxy --without-browser-env-var --disable-websocket-compression --accept-server-license-terms --telemetry-level=all",0.0,0.024,1.86,0,0,0,0,0,1,sleeping,memory
2026-09-22T13:42:23,699,698,sh,sh /mnt/c/Users/Rohan/.vscode/extensions/ms-vscode-remote.remote-wsl-0.104.3/scripts/wslServer.sh 7debcd0e2acdea1c52de81bf9ee1620444407dda stable code-server .vscode-server --host=127.0.0.1 --port=0 --connection-token=826864117-4248089396-2109865724-2149592531 --use-host-proxy --without-browser-env-var --disable-websocket-compression --accept-server-license-terms --telemetry-level=all,0.0,0.0251,1.95,0,0,0,0,0,1,sleeping,memory
2026-09-22T13:42:23,705,699,sh,sh /home/rohan/.vscode-server/bin/7debcd0e2acdea1c52de81bf9ee1620444407dda/bin/code-server --host=127.0.0.1 --port=0 --connection-token=826864117-4248089396-2109865724-2149592531 --use-host-proxy --without-browser-env-var --disable-websocket-compression --accept-server-license-terms --telemetry-level=all,0.0,0.025,1.93,0,0,0,0,0,1,sleeping,memory
2026-09-22T13:42:23,709,705,MainThread,/home/rohan/.vscode-server/bin/7debcd0e2acdea1c52de81bf9ee1620444407dda/node /home/rohan/.vscode-server/bin/7debcd0e2acdea1c52de81bf9ee1620444407dda/out/server-main.js --host=127.0.0.1 --port=0 --connection-token=826864117-4248089396-2109865724-2149592531 --use-host-proxy --without-browser-env-var --disable-websocket-compression --accept-server-license-terms --telemetry-level=all,0.0,2.2857,177.11,0,0,0,0,0,11,sleeping,memory
2026-09-22T13:42:23,721,2,SessionLeader,/init,0.0,0.0143,1.11,0,0,0,0,0,1,sleeping,memory
2026-09-22T13:42:23,722,721,Relay(723),/init,0.0,0.0152,1.18,0,0,0,0,0,1,sleeping,memory
2026-09-22T13:42:23,723,722,MainThread,"/home/rohan/.vscode-server/bin/7debcd0e2acdea1c52de81bf9ee1620444407dda/node -e const net = require('net'); process.stdin.pause(); const client = net.createConnection({ host: '127.0.0.1', port: 44115 }, () => { client.pipe(process.stdout); process.stdin.pipe(client); }); client.on('close', function (hadError) { console.error(hadError ? 'Remote close with error' : 'Remote close'); process.exit(hadError ? 1 : 0); }); client.on('error', function (err) { process.stderr.write(err && (err.stack || err.message) || String(err)); });",0.0,0.8701,67.42,0,0,0,0,0,7,sleeping,memory
2026-09-22T13:42:23,730,2,SessionLeader,/init,0.0,0.0143,1.11,0,0,0,0,0,1,sleeping,memory
2026-09-22T13:42:23,731,730,Relay(732),/init,0.0,0.0152,1.18,0,0,0,0,0,1,sleeping,memory
2026-09-22T13:42:23,732,731,MainThread,"/home/rohan/.vscode-server/bin/7debcd0e2acdea1c52de81bf9ee1620444407dda/node -e const net = require('net'); process.stdin.pause(); const client = net.createConnection({ host: '127.0.0.1', port: 44115 }, () => { client.pipe(process.stdout); process.stdin.pipe(client); }); client.on('close', function (hadError) { console.error(hadError ? 'Remote close with error' : 'Remote close'); process.exit(hadError ? 1 : 0); }); client.on('error', function (err) { process.stderr.write(err && (err.stack || err.message) || String(err)); });",0.0,0.7845,60.79,0,0,0,0,0,7,sleeping,memory
2026-09-22T13:42:23,743,709,MainThread,/home/rohan/.vscode-server/bin/7debcd0e2acdea1c52de81bf9ee1620444407dda/node /home/rohan/.vscode-server/bin/7debcd0e2acdea1c52de81bf9ee1620444407dda/out/bootstrap-fork --type=fileWatcher,0.0,0.8807,68.24,0,0,0,0,0,13,sleeping,memory
2026-09-22T13:42:23,769,709,MainThread,/home/rohan/.vscode-server/bin/7debcd0e2acdea1c52de81bf9ee1620444407dda/node /home/rohan/.vscode-server/bin/7debcd0e2acdea1c52de81bf9ee1620444407dda/out/bootstrap-fork --type=agentHost --logsPath /home/rohan/.vscode-server/data/logs/20260922T120228 --user-data-dir /home/rohan/.vscode-server/data --telemetry-level all,0.0,1.7758,137.6,0,0,0,0,0,11,sleeping,memory
2026-09-22T13:42:23,770,709,MainThread,/home/rohan/.vscode-server/bin/7debcd0e2acdea1c52de81bf9ee1620444407dda/node --dns-result-order=ipv4first /home/rohan/.vscode-server/bin/7debcd0e2acdea1c52de81bf9ee1620444407dda/out/bootstrap-fork --type=extensionHost --transformURIs --useHostProxy=true,1.5,6.7073,519.73,0,0,0,0,0,32,sleeping,memory
2026-09-22T13:42:23,811,769,MainThread,/home/rohan/.vscode-server/bin/7debcd0e2acdea1c52de81bf9ee1620444407dda/node /home/rohan/.vscode-server/bin/7debcd0e2acdea1c52de81bf9ee1620444407dda/node_modules/@github/copilot-linux-x64/index.js --headless --no-auto-update --log-level info --stdio --no-auto-login,0.0,3.2137,249.02,0,0,0,0,0,44,sleeping,memory
2026-09-22T13:42:23,812,770,MainThread,/home/rohan/.vscode-server/bin/7debcd0e2acdea1c52de81bf9ee1620444407dda/node /home/rohan/.vscode-server/bin/7debcd0e2acdea1c52de81bf9ee1620444407dda/extensions/markdown-language-features/dist/serverWorkerMain --node-ipc --clientProcessId=770,0.0,0.9939,77.02,0,0,0,0,0,7,sleeping,memory
2026-09-22T13:42:23,833,709,MainThread,/home/rohan/.vscode-server/bin/7debcd0e2acdea1c52de81bf9ee1620444407dda/node /home/rohan/.vscode-server/bin/7debcd0e2acdea1c52de81bf9ee1620444407dda/out/bootstrap-fork --type=ptyHost --logsPath /home/rohan/.vscode-server/data/logs/20260922T120228,0.0,0.976,75.62,0,0,0,0,0,13,sleeping,memory
2026-09-22T13:42:23,964,833,bash,/bin/bash --init-file /home/rohan/.vscode-server/bin/7debcd0e2acdea1c52de81bf9ee1620444407dda/out/vs/workbench/contrib/terminal/common/scripts/shellIntegration-bash.sh,0.0,0.0673,5.21,0,0,0,0,0,1,sleeping,memory
2026-09-22T13:42:23,1424,2,SessionLeader,/init,0.0,0.0142,1.1,0,0,0,0,0,1,sleeping,memory
2026-09-22T13:42:23,1425,1424,Relay(1426),/init,0.0,0.0143,1.11,0,0,0,0,0,1,sleeping,memory
2026-09-22T13:42:23,1426,1425,bash,-bash,0.0,0.0664,5.14,0,0,0,0,0,1,sleeping,memory
2026-09-22T13:42:23,4147,770,pet,/home/rohan/.vscode-server/extensions/ms-python.vscode-python-envs-1.37.2026092101-linux-x64/python-env-tools/bin/pet server,0.0,0.0749,5.8,0,0,0,0,0,21,sleeping,memory
2026-09-22T13:42:23,4156,833,bash,/bin/bash --init-file /home/rohan/.vscode-server/bin/7debcd0e2acdea1c52de81bf9ee1620444407dda/out/vs/workbench/contrib/terminal/common/scripts/shellIntegration-bash.sh,0.0,0.0663,5.14,0,0,0,0,0,1,sleeping,memory
2026-09-22T13:42:23,4295,770,MainThread,/home/rohan/.vscode-server/bin/7debcd0e2acdea1c52de81bf9ee1620444407dda/node /home/rohan/.vscode-server/extensions/ms-python.vscode-pylance-2026.3.105/dist/server.bundle.js --cancellationReceive=file:2bc56d7a41ee8749874d0000b75c5745f8ddf88b1a --node-ipc --clientProcessId=770,0.0,8.452,654.91,0,0,0,0,0,9,sleeping,memory
2026-09-22T13:42:23,5890,2,SessionLeader,/init,0.0,0.0142,1.1,0,0,0,0,0,1,sleeping,memory
2026-09-22T13:42:23,5891,5890,Relay(5896),/init,0.0,0.0143,1.11,0,0,0,0,0,1,sleeping,memory
2026-09-22T13:42:23,5896,5891,bash,-bash,0.0,0.0668,5.18,0,0,0,0,0,1,sleeping,memory
2026-09-22T13:42:23,6172,2,SessionLeader,/init,0.0,0.0142,1.1,0,0,0,0,0,1,sleeping,memory
2026-09-22T13:42:23,6173,6172,Relay(6174),/init,0.0,0.0143,1.11,0,0,0,0,0,1,sleeping,memory
2026-09-22T13:42:23,6174,6173,bash,-bash,0.0,0.0665,5.15,0,0,0,0,0,1,sleeping,memory
2026-09-22T13:42:23,6941,2,SessionLeader,/init,0.0,0.0142,1.1,0,0,0,0,0,1,sleeping,memory
2026-09-22T13:42:23,6943,6941,Relay(6945),/init,0.0,0.0143,1.11,0,0,0,0,0,1,sleeping,memory
2026-09-22T13:42:23,6945,6943,bash,-bash,0.0,0.0666,5.16,0,0,0,0,0,1,sleeping,memory
2026-09-22T13:42:23,8650,2,SessionLeader,/init,0.0,0.0142,1.1,0,0,0,0,0,1,sleeping,memory
2026-09-22T13:42:23,8652,8650,Relay(8654),/init,0.0,0.0143,1.11,0,0,0,0,0,1,sleeping,memory
2026-09-22T13:42:23,8654,8652,bash,-bash,0.0,0.0677,5.25,0,0,0,0,0,1,sleeping,memory
2026-09-22T13:42:23,8853,2,SessionLeader,/init,0.0,0.0142,1.1,0,0,0,0,0,1,sleeping,memory
2026-09-22T13:42:23,8854,8853,Relay(8858),/init,0.0,0.0143,1.11,0,0,0,0,0,1,sleeping,memory
2026-09-22T13:42:23,8858,8854,bash,-bash,0.0,0.0679,5.26,0,0,0,0,0,1,sleeping,memory
2026-09-22T13:42:23,15760,2,SessionLeader,/init,0.0,0.0142,1.1,0,0,0,0,0,1,sleeping,memory
2026-09-22T13:42:23,15762,15760,Relay(15767),/init,0.0,0.0143,1.11,0,0,0,0,0,1,sleeping,memory
2026-09-22T13:42:23,15767,15762,bash,-bash,0.0,0.0687,5.32,0,0,0,0,0,1,sleeping,memory
2026-09-22T13:42:23,15903,2,SessionLeader,/init,0.0,0.0142,1.1,0,0,0,0,0,1,sleeping,memory
2026-09-22T13:42:23,15904,15903,Relay(15909),/init,0.0,0.0143,1.11,0,0,0,0,0,1,sleeping,memory
2026-09-22T13:42:23,15909,15904,bash,-bash,0.0,0.0689,5.34,0,0,0,0,0,1,sleeping,memory
2026-09-22T13:42:23,20518,1,wsl-pro-service,/usr/libexec/wsl-pro-service,0.0,0.1492,11.56,0,0,0,0,0,8,sleeping,memory
2026-09-22T13:42:23,22465,15909,python,python workloads/memory/memory_workload.py,100.1,13.2388,1025.83,0,0,0,0,0,20,running,memory
2026-09-22T13:42:25,1,0,systemd,/sbin/init,0.0,0.1643,12.73,0.0,0.0,0.0,0.0,0.0,1,sleeping,memory
2026-09-22T13:42:25,2,1,init-systemd(Ub,/init,0.0,0.0279,2.16,0.0,0.0,0.0,0.0,0.0,2,sleeping,memory
2026-09-22T13:42:25,7,2,init,plan9 --control-socket 7 --log-level 4 --server-fd 8 --pipe-fd 10 --log-truncate,0.0,0.0268,2.08,0.0,0.0,0.0,0.0,0.0,2,sleeping,memory
2026-09-22T13:42:25,43,1,systemd-journald,/usr/lib/systemd/systemd-journald,0.0,0.2001,15.51,0.0,0.0,0.0,0.0,0.0,1,sleeping,memory
2026-09-22T13:42:25,98,1,systemd-udevd,/usr/lib/systemd/systemd-udevd,0.0,0.074,5.73,0.0,0.0,0.0,0.0,0.0,1,sleeping,memory
2026-09-22T13:42:25,177,1,systemd-resolved,/usr/lib/systemd/systemd-resolved,0.0,0.1656,12.83,0.0,0.0,0.0,0.0,0.0,1,sleeping,memory
2026-09-22T13:42:25,178,1,systemd-timesyncd,/usr/lib/systemd/systemd-timesyncd,0.0,0.1002,7.77,0.0,0.0,0.0,0.0,0.0,2,sleeping,memory
2026-09-22T13:42:25,188,1,cron,/usr/sbin/cron -f -P,0.0,0.0338,2.62,0.0,0.0,0.0,0.0,0.0,1,sleeping,memory
2026-09-22T13:42:25,189,1,dbus-daemon,@dbus-daemon --system --address=systemd: --nofork --nopidfile --systemd-activation --syslog-only,0.0,0.0669,5.18,0.0,0.0,0.0,0.0,0.0,1,sleeping,memory
2026-09-22T13:42:25,203,1,systemd-logind,/usr/lib/systemd/systemd-logind,0.0,0.1112,8.62,0.0,0.0,0.0,0.0,0.0,1,sleeping,memory
2026-09-22T13:42:25,217,1,agetty,/sbin/agetty -o -p -- \u --noclear - linux,0.0,0.0249,1.93,0.0,0.0,0.0,0.0,0.0,1,sleeping,memory
2026-09-22T13:42:25,223,1,rsyslogd,/usr/sbin/rsyslogd -n -iNONE,0.0,0.0758,5.87,0.0,0.0,0.0,0.0,0.0,4,sleeping,memory
2026-09-22T13:42:25,236,1,unattended-upgr,/usr/bin/python3 /usr/share/unattended-upgrades/unattended-upgrade-shutdown --wait-for-signal,0.0,0.2778,21.53,0.0,0.0,0.0,0.0,0.0,2,sleeping,memory
2026-09-22T13:42:25,256,1,apache2,/usr/sbin/apache2 -k start,0.0,0.0634,4.91,0.0,0.0,1.0,0.0,0.0,1,sleeping,memory
2026-09-22T13:42:25,257,256,apache2,/usr/sbin/apache2 -k start,0.0,0.0734,5.69,0.0,0.0,0.0,0.0,0.0,27,sleeping,memory
2026-09-22T13:42:25,259,256,apache2,/usr/sbin/apache2 -k start,0.0,0.0734,5.69,0.0,0.0,0.0,0.0,0.0,27,sleeping,memory
2026-09-22T13:42:25,386,2,login,/bin/login -f      ,0.0,0.0584,4.53,0.0,0.0,0.0,0.0,0.0,1,sleeping,memory
2026-09-22T13:42:25,429,1,systemd,/usr/lib/systemd/systemd --user,0.0,0.145,11.24,0.0,0.0,0.0,0.0,0.0,1,sleeping,memory
2026-09-22T13:42:25,430,429,(sd-pam),(sd-pam),0.0,0.0451,3.49,0.0,0.0,0.0,0.0,0.0,1,sleeping,memory
2026-09-22T13:42:25,452,386,bash,-bash,0.0,0.0642,4.98,0.0,0.0,0.0,0.0,0.0,1,sleeping,memory
2026-09-22T13:42:25,486,2,SessionLeader,/init,0.0,0.0142,1.1,0.0,0.0,0.0,0.0,0.0,1,sleeping,memory
2026-09-22T13:42:25,487,486,Relay(488),/init,0.0,0.0159,1.23,0.0,0.0,0.0,0.0,0.0,1,sleeping,memory
2026-09-22T13:42:25,488,487,bash,-bash,0.0,0.0665,5.16,0.0,0.0,0.0,0.0,0.0,1,sleeping,memory
2026-09-22T13:42:25,696,2,SessionLeader,/init,0.0,0.0143,1.11,0.0,0.0,0.0,0.0,0.0,1,sleeping,memory
2026-09-22T13:42:25,697,696,Relay(698),/init,0.0,0.0152,1.18,0.0,0.0,0.0,0.0,0.0,1,sleeping,memory
2026-09-22T13:42:25,698,697,sh,"sh -c ""$VSCODE_WSL_EXT_LOCATION/scripts/wslServer.sh"" 7debcd0e2acdea1c52de81bf9ee1620444407dda stable code-server .vscode-server --host=127.0.0.1 --port=0 --connection-token=826864117-4248089396-2109865724-2149592531 --use-host-proxy --without-browser-env-var --disable-websocket-compression --accept-server-license-terms --telemetry-level=all",0.0,0.024,1.86,0.0,0.0,0.0,0.0,0.0,1,sleeping,memory
2026-09-22T13:42:25,699,698,sh,sh /mnt/c/Users/Rohan/.vscode/extensions/ms-vscode-remote.remote-wsl-0.104.3/scripts/wslServer.sh 7debcd0e2acdea1c52de81bf9ee1620444407dda stable code-server .vscode-server --host=127.0.0.1 --port=0 --connection-token=826864117-4248089396-2109865724-2149592531 --use-host-proxy --without-browser-env-var --disable-websocket-compression --accept-server-license-terms --telemetry-level=all,0.0,0.0251,1.95,0.0,0.0,0.0,0.0,0.0,1,sleeping,memory
2026-09-22T13:42:25,705,699,sh,sh /home/rohan/.vscode-server/bin/7debcd0e2acdea1c52de81bf9ee1620444407dda/bin/code-server --host=127.0.0.1 --port=0 --connection-token=826864117-4248089396-2109865724-2149592531 --use-host-proxy --without-browser-env-var --disable-websocket-compression --accept-server-license-terms --telemetry-level=all,0.0,0.025,1.93,0.0,0.0,0.0,0.0,0.0,1,sleeping,memory
2026-09-22T13:42:25,709,705,MainThread,/home/rohan/.vscode-server/bin/7debcd0e2acdea1c52de81bf9ee1620444407dda/node /home/rohan/.vscode-server/bin/7debcd0e2acdea1c52de81bf9ee1620444407dda/out/server-main.js --host=127.0.0.1 --port=0 --connection-token=826864117-4248089396-2109865724-2149592531 --use-host-proxy --without-browser-env-var --disable-websocket-compression --accept-server-license-terms --telemetry-level=all,0.0,2.2857,177.11,0.0,0.0,5.98,0.0,0.0,11,sleeping,memory
2026-09-22T13:42:25,721,2,SessionLeader,/init,0.0,0.0143,1.11,0.0,0.0,0.0,0.0,0.0,1,sleeping,memory
2026-09-22T13:42:25,722,721,Relay(723),/init,0.0,0.0152,1.18,0.0,0.0,1.49,0.0,0.0,1,sleeping,memory
2026-09-22T13:42:25,723,722,MainThread,"/home/rohan/.vscode-server/bin/7debcd0e2acdea1c52de81bf9ee1620444407dda/node -e const net = require('net'); process.stdin.pause(); const client = net.createConnection({ host: '127.0.0.1', port: 44115 }, () => { client.pipe(process.stdout); process.stdin.pipe(client); }); client.on('close', function (hadError) { console.error(hadError ? 'Remote close with error' : 'Remote close'); process.exit(hadError ? 1 : 0); }); client.on('error', function (err) { process.stderr.write(err && (err.stack || err.message) || String(err)); });",0.0,0.8701,67.42,0.0,0.0,1.49,0.0,0.0,7,sleeping,memory
2026-09-22T13:42:25,730,2,SessionLeader,/init,0.0,0.0143,1.11,0.0,0.0,0.0,0.0,0.0,1,sleeping,memory
2026-09-22T13:42:25,731,730,Relay(732),/init,0.0,0.0152,1.18,0.0,0.0,1.99,0.0,0.0,1,sleeping,memory
2026-09-22T13:42:25,732,731,MainThread,"/home/rohan/.vscode-server/bin/7debcd0e2acdea1c52de81bf9ee1620444407dda/node -e const net = require('net'); process.stdin.pause(); const client = net.createConnection({ host: '127.0.0.1', port: 44115 }, () => { client.pipe(process.stdout); process.stdin.pipe(client); }); client.on('close', function (hadError) { console.error(hadError ? 'Remote close with error' : 'Remote close'); process.exit(hadError ? 1 : 0); }); client.on('error', function (err) { process.stderr.write(err && (err.stack || err.message) || String(err)); });",0.0,0.7845,60.79,0.0,0.0,1.99,0.0,0.0,7,sleeping,memory
2026-09-22T13:42:25,743,709,MainThread,/home/rohan/.vscode-server/bin/7debcd0e2acdea1c52de81bf9ee1620444407dda/node /home/rohan/.vscode-server/bin/7debcd0e2acdea1c52de81bf9ee1620444407dda/out/bootstrap-fork --type=fileWatcher,0.0,0.8807,68.24,0.0,0.0,3.99,0.0,0.0,13,sleeping,memory
2026-09-22T13:42:25,769,709,MainThread,/home/rohan/.vscode-server/bin/7debcd0e2acdea1c52de81bf9ee1620444407dda/node /home/rohan/.vscode-server/bin/7debcd0e2acdea1c52de81bf9ee1620444407dda/out/bootstrap-fork --type=agentHost --logsPath /home/rohan/.vscode-server/data/logs/20260922T120228 --user-data-dir /home/rohan/.vscode-server/data --telemetry-level all,0.0,1.7758,137.6,0.0,0.0,0.0,0.0,0.0,11,sleeping,memory
2026-09-22T13:42:25,770,709,MainThread,/home/rohan/.vscode-server/bin/7debcd0e2acdea1c52de81bf9ee1620444407dda/node --dns-result-order=ipv4first /home/rohan/.vscode-server/bin/7debcd0e2acdea1c52de81bf9ee1620444407dda/out/bootstrap-fork --type=extensionHost --transformURIs --useHostProxy=true,1.0,6.7073,519.73,0.0,0.0,190.83,770.79,0.0,32,sleeping,memory
2026-09-22T13:42:25,811,769,MainThread,/home/rohan/.vscode-server/bin/7debcd0e2acdea1c52de81bf9ee1620444407dda/node /home/rohan/.vscode-server/bin/7debcd0e2acdea1c52de81bf9ee1620444407dda/node_modules/@github/copilot-linux-x64/index.js --headless --no-auto-update --log-level info --stdio --no-auto-login,0.0,3.2137,249.02,0.0,0.0,0.0,0.0,0.0,44,sleeping,memory
2026-09-22T13:42:25,812,770,MainThread,/home/rohan/.vscode-server/bin/7debcd0e2acdea1c52de81bf9ee1620444407dda/node /home/rohan/.vscode-server/bin/7debcd0e2acdea1c52de81bf9ee1620444407dda/extensions/markdown-language-features/dist/serverWorkerMain --node-ipc --clientProcessId=770,0.0,0.9939,77.02,0.0,0.0,0.5,0.0,0.0,7,sleeping,memory
2026-09-22T13:42:25,833,709,MainThread,/home/rohan/.vscode-server/bin/7debcd0e2acdea1c52de81bf9ee1620444407dda/node /home/rohan/.vscode-server/bin/7debcd0e2acdea1c52de81bf9ee1620444407dda/out/bootstrap-fork --type=ptyHost --logsPath /home/rohan/.vscode-server/data/logs/20260922T120228,0.5,0.976,75.62,0.0,0.0,5.48,0.0,0.0,13,sleeping,memory
2026-09-22T13:42:25,964,833,bash,/bin/bash --init-file /home/rohan/.vscode-server/bin/7debcd0e2acdea1c52de81bf9ee1620444407dda/out/vs/workbench/contrib/terminal/common/scripts/shellIntegration-bash.sh,0.0,0.0673,5.21,0.0,0.0,0.0,0.0,0.0,1,sleeping,memory
2026-09-22T13:42:25,1424,2,SessionLeader,/init,0.0,0.0142,1.1,0.0,0.0,0.0,0.0,0.0,1,sleeping,memory
2026-09-22T13:42:25,1425,1424,Relay(1426),/init,0.0,0.0143,1.11,0.0,0.0,0.0,0.0,0.0,1,sleeping,memory
2026-09-22T13:42:25,1426,1425,bash,-bash,0.0,0.0664,5.14,0.0,0.0,0.0,0.0,0.0,1,sleeping,memory
2026-09-22T13:42:25,4147,770,pet,/home/rohan/.vscode-server/extensions/ms-python.vscode-python-envs-1.37.2026092101-linux-x64/python-env-tools/bin/pet server,0.0,0.0749,5.8,0.0,0.0,0.0,0.0,0.0,21,sleeping,memory
2026-09-22T13:42:25,4156,833,bash,/bin/bash --init-file /home/rohan/.vscode-server/bin/7debcd0e2acdea1c52de81bf9ee1620444407dda/out/vs/workbench/contrib/terminal/common/scripts/shellIntegration-bash.sh,0.0,0.0663,5.14,0.0,0.0,0.0,0.0,0.0,1,sleeping,memory
2026-09-22T13:42:25,4295,770,MainThread,/home/rohan/.vscode-server/bin/7debcd0e2acdea1c52de81bf9ee1620444407dda/node /home/rohan/.vscode-server/extensions/ms-python.vscode-pylance-2026.3.105/dist/server.bundle.js --cancellationReceive=file:2bc56d7a41ee8749874d0000b75c5745f8ddf88b1a --node-ipc --clientProcessId=770,0.0,8.452,654.91,0.0,0.0,1.0,0.0,0.0,9,sleeping,memory
2026-09-22T13:42:25,5890,2,SessionLeader,/init,0.0,0.0142,1.1,0.0,0.0,0.0,0.0,0.0,1,sleeping,memory
2026-09-22T13:42:25,5891,5890,Relay(5896),/init,0.0,0.0143,1.11,0.0,0.0,0.5,0.0,0.0,1,sleeping,memory
2026-09-22T13:42:25,5896,5891,bash,-bash,0.0,0.0668,5.18,0.0,0.0,0.0,0.0,0.0,1,sleeping,memory
2026-09-22T13:42:25,6172,2,SessionLeader,/init,0.0,0.0142,1.1,0.0,0.0,0.0,0.0,0.0,1,sleeping,memory
2026-09-22T13:42:25,6173,6172,Relay(6174),/init,0.0,0.0143,1.11,0.0,0.0,0.0,0.0,0.0,1,sleeping,memory
2026-09-22T13:42:25,6174,6173,bash,-bash,0.0,0.0665,5.15,0.0,0.0,0.0,0.0,0.0,1,sleeping,memory
2026-09-22T13:42:25,6941,2,SessionLeader,/init,0.0,0.0142,1.1,0.0,0.0,0.0,0.0,0.0,1,sleeping,memory
2026-09-22T13:42:25,6943,6941,Relay(6945),/init,0.0,0.0143,1.11,0.0,0.0,0.0,0.0,0.0,1,sleeping,memory
2026-09-22T13:42:25,6945,6943,bash,-bash,0.0,0.0666,5.16,0.0,0.0,0.0,0.0,0.0,1,sleeping,memory
2026-09-22T13:42:25,8650,2,SessionLeader,/init,0.0,0.0142,1.1,0.0,0.0,0.0,0.0,0.0,1,sleeping,memory
2026-09-22T13:42:25,8652,8650,Relay(8654),/init,0.0,0.0143,1.11,0.0,0.0,0.0,0.0,0.0,1,sleeping,memory
2026-09-22T13:42:25,8654,8652,bash,-bash,0.0,0.0677,5.25,0.0,0.0,0.0,0.0,0.0,1,sleeping,memory
2026-09-22T13:42:25,8853,2,SessionLeader,/init,0.0,0.0142,1.1,0.0,0.0,0.0,0.0,0.0,1,sleeping,memory
2026-09-22T13:42:25,8854,8853,Relay(8858),/init,0.0,0.0143,1.11,0.0,0.0,0.0,0.0,0.0,1,sleeping,memory
2026-09-22T13:42:25,8858,8854,bash,-bash,0.0,0.0679,5.26,0.0,0.0,0.0,0.0,0.0,1,sleeping,memory
2026-09-22T13:42:25,15760,2,SessionLeader,/init,0.0,0.0142,1.1,0.0,0.0,0.0,0.0,0.0,1,sleeping,memory
2026-09-22T13:42:25,15762,15760,Relay(15767),/init,0.0,0.0143,1.11,0.0,0.0,0.0,0.0,0.0,1,sleeping,memory
2026-09-22T13:42:25,15767,15762,bash,-bash,0.0,0.0687,5.32,0.0,0.0,0.0,0.0,0.0,1,sleeping,memory
2026-09-22T13:42:25,15903,2,SessionLeader,/init,0.0,0.0142,1.1,0.0,0.0,0.0,0.0,0.0,1,sleeping,memory
2026-09-22T13:42:25,15904,15903,Relay(15909),/init,0.0,0.0143,1.11,0.0,0.0,0.0,0.0,0.0,1,sleeping,memory
2026-09-22T13:42:25,15909,15904,bash,-bash,0.0,0.0689,5.34,0.0,0.0,0.0,0.0,0.0,1,sleeping,memory
2026-09-22T13:42:25,20518,1,wsl-pro-service,/usr/libexec/wsl-pro-service,0.0,0.1492,11.56,0.0,0.0,0.0,0.0,0.0,8,sleeping,memory
2026-09-22T13:42:25,22465,15909,python,python workloads/memory/memory_workload.py,100.1,13.2388,1025.83,0.0,0.0,3.99,0.0,0.0,20,running,memory
2026-09-22T13:42:27,1,0,systemd,/sbin/init,0.0,0.1643,12.73,0.0,0.0,1.01,0.0,0.0,1,sleeping,memory
2026-09-22T13:42:27,2,1,init-systemd(Ub,/init,0.0,0.0279,2.16,0.0,0.0,0.0,0.0,0.0,2,sleeping,memory
2026-09-22T13:42:27,7,2,init,plan9 --control-socket 7 --log-level 4 --server-fd 8 --pipe-fd 10 --log-truncate,0.0,0.0268,2.08,0.0,0.0,0.0,0.0,0.0,2,sleeping,memory
2026-09-22T13:42:27,43,1,systemd-journald,/usr/lib/systemd/systemd-journald,0.5,0.2001,15.51,0.0,0.0,6.06,925.01,1.51,1,sleeping,memory
2026-09-22T13:42:27,98,1,systemd-udevd,/usr/lib/systemd/systemd-udevd,0.0,0.074,5.73,0.0,0.0,0.0,0.0,0.0,1,sleeping,memory
2026-09-22T13:42:27,177,1,systemd-resolved,/usr/lib/systemd/systemd-resolved,0.0,0.1656,12.83,0.0,0.0,1.01,0.0,0.0,1,sleeping,memory
2026-09-22T13:42:27,178,1,systemd-timesyncd,/usr/lib/systemd/systemd-timesyncd,0.0,0.1002,7.77,0.0,0.0,1.01,0.0,0.0,2,sleeping,memory
2026-09-22T13:42:27,188,1,cron,/usr/sbin/cron -f -P,0.0,0.0338,2.62,0.0,0.0,0.0,0.0,0.0,1,sleeping,memory
2026-09-22T13:42:27,189,1,dbus-daemon,@dbus-daemon --system --address=systemd: --nofork --nopidfile --systemd-activation --syslog-only,0.0,0.0669,5.18,0.0,0.0,1.51,0.0,0.0,1,sleeping,memory
2026-09-22T13:42:27,203,1,systemd-logind,/usr/lib/systemd/systemd-logind,0.0,0.1112,8.62,0.0,0.0,3.03,0.0,0.0,1,sleeping,memory
2026-09-22T13:42:27,217,1,agetty,/sbin/agetty -o -p -- \u --noclear - linux,0.0,0.0249,1.93,0.0,0.0,0.0,0.0,0.0,1,sleeping,memory
2026-09-22T13:42:27,223,1,rsyslogd,/usr/sbin/rsyslogd -n -iNONE,0.0,0.0758,5.87,0.0,0.0,0.0,0.0,0.0,4,sleeping,memory
2026-09-22T13:42:27,236,1,unattended-upgr,/usr/bin/python3 /usr/share/unattended-upgrades/unattended-upgrade-shutdown --wait-for-signal,0.0,0.2778,21.53,0.0,0.0,0.0,0.0,0.0,2,sleeping,memory
2026-09-22T13:42:27,256,1,apache2,/usr/sbin/apache2 -k start,0.0,0.0634,4.91,0.0,0.0,1.01,0.0,0.0,1,sleeping,memory
2026-09-22T13:42:27,257,256,apache2,/usr/sbin/apache2 -k start,0.0,0.0734,5.69,0.0,0.0,0.0,0.0,0.0,27,sleeping,memory
2026-09-22T13:42:27,259,256,apache2,/usr/sbin/apache2 -k start,0.0,0.0734,5.69,0.0,0.0,0.0,0.0,0.0,27,sleeping,memory
2026-09-22T13:42:27,386,2,login,/bin/login -f      ,0.0,0.0584,4.53,0.0,0.0,0.0,0.0,0.0,1,sleeping,memory
2026-09-22T13:42:27,429,1,systemd,/usr/lib/systemd/systemd --user,0.0,0.145,11.24,0.0,0.0,1.01,0.0,0.0,1,sleeping,memory
2026-09-22T13:42:27,430,429,(sd-pam),(sd-pam),0.0,0.0451,3.49,0.0,0.0,0.0,0.0,0.0,1,sleeping,memory
2026-09-22T13:42:27,452,386,bash,-bash,0.0,0.0642,4.98,0.0,0.0,0.0,0.0,0.0,1,sleeping,memory
2026-09-22T13:42:27,486,2,SessionLeader,/init,0.0,0.0142,1.1,0.0,0.0,0.0,0.0,0.0,1,sleeping,memory
2026-09-22T13:42:27,487,486,Relay(488),/init,0.0,0.0159,1.23,0.0,0.0,0.0,0.0,0.0,1,sleeping,memory
2026-09-22T13:42:27,488,487,bash,-bash,0.0,0.0665,5.16,0.0,0.0,0.0,0.0,0.0,1,sleeping,memory
2026-09-22T13:42:27,696,2,SessionLeader,/init,0.0,0.0143,1.11,0.0,0.0,0.0,0.0,0.0,1,sleeping,memory
2026-09-22T13:42:27,697,696,Relay(698),/init,0.0,0.0152,1.18,0.0,0.0,0.0,0.0,0.0,1,sleeping,memory
2026-09-22T13:42:27,698,697,sh,"sh -c ""$VSCODE_WSL_EXT_LOCATION/scripts/wslServer.sh"" 7debcd0e2acdea1c52de81bf9ee1620444407dda stable code-server .vscode-server --host=127.0.0.1 --port=0 --connection-token=826864117-4248089396-2109865724-2149592531 --use-host-proxy --without-browser-env-var --disable-websocket-compression --accept-server-license-terms --telemetry-level=all",0.0,0.024,1.86,0.0,0.0,0.0,0.0,0.0,1,sleeping,memory
2026-09-22T13:42:27,699,698,sh,sh /mnt/c/Users/Rohan/.vscode/extensions/ms-vscode-remote.remote-wsl-0.104.3/scripts/wslServer.sh 7debcd0e2acdea1c52de81bf9ee1620444407dda stable code-server .vscode-server --host=127.0.0.1 --port=0 --connection-token=826864117-4248089396-2109865724-2149592531 --use-host-proxy --without-browser-env-var --disable-websocket-compression --accept-server-license-terms --telemetry-level=all,0.0,0.0251,1.95,0.0,0.0,0.0,0.0,0.0,1,sleeping,memory
2026-09-22T13:42:27,705,699,sh,sh /home/rohan/.vscode-server/bin/7debcd0e2acdea1c52de81bf9ee1620444407dda/bin/code-server --host=127.0.0.1 --port=0 --connection-token=826864117-4248089396-2109865724-2149592531 --use-host-proxy --without-browser-env-var --disable-websocket-compression --accept-server-license-terms --telemetry-level=all,0.0,0.025,1.93,0.0,0.0,0.0,0.0,0.0,1,sleeping,memory
2026-09-22T13:42:27,709,705,MainThread,/home/rohan/.vscode-server/bin/7debcd0e2acdea1c52de81bf9ee1620444407dda/node /home/rohan/.vscode-server/bin/7debcd0e2acdea1c52de81bf9ee1620444407dda/out/server-main.js --host=127.0.0.1 --port=0 --connection-token=826864117-4248089396-2109865724-2149592531 --use-host-proxy --without-browser-env-var --disable-websocket-compression --accept-server-license-terms --telemetry-level=all,0.0,2.2857,177.11,0.0,0.0,5.55,0.0,0.0,11,sleeping,memory
2026-09-22T13:42:27,721,2,SessionLeader,/init,0.0,0.0143,1.11,0.0,0.0,0.0,0.0,0.0,1,sleeping,memory
2026-09-22T13:42:27,722,721,Relay(723),/init,0.0,0.0152,1.18,0.0,0.0,1.51,0.0,0.0,1,sleeping,memory
2026-09-22T13:42:27,723,722,MainThread,"/home/rohan/.vscode-server/bin/7debcd0e2acdea1c52de81bf9ee1620444407dda/node -e const net = require('net'); process.stdin.pause(); const client = net.createConnection({ host: '127.0.0.1', port: 44115 }, () => { client.pipe(process.stdout); process.stdin.pipe(client); }); client.on('close', function (hadError) { console.error(hadError ? 'Remote close with error' : 'Remote close'); process.exit(hadError ? 1 : 0); }); client.on('error', function (err) { process.stderr.write(err && (err.stack || err.message) || String(err)); });",0.0,0.8701,67.42,0.0,0.0,1.51,0.0,0.0,7,sleeping,memory
2026-09-22T13:42:27,730,2,SessionLeader,/init,0.0,0.0143,1.11,0.0,0.0,0.0,0.0,0.0,1,sleeping,memory
2026-09-22T13:42:27,731,730,Relay(732),/init,0.0,0.0152,1.18,0.0,0.0,1.01,0.0,0.0,1,sleeping,memory
2026-09-22T13:42:27,732,731,MainThread,"/home/rohan/.vscode-server/bin/7debcd0e2acdea1c52de81bf9ee1620444407dda/node -e const net = require('net'); process.stdin.pause(); const client = net.createConnection({ host: '127.0.0.1', port: 44115 }, () => { client.pipe(process.stdout); process.stdin.pipe(client); }); client.on('close', function (hadError) { console.error(hadError ? 'Remote close with error' : 'Remote close'); process.exit(hadError ? 1 : 0); }); client.on('error', function (err) { process.stderr.write(err && (err.stack || err.message) || String(err)); });",0.0,0.7845,60.79,0.0,0.0,1.01,0.0,0.0,7,sleeping,memory
2026-09-22T13:42:27,743,709,MainThread,/home/rohan/.vscode-server/bin/7debcd0e2acdea1c52de81bf9ee1620444407dda/node /home/rohan/.vscode-server/bin/7debcd0e2acdea1c52de81bf9ee1620444407dda/out/bootstrap-fork --type=fileWatcher,0.0,0.8807,68.24,0.0,0.0,1.51,0.0,0.0,13,sleeping,memory
2026-09-22T13:42:27,769,709,MainThread,/home/rohan/.vscode-server/bin/7debcd0e2acdea1c52de81bf9ee1620444407dda/node /home/rohan/.vscode-server/bin/7debcd0e2acdea1c52de81bf9ee1620444407dda/out/bootstrap-fork --type=agentHost --logsPath /home/rohan/.vscode-server/data/logs/20260922T120228 --user-data-dir /home/rohan/.vscode-server/data --telemetry-level all,0.0,1.7758,137.6,0.0,2068.31,4.04,0.0,0.0,11,sleeping,memory
2026-09-22T13:42:27,770,709,MainThread,/home/rohan/.vscode-server/bin/7debcd0e2acdea1c52de81bf9ee1620444407dda/node --dns-result-order=ipv4first /home/rohan/.vscode-server/bin/7debcd0e2acdea1c52de81bf9ee1620444407dda/out/bootstrap-fork --type=extensionHost --transformURIs --useHostProxy=true,1.5,6.7073,519.73,0.0,0.0,194.91,1494.65,0.0,32,sleeping,memory
2026-09-22T13:42:27,811,769,MainThread,/home/rohan/.vscode-server/bin/7debcd0e2acdea1c52de81bf9ee1620444407dda/node /home/rohan/.vscode-server/bin/7debcd0e2acdea1c52de81bf9ee1620444407dda/node_modules/@github/copilot-linux-x64/index.js --headless --no-auto-update --log-level info --stdio --no-auto-login,0.0,3.2137,249.02,0.0,0.0,0.0,0.0,0.0,44,sleeping,memory
2026-09-22T13:42:27,812,770,MainThread,/home/rohan/.vscode-server/bin/7debcd0e2acdea1c52de81bf9ee1620444407dda/node /home/rohan/.vscode-server/bin/7debcd0e2acdea1c52de81bf9ee1620444407dda/extensions/markdown-language-features/dist/serverWorkerMain --node-ipc --clientProcessId=770,0.0,0.9939,77.02,0.0,0.0,1.01,0.0,0.0,7,sleeping,memory
2026-09-22T13:42:27,833,709,MainThread,/home/rohan/.vscode-server/bin/7debcd0e2acdea1c52de81bf9ee1620444407dda/node /home/rohan/.vscode-server/bin/7debcd0e2acdea1c52de81bf9ee1620444407dda/out/bootstrap-fork --type=ptyHost --logsPath /home/rohan/.vscode-server/data/logs/20260922T120228,0.5,0.976,75.62,0.0,0.0,8.08,0.0,0.0,13,sleeping,memory
2026-09-22T13:42:27,964,833,bash,/bin/bash --init-file /home/rohan/.vscode-server/bin/7debcd0e2acdea1c52de81bf9ee1620444407dda/out/vs/workbench/contrib/terminal/common/scripts/shellIntegration-bash.sh,0.0,0.0673,5.21,0.0,0.0,0.0,0.0,0.0,1,sleeping,memory
2026-09-22T13:42:27,1424,2,SessionLeader,/init,0.0,0.0142,1.1,0.0,0.0,0.0,0.0,0.0,1,sleeping,memory
2026-09-22T13:42:27,1425,1424,Relay(1426),/init,0.0,0.0143,1.11,0.0,0.0,0.0,0.0,0.0,1,sleeping,memory
2026-09-22T13:42:27,1426,1425,bash,-bash,0.0,0.0664,5.14,0.0,0.0,0.0,0.0,0.0,1,sleeping,memory
2026-09-22T13:42:27,4147,770,pet,/home/rohan/.vscode-server/extensions/ms-python.vscode-python-envs-1.37.2026092101-linux-x64/python-env-tools/bin/pet server,0.0,0.0749,5.8,0.0,0.0,0.0,0.0,0.0,21,sleeping,memory
2026-09-22T13:42:27,4156,833,bash,/bin/bash --init-file /home/rohan/.vscode-server/bin/7debcd0e2acdea1c52de81bf9ee1620444407dda/out/vs/workbench/contrib/terminal/common/scripts/shellIntegration-bash.sh,0.0,0.0663,5.14,0.0,0.0,0.0,0.0,0.0,1,sleeping,memory
2026-09-22T13:42:27,4295,770,MainThread,/home/rohan/.vscode-server/bin/7debcd0e2acdea1c52de81bf9ee1620444407dda/node /home/rohan/.vscode-server/extensions/ms-python.vscode-pylance-2026.3.105/dist/server.bundle.js --cancellationReceive=file:2bc56d7a41ee8749874d0000b75c5745f8ddf88b1a --node-ipc --clientProcessId=770,0.5,8.452,654.91,0.0,0.0,1.01,0.0,0.0,9,sleeping,memory
2026-09-22T13:42:27,5890,2,SessionLeader,/init,0.0,0.0142,1.1,0.0,0.0,0.0,0.0,0.0,1,sleeping,memory
2026-09-22T13:42:27,5891,5890,Relay(5896),/init,0.0,0.0143,1.11,0.0,0.0,0.5,0.0,0.0,1,sleeping,memory
2026-09-22T13:42:27,5896,5891,bash,-bash,0.0,0.0668,5.18,0.0,0.0,0.0,0.0,0.0,1,sleeping,memory
2026-09-22T13:42:27,6172,2,SessionLeader,/init,0.0,0.0142,1.1,0.0,0.0,0.0,0.0,0.0,1,sleeping,memory
2026-09-22T13:42:27,6173,6172,Relay(6174),/init,0.0,0.0143,1.11,0.0,0.0,0.0,0.0,0.0,1,sleeping,memory
2026-09-22T13:42:27,6174,6173,bash,-bash,0.0,0.0665,5.15,0.0,0.0,0.0,0.0,0.0,1,sleeping,memory
2026-09-22T13:42:27,6941,2,SessionLeader,/init,0.0,0.0142,1.1,0.0,0.0,0.0,0.0,0.0,1,sleeping,memory
2026-09-22T13:42:27,6943,6941,Relay(6945),/init,0.0,0.0143,1.11,0.0,0.0,0.0,0.0,0.0,1,sleeping,memory
2026-09-22T13:42:27,6945,6943,bash,-bash,0.0,0.0666,5.16,0.0,0.0,0.0,0.0,0.0,1,sleeping,memory
2026-09-22T13:42:27,8650,2,SessionLeader,/init,0.0,0.0142,1.1,0.0,0.0,0.0,0.0,0.0,1,sleeping,memory
2026-09-22T13:42:27,8652,8650,Relay(8654),/init,0.0,0.0143,1.11,0.0,0.0,0.0,0.0,0.0,1,sleeping,memory
2026-09-22T13:42:27,8654,8652,bash,-bash,0.0,0.0677,5.25,0.0,0.0,0.0,0.0,0.0,1,sleeping,memory
2026-09-22T13:42:27,8853,2,SessionLeader,/init,0.0,0.0142,1.1,0.0,0.0,0.0,0.0,0.0,1,sleeping,memory
2026-09-22T13:42:27,8854,8853,Relay(8858),/init,0.0,0.0143,1.11,0.0,0.0,0.0,0.0,0.0,1,sleeping,memory
2026-09-22T13:42:27,8858,8854,bash,-bash,0.0,0.0679,5.26,0.0,0.0,0.0,0.0,0.0,1,sleeping,memory
2026-09-22T13:42:27,15760,2,SessionLeader,/init,0.0,0.0142,1.1,0.0,0.0,0.0,0.0,0.0,1,sleeping,memory
2026-09-22T13:42:27,15762,15760,Relay(15767),/init,0.0,0.0143,1.11,0.0,0.0,0.0,0.0,0.0,1,sleeping,memory
2026-09-22T13:42:27,15767,15762,bash,-bash,0.0,0.0687,5.32,0.0,0.0,0.0,0.0,0.0,1,sleeping,memory
2026-09-22T13:42:27,15903,2,SessionLeader,/init,0.0,0.0142,1.1,0.0,0.0,0.0,0.0,0.0,1,sleeping,memory
2026-09-22T13:42:27,15904,15903,Relay(15909),/init,0.0,0.0143,1.11,0.0,0.0,0.0,0.0,0.0,1,sleeping,memory
2026-09-22T13:42:27,15909,15904,bash,-bash,0.0,0.0689,5.34,0.0,0.0,0.0,0.0,0.0,1,sleeping,memory
2026-09-22T13:42:27,20518,1,wsl-pro-service,/usr/libexec/wsl-pro-service,0.0,0.1492,11.56,0.0,0.0,0.0,0.0,0.0,8,sleeping,memory
2026-09-22T13:42:27,22465,15909,python,python workloads/memory/memory_workload.py,100.1,13.2388,1025.83,0.0,0.0,2.52,0.0,0.0,20,running,memory
2026-09-22T13:42:29,1,0,systemd,/sbin/init,0.0,0.1643,12.73,0.0,0.0,0.0,0.0,0.0,1,sleeping,memory
2026-09-22T13:42:29,2,1,init-systemd(Ub,/init,0.0,0.0279,2.16,0.0,0.0,0.0,0.0,0.0,2,sleeping,memory
2026-09-22T13:42:29,7,2,init,plan9 --control-socket 7 --log-level 4 --server-fd 8 --pipe-fd 10 --log-truncate,0.0,0.0268,2.08,0.0,0.0,0.0,0.0,0.0,2,sleeping,memory
2026-09-22T13:42:29,43,1,systemd-journald,/usr/lib/systemd/systemd-journald,0.0,0.2001,15.51,0.0,0.0,0.0,0.0,0.0,1,sleeping,memory
2026-09-22T13:42:29,98,1,systemd-udevd,/usr/lib/systemd/systemd-udevd,0.0,0.074,5.73,0.0,0.0,0.0,0.0,0.0,1,sleeping,memory
2026-09-22T13:42:29,177,1,systemd-resolved,/usr/lib/systemd/systemd-resolved,0.0,0.1656,12.83,0.0,0.0,0.0,0.0,0.0,1,sleeping,memory
2026-09-22T13:42:29,178,1,systemd-timesyncd,/usr/lib/systemd/systemd-timesyncd,0.0,0.1002,7.77,0.0,0.0,0.0,0.0,0.0,2,sleeping,memory
2026-09-22T13:42:29,188,1,cron,/usr/sbin/cron -f -P,0.0,0.0338,2.62,0.0,0.0,0.0,0.0,0.0,1,sleeping,memory
2026-09-22T13:42:29,189,1,dbus-daemon,@dbus-daemon --system --address=systemd: --nofork --nopidfile --systemd-activation --syslog-only,0.0,0.0669,5.18,0.0,0.0,0.0,0.0,0.0,1,sleeping,memory
2026-09-22T13:42:29,203,1,systemd-logind,/usr/lib/systemd/systemd-logind,0.0,0.1112,8.62,0.0,0.0,0.0,0.0,0.0,1,sleeping,memory
2026-09-22T13:42:29,217,1,agetty,/sbin/agetty -o -p -- \u --noclear - linux,0.0,0.0249,1.93,0.0,0.0,0.0,0.0,0.0,1,sleeping,memory
2026-09-22T13:42:29,223,1,rsyslogd,/usr/sbin/rsyslogd -n -iNONE,0.0,0.0758,5.87,0.0,0.0,0.0,0.0,0.0,4,sleeping,memory
2026-09-22T13:42:29,236,1,unattended-upgr,/usr/bin/python3 /usr/share/unattended-upgrades/unattended-upgrade-shutdown --wait-for-signal,0.0,0.2778,21.53,0.0,0.0,0.0,0.0,0.0,2,sleeping,memory
2026-09-22T13:42:29,256,1,apache2,/usr/sbin/apache2 -k start,0.0,0.0634,4.91,0.0,0.0,1.0,0.0,0.0,1,sleeping,memory
2026-09-22T13:42:29,257,256,apache2,/usr/sbin/apache2 -k start,0.0,0.0734,5.69,0.0,0.0,0.0,0.0,0.0,27,sleeping,memory
2026-09-22T13:42:29,259,256,apache2,/usr/sbin/apache2 -k start,0.0,0.0734,5.69,0.0,0.0,0.0,0.0,0.0,27,sleeping,memory
2026-09-22T13:42:29,386,2,login,/bin/login -f      ,0.0,0.0584,4.53,0.0,0.0,0.0,0.0,0.0,1,sleeping,memory
2026-09-22T13:42:29,429,1,systemd,/usr/lib/systemd/systemd --user,0.0,0.145,11.24,0.0,0.0,0.0,0.0,0.0,1,sleeping,memory
2026-09-22T13:42:29,430,429,(sd-pam),(sd-pam),0.0,0.0451,3.49,0.0,0.0,0.0,0.0,0.0,1,sleeping,memory
2026-09-22T13:42:29,452,386,bash,-bash,0.0,0.0642,4.98,0.0,0.0,0.0,0.0,0.0,1,sleeping,memory
2026-09-22T13:42:29,486,2,SessionLeader,/init,0.0,0.0142,1.1,0.0,0.0,0.0,0.0,0.0,1,sleeping,memory
2026-09-22T13:42:29,487,486,Relay(488),/init,0.0,0.0159,1.23,0.0,0.0,0.0,0.0,0.0,1,sleeping,memory
2026-09-22T13:42:29,488,487,bash,-bash,0.0,0.0665,5.16,0.0,0.0,0.0,0.0,0.0,1,sleeping,memory
2026-09-22T13:42:29,696,2,SessionLeader,/init,0.0,0.0143,1.11,0.0,0.0,0.0,0.0,0.0,1,sleeping,memory
2026-09-22T13:42:29,697,696,Relay(698),/init,0.0,0.0152,1.18,0.0,0.0,0.0,0.0,0.0,1,sleeping,memory
2026-09-22T13:42:29,698,697,sh,"sh -c ""$VSCODE_WSL_EXT_LOCATION/scripts/wslServer.sh"" 7debcd0e2acdea1c52de81bf9ee1620444407dda stable code-server .vscode-server --host=127.0.0.1 --port=0 --connection-token=826864117-4248089396-2109865724-2149592531 --use-host-proxy --without-browser-env-var --disable-websocket-compression --accept-server-license-terms --telemetry-level=all",0.0,0.024,1.86,0.0,0.0,0.0,0.0,0.0,1,sleeping,memory
2026-09-22T13:42:29,699,698,sh,sh /mnt/c/Users/Rohan/.vscode/extensions/ms-vscode-remote.remote-wsl-0.104.3/scripts/wslServer.sh 7debcd0e2acdea1c52de81bf9ee1620444407dda stable code-server .vscode-server --host=127.0.0.1 --port=0 --connection-token=826864117-4248089396-2109865724-2149592531 --use-host-proxy --without-browser-env-var --disable-websocket-compression --accept-server-license-terms --telemetry-level=all,0.0,0.0251,1.95,0.0,0.0,0.0,0.0,0.0,1,sleeping,memory
2026-09-22T13:42:29,705,699,sh,sh /home/rohan/.vscode-server/bin/7debcd0e2acdea1c52de81bf9ee1620444407dda/bin/code-server --host=127.0.0.1 --port=0 --connection-token=826864117-4248089396-2109865724-2149592531 --use-host-proxy --without-browser-env-var --disable-websocket-compression --accept-server-license-terms --telemetry-level=all,0.0,0.025,1.93,0.0,0.0,0.0,0.0,0.0,1,sleeping,memory
2026-09-22T13:42:29,709,705,MainThread,/home/rohan/.vscode-server/bin/7debcd0e2acdea1c52de81bf9ee1620444407dda/node /home/rohan/.vscode-server/bin/7debcd0e2acdea1c52de81bf9ee1620444407dda/out/server-main.js --host=127.0.0.1 --port=0 --connection-token=826864117-4248089396-2109865724-2149592531 --use-host-proxy --without-browser-env-var --disable-websocket-compression --accept-server-license-terms --telemetry-level=all,0.0,2.2857,177.11,0.0,0.0,4.48,0.0,0.0,11,sleeping,memory
2026-09-22T13:42:29,721,2,SessionLeader,/init,0.0,0.0143,1.11,0.0,0.0,0.0,0.0,0.0,1,sleeping,memory
2026-09-22T13:42:29,722,721,Relay(723),/init,0.0,0.0152,1.18,0.0,0.0,1.49,0.0,0.0,1,sleeping,memory
2026-09-22T13:42:29,723,722,MainThread,"/home/rohan/.vscode-server/bin/7debcd0e2acdea1c52de81bf9ee1620444407dda/node -e const net = require('net'); process.stdin.pause(); const client = net.createConnection({ host: '127.0.0.1', port: 44115 }, () => { client.pipe(process.stdout); process.stdin.pipe(client); }); client.on('close', function (hadError) { console.error(hadError ? 'Remote close with error' : 'Remote close'); process.exit(hadError ? 1 : 0); }); client.on('error', function (err) { process.stderr.write(err && (err.stack || err.message) || String(err)); });",0.0,0.8701,67.42,0.0,0.0,1.49,0.0,0.0,7,sleeping,memory
2026-09-22T13:42:29,730,2,SessionLeader,/init,0.0,0.0143,1.11,0.0,0.0,0.0,0.0,0.0,1,sleeping,memory
2026-09-22T13:42:29,731,730,Relay(732),/init,0.0,0.0152,1.18,0.0,0.0,1.99,0.0,0.0,1,sleeping,memory
2026-09-22T13:42:29,732,731,MainThread,"/home/rohan/.vscode-server/bin/7debcd0e2acdea1c52de81bf9ee1620444407dda/node -e const net = require('net'); process.stdin.pause(); const client = net.createConnection({ host: '127.0.0.1', port: 44115 }, () => { client.pipe(process.stdout); process.stdin.pipe(client); }); client.on('close', function (hadError) { console.error(hadError ? 'Remote close with error' : 'Remote close'); process.exit(hadError ? 1 : 0); }); client.on('error', function (err) { process.stderr.write(err && (err.stack || err.message) || String(err)); });",0.0,0.7845,60.79,0.0,0.0,1.99,0.0,0.0,7,sleeping,memory
2026-09-22T13:42:29,743,709,MainThread,/home/rohan/.vscode-server/bin/7debcd0e2acdea1c52de81bf9ee1620444407dda/node /home/rohan/.vscode-server/bin/7debcd0e2acdea1c52de81bf9ee1620444407dda/out/bootstrap-fork --type=fileWatcher,0.0,0.8807,68.24,0.0,0.0,2.99,0.0,0.0,13,sleeping,memory
2026-09-22T13:42:29,769,709,MainThread,/home/rohan/.vscode-server/bin/7debcd0e2acdea1c52de81bf9ee1620444407dda/node /home/rohan/.vscode-server/bin/7debcd0e2acdea1c52de81bf9ee1620444407dda/out/bootstrap-fork --type=agentHost --logsPath /home/rohan/.vscode-server/data/logs/20260922T120228 --user-data-dir /home/rohan/.vscode-server/data --telemetry-level all,0.0,1.7758,137.6,0.0,0.0,0.5,0.0,0.0,11,sleeping,memory
2026-09-22T13:42:29,770,709,MainThread,/home/rohan/.vscode-server/bin/7debcd0e2acdea1c52de81bf9ee1620444407dda/node --dns-result-order=ipv4first /home/rohan/.vscode-server/bin/7debcd0e2acdea1c52de81bf9ee1620444407dda/out/bootstrap-fork --type=extensionHost --transformURIs --useHostProxy=true,1.0,6.7074,519.73,0.0,0.0,190.79,813.48,0.0,32,sleeping,memory
2026-09-22T13:42:29,811,769,MainThread,/home/rohan/.vscode-server/bin/7debcd0e2acdea1c52de81bf9ee1620444407dda/node /home/rohan/.vscode-server/bin/7debcd0e2acdea1c52de81bf9ee1620444407dda/node_modules/@github/copilot-linux-x64/index.js --headless --no-auto-update --log-level info --stdio --no-auto-login,0.0,3.2137,249.02,0.0,0.0,0.0,0.0,0.0,44,sleeping,memory
2026-09-22T13:42:29,812,770,MainThread,/home/rohan/.vscode-server/bin/7debcd0e2acdea1c52de81bf9ee1620444407dda/node /home/rohan/.vscode-server/bin/7debcd0e2acdea1c52de81bf9ee1620444407dda/extensions/markdown-language-features/dist/serverWorkerMain --node-ipc --clientProcessId=770,0.0,0.9939,77.02,0.0,0.0,0.0,0.0,0.0,7,sleeping,memory
2026-09-22T13:42:29,833,709,MainThread,/home/rohan/.vscode-server/bin/7debcd0e2acdea1c52de81bf9ee1620444407dda/node /home/rohan/.vscode-server/bin/7debcd0e2acdea1c52de81bf9ee1620444407dda/out/bootstrap-fork --type=ptyHost --logsPath /home/rohan/.vscode-server/data/logs/20260922T120228,0.0,0.976,75.62,0.0,0.0,8.47,0.0,0.0,13,sleeping,memory
2026-09-22T13:42:29,964,833,bash,/bin/bash --init-file /home/rohan/.vscode-server/bin/7debcd0e2acdea1c52de81bf9ee1620444407dda/out/vs/workbench/contrib/terminal/common/scripts/shellIntegration-bash.sh,0.0,0.0673,5.21,0.0,0.0,0.0,0.0,0.0,1,sleeping,memory
2026-09-22T13:42:29,1424,2,SessionLeader,/init,0.0,0.0142,1.1,0.0,0.0,0.0,0.0,0.0,1,sleeping,memory
2026-09-22T13:42:29,1425,1424,Relay(1426),/init,0.0,0.0143,1.11,0.0,0.0,0.0,0.0,0.0,1,sleeping,memory
2026-09-22T13:42:29,1426,1425,bash,-bash,0.0,0.0664,5.14,0.0,0.0,0.0,0.0,0.0,1,sleeping,memory
2026-09-22T13:42:29,4147,770,pet,/home/rohan/.vscode-server/extensions/ms-python.vscode-python-envs-1.37.2026092101-linux-x64/python-env-tools/bin/pet server,0.0,0.0749,5.8,0.0,0.0,0.0,0.0,0.0,21,sleeping,memory
2026-09-22T13:42:29,4156,833,bash,/bin/bash --init-file /home/rohan/.vscode-server/bin/7debcd0e2acdea1c52de81bf9ee1620444407dda/out/vs/workbench/contrib/terminal/common/scripts/shellIntegration-bash.sh,0.0,0.0663,5.14,0.0,0.0,0.0,0.0,0.0,1,sleeping,memory
2026-09-22T13:42:29,4295,770,MainThread,/home/rohan/.vscode-server/bin/7debcd0e2acdea1c52de81bf9ee1620444407dda/node /home/rohan/.vscode-server/extensions/ms-python.vscode-pylance-2026.3.105/dist/server.bundle.js --cancellationReceive=file:2bc56d7a41ee8749874d0000b75c5745f8ddf88b1a --node-ipc --clientProcessId=770,0.0,8.452,654.91,0.0,0.0,0.5,0.0,0.0,9,sleeping,memory
2026-09-22T13:42:29,5890,2,SessionLeader,/init,0.0,0.0142,1.1,0.0,0.0,0.0,0.0,0.0,1,sleeping,memory
2026-09-22T13:42:29,5891,5890,Relay(5896),/init,0.0,0.0143,1.11,0.0,0.0,0.5,0.0,0.0,1,sleeping,memory
2026-09-22T13:42:29,5896,5891,bash,-bash,0.0,0.0668,5.18,0.0,0.0,0.0,0.0,0.0,1,sleeping,memory
2026-09-22T13:42:29,6172,2,SessionLeader,/init,0.0,0.0142,1.1,0.0,0.0,0.0,0.0,0.0,1,sleeping,memory
2026-09-22T13:42:29,6173,6172,Relay(6174),/init,0.0,0.0143,1.11,0.0,0.0,0.0,0.0,0.0,1,sleeping,memory
2026-09-22T13:42:29,6174,6173,bash,-bash,0.0,0.0665,5.15,0.0,0.0,0.0,0.0,0.0,1,sleeping,memory
2026-09-22T13:42:29,6941,2,SessionLeader,/init,0.0,0.0142,1.1,0.0,0.0,0.0,0.0,0.0,1,sleeping,memory
2026-09-22T13:42:29,6943,6941,Relay(6945),/init,0.0,0.0143,1.11,0.0,0.0,0.0,0.0,0.0,1,sleeping,memory
2026-09-22T13:42:29,6945,6943,bash,-bash,0.0,0.0666,5.16,0.0,0.0,0.0,0.0,0.0,1,sleeping,memory
2026-09-22T13:42:29,8650,2,SessionLeader,/init,0.0,0.0142,1.1,0.0,0.0,0.0,0.0,0.0,1,sleeping,memory
2026-09-22T13:42:29,8652,8650,Relay(8654),/init,0.0,0.0143,1.11,0.0,0.0,0.0,0.0,0.0,1,sleeping,memory
2026-09-22T13:42:29,8654,8652,bash,-bash,0.0,0.0677,5.25,0.0,0.0,0.0,0.0,0.0,1,sleeping,memory
2026-09-22T13:42:29,8853,2,SessionLeader,/init,0.0,0.0142,1.1,0.0,0.0,0.0,0.0,0.0,1,sleeping,memory
2026-09-22T13:42:29,8854,8853,Relay(8858),/init,0.0,0.0143,1.11,0.0,0.0,0.0,0.0,0.0,1,sleeping,memory
2026-09-22T13:42:29,8858,8854,bash,-bash,0.0,0.0679,5.26,0.0,0.0,0.0,0.0,0.0,1,sleeping,memory
2026-09-22T13:42:29,15760,2,SessionLeader,/init,0.0,0.0142,1.1,0.0,0.0,0.0,0.0,0.0,1,sleeping,memory
2026-09-22T13:42:29,15762,15760,Relay(15767),/init,0.0,0.0143,1.11,0.0,0.0,0.0,0.0,0.0,1,sleeping,memory
2026-09-22T13:42:29,15767,15762,bash,-bash,0.0,0.0687,5.32,0.0,0.0,0.0,0.0,0.0,1,sleeping,memory
2026-09-22T13:42:29,15903,2,SessionLeader,/init,0.0,0.0142,1.1,0.0,0.0,0.0,0.0,0.0,1,sleeping,memory
2026-09-22T13:42:29,15904,15903,Relay(15909),/init,0.0,0.0143,1.11,0.0,0.0,0.0,0.0,0.0,1,sleeping,memory
2026-09-22T13:42:29,15909,15904,bash,-bash,0.0,0.0689,5.34,0.0,0.0,0.0,0.0,0.0,1,sleeping,memory
2026-09-22T13:42:29,20518,1,wsl-pro-service,/usr/libexec/wsl-pro-service,0.0,0.1492,11.56,0.0,0.0,0.0,0.0,0.0,8,sleeping,memory
2026-09-22T13:42:29,22465,15909,python,python workloads/memory/memory_workload.py,99.6,13.2388,1025.83,0.0,0.0,4.48,0.0,0.0,20,running,memory
2026-09-22T13:42:31,1,0,systemd,/sbin/init,0.0,0.1643,12.73,0.0,0.0,1.49,0.0,0.0,1,sleeping,memory
2026-09-22T13:42:31,2,1,init-systemd(Ub,/init,0.0,0.0279,2.16,0.0,0.0,0.0,0.0,0.0,2,sleeping,memory
2026-09-22T13:42:31,7,2,init,plan9 --control-socket 7 --log-level 4 --server-fd 8 --pipe-fd 10 --log-truncate,0.0,0.0268,2.08,0.0,0.0,0.0,0.0,0.0,2,sleeping,memory
2026-09-22T13:42:31,43,1,systemd-journald,/usr/lib/systemd/systemd-journald,1.0,0.2001,15.51,0.0,0.0,5.45,908.36,1.49,1,sleeping,memory
2026-09-22T13:42:31,98,1,systemd-udevd,/usr/lib/systemd/systemd-udevd,0.0,0.0735,5.7,0.0,0.0,0.0,0.0,0.0,1,sleeping,memory
2026-09-22T13:42:31,177,1,systemd-resolved,/usr/lib/systemd/systemd-resolved,0.0,0.1656,12.83,0.0,0.0,0.99,0.0,0.0,1,sleeping,memory
2026-09-22T13:42:31,178,1,systemd-timesyncd,/usr/lib/systemd/systemd-timesyncd,0.0,0.1002,7.77,0.0,0.0,0.99,0.0,0.0,2,sleeping,memory
2026-09-22T13:42:31,188,1,cron,/usr/sbin/cron -f -P,0.0,0.0338,2.62,0.0,0.0,0.0,0.0,0.0,1,sleeping,memory
2026-09-22T13:42:31,189,1,dbus-daemon,@dbus-daemon --system --address=systemd: --nofork --nopidfile --systemd-activation --syslog-only,0.0,0.0669,5.18,0.0,0.0,1.49,0.0,0.0,1,sleeping,memory
2026-09-22T13:42:31,203,1,systemd-logind,/usr/lib/systemd/systemd-logind,0.0,0.1112,8.62,0.0,0.0,6.94,0.0,0.0,1,sleeping,memory
2026-09-22T13:42:31,217,1,agetty,/sbin/agetty -o -p -- \u --noclear - linux,0.0,0.0249,1.93,0.0,0.0,0.0,0.0,0.0,1,sleeping,memory
2026-09-22T13:42:31,223,1,rsyslogd,/usr/sbin/rsyslogd -n -iNONE,0.0,0.0758,5.87,0.0,0.0,0.0,0.0,0.0,4,sleeping,memory
2026-09-22T13:42:31,236,1,unattended-upgr,/usr/bin/python3 /usr/share/unattended-upgrades/unattended-upgrade-shutdown --wait-for-signal,0.0,0.2778,21.53,0.0,0.0,0.0,0.0,0.0,2,sleeping,memory
2026-09-22T13:42:31,256,1,apache2,/usr/sbin/apache2 -k start,0.0,0.0634,4.91,0.0,0.0,0.99,0.0,0.0,1,sleeping,memory
2026-09-22T13:42:31,257,256,apache2,/usr/sbin/apache2 -k start,0.0,0.0734,5.69,0.0,0.0,0.0,0.0,0.0,27,sleeping,memory
2026-09-22T13:42:31,259,256,apache2,/usr/sbin/apache2 -k start,0.0,0.0734,5.69,0.0,0.0,0.0,0.0,0.0,27,sleeping,memory
2026-09-22T13:42:31,386,2,login,/bin/login -f      ,0.0,0.0584,4.53,0.0,0.0,0.0,0.0,0.0,1,sleeping,memory
2026-09-22T13:42:31,429,1,systemd,/usr/lib/systemd/systemd --user,0.0,0.145,11.24,0.0,0.0,0.99,0.0,0.0,1,sleeping,memory
2026-09-22T13:42:31,430,429,(sd-pam),(sd-pam),0.0,0.0451,3.49,0.0,0.0,0.0,0.0,0.0,1,sleeping,memory
2026-09-22T13:42:31,452,386,bash,-bash,0.0,0.0639,4.95,0.0,0.0,0.0,0.0,0.0,1,sleeping,memory
2026-09-22T13:42:31,486,2,SessionLeader,/init,0.0,0.0142,1.1,0.0,0.0,0.0,0.0,0.0,1,sleeping,memory
2026-09-22T13:42:31,487,486,Relay(488),/init,0.0,0.0159,1.23,0.0,0.0,0.0,0.0,0.0,1,sleeping,memory
2026-09-22T13:42:31,488,487,bash,-bash,0.0,0.0662,5.13,0.0,0.0,0.0,0.0,0.0,1,sleeping,memory
2026-09-22T13:42:31,696,2,SessionLeader,/init,0.0,0.0143,1.11,0.0,0.0,0.0,0.0,0.0,1,sleeping,memory
2026-09-22T13:42:31,697,696,Relay(698),/init,0.0,0.0152,1.18,0.0,0.0,0.0,0.0,0.0,1,sleeping,memory
2026-09-22T13:42:31,698,697,sh,"sh -c ""$VSCODE_WSL_EXT_LOCATION/scripts/wslServer.sh"" 7debcd0e2acdea1c52de81bf9ee1620444407dda stable code-server .vscode-server --host=127.0.0.1 --port=0 --connection-token=826864117-4248089396-2109865724-2149592531 --use-host-proxy --without-browser-env-var --disable-websocket-compression --accept-server-license-terms --telemetry-level=all",0.0,0.024,1.86,0.0,0.0,0.0,0.0,0.0,1,sleeping,memory
2026-09-22T13:42:31,699,698,sh,sh /mnt/c/Users/Rohan/.vscode/extensions/ms-vscode-remote.remote-wsl-0.104.3/scripts/wslServer.sh 7debcd0e2acdea1c52de81bf9ee1620444407dda stable code-server .vscode-server --host=127.0.0.1 --port=0 --connection-token=826864117-4248089396-2109865724-2149592531 --use-host-proxy --without-browser-env-var --disable-websocket-compression --accept-server-license-terms --telemetry-level=all,0.0,0.0251,1.95,0.0,0.0,0.0,0.0,0.0,1,sleeping,memory
2026-09-22T13:42:31,705,699,sh,sh /home/rohan/.vscode-server/bin/7debcd0e2acdea1c52de81bf9ee1620444407dda/bin/code-server --host=127.0.0.1 --port=0 --connection-token=826864117-4248089396-2109865724-2149592531 --use-host-proxy --without-browser-env-var --disable-websocket-compression --accept-server-license-terms --telemetry-level=all,0.0,0.025,1.93,0.0,0.0,0.0,0.0,0.0,1,sleeping,memory
2026-09-22T13:42:31,709,705,MainThread,/home/rohan/.vscode-server/bin/7debcd0e2acdea1c52de81bf9ee1620444407dda/node /home/rohan/.vscode-server/bin/7debcd0e2acdea1c52de81bf9ee1620444407dda/out/server-main.js --host=127.0.0.1 --port=0 --connection-token=826864117-4248089396-2109865724-2149592531 --use-host-proxy --without-browser-env-var --disable-websocket-compression --accept-server-license-terms --telemetry-level=all,0.0,2.2857,177.11,0.0,0.0,4.46,0.0,0.0,11,sleeping,memory
2026-09-22T13:42:31,721,2,SessionLeader,/init,0.0,0.0143,1.11,0.0,0.0,0.0,0.0,0.0,1,sleeping,memory
2026-09-22T13:42:31,722,721,Relay(723),/init,0.0,0.0152,1.18,0.0,0.0,0.5,0.0,0.0,1,sleeping,memory
2026-09-22T13:42:31,723,722,MainThread,"/home/rohan/.vscode-server/bin/7debcd0e2acdea1c52de81bf9ee1620444407dda/node -e const net = require('net'); process.stdin.pause(); const client = net.createConnection({ host: '127.0.0.1', port: 44115 }, () => { client.pipe(process.stdout); process.stdin.pipe(client); }); client.on('close', function (hadError) { console.error(hadError ? 'Remote close with error' : 'Remote close'); process.exit(hadError ? 1 : 0); }); client.on('error', function (err) { process.stderr.write(err && (err.stack || err.message) || String(err)); });",0.0,0.8701,67.42,0.0,0.0,0.5,0.0,0.0,7,sleeping,memory
2026-09-22T13:42:31,730,2,SessionLeader,/init,0.0,0.0143,1.11,0.0,0.0,0.0,0.0,0.0,1,sleeping,memory
2026-09-22T13:42:31,731,730,Relay(732),/init,0.0,0.0152,1.18,0.0,0.0,1.98,0.0,0.0,1,sleeping,memory
2026-09-22T13:42:31,732,731,MainThread,"/home/rohan/.vscode-server/bin/7debcd0e2acdea1c52de81bf9ee1620444407dda/node -e const net = require('net'); process.stdin.pause(); const client = net.createConnection({ host: '127.0.0.1', port: 44115 }, () => { client.pipe(process.stdout); process.stdin.pipe(client); }); client.on('close', function (hadError) { console.error(hadError ? 'Remote close with error' : 'Remote close'); process.exit(hadError ? 1 : 0); }); client.on('error', function (err) { process.stderr.write(err && (err.stack || err.message) || String(err)); });",0.0,0.7845,60.79,0.0,0.0,1.98,0.0,0.0,7,sleeping,memory
2026-09-22T13:42:31,743,709,MainThread,/home/rohan/.vscode-server/bin/7debcd0e2acdea1c52de81bf9ee1620444407dda/node /home/rohan/.vscode-server/bin/7debcd0e2acdea1c52de81bf9ee1620444407dda/out/bootstrap-fork --type=fileWatcher,0.0,0.8807,68.24,0.0,0.0,0.99,0.0,0.0,13,sleeping,memory
2026-09-22T13:42:31,769,709,MainThread,/home/rohan/.vscode-server/bin/7debcd0e2acdea1c52de81bf9ee1620444407dda/node /home/rohan/.vscode-server/bin/7debcd0e2acdea1c52de81bf9ee1620444407dda/out/bootstrap-fork --type=agentHost --logsPath /home/rohan/.vscode-server/data/logs/20260922T120228 --user-data-dir /home/rohan/.vscode-server/data --telemetry-level all,0.0,1.7758,137.6,0.0,0.0,0.0,0.0,0.0,11,sleeping,memory
2026-09-22T13:42:31,770,709,MainThread,/home/rohan/.vscode-server/bin/7debcd0e2acdea1c52de81bf9ee1620444407dda/node --dns-result-order=ipv4first /home/rohan/.vscode-server/bin/7debcd0e2acdea1c52de81bf9ee1620444407dda/out/bootstrap-fork --type=extensionHost --transformURIs --useHostProxy=true,1.5,6.7074,519.73,0.0,0.0,193.88,938.66,0.0,32,sleeping,memory
2026-09-22T13:42:31,811,769,MainThread,/home/rohan/.vscode-server/bin/7debcd0e2acdea1c52de81bf9ee1620444407dda/node /home/rohan/.vscode-server/bin/7debcd0e2acdea1c52de81bf9ee1620444407dda/node_modules/@github/copilot-linux-x64/index.js --headless --no-auto-update --log-level info --stdio --no-auto-login,0.0,3.2137,249.02,0.0,0.0,0.0,0.0,0.0,44,sleeping,memory
2026-09-22T13:42:31,812,770,MainThread,/home/rohan/.vscode-server/bin/7debcd0e2acdea1c52de81bf9ee1620444407dda/node /home/rohan/.vscode-server/bin/7debcd0e2acdea1c52de81bf9ee1620444407dda/extensions/markdown-language-features/dist/serverWorkerMain --node-ipc --clientProcessId=770,0.0,0.9939,77.02,0.0,0.0,0.5,0.0,0.0,7,sleeping,memory
2026-09-22T13:42:31,833,709,MainThread,/home/rohan/.vscode-server/bin/7debcd0e2acdea1c52de81bf9ee1620444407dda/node /home/rohan/.vscode-server/bin/7debcd0e2acdea1c52de81bf9ee1620444407dda/out/bootstrap-fork --type=ptyHost --logsPath /home/rohan/.vscode-server/data/logs/20260922T120228,0.0,0.976,75.62,0.0,0.0,5.95,0.0,0.0,13,sleeping,memory
2026-09-22T13:42:31,964,833,bash,/bin/bash --init-file /home/rohan/.vscode-server/bin/7debcd0e2acdea1c52de81bf9ee1620444407dda/out/vs/workbench/contrib/terminal/common/scripts/shellIntegration-bash.sh,0.0,0.0669,5.19,0.0,0.0,0.0,0.0,0.0,1,sleeping,memory
2026-09-22T13:42:31,1424,2,SessionLeader,/init,0.0,0.0142,1.1,0.0,0.0,0.0,0.0,0.0,1,sleeping,memory
2026-09-22T13:42:31,1425,1424,Relay(1426),/init,0.0,0.0143,1.11,0.0,0.0,0.0,0.0,0.0,1,sleeping,memory
2026-09-22T13:42:31,1426,1425,bash,-bash,0.0,0.066,5.12,0.0,0.0,0.0,0.0,0.0,1,sleeping,memory
2026-09-22T13:42:31,4147,770,pet,/home/rohan/.vscode-server/extensions/ms-python.vscode-python-envs-1.37.2026092101-linux-x64/python-env-tools/bin/pet server,0.0,0.0749,5.8,0.0,0.0,0.0,0.0,0.0,21,sleeping,memory
2026-09-22T13:42:31,4156,833,bash,/bin/bash --init-file /home/rohan/.vscode-server/bin/7debcd0e2acdea1c52de81bf9ee1620444407dda/out/vs/workbench/contrib/terminal/common/scripts/shellIntegration-bash.sh,0.0,0.066,5.11,0.0,0.0,0.0,0.0,0.0,1,sleeping,memory
2026-09-22T13:42:31,4295,770,MainThread,/home/rohan/.vscode-server/bin/7debcd0e2acdea1c52de81bf9ee1620444407dda/node /home/rohan/.vscode-server/extensions/ms-python.vscode-pylance-2026.3.105/dist/server.bundle.js --cancellationReceive=file:2bc56d7a41ee8749874d0000b75c5745f8ddf88b1a --node-ipc --clientProcessId=770,0.0,8.452,654.91,0.0,0.0,0.99,0.0,0.0,9,sleeping,memory
2026-09-22T13:42:31,5890,2,SessionLeader,/init,0.0,0.0142,1.1,0.0,0.0,0.0,0.0,0.0,1,sleeping,memory
2026-09-22T13:42:31,5891,5890,Relay(5896),/init,0.0,0.0143,1.11,0.0,0.0,0.5,0.0,0.0,1,sleeping,memory
2026-09-22T13:42:31,5896,5891,bash,-bash,0.0,0.0664,5.15,0.0,0.0,0.0,0.0,0.0,1,sleeping,memory
2026-09-22T13:42:31,6172,2,SessionLeader,/init,0.0,0.0142,1.1,0.0,0.0,0.0,0.0,0.0,1,sleeping,memory
2026-09-22T13:42:31,6173,6172,Relay(6174),/init,0.0,0.0143,1.11,0.0,0.0,0.0,0.0,0.0,1,sleeping,memory
2026-09-22T13:42:31,6174,6173,bash,-bash,0.0,0.0662,5.13,0.0,0.0,0.0,0.0,0.0,1,sleeping,memory
2026-09-22T13:42:31,6941,2,SessionLeader,/init,0.0,0.0142,1.1,0.0,0.0,0.0,0.0,0.0,1,sleeping,memory
2026-09-22T13:42:31,6943,6941,Relay(6945),/init,0.0,0.0143,1.11,0.0,0.0,0.0,0.0,0.0,1,sleeping,memory
2026-09-22T13:42:31,6945,6943,bash,-bash,0.0,0.0663,5.14,0.0,0.0,0.0,0.0,0.0,1,sleeping,memory
2026-09-22T13:42:31,8650,2,SessionLeader,/init,0.0,0.0142,1.1,0.0,0.0,0.0,0.0,0.0,1,sleeping,memory
2026-09-22T13:42:31,8652,8650,Relay(8654),/init,0.0,0.0143,1.11,0.0,0.0,0.0,0.0,0.0,1,sleeping,memory
2026-09-22T13:42:31,8654,8652,bash,-bash,0.0,0.0674,5.22,0.0,0.0,0.0,0.0,0.0,1,sleeping,memory
2026-09-22T13:42:31,8853,2,SessionLeader,/init,0.0,0.0142,1.1,0.0,0.0,0.0,0.0,0.0,1,sleeping,memory
2026-09-22T13:42:31,8854,8853,Relay(8858),/init,0.0,0.0143,1.11,0.0,0.0,0.0,0.0,0.0,1,sleeping,memory
2026-09-22T13:42:31,8858,8854,bash,-bash,0.0,0.0675,5.23,0.0,0.0,0.0,0.0,0.0,1,sleeping,memory
2026-09-22T13:42:31,15760,2,SessionLeader,/init,0.0,0.0142,1.1,0.0,0.0,0.0,0.0,0.0,1,sleeping,memory
2026-09-22T13:42:31,15762,15760,Relay(15767),/init,0.0,0.0143,1.11,0.0,0.0,0.0,0.0,0.0,1,sleeping,memory
2026-09-22T13:42:31,15767,15762,bash,-bash,0.0,0.0684,5.3,0.0,0.0,0.0,0.0,0.0,1,sleeping,memory
2026-09-22T13:42:31,15903,2,SessionLeader,/init,0.0,0.0142,1.1,0.0,0.0,0.0,0.0,0.0,1,sleeping,memory
2026-09-22T13:42:31,15904,15903,Relay(15909),/init,0.0,0.0143,1.11,0.0,0.0,0.0,0.0,0.0,1,sleeping,memory
2026-09-22T13:42:31,15909,15904,bash,-bash,0.0,0.0686,5.31,0.0,0.0,0.0,0.0,0.0,1,sleeping,memory
2026-09-22T13:42:31,20518,1,wsl-pro-service,/usr/libexec/wsl-pro-service,0.0,0.1492,11.56,0.0,0.0,0.0,0.0,0.0,8,sleeping,memory
2026-09-22T13:42:31,22465,15909,python,python workloads/memory/memory_workload.py,100.1,13.2388,1025.83,0.0,0.0,2.98,0.0,0.0,20,running,memory
2026-09-22T13:42:33,1,0,systemd,/sbin/init,0.0,0.1643,12.73,0.0,0.0,0.0,0.0,0.0,1,sleeping,memory
2026-09-22T13:42:33,2,1,init-systemd(Ub,/init,0.0,0.0279,2.16,0.0,0.0,0.0,0.0,0.0,2,sleeping,memory
2026-09-22T13:42:33,7,2,init,plan9 --control-socket 7 --log-level 4 --server-fd 8 --pipe-fd 10 --log-truncate,0.0,0.0268,2.08,0.0,0.0,0.0,0.0,0.0,2,sleeping,memory
2026-09-22T13:42:33,43,1,systemd-journald,/usr/lib/systemd/systemd-journald,0.0,0.2001,15.51,0.0,0.0,0.5,0.0,0.0,1,sleeping,memory
2026-09-22T13:42:33,98,1,systemd-udevd,/usr/lib/systemd/systemd-udevd,0.0,0.0735,5.7,0.0,0.0,0.0,0.0,0.0,1,sleeping,memory
2026-09-22T13:42:33,177,1,systemd-resolved,/usr/lib/systemd/systemd-resolved,0.0,0.1656,12.83,0.0,0.0,0.0,0.0,0.0,1,sleeping,memory
2026-09-22T13:42:33,178,1,systemd-timesyncd,/usr/lib/systemd/systemd-timesyncd,0.0,0.1002,7.77,0.0,0.0,0.0,0.0,0.0,2,sleeping,memory
2026-09-22T13:42:33,188,1,cron,/usr/sbin/cron -f -P,0.0,0.0338,2.62,0.0,0.0,0.0,0.0,0.0,1,sleeping,memory
2026-09-22T13:42:33,189,1,dbus-daemon,@dbus-daemon --system --address=systemd: --nofork --nopidfile --systemd-activation --syslog-only,0.0,0.0669,5.18,0.0,0.0,0.0,0.0,0.0,1,sleeping,memory
2026-09-22T13:42:33,203,1,systemd-logind,/usr/lib/systemd/systemd-logind,0.0,0.1112,8.62,0.0,0.0,0.0,0.0,0.0,1,sleeping,memory
2026-09-22T13:42:33,217,1,agetty,/sbin/agetty -o -p -- \u --noclear - linux,0.0,0.0249,1.93,0.0,0.0,0.0,0.0,0.0,1,sleeping,memory
2026-09-22T13:42:33,223,1,rsyslogd,/usr/sbin/rsyslogd -n -iNONE,0.0,0.0758,5.87,0.0,0.0,0.0,0.0,0.0,4,sleeping,memory
2026-09-22T13:42:33,236,1,unattended-upgr,/usr/bin/python3 /usr/share/unattended-upgrades/unattended-upgrade-shutdown --wait-for-signal,0.0,0.2778,21.53,0.0,0.0,0.0,0.0,0.0,2,sleeping,memory
2026-09-22T13:42:33,256,1,apache2,/usr/sbin/apache2 -k start,0.0,0.0634,4.91,0.0,0.0,1.0,0.0,0.0,1,sleeping,memory
2026-09-22T13:42:33,257,256,apache2,/usr/sbin/apache2 -k start,0.0,0.0734,5.69,0.0,0.0,0.0,0.0,0.0,27,sleeping,memory
2026-09-22T13:42:33,259,256,apache2,/usr/sbin/apache2 -k start,0.0,0.0734,5.69,0.0,0.0,0.0,0.0,0.0,27,sleeping,memory
2026-09-22T13:42:33,386,2,login,/bin/login -f      ,0.0,0.0584,4.53,0.0,0.0,0.0,0.0,0.0,1,sleeping,memory
2026-09-22T13:42:33,429,1,systemd,/usr/lib/systemd/systemd --user,0.0,0.145,11.24,0.0,0.0,0.0,0.0,0.0,1,sleeping,memory
2026-09-22T13:42:33,430,429,(sd-pam),(sd-pam),0.0,0.0451,3.49,0.0,0.0,0.0,0.0,0.0,1,sleeping,memory
2026-09-22T13:42:33,452,386,bash,-bash,0.0,0.0639,4.95,0.0,0.0,0.0,0.0,0.0,1,sleeping,memory
2026-09-22T13:42:33,486,2,SessionLeader,/init,0.0,0.0142,1.1,0.0,0.0,0.0,0.0,0.0,1,sleeping,memory
2026-09-22T13:42:33,487,486,Relay(488),/init,0.0,0.0159,1.23,0.0,0.0,0.0,0.0,0.0,1,sleeping,memory
2026-09-22T13:42:33,488,487,bash,-bash,0.0,0.0662,5.13,0.0,0.0,0.0,0.0,0.0,1,sleeping,memory
2026-09-22T13:42:33,696,2,SessionLeader,/init,0.0,0.0143,1.11,0.0,0.0,0.0,0.0,0.0,1,sleeping,memory
2026-09-22T13:42:33,697,696,Relay(698),/init,0.0,0.0152,1.18,0.0,0.0,0.0,0.0,0.0,1,sleeping,memory
2026-09-22T13:42:33,698,697,sh,"sh -c ""$VSCODE_WSL_EXT_LOCATION/scripts/wslServer.sh"" 7debcd0e2acdea1c52de81bf9ee1620444407dda stable code-server .vscode-server --host=127.0.0.1 --port=0 --connection-token=826864117-4248089396-2109865724-2149592531 --use-host-proxy --without-browser-env-var --disable-websocket-compression --accept-server-license-terms --telemetry-level=all",0.0,0.024,1.86,0.0,0.0,0.0,0.0,0.0,1,sleeping,memory
2026-09-22T13:42:33,699,698,sh,sh /mnt/c/Users/Rohan/.vscode/extensions/ms-vscode-remote.remote-wsl-0.104.3/scripts/wslServer.sh 7debcd0e2acdea1c52de81bf9ee1620444407dda stable code-server .vscode-server --host=127.0.0.1 --port=0 --connection-token=826864117-4248089396-2109865724-2149592531 --use-host-proxy --without-browser-env-var --disable-websocket-compression --accept-server-license-terms --telemetry-level=all,0.0,0.0251,1.95,0.0,0.0,0.0,0.0,0.0,1,sleeping,memory
2026-09-22T13:42:33,705,699,sh,sh /home/rohan/.vscode-server/bin/7debcd0e2acdea1c52de81bf9ee1620444407dda/bin/code-server --host=127.0.0.1 --port=0 --connection-token=826864117-4248089396-2109865724-2149592531 --use-host-proxy --without-browser-env-var --disable-websocket-compression --accept-server-license-terms --telemetry-level=all,0.0,0.025,1.93,0.0,0.0,0.0,0.0,0.0,1,sleeping,memory
2026-09-22T13:42:33,709,705,MainThread,/home/rohan/.vscode-server/bin/7debcd0e2acdea1c52de81bf9ee1620444407dda/node /home/rohan/.vscode-server/bin/7debcd0e2acdea1c52de81bf9ee1620444407dda/out/server-main.js --host=127.0.0.1 --port=0 --connection-token=826864117-4248089396-2109865724-2149592531 --use-host-proxy --without-browser-env-var --disable-websocket-compression --accept-server-license-terms --telemetry-level=all,0.0,2.2857,177.11,0.0,0.0,6.97,0.5,0.0,11,sleeping,memory
2026-09-22T13:42:33,721,2,SessionLeader,/init,0.0,0.0143,1.11,0.0,0.0,0.0,0.0,0.0,1,sleeping,memory
2026-09-22T13:42:33,722,721,Relay(723),/init,0.0,0.0152,1.18,0.0,0.0,1.99,0.0,0.0,1,sleeping,memory
2026-09-22T13:42:33,723,722,MainThread,"/home/rohan/.vscode-server/bin/7debcd0e2acdea1c52de81bf9ee1620444407dda/node -e const net = require('net'); process.stdin.pause(); const client = net.createConnection({ host: '127.0.0.1', port: 44115 }, () => { client.pipe(process.stdout); process.stdin.pipe(client); }); client.on('close', function (hadError) { console.error(hadError ? 'Remote close with error' : 'Remote close'); process.exit(hadError ? 1 : 0); }); client.on('error', function (err) { process.stderr.write(err && (err.stack || err.message) || String(err)); });",0.0,0.8701,67.42,0.0,0.0,1.99,0.0,0.0,7,sleeping,memory
2026-09-22T13:42:33,730,2,SessionLeader,/init,0.0,0.0143,1.11,0.0,0.0,0.0,0.0,0.0,1,sleeping,memory
2026-09-22T13:42:33,731,730,Relay(732),/init,0.0,0.0152,1.18,0.0,0.0,1.0,0.0,0.0,1,sleeping,memory
2026-09-22T13:42:33,732,731,MainThread,"/home/rohan/.vscode-server/bin/7debcd0e2acdea1c52de81bf9ee1620444407dda/node -e const net = require('net'); process.stdin.pause(); const client = net.createConnection({ host: '127.0.0.1', port: 44115 }, () => { client.pipe(process.stdout); process.stdin.pipe(client); }); client.on('close', function (hadError) { console.error(hadError ? 'Remote close with error' : 'Remote close'); process.exit(hadError ? 1 : 0); }); client.on('error', function (err) { process.stderr.write(err && (err.stack || err.message) || String(err)); });",0.0,0.7845,60.79,0.0,0.0,1.0,0.0,0.0,7,sleeping,memory
2026-09-22T13:42:33,743,709,MainThread,/home/rohan/.vscode-server/bin/7debcd0e2acdea1c52de81bf9ee1620444407dda/node /home/rohan/.vscode-server/bin/7debcd0e2acdea1c52de81bf9ee1620444407dda/out/bootstrap-fork --type=fileWatcher,0.5,0.8807,68.24,0.0,0.0,1.49,0.0,0.0,13,sleeping,memory
2026-09-22T13:42:33,769,709,MainThread,/home/rohan/.vscode-server/bin/7debcd0e2acdea1c52de81bf9ee1620444407dda/node /home/rohan/.vscode-server/bin/7debcd0e2acdea1c52de81bf9ee1620444407dda/out/bootstrap-fork --type=agentHost --logsPath /home/rohan/.vscode-server/data/logs/20260922T120228 --user-data-dir /home/rohan/.vscode-server/data --telemetry-level all,0.0,1.7758,137.6,0.0,2040.74,3.99,0.0,0.0,11,sleeping,memory
2026-09-22T13:42:33,770,709,MainThread,/home/rohan/.vscode-server/bin/7debcd0e2acdea1c52de81bf9ee1620444407dda/node --dns-result-order=ipv4first /home/rohan/.vscode-server/bin/7debcd0e2acdea1c52de81bf9ee1620444407dda/out/bootstrap-fork --type=extensionHost --transformURIs --useHostProxy=true,1.5,6.7074,519.73,0.0,0.0,188.83,810.12,0.0,32,sleeping,memory
2026-09-22T13:42:33,811,769,MainThread,/home/rohan/.vscode-server/bin/7debcd0e2acdea1c52de81bf9ee1620444407dda/node /home/rohan/.vscode-server/bin/7debcd0e2acdea1c52de81bf9ee1620444407dda/node_modules/@github/copilot-linux-x64/index.js --headless --no-auto-update --log-level info --stdio --no-auto-login,0.0,3.2137,249.02,0.0,0.0,0.0,0.0,0.0,44,sleeping,memory
2026-09-22T13:42:33,812,770,MainThread,/home/rohan/.vscode-server/bin/7debcd0e2acdea1c52de81bf9ee1620444407dda/node /home/rohan/.vscode-server/bin/7debcd0e2acdea1c52de81bf9ee1620444407dda/extensions/markdown-language-features/dist/serverWorkerMain --node-ipc --clientProcessId=770,0.0,0.9939,77.02,0.0,0.0,0.5,0.0,0.0,7,sleeping,memory
2026-09-22T13:42:33,833,709,MainThread,/home/rohan/.vscode-server/bin/7debcd0e2acdea1c52de81bf9ee1620444407dda/node /home/rohan/.vscode-server/bin/7debcd0e2acdea1c52de81bf9ee1620444407dda/out/bootstrap-fork --type=ptyHost --logsPath /home/rohan/.vscode-server/data/logs/20260922T120228,0.0,0.976,75.62,0.0,0.0,5.48,0.0,0.0,13,sleeping,memory
2026-09-22T13:42:33,964,833,bash,/bin/bash --init-file /home/rohan/.vscode-server/bin/7debcd0e2acdea1c52de81bf9ee1620444407dda/out/vs/workbench/contrib/terminal/common/scripts/shellIntegration-bash.sh,0.0,0.0669,5.19,0.0,0.0,0.0,0.0,0.0,1,sleeping,memory
2026-09-22T13:42:33,1424,2,SessionLeader,/init,0.0,0.0142,1.1,0.0,0.0,0.0,0.0,0.0,1,sleeping,memory
2026-09-22T13:42:33,1425,1424,Relay(1426),/init,0.0,0.0143,1.11,0.0,0.0,0.0,0.0,0.0,1,sleeping,memory
2026-09-22T13:42:33,1426,1425,bash,-bash,0.0,0.066,5.12,0.0,0.0,0.0,0.0,0.0,1,sleeping,memory
2026-09-22T13:42:33,4147,770,pet,/home/rohan/.vscode-server/extensions/ms-python.vscode-python-envs-1.37.2026092101-linux-x64/python-env-tools/bin/pet server,0.0,0.0749,5.8,0.0,0.0,0.0,0.0,0.0,21,sleeping,memory
2026-09-22T13:42:33,4156,833,bash,/bin/bash --init-file /home/rohan/.vscode-server/bin/7debcd0e2acdea1c52de81bf9ee1620444407dda/out/vs/workbench/contrib/terminal/common/scripts/shellIntegration-bash.sh,0.0,0.066,5.11,0.0,0.0,0.0,0.0,0.0,1,sleeping,memory
2026-09-22T13:42:33,4295,770,MainThread,/home/rohan/.vscode-server/bin/7debcd0e2acdea1c52de81bf9ee1620444407dda/node /home/rohan/.vscode-server/extensions/ms-python.vscode-pylance-2026.3.105/dist/server.bundle.js --cancellationReceive=file:2bc56d7a41ee8749874d0000b75c5745f8ddf88b1a --node-ipc --clientProcessId=770,0.0,8.452,654.91,0.0,0.0,1.0,0.0,0.0,9,sleeping,memory
2026-09-22T13:42:33,5890,2,SessionLeader,/init,0.0,0.0142,1.1,0.0,0.0,0.0,0.0,0.0,1,sleeping,memory
2026-09-22T13:42:33,5891,5890,Relay(5896),/init,0.0,0.0143,1.11,0.0,0.0,0.5,0.0,0.0,1,sleeping,memory
2026-09-22T13:42:33,5896,5891,bash,-bash,0.0,0.0664,5.15,0.0,0.0,0.0,0.0,0.0,1,sleeping,memory
2026-09-22T13:42:33,6172,2,SessionLeader,/init,0.0,0.0142,1.1,0.0,0.0,0.0,0.0,0.0,1,sleeping,memory
2026-09-22T13:42:33,6173,6172,Relay(6174),/init,0.0,0.0143,1.11,0.0,0.0,0.0,0.0,0.0,1,sleeping,memory
2026-09-22T13:42:33,6174,6173,bash,-bash,0.0,0.0662,5.13,0.0,0.0,0.0,0.0,0.0,1,sleeping,memory
2026-09-22T13:42:33,6941,2,SessionLeader,/init,0.0,0.0142,1.1,0.0,0.0,0.0,0.0,0.0,1,sleeping,memory
2026-09-22T13:42:33,6943,6941,Relay(6945),/init,0.0,0.0143,1.11,0.0,0.0,0.0,0.0,0.0,1,sleeping,memory
2026-09-22T13:42:33,6945,6943,bash,-bash,0.0,0.0663,5.14,0.0,0.0,0.0,0.0,0.0,1,sleeping,memory
2026-09-22T13:42:33,8650,2,SessionLeader,/init,0.0,0.0142,1.1,0.0,0.0,0.0,0.0,0.0,1,sleeping,memory
2026-09-22T13:42:33,8652,8650,Relay(8654),/init,0.0,0.0143,1.11,0.0,0.0,0.0,0.0,0.0,1,sleeping,memory
2026-09-22T13:42:33,8654,8652,bash,-bash,0.0,0.0674,5.22,0.0,0.0,0.0,0.0,0.0,1,sleeping,memory
2026-09-22T13:42:33,8853,2,SessionLeader,/init,0.0,0.0142,1.1,0.0,0.0,0.0,0.0,0.0,1,sleeping,memory
2026-09-22T13:42:33,8854,8853,Relay(8858),/init,0.0,0.0143,1.11,0.0,0.0,0.0,0.0,0.0,1,sleeping,memory
2026-09-22T13:42:33,8858,8854,bash,-bash,0.0,0.0675,5.23,0.0,0.0,0.0,0.0,0.0,1,sleeping,memory
2026-09-22T13:42:33,15760,2,SessionLeader,/init,0.0,0.0142,1.1,0.0,0.0,0.0,0.0,0.0,1,sleeping,memory
2026-09-22T13:42:33,15762,15760,Relay(15767),/init,0.0,0.0143,1.11,0.0,0.0,0.0,0.0,0.0,1,sleeping,memory
2026-09-22T13:42:33,15767,15762,bash,-bash,0.0,0.0684,5.3,0.0,0.0,0.0,0.0,0.0,1,sleeping,memory
2026-09-22T13:42:33,15903,2,SessionLeader,/init,0.0,0.0142,1.1,0.0,0.0,0.0,0.0,0.0,1,sleeping,memory
2026-09-22T13:42:33,15904,15903,Relay(15909),/init,0.0,0.0143,1.11,0.0,0.0,0.0,0.0,0.0,1,sleeping,memory
2026-09-22T13:42:33,15909,15904,bash,-bash,0.0,0.0686,5.31,0.0,0.0,0.0,0.0,0.0,1,sleeping,memory
2026-09-22T13:42:33,20518,1,wsl-pro-service,/usr/libexec/wsl-pro-service,0.0,0.1492,11.56,0.0,0.0,0.0,0.0,0.0,8,sleeping,memory
2026-09-22T13:42:33,22465,15909,python,python workloads/memory/memory_workload.py,99.6,13.2388,1025.83,0.0,0.0,5.48,0.0,0.0,20,running,memory
2026-09-22T13:42:35,1,0,systemd,/sbin/init,0.0,0.1643,12.73,0.0,0.0,0.0,0.0,0.0,1,sleeping,memory
2026-09-22T13:42:35,2,1,init-systemd(Ub,/init,0.0,0.0279,2.16,0.0,0.0,0.0,0.0,0.0,2,sleeping,memory
2026-09-22T13:42:35,7,2,init,plan9 --control-socket 7 --log-level 4 --server-fd 8 --pipe-fd 10 --log-truncate,0.0,0.0268,2.08,0.0,0.0,0.0,0.0,0.0,2,sleeping,memory
2026-09-22T13:42:35,43,1,systemd-journald,/usr/lib/systemd/systemd-journald,0.0,0.2001,15.51,0.0,0.0,0.0,0.0,0.0,1,sleeping,memory
2026-09-22T13:42:35,98,1,systemd-udevd,/usr/lib/systemd/systemd-udevd,0.0,0.0735,5.7,0.0,0.0,0.0,0.0,0.0,1,sleeping,memory
2026-09-22T13:42:35,177,1,systemd-resolved,/usr/lib/systemd/systemd-resolved,0.0,0.1656,12.83,0.0,0.0,0.0,0.0,0.0,1,sleeping,memory
2026-09-22T13:42:35,178,1,systemd-timesyncd,/usr/lib/systemd/systemd-timesyncd,0.0,0.1002,7.77,0.0,0.0,0.0,0.0,0.0,2,sleeping,memory
2026-09-22T13:42:35,188,1,cron,/usr/sbin/cron -f -P,0.0,0.0338,2.62,0.0,0.0,0.0,0.0,0.0,1,sleeping,memory
2026-09-22T13:42:35,189,1,dbus-daemon,@dbus-daemon --system --address=systemd: --nofork --nopidfile --systemd-activation --syslog-only,0.0,0.0669,5.18,0.0,0.0,0.0,0.0,0.0,1,sleeping,memory
2026-09-22T13:42:35,203,1,systemd-logind,/usr/lib/systemd/systemd-logind,0.0,0.1112,8.62,0.0,0.0,0.0,0.0,0.0,1,sleeping,memory
2026-09-22T13:42:35,217,1,agetty,/sbin/agetty -o -p -- \u --noclear - linux,0.0,0.0249,1.93,0.0,0.0,0.0,0.0,0.0,1,sleeping,memory
2026-09-22T13:42:35,223,1,rsyslogd,/usr/sbin/rsyslogd -n -iNONE,0.0,0.0758,5.87,0.0,0.0,0.0,0.0,0.0,4,sleeping,memory
2026-09-22T13:42:35,236,1,unattended-upgr,/usr/bin/python3 /usr/share/unattended-upgrades/unattended-upgrade-shutdown --wait-for-signal,0.0,0.2778,21.53,0.0,0.0,0.0,0.0,0.0,2,sleeping,memory
2026-09-22T13:42:35,256,1,apache2,/usr/sbin/apache2 -k start,0.0,0.0634,4.91,0.0,0.0,1.0,0.0,0.0,1,sleeping,memory
2026-09-22T13:42:35,257,256,apache2,/usr/sbin/apache2 -k start,0.0,0.0734,5.69,0.0,0.0,0.0,0.0,0.0,27,sleeping,memory
2026-09-22T13:42:35,259,256,apache2,/usr/sbin/apache2 -k start,0.0,0.0734,5.69,0.0,0.0,0.0,0.0,0.0,27,sleeping,memory
2026-09-22T13:42:35,386,2,login,/bin/login -f      ,0.0,0.0584,4.53,0.0,0.0,0.0,0.0,0.0,1,sleeping,memory
2026-09-22T13:42:35,429,1,systemd,/usr/lib/systemd/systemd --user,0.0,0.145,11.24,0.0,0.0,0.0,0.0,0.0,1,sleeping,memory
2026-09-22T13:42:35,430,429,(sd-pam),(sd-pam),0.0,0.0451,3.49,0.0,0.0,0.0,0.0,0.0,1,sleeping,memory
2026-09-22T13:42:35,452,386,bash,-bash,0.0,0.0639,4.95,0.0,0.0,0.0,0.0,0.0,1,sleeping,memory
2026-09-22T13:42:35,486,2,SessionLeader,/init,0.0,0.0142,1.1,0.0,0.0,0.0,0.0,0.0,1,sleeping,memory
2026-09-22T13:42:35,487,486,Relay(488),/init,0.0,0.0159,1.23,0.0,0.0,0.0,0.0,0.0,1,sleeping,memory
2026-09-22T13:42:35,488,487,bash,-bash,0.0,0.0662,5.13,0.0,0.0,0.0,0.0,0.0,1,sleeping,memory
2026-09-22T13:42:35,696,2,SessionLeader,/init,0.0,0.0143,1.11,0.0,0.0,0.0,0.0,0.0,1,sleeping,memory
2026-09-22T13:42:35,697,696,Relay(698),/init,0.0,0.0152,1.18,0.0,0.0,0.0,0.0,0.0,1,sleeping,memory
2026-09-22T13:42:35,698,697,sh,"sh -c ""$VSCODE_WSL_EXT_LOCATION/scripts/wslServer.sh"" 7debcd0e2acdea1c52de81bf9ee1620444407dda stable code-server .vscode-server --host=127.0.0.1 --port=0 --connection-token=826864117-4248089396-2109865724-2149592531 --use-host-proxy --without-browser-env-var --disable-websocket-compression --accept-server-license-terms --telemetry-level=all",0.0,0.024,1.86,0.0,0.0,0.0,0.0,0.0,1,sleeping,memory
2026-09-22T13:42:35,699,698,sh,sh /mnt/c/Users/Rohan/.vscode/extensions/ms-vscode-remote.remote-wsl-0.104.3/scripts/wslServer.sh 7debcd0e2acdea1c52de81bf9ee1620444407dda stable code-server .vscode-server --host=127.0.0.1 --port=0 --connection-token=826864117-4248089396-2109865724-2149592531 --use-host-proxy --without-browser-env-var --disable-websocket-compression --accept-server-license-terms --telemetry-level=all,0.0,0.0251,1.95,0.0,0.0,0.0,0.0,0.0,1,sleeping,memory
2026-09-22T13:42:35,705,699,sh,sh /home/rohan/.vscode-server/bin/7debcd0e2acdea1c52de81bf9ee1620444407dda/bin/code-server --host=127.0.0.1 --port=0 --connection-token=826864117-4248089396-2109865724-2149592531 --use-host-proxy --without-browser-env-var --disable-websocket-compression --accept-server-license-terms --telemetry-level=all,0.0,0.025,1.93,0.0,0.0,0.0,0.0,0.0,1,sleeping,memory
2026-09-22T13:42:35,709,705,MainThread,/home/rohan/.vscode-server/bin/7debcd0e2acdea1c52de81bf9ee1620444407dda/node /home/rohan/.vscode-server/bin/7debcd0e2acdea1c52de81bf9ee1620444407dda/out/server-main.js --host=127.0.0.1 --port=0 --connection-token=826864117-4248089396-2109865724-2149592531 --use-host-proxy --without-browser-env-var --disable-websocket-compression --accept-server-license-terms --telemetry-level=all,0.0,2.2857,177.11,0.0,0.0,5.98,0.0,0.0,11,sleeping,memory
2026-09-22T13:42:35,721,2,SessionLeader,/init,0.0,0.0143,1.11,0.0,0.0,0.0,0.0,0.0,1,sleeping,memory
2026-09-22T13:42:35,722,721,Relay(723),/init,0.0,0.0152,1.18,0.0,0.0,1.49,0.0,0.0,1,sleeping,memory
2026-09-22T13:42:35,723,722,MainThread,"/home/rohan/.vscode-server/bin/7debcd0e2acdea1c52de81bf9ee1620444407dda/node -e const net = require('net'); process.stdin.pause(); const client = net.createConnection({ host: '127.0.0.1', port: 44115 }, () => { client.pipe(process.stdout); process.stdin.pipe(client); }); client.on('close', function (hadError) { console.error(hadError ? 'Remote close with error' : 'Remote close'); process.exit(hadError ? 1 : 0); }); client.on('error', function (err) { process.stderr.write(err && (err.stack || err.message) || String(err)); });",0.0,0.8701,67.42,0.0,0.0,1.49,0.0,0.0,7,sleeping,memory
2026-09-22T13:42:35,730,2,SessionLeader,/init,0.0,0.0143,1.11,0.0,0.0,0.0,0.0,0.0,1,sleeping,memory
2026-09-22T13:42:35,731,730,Relay(732),/init,0.0,0.0152,1.18,0.0,0.0,1.99,0.0,0.0,1,sleeping,memory
2026-09-22T13:42:35,732,731,MainThread,"/home/rohan/.vscode-server/bin/7debcd0e2acdea1c52de81bf9ee1620444407dda/node -e const net = require('net'); process.stdin.pause(); const client = net.createConnection({ host: '127.0.0.1', port: 44115 }, () => { client.pipe(process.stdout); process.stdin.pipe(client); }); client.on('close', function (hadError) { console.error(hadError ? 'Remote close with error' : 'Remote close'); process.exit(hadError ? 1 : 0); }); client.on('error', function (err) { process.stderr.write(err && (err.stack || err.message) || String(err)); });",0.0,0.7845,60.79,0.0,0.0,1.99,0.0,0.0,7,sleeping,memory
2026-09-22T13:42:35,743,709,MainThread,/home/rohan/.vscode-server/bin/7debcd0e2acdea1c52de81bf9ee1620444407dda/node /home/rohan/.vscode-server/bin/7debcd0e2acdea1c52de81bf9ee1620444407dda/out/bootstrap-fork --type=fileWatcher,0.0,0.8807,68.24,0.0,0.0,3.49,0.0,0.0,13,sleeping,memory
2026-09-22T13:42:35,769,709,MainThread,/home/rohan/.vscode-server/bin/7debcd0e2acdea1c52de81bf9ee1620444407dda/node /home/rohan/.vscode-server/bin/7debcd0e2acdea1c52de81bf9ee1620444407dda/out/bootstrap-fork --type=agentHost --logsPath /home/rohan/.vscode-server/data/logs/20260922T120228 --user-data-dir /home/rohan/.vscode-server/data --telemetry-level all,0.0,1.7758,137.6,0.0,0.0,0.0,0.0,0.0,11,sleeping,memory
2026-09-22T13:42:35,770,709,MainThread,/home/rohan/.vscode-server/bin/7debcd0e2acdea1c52de81bf9ee1620444407dda/node --dns-result-order=ipv4first /home/rohan/.vscode-server/bin/7debcd0e2acdea1c52de81bf9ee1620444407dda/out/bootstrap-fork --type=extensionHost --transformURIs --useHostProxy=true,1.0,6.7074,519.73,0.0,0.0,141.48,918.15,0.0,32,sleeping,memory
2026-09-22T13:42:35,811,769,MainThread,/home/rohan/.vscode-server/bin/7debcd0e2acdea1c52de81bf9ee1620444407dda/node /home/rohan/.vscode-server/bin/7debcd0e2acdea1c52de81bf9ee1620444407dda/node_modules/@github/copilot-linux-x64/index.js --headless --no-auto-update --log-level info --stdio --no-auto-login,0.0,3.2137,249.02,0.0,0.0,0.0,0.0,0.0,44,sleeping,memory
2026-09-22T13:42:35,812,770,MainThread,/home/rohan/.vscode-server/bin/7debcd0e2acdea1c52de81bf9ee1620444407dda/node /home/rohan/.vscode-server/bin/7debcd0e2acdea1c52de81bf9ee1620444407dda/extensions/markdown-language-features/dist/serverWorkerMain --node-ipc --clientProcessId=770,0.0,0.9939,77.02,0.0,0.0,0.5,0.0,0.0,7,sleeping,memory
2026-09-22T13:42:35,833,709,MainThread,/home/rohan/.vscode-server/bin/7debcd0e2acdea1c52de81bf9ee1620444407dda/node /home/rohan/.vscode-server/bin/7debcd0e2acdea1c52de81bf9ee1620444407dda/out/bootstrap-fork --type=ptyHost --logsPath /home/rohan/.vscode-server/data/logs/20260922T120228,0.0,0.976,75.62,0.0,0.0,4.98,0.0,0.0,13,sleeping,memory
2026-09-22T13:42:35,964,833,bash,/bin/bash --init-file /home/rohan/.vscode-server/bin/7debcd0e2acdea1c52de81bf9ee1620444407dda/out/vs/workbench/contrib/terminal/common/scripts/shellIntegration-bash.sh,0.0,0.0669,5.19,0.0,0.0,0.0,0.0,0.0,1,sleeping,memory
2026-09-22T13:42:35,1424,2,SessionLeader,/init,0.0,0.0142,1.1,0.0,0.0,0.0,0.0,0.0,1,sleeping,memory
2026-09-22T13:42:35,1425,1424,Relay(1426),/init,0.0,0.0143,1.11,0.0,0.0,0.0,0.0,0.0,1,sleeping,memory
2026-09-22T13:42:35,1426,1425,bash,-bash,0.0,0.066,5.12,0.0,0.0,0.0,0.0,0.0,1,sleeping,memory
2026-09-22T13:42:35,4147,770,pet,/home/rohan/.vscode-server/extensions/ms-python.vscode-python-envs-1.37.2026092101-linux-x64/python-env-tools/bin/pet server,0.0,0.0749,5.8,0.0,0.0,0.0,0.0,0.0,21,sleeping,memory
2026-09-22T13:42:35,4156,833,bash,/bin/bash --init-file /home/rohan/.vscode-server/bin/7debcd0e2acdea1c52de81bf9ee1620444407dda/out/vs/workbench/contrib/terminal/common/scripts/shellIntegration-bash.sh,0.0,0.066,5.11,0.0,0.0,0.0,0.0,0.0,1,sleeping,memory
2026-09-22T13:42:35,4295,770,MainThread,/home/rohan/.vscode-server/bin/7debcd0e2acdea1c52de81bf9ee1620444407dda/node /home/rohan/.vscode-server/extensions/ms-python.vscode-pylance-2026.3.105/dist/server.bundle.js --cancellationReceive=file:2bc56d7a41ee8749874d0000b75c5745f8ddf88b1a --node-ipc --clientProcessId=770,0.0,8.452,654.91,0.0,0.0,1.0,0.0,0.0,9,sleeping,memory
2026-09-22T13:42:35,5890,2,SessionLeader,/init,0.0,0.0142,1.1,0.0,0.0,0.0,0.0,0.0,1,sleeping,memory
2026-09-22T13:42:35,5891,5890,Relay(5896),/init,0.0,0.0143,1.11,0.0,0.0,0.5,0.0,0.0,1,sleeping,memory
2026-09-22T13:42:35,5896,5891,bash,-bash,0.0,0.0664,5.15,0.0,0.0,0.0,0.0,0.0,1,sleeping,memory
2026-09-22T13:42:35,6172,2,SessionLeader,/init,0.0,0.0142,1.1,0.0,0.0,0.0,0.0,0.0,1,sleeping,memory
2026-09-22T13:42:35,6173,6172,Relay(6174),/init,0.0,0.0143,1.11,0.0,0.0,0.0,0.0,0.0,1,sleeping,memory
2026-09-22T13:42:35,6174,6173,bash,-bash,0.0,0.0662,5.13,0.0,0.0,0.0,0.0,0.0,1,sleeping,memory
2026-09-22T13:42:35,6941,2,SessionLeader,/init,0.0,0.0142,1.1,0.0,0.0,0.0,0.0,0.0,1,sleeping,memory
2026-09-22T13:42:35,6943,6941,Relay(6945),/init,0.0,0.0143,1.11,0.0,0.0,0.0,0.0,0.0,1,sleeping,memory
2026-09-22T13:42:35,6945,6943,bash,-bash,0.0,0.0663,5.14,0.0,0.0,0.0,0.0,0.0,1,sleeping,memory
2026-09-22T13:42:35,8650,2,SessionLeader,/init,0.0,0.0142,1.1,0.0,0.0,0.0,0.0,0.0,1,sleeping,memory
2026-09-22T13:42:35,8652,8650,Relay(8654),/init,0.0,0.0143,1.11,0.0,0.0,0.0,0.0,0.0,1,sleeping,memory
2026-09-22T13:42:35,8654,8652,bash,-bash,0.0,0.0674,5.22,0.0,0.0,0.0,0.0,0.0,1,sleeping,memory
2026-09-22T13:42:35,8853,2,SessionLeader,/init,0.0,0.0142,1.1,0.0,0.0,0.0,0.0,0.0,1,sleeping,memory
2026-09-22T13:42:35,8854,8853,Relay(8858),/init,0.0,0.0143,1.11,0.0,0.0,0.0,0.0,0.0,1,sleeping,memory
2026-09-22T13:42:35,8858,8854,bash,-bash,0.0,0.0675,5.23,0.0,0.0,0.0,0.0,0.0,1,sleeping,memory
2026-09-22T13:42:35,15760,2,SessionLeader,/init,0.0,0.0142,1.1,0.0,0.0,0.0,0.0,0.0,1,sleeping,memory
2026-09-22T13:42:35,15762,15760,Relay(15767),/init,0.0,0.0143,1.11,0.0,0.0,0.0,0.0,0.0,1,sleeping,memory
2026-09-22T13:42:35,15767,15762,bash,-bash,0.0,0.0684,5.3,0.0,0.0,0.0,0.0,0.0,1,sleeping,memory
2026-09-22T13:42:35,15903,2,SessionLeader,/init,0.0,0.0142,1.1,0.0,0.0,0.0,0.0,0.0,1,sleeping,memory
2026-09-22T13:42:35,15904,15903,Relay(15909),/init,0.0,0.0143,1.11,0.0,0.0,0.0,0.0,0.0,1,sleeping,memory
2026-09-22T13:42:35,15909,15904,bash,-bash,0.0,0.0686,5.31,0.0,0.0,0.0,0.0,0.0,1,sleeping,memory
2026-09-22T13:42:35,20518,1,wsl-pro-service,/usr/libexec/wsl-pro-service,0.0,0.1492,11.56,0.0,0.0,0.0,0.0,0.0,8,sleeping,memory
2026-09-22T13:42:35,22465,15909,python,python workloads/memory/memory_workload.py,100.1,13.2388,1025.83,0.0,0.0,3.99,0.0,0.0,20,running,memory
2026-09-22T13:42:37,1,0,systemd,/sbin/init,0.0,0.1643,12.73,0.0,0.0,0.98,0.0,0.0,1,sleeping,memory
2026-09-22T13:42:37,2,1,init-systemd(Ub,/init,0.0,0.0279,2.16,0.0,0.0,0.0,0.0,0.0,2,sleeping,memory
2026-09-22T13:42:37,7,2,init,plan9 --control-socket 7 --log-level 4 --server-fd 8 --pipe-fd 10 --log-truncate,0.0,0.0268,2.08,0.0,0.0,0.0,0.0,0.0,2,sleeping,memory
2026-09-22T13:42:37,43,1,systemd-journald,/usr/lib/systemd/systemd-journald,1.0,0.2001,15.51,0.0,0.0,5.89,899.13,1.47,1,sleeping,memory
2026-09-22T13:42:37,98,1,systemd-udevd,/usr/lib/systemd/systemd-udevd,0.0,0.0726,5.62,0.0,0.0,0.0,0.0,0.0,1,sleeping,memory
2026-09-22T13:42:37,177,1,systemd-resolved,/usr/lib/systemd/systemd-resolved,0.0,0.1656,12.83,0.0,0.0,0.98,0.0,0.0,1,sleeping,memory
2026-09-22T13:42:37,178,1,systemd-timesyncd,/usr/lib/systemd/systemd-timesyncd,0.0,0.1002,7.77,0.0,0.0,0.98,0.0,0.0,2,sleeping,memory
2026-09-22T13:42:37,188,1,cron,/usr/sbin/cron -f -P,0.0,0.0338,2.62,0.0,0.0,0.0,0.0,0.0,1,sleeping,memory
2026-09-22T13:42:37,189,1,dbus-daemon,@dbus-daemon --system --address=systemd: --nofork --nopidfile --systemd-activation --syslog-only,0.0,0.0669,5.18,0.0,0.0,1.47,0.0,0.0,1,sleeping,memory
2026-09-22T13:42:37,203,1,systemd-logind,/usr/lib/systemd/systemd-logind,0.0,0.1112,8.62,0.0,0.0,3.44,0.0,0.0,1,sleeping,memory
2026-09-22T13:42:37,217,1,agetty,/sbin/agetty -o -p -- \u --noclear - linux,0.0,0.0249,1.93,0.0,0.0,0.0,0.0,0.0,1,sleeping,memory
2026-09-22T13:42:37,223,1,rsyslogd,/usr/sbin/rsyslogd -n -iNONE,0.0,0.0758,5.87,0.0,0.0,0.0,0.0,0.0,4,sleeping,memory
2026-09-22T13:42:37,236,1,unattended-upgr,/usr/bin/python3 /usr/share/unattended-upgrades/unattended-upgrade-shutdown --wait-for-signal,0.0,0.2778,21.53,0.0,0.0,0.0,0.0,0.0,2,sleeping,memory
2026-09-22T13:42:37,256,1,apache2,/usr/sbin/apache2 -k start,0.0,0.0634,4.91,0.0,0.0,0.98,0.0,0.0,1,sleeping,memory
2026-09-22T13:42:37,257,256,apache2,/usr/sbin/apache2 -k start,0.0,0.0734,5.69,0.0,0.0,0.0,0.0,0.0,27,sleeping,memory
2026-09-22T13:42:37,259,256,apache2,/usr/sbin/apache2 -k start,0.0,0.0734,5.69,0.0,0.0,0.0,0.0,0.0,27,sleeping,memory
2026-09-22T13:42:37,386,2,login,/bin/login -f      ,0.0,0.0584,4.53,0.0,0.0,0.0,0.0,0.0,1,sleeping,memory
2026-09-22T13:42:37,429,1,systemd,/usr/lib/systemd/systemd --user,0.0,0.145,11.24,0.0,0.0,0.98,0.0,0.0,1,sleeping,memory
2026-09-22T13:42:37,430,429,(sd-pam),(sd-pam),0.0,0.0451,3.49,0.0,0.0,0.0,0.0,0.0,1,sleeping,memory
2026-09-22T13:42:37,452,386,bash,-bash,0.0,0.0634,4.91,0.0,0.0,0.0,0.0,0.0,1,sleeping,memory
2026-09-22T13:42:37,486,2,SessionLeader,/init,0.0,0.0142,1.1,0.0,0.0,0.0,0.0,0.0,1,sleeping,memory
2026-09-22T13:42:37,487,486,Relay(488),/init,0.0,0.0159,1.23,0.0,0.0,0.0,0.0,0.0,1,sleeping,memory
2026-09-22T13:42:37,488,487,bash,-bash,0.0,0.0657,5.09,0.0,0.0,0.0,0.0,0.0,1,sleeping,memory
2026-09-22T13:42:37,696,2,SessionLeader,/init,0.0,0.0143,1.11,0.0,0.0,0.0,0.0,0.0,1,sleeping,memory
2026-09-22T13:42:37,697,696,Relay(698),/init,0.0,0.0152,1.18,0.0,0.0,0.0,0.0,0.0,1,sleeping,memory
2026-09-22T13:42:37,698,697,sh,"sh -c ""$VSCODE_WSL_EXT_LOCATION/scripts/wslServer.sh"" 7debcd0e2acdea1c52de81bf9ee1620444407dda stable code-server .vscode-server --host=127.0.0.1 --port=0 --connection-token=826864117-4248089396-2109865724-2149592531 --use-host-proxy --without-browser-env-var --disable-websocket-compression --accept-server-license-terms --telemetry-level=all",0.0,0.024,1.86,0.0,0.0,0.0,0.0,0.0,1,sleeping,memory
2026-09-22T13:42:37,699,698,sh,sh /mnt/c/Users/Rohan/.vscode/extensions/ms-vscode-remote.remote-wsl-0.104.3/scripts/wslServer.sh 7debcd0e2acdea1c52de81bf9ee1620444407dda stable code-server .vscode-server --host=127.0.0.1 --port=0 --connection-token=826864117-4248089396-2109865724-2149592531 --use-host-proxy --without-browser-env-var --disable-websocket-compression --accept-server-license-terms --telemetry-level=all,0.0,0.0251,1.95,0.0,0.0,0.0,0.0,0.0,1,sleeping,memory
2026-09-22T13:42:37,705,699,sh,sh /home/rohan/.vscode-server/bin/7debcd0e2acdea1c52de81bf9ee1620444407dda/bin/code-server --host=127.0.0.1 --port=0 --connection-token=826864117-4248089396-2109865724-2149592531 --use-host-proxy --without-browser-env-var --disable-websocket-compression --accept-server-license-terms --telemetry-level=all,0.0,0.025,1.93,0.0,0.0,0.0,0.0,0.0,1,sleeping,memory
2026-09-22T13:42:37,709,705,MainThread,/home/rohan/.vscode-server/bin/7debcd0e2acdea1c52de81bf9ee1620444407dda/node /home/rohan/.vscode-server/bin/7debcd0e2acdea1c52de81bf9ee1620444407dda/out/server-main.js --host=127.0.0.1 --port=0 --connection-token=826864117-4248089396-2109865724-2149592531 --use-host-proxy --without-browser-env-var --disable-websocket-compression --accept-server-license-terms --telemetry-level=all,0.0,2.2857,177.11,0.0,0.0,4.91,0.0,0.0,11,sleeping,memory
2026-09-22T13:42:37,721,2,SessionLeader,/init,0.0,0.0143,1.11,0.0,0.0,0.0,0.0,0.0,1,sleeping,memory
2026-09-22T13:42:37,722,721,Relay(723),/init,0.0,0.0152,1.18,0.0,0.0,1.47,0.0,0.0,1,sleeping,memory
2026-09-22T13:42:37,723,722,MainThread,"/home/rohan/.vscode-server/bin/7debcd0e2acdea1c52de81bf9ee1620444407dda/node -e const net = require('net'); process.stdin.pause(); const client = net.createConnection({ host: '127.0.0.1', port: 44115 }, () => { client.pipe(process.stdout); process.stdin.pipe(client); }); client.on('close', function (hadError) { console.error(hadError ? 'Remote close with error' : 'Remote close'); process.exit(hadError ? 1 : 0); }); client.on('error', function (err) { process.stderr.write(err && (err.stack || err.message) || String(err)); });",0.0,0.8701,67.42,0.0,0.0,1.47,0.0,0.0,7,sleeping,memory
2026-09-22T13:42:37,730,2,SessionLeader,/init,0.0,0.0143,1.11,0.0,0.0,0.0,0.0,0.0,1,sleeping,memory
2026-09-22T13:42:37,731,730,Relay(732),/init,0.0,0.0152,1.18,0.0,0.0,0.98,0.0,0.0,1,sleeping,memory
2026-09-22T13:42:37,732,731,MainThread,"/home/rohan/.vscode-server/bin/7debcd0e2acdea1c52de81bf9ee1620444407dda/node -e const net = require('net'); process.stdin.pause(); const client = net.createConnection({ host: '127.0.0.1', port: 44115 }, () => { client.pipe(process.stdout); process.stdin.pipe(client); }); client.on('close', function (hadError) { console.error(hadError ? 'Remote close with error' : 'Remote close'); process.exit(hadError ? 1 : 0); }); client.on('error', function (err) { process.stderr.write(err && (err.stack || err.message) || String(err)); });",0.0,0.7845,60.79,0.0,0.0,0.98,0.0,0.0,7,sleeping,memory
2026-09-22T13:42:37,743,709,MainThread,/home/rohan/.vscode-server/bin/7debcd0e2acdea1c52de81bf9ee1620444407dda/node /home/rohan/.vscode-server/bin/7debcd0e2acdea1c52de81bf9ee1620444407dda/out/bootstrap-fork --type=fileWatcher,0.0,0.8807,68.24,0.0,0.0,1.47,0.0,0.0,13,sleeping,memory
2026-09-22T13:42:37,769,709,MainThread,/home/rohan/.vscode-server/bin/7debcd0e2acdea1c52de81bf9ee1620444407dda/node /home/rohan/.vscode-server/bin/7debcd0e2acdea1c52de81bf9ee1620444407dda/out/bootstrap-fork --type=agentHost --logsPath /home/rohan/.vscode-server/data/logs/20260922T120228 --user-data-dir /home/rohan/.vscode-server/data --telemetry-level all,0.0,1.7758,137.6,0.0,2010.31,3.93,0.0,0.0,11,sleeping,memory
2026-09-22T13:42:37,770,709,MainThread,/home/rohan/.vscode-server/bin/7debcd0e2acdea1c52de81bf9ee1620444407dda/node --dns-result-order=ipv4first /home/rohan/.vscode-server/bin/7debcd0e2acdea1c52de81bf9ee1620444407dda/out/bootstrap-fork --type=extensionHost --transformURIs --useHostProxy=true,1.0,6.7074,519.73,0.0,0.0,187.49,809.82,0.0,32,sleeping,memory
2026-09-22T13:42:37,811,769,MainThread,/home/rohan/.vscode-server/bin/7debcd0e2acdea1c52de81bf9ee1620444407dda/node /home/rohan/.vscode-server/bin/7debcd0e2acdea1c52de81bf9ee1620444407dda/node_modules/@github/copilot-linux-x64/index.js --headless --no-auto-update --log-level info --stdio --no-auto-login,0.0,3.2137,249.02,0.0,0.0,0.0,0.0,0.0,44,sleeping,memory
2026-09-22T13:42:37,812,770,MainThread,/home/rohan/.vscode-server/bin/7debcd0e2acdea1c52de81bf9ee1620444407dda/node /home/rohan/.vscode-server/bin/7debcd0e2acdea1c52de81bf9ee1620444407dda/extensions/markdown-language-features/dist/serverWorkerMain --node-ipc --clientProcessId=770,0.0,0.9939,77.02,0.0,0.0,0.49,0.0,0.0,7,sleeping,memory
2026-09-22T13:42:37,833,709,MainThread,/home/rohan/.vscode-server/bin/7debcd0e2acdea1c52de81bf9ee1620444407dda/node /home/rohan/.vscode-server/bin/7debcd0e2acdea1c52de81bf9ee1620444407dda/out/bootstrap-fork --type=ptyHost --logsPath /home/rohan/.vscode-server/data/logs/20260922T120228,0.0,0.976,75.62,0.0,0.0,8.34,18.16,0.0,13,sleeping,memory
2026-09-22T13:42:37,964,833,bash,/bin/bash --init-file /home/rohan/.vscode-server/bin/7debcd0e2acdea1c52de81bf9ee1620444407dda/out/vs/workbench/contrib/terminal/common/scripts/shellIntegration-bash.sh,0.0,0.0664,5.15,0.0,0.0,0.0,0.0,0.0,1,sleeping,memory
2026-09-22T13:42:37,1424,2,SessionLeader,/init,0.0,0.0142,1.1,0.0,0.0,0.0,0.0,0.0,1,sleeping,memory
2026-09-22T13:42:37,1425,1424,Relay(1426),/init,0.0,0.0143,1.11,0.0,0.0,0.0,0.0,0.0,1,sleeping,memory
2026-09-22T13:42:37,1426,1425,bash,-bash,0.0,0.0655,5.08,0.0,0.0,0.0,0.0,0.0,1,sleeping,memory
2026-09-22T13:42:37,4147,770,pet,/home/rohan/.vscode-server/extensions/ms-python.vscode-python-envs-1.37.2026092101-linux-x64/python-env-tools/bin/pet server,0.0,0.0749,5.8,0.0,0.0,0.0,0.0,0.0,21,sleeping,memory
2026-09-22T13:42:37,4156,833,bash,/bin/bash --init-file /home/rohan/.vscode-server/bin/7debcd0e2acdea1c52de81bf9ee1620444407dda/out/vs/workbench/contrib/terminal/common/scripts/shellIntegration-bash.sh,0.0,0.0655,5.07,0.0,0.0,0.0,0.0,0.0,1,sleeping,memory
2026-09-22T13:42:37,4295,770,MainThread,/home/rohan/.vscode-server/bin/7debcd0e2acdea1c52de81bf9ee1620444407dda/node /home/rohan/.vscode-server/extensions/ms-python.vscode-pylance-2026.3.105/dist/server.bundle.js --cancellationReceive=file:2bc56d7a41ee8749874d0000b75c5745f8ddf88b1a --node-ipc --clientProcessId=770,0.0,8.452,654.91,0.0,0.0,0.98,0.0,0.0,9,sleeping,memory
2026-09-22T13:42:37,5890,2,SessionLeader,/init,0.0,0.0142,1.1,0.0,0.0,0.0,0.0,0.0,1,sleeping,memory
2026-09-22T13:42:37,5891,5890,Relay(5896),/init,0.0,0.0143,1.11,0.0,0.0,0.49,0.0,0.0,1,sleeping,memory
2026-09-22T13:42:37,5896,5891,bash,-bash,0.0,0.0659,5.11,0.0,0.0,0.0,0.0,0.0,1,sleeping,memory
2026-09-22T13:42:37,6172,2,SessionLeader,/init,0.0,0.0142,1.1,0.0,0.0,0.0,0.0,0.0,1,sleeping,memory
2026-09-22T13:42:37,6173,6172,Relay(6174),/init,0.0,0.0143,1.11,0.0,0.0,0.0,0.0,0.0,1,sleeping,memory
2026-09-22T13:42:37,6174,6173,bash,-bash,0.0,0.0657,5.09,0.0,0.0,0.0,0.0,0.0,1,sleeping,memory
2026-09-22T13:42:37,6941,2,SessionLeader,/init,0.0,0.0142,1.1,0.0,0.0,0.0,0.0,0.0,1,sleeping,memory
2026-09-22T13:42:37,6943,6941,Relay(6945),/init,0.0,0.0143,1.11,0.0,0.0,0.0,0.0,0.0,1,sleeping,memory
2026-09-22T13:42:37,6945,6943,bash,-bash,0.0,0.0658,5.1,0.0,0.0,0.0,0.0,0.0,1,sleeping,memory
2026-09-22T13:42:37,8650,2,SessionLeader,/init,0.0,0.0142,1.1,0.0,0.0,0.0,0.0,0.0,1,sleeping,memory
2026-09-22T13:42:37,8652,8650,Relay(8654),/init,0.0,0.0143,1.11,0.0,0.0,0.0,0.0,0.0,1,sleeping,memory
2026-09-22T13:42:37,8654,8652,bash,-bash,0.0,0.0668,5.18,0.0,0.0,0.0,0.0,0.0,1,sleeping,memory
2026-09-22T13:42:37,8853,2,SessionLeader,/init,0.0,0.0142,1.1,0.0,0.0,0.0,0.0,0.0,1,sleeping,memory
2026-09-22T13:42:37,8854,8853,Relay(8858),/init,0.0,0.0143,1.11,0.0,0.0,0.0,0.0,0.0,1,sleeping,memory
2026-09-22T13:42:37,8858,8854,bash,-bash,0.0,0.067,5.19,0.0,0.0,0.0,0.0,0.0,1,sleeping,memory
2026-09-22T13:42:37,15760,2,SessionLeader,/init,0.0,0.0142,1.1,0.0,0.0,0.0,0.0,0.0,1,sleeping,memory
2026-09-22T13:42:37,15762,15760,Relay(15767),/init,0.0,0.0143,1.11,0.0,0.0,0.0,0.0,0.0,1,sleeping,memory
2026-09-22T13:42:37,15767,15762,bash,-bash,0.0,0.0679,5.26,0.0,0.0,0.0,0.0,0.0,1,sleeping,memory
2026-09-22T13:42:37,15903,2,SessionLeader,/init,0.0,0.0142,1.1,0.0,0.0,0.0,0.0,0.0,1,sleeping,memory
2026-09-22T13:42:37,15904,15903,Relay(15909),/init,0.0,0.0143,1.11,0.0,0.0,0.0,0.0,0.0,1,sleeping,memory
2026-09-22T13:42:37,15909,15904,bash,-bash,0.0,0.0681,5.28,0.0,0.0,0.0,0.0,0.0,1,sleeping,memory
2026-09-22T13:42:37,20518,1,wsl-pro-service,/usr/libexec/wsl-pro-service,0.0,0.1492,11.56,0.0,0.0,0.0,0.0,0.0,8,sleeping,memory
2026-09-22T13:42:37,22465,15909,python,python workloads/memory/memory_workload.py,100.1,13.2388,1025.83,0.0,0.0,2.45,0.0,0.0,20,running,memory
2026-09-22T13:42:39,1,0,systemd,/sbin/init,0.0,0.1643,12.73,0.0,0.0,0.0,0.0,0.0,1,sleeping,memory
2026-09-22T13:42:39,2,1,init-systemd(Ub,/init,0.0,0.0279,2.16,0.0,0.0,0.0,0.0,0.0,2,sleeping,memory
2026-09-22T13:42:39,7,2,init,plan9 --control-socket 7 --log-level 4 --server-fd 8 --pipe-fd 10 --log-truncate,0.0,0.0268,2.08,0.0,0.0,0.0,0.0,0.0,2,sleeping,memory
2026-09-22T13:42:39,43,1,systemd-journald,/usr/lib/systemd/systemd-journald,0.0,0.2001,15.51,0.0,0.0,0.0,0.0,0.0,1,sleeping,memory
2026-09-22T13:42:39,98,1,systemd-udevd,/usr/lib/systemd/systemd-udevd,0.0,0.0726,5.62,0.0,0.0,0.0,0.0,0.0,1,sleeping,memory
2026-09-22T13:42:39,177,1,systemd-resolved,/usr/lib/systemd/systemd-resolved,0.0,0.1656,12.83,0.0,0.0,0.0,0.0,0.0,1,sleeping,memory
2026-09-22T13:42:39,178,1,systemd-timesyncd,/usr/lib/systemd/systemd-timesyncd,0.0,0.1002,7.77,0.0,0.0,0.0,0.0,0.0,2,sleeping,memory
2026-09-22T13:42:39,188,1,cron,/usr/sbin/cron -f -P,0.0,0.0338,2.62,0.0,0.0,0.0,0.0,0.0,1,sleeping,memory
2026-09-22T13:42:39,189,1,dbus-daemon,@dbus-daemon --system --address=systemd: --nofork --nopidfile --systemd-activation --syslog-only,0.0,0.0669,5.18,0.0,0.0,0.0,0.0,0.0,1,sleeping,memory
2026-09-22T13:42:39,203,1,systemd-logind,/usr/lib/systemd/systemd-logind,0.0,0.1112,8.62,0.0,0.0,0.0,0.0,0.0,1,sleeping,memory
2026-09-22T13:42:39,217,1,agetty,/sbin/agetty -o -p -- \u --noclear - linux,0.0,0.0249,1.93,0.0,0.0,0.0,0.0,0.0,1,sleeping,memory
2026-09-22T13:42:39,223,1,rsyslogd,/usr/sbin/rsyslogd -n -iNONE,0.0,0.0758,5.87,0.0,0.0,0.0,0.0,0.0,4,sleeping,memory
2026-09-22T13:42:39,236,1,unattended-upgr,/usr/bin/python3 /usr/share/unattended-upgrades/unattended-upgrade-shutdown --wait-for-signal,0.0,0.2778,21.53,0.0,0.0,0.0,0.0,0.0,2,sleeping,memory
2026-09-22T13:42:39,256,1,apache2,/usr/sbin/apache2 -k start,0.0,0.0634,4.91,0.0,0.0,1.0,0.0,0.0,1,sleeping,memory
2026-09-22T13:42:39,257,256,apache2,/usr/sbin/apache2 -k start,0.0,0.0734,5.69,0.0,0.0,0.0,0.0,0.0,27,sleeping,memory
2026-09-22T13:42:39,259,256,apache2,/usr/sbin/apache2 -k start,0.0,0.0734,5.69,0.0,0.0,0.0,0.0,0.0,27,sleeping,memory
2026-09-22T13:42:39,386,2,login,/bin/login -f      ,0.0,0.0584,4.53,0.0,0.0,0.0,0.0,0.0,1,sleeping,memory
2026-09-22T13:42:39,429,1,systemd,/usr/lib/systemd/systemd --user,0.0,0.145,11.24,0.0,0.0,0.0,0.0,0.0,1,sleeping,memory
2026-09-22T13:42:39,430,429,(sd-pam),(sd-pam),0.0,0.0451,3.49,0.0,0.0,0.0,0.0,0.0,1,sleeping,memory
2026-09-22T13:42:39,452,386,bash,-bash,0.0,0.0634,4.91,0.0,0.0,0.0,0.0,0.0,1,sleeping,memory
2026-09-22T13:42:39,486,2,SessionLeader,/init,0.0,0.0142,1.1,0.0,0.0,0.0,0.0,0.0,1,sleeping,memory
2026-09-22T13:42:39,487,486,Relay(488),/init,0.0,0.0159,1.23,0.0,0.0,0.0,0.0,0.0,1,sleeping,memory
2026-09-22T13:42:39,488,487,bash,-bash,0.0,0.0657,5.09,0.0,0.0,0.0,0.0,0.0,1,sleeping,memory
2026-09-22T13:42:39,696,2,SessionLeader,/init,0.0,0.0143,1.11,0.0,0.0,0.0,0.0,0.0,1,sleeping,memory
2026-09-22T13:42:39,697,696,Relay(698),/init,0.0,0.0152,1.18,0.0,0.0,0.0,0.0,0.0,1,sleeping,memory
2026-09-22T13:42:39,698,697,sh,"sh -c ""$VSCODE_WSL_EXT_LOCATION/scripts/wslServer.sh"" 7debcd0e2acdea1c52de81bf9ee1620444407dda stable code-server .vscode-server --host=127.0.0.1 --port=0 --connection-token=826864117-4248089396-2109865724-2149592531 --use-host-proxy --without-browser-env-var --disable-websocket-compression --accept-server-license-terms --telemetry-level=all",0.0,0.024,1.86,0.0,0.0,0.0,0.0,0.0,1,sleeping,memory
2026-09-22T13:42:39,699,698,sh,sh /mnt/c/Users/Rohan/.vscode/extensions/ms-vscode-remote.remote-wsl-0.104.3/scripts/wslServer.sh 7debcd0e2acdea1c52de81bf9ee1620444407dda stable code-server .vscode-server --host=127.0.0.1 --port=0 --connection-token=826864117-4248089396-2109865724-2149592531 --use-host-proxy --without-browser-env-var --disable-websocket-compression --accept-server-license-terms --telemetry-level=all,0.0,0.0251,1.95,0.0,0.0,0.0,0.0,0.0,1,sleeping,memory
2026-09-22T13:42:39,705,699,sh,sh /home/rohan/.vscode-server/bin/7debcd0e2acdea1c52de81bf9ee1620444407dda/bin/code-server --host=127.0.0.1 --port=0 --connection-token=826864117-4248089396-2109865724-2149592531 --use-host-proxy --without-browser-env-var --disable-websocket-compression --accept-server-license-terms --telemetry-level=all,0.0,0.025,1.93,0.0,0.0,0.0,0.0,0.0,1,sleeping,memory
2026-09-22T13:42:39,709,705,MainThread,/home/rohan/.vscode-server/bin/7debcd0e2acdea1c52de81bf9ee1620444407dda/node /home/rohan/.vscode-server/bin/7debcd0e2acdea1c52de81bf9ee1620444407dda/out/server-main.js --host=127.0.0.1 --port=0 --connection-token=826864117-4248089396-2109865724-2149592531 --use-host-proxy --without-browser-env-var --disable-websocket-compression --accept-server-license-terms --telemetry-level=all,0.0,2.2857,177.11,0.0,0.0,3.99,0.0,0.0,11,sleeping,memory
2026-09-22T13:42:39,721,2,SessionLeader,/init,0.0,0.0143,1.11,0.0,0.0,0.0,0.0,0.0,1,sleeping,memory
2026-09-22T13:42:39,722,721,Relay(723),/init,0.0,0.0152,1.18,0.0,0.0,1.49,0.0,0.0,1,sleeping,memory
2026-09-22T13:42:39,723,722,MainThread,"/home/rohan/.vscode-server/bin/7debcd0e2acdea1c52de81bf9ee1620444407dda/node -e const net = require('net'); process.stdin.pause(); const client = net.createConnection({ host: '127.0.0.1', port: 44115 }, () => { client.pipe(process.stdout); process.stdin.pipe(client); }); client.on('close', function (hadError) { console.error(hadError ? 'Remote close with error' : 'Remote close'); process.exit(hadError ? 1 : 0); }); client.on('error', function (err) { process.stderr.write(err && (err.stack || err.message) || String(err)); });",0.5,0.8701,67.42,0.0,0.0,1.49,0.0,0.0,7,sleeping,memory
2026-09-22T13:42:39,730,2,SessionLeader,/init,0.0,0.0143,1.11,0.0,0.0,0.0,0.0,0.0,1,sleeping,memory
2026-09-22T13:42:39,731,730,Relay(732),/init,0.0,0.0152,1.18,0.0,0.0,1.99,0.0,0.0,1,sleeping,memory
2026-09-22T13:42:39,732,731,MainThread,"/home/rohan/.vscode-server/bin/7debcd0e2acdea1c52de81bf9ee1620444407dda/node -e const net = require('net'); process.stdin.pause(); const client = net.createConnection({ host: '127.0.0.1', port: 44115 }, () => { client.pipe(process.stdout); process.stdin.pipe(client); }); client.on('close', function (hadError) { console.error(hadError ? 'Remote close with error' : 'Remote close'); process.exit(hadError ? 1 : 0); }); client.on('error', function (err) { process.stderr.write(err && (err.stack || err.message) || String(err)); });",0.0,0.7845,60.79,0.0,0.0,1.99,0.0,0.0,7,sleeping,memory
2026-09-22T13:42:39,743,709,MainThread,/home/rohan/.vscode-server/bin/7debcd0e2acdea1c52de81bf9ee1620444407dda/node /home/rohan/.vscode-server/bin/7debcd0e2acdea1c52de81bf9ee1620444407dda/out/bootstrap-fork --type=fileWatcher,0.0,0.8807,68.24,0.0,0.0,4.48,0.0,0.0,13,sleeping,memory
2026-09-22T13:42:39,769,709,MainThread,/home/rohan/.vscode-server/bin/7debcd0e2acdea1c52de81bf9ee1620444407dda/node /home/rohan/.vscode-server/bin/7debcd0e2acdea1c52de81bf9ee1620444407dda/out/bootstrap-fork --type=agentHost --logsPath /home/rohan/.vscode-server/data/logs/20260922T120228 --user-data-dir /home/rohan/.vscode-server/data --telemetry-level all,0.0,1.7758,137.6,0.0,0.0,0.0,0.0,0.0,11,sleeping,memory
2026-09-22T13:42:39,770,709,MainThread,/home/rohan/.vscode-server/bin/7debcd0e2acdea1c52de81bf9ee1620444407dda/node --dns-result-order=ipv4first /home/rohan/.vscode-server/bin/7debcd0e2acdea1c52de81bf9ee1620444407dda/out/bootstrap-fork --type=extensionHost --transformURIs --useHostProxy=true,1.5,6.7074,519.73,0.0,0.0,193.78,948.49,0.0,32,sleeping,memory
2026-09-22T13:42:39,811,769,MainThread,/home/rohan/.vscode-server/bin/7debcd0e2acdea1c52de81bf9ee1620444407dda/node /home/rohan/.vscode-server/bin/7debcd0e2acdea1c52de81bf9ee1620444407dda/node_modules/@github/copilot-linux-x64/index.js --headless --no-auto-update --log-level info --stdio --no-auto-login,0.0,3.2137,249.02,0.0,0.0,0.0,0.0,0.0,44,sleeping,memory
2026-09-22T13:42:39,812,770,MainThread,/home/rohan/.vscode-server/bin/7debcd0e2acdea1c52de81bf9ee1620444407dda/node /home/rohan/.vscode-server/bin/7debcd0e2acdea1c52de81bf9ee1620444407dda/extensions/markdown-language-features/dist/serverWorkerMain --node-ipc --clientProcessId=770,0.0,0.9939,77.02,0.0,0.0,0.5,0.0,0.0,7,sleeping,memory
2026-09-22T13:42:39,833,709,MainThread,/home/rohan/.vscode-server/bin/7debcd0e2acdea1c52de81bf9ee1620444407dda/node /home/rohan/.vscode-server/bin/7debcd0e2acdea1c52de81bf9ee1620444407dda/out/bootstrap-fork --type=ptyHost --logsPath /home/rohan/.vscode-server/data/logs/20260922T120228,0.5,0.976,75.62,0.0,0.0,5.98,0.0,0.0,13,sleeping,memory
2026-09-22T13:42:39,964,833,bash,/bin/bash --init-file /home/rohan/.vscode-server/bin/7debcd0e2acdea1c52de81bf9ee1620444407dda/out/vs/workbench/contrib/terminal/common/scripts/shellIntegration-bash.sh,0.0,0.0664,5.15,0.0,0.0,0.0,0.0,0.0,1,sleeping,memory
2026-09-22T13:42:39,1424,2,SessionLeader,/init,0.0,0.0142,1.1,0.0,0.0,0.0,0.0,0.0,1,sleeping,memory
2026-09-22T13:42:39,1425,1424,Relay(1426),/init,0.0,0.0143,1.11,0.0,0.0,0.0,0.0,0.0,1,sleeping,memory
2026-09-22T13:42:39,1426,1425,bash,-bash,0.0,0.0655,5.08,0.0,0.0,0.0,0.0,0.0,1,sleeping,memory
2026-09-22T13:42:39,4147,770,pet,/home/rohan/.vscode-server/extensions/ms-python.vscode-python-envs-1.37.2026092101-linux-x64/python-env-tools/bin/pet server,0.0,0.0749,5.8,0.0,0.0,0.0,0.0,0.0,21,sleeping,memory
2026-09-22T13:42:39,4156,833,bash,/bin/bash --init-file /home/rohan/.vscode-server/bin/7debcd0e2acdea1c52de81bf9ee1620444407dda/out/vs/workbench/contrib/terminal/common/scripts/shellIntegration-bash.sh,0.0,0.0655,5.07,0.0,0.0,0.0,0.0,0.0,1,sleeping,memory
2026-09-22T13:42:39,4295,770,MainThread,/home/rohan/.vscode-server/bin/7debcd0e2acdea1c52de81bf9ee1620444407dda/node /home/rohan/.vscode-server/extensions/ms-python.vscode-pylance-2026.3.105/dist/server.bundle.js --cancellationReceive=file:2bc56d7a41ee8749874d0000b75c5745f8ddf88b1a --node-ipc --clientProcessId=770,0.0,8.452,654.91,0.0,0.0,1.0,0.0,0.0,9,sleeping,memory
2026-09-22T13:42:39,5890,2,SessionLeader,/init,0.0,0.0142,1.1,0.0,0.0,0.0,0.0,0.0,1,sleeping,memory
2026-09-22T13:42:39,5891,5890,Relay(5896),/init,0.0,0.0143,1.11,0.0,0.0,0.5,0.0,0.0,1,sleeping,memory
2026-09-22T13:42:39,5896,5891,bash,-bash,0.0,0.0659,5.11,0.0,0.0,0.0,0.0,0.0,1,sleeping,memory
2026-09-22T13:42:39,6172,2,SessionLeader,/init,0.0,0.0142,1.1,0.0,0.0,0.0,0.0,0.0,1,sleeping,memory
2026-09-22T13:42:39,6173,6172,Relay(6174),/init,0.0,0.0143,1.11,0.0,0.0,0.0,0.0,0.0,1,sleeping,memory
2026-09-22T13:42:39,6174,6173,bash,-bash,0.0,0.0657,5.09,0.0,0.0,0.0,0.0,0.0,1,sleeping,memory
2026-09-22T13:42:39,6941,2,SessionLeader,/init,0.0,0.0142,1.1,0.0,0.0,0.0,0.0,0.0,1,sleeping,memory
2026-09-22T13:42:39,6943,6941,Relay(6945),/init,0.0,0.0143,1.11,0.0,0.0,0.0,0.0,0.0,1,sleeping,memory
2026-09-22T13:42:39,6945,6943,bash,-bash,0.0,0.0658,5.1,0.0,0.0,0.0,0.0,0.0,1,sleeping,memory
2026-09-22T13:42:39,8650,2,SessionLeader,/init,0.0,0.0142,1.1,0.0,0.0,0.0,0.0,0.0,1,sleeping,memory
2026-09-22T13:42:39,8652,8650,Relay(8654),/init,0.0,0.0143,1.11,0.0,0.0,0.0,0.0,0.0,1,sleeping,memory
2026-09-22T13:42:39,8654,8652,bash,-bash,0.0,0.0668,5.18,0.0,0.0,0.0,0.0,0.0,1,sleeping,memory
2026-09-22T13:42:39,8853,2,SessionLeader,/init,0.0,0.0142,1.1,0.0,0.0,0.0,0.0,0.0,1,sleeping,memory
2026-09-22T13:42:39,8854,8853,Relay(8858),/init,0.0,0.0143,1.11,0.0,0.0,0.0,0.0,0.0,1,sleeping,memory
2026-09-22T13:42:39,8858,8854,bash,-bash,0.0,0.067,5.19,0.0,0.0,0.0,0.0,0.0,1,sleeping,memory
2026-09-22T13:42:39,15760,2,SessionLeader,/init,0.0,0.0142,1.1,0.0,0.0,0.0,0.0,0.0,1,sleeping,memory
2026-09-22T13:42:39,15762,15760,Relay(15767),/init,0.0,0.0143,1.11,0.0,0.0,0.0,0.0,0.0,1,sleeping,memory
2026-09-22T13:42:39,15767,15762,bash,-bash,0.0,0.0679,5.26,0.0,0.0,0.0,0.0,0.0,1,sleeping,memory
2026-09-22T13:42:39,15903,2,SessionLeader,/init,0.0,0.0142,1.1,0.0,0.0,0.0,0.0,0.0,1,sleeping,memory
2026-09-22T13:42:39,15904,15903,Relay(15909),/init,0.0,0.0143,1.11,0.0,0.0,0.0,0.0,0.0,1,sleeping,memory
2026-09-22T13:42:39,15909,15904,bash,-bash,0.0,0.0681,5.28,0.0,0.0,0.0,0.0,0.0,1,sleeping,memory
2026-09-22T13:42:39,20518,1,wsl-pro-service,/usr/libexec/wsl-pro-service,0.0,0.1492,11.56,0.0,0.0,0.0,0.0,0.0,8,sleeping,memory
2026-09-22T13:42:39,22465,15909,python,python workloads/memory/memory_workload.py,100.1,13.2388,1025.83,0.0,0.0,5.48,0.0,0.0,20,running,memory
2026-09-22T13:42:41,1,0,systemd,/sbin/init,0.5,0.1643,12.73,0.0,0.0,1.03,0.0,0.0,1,sleeping,memory
2026-09-22T13:42:41,2,1,init-systemd(Ub,/init,0.0,0.0279,2.16,0.0,0.0,0.0,0.0,0.0,2,sleeping,memory
2026-09-22T13:42:41,7,2,init,plan9 --control-socket 7 --log-level 4 --server-fd 8 --pipe-fd 10 --log-truncate,0.0,0.0268,2.08,0.0,0.0,0.0,0.0,0.0,2,sleeping,memory
2026-09-22T13:42:41,43,1,systemd-journald,/usr/lib/systemd/systemd-journald,1.0,0.2002,15.51,0.0,0.0,5.65,941.64,1.54,1,sleeping,memory
2026-09-22T13:42:41,98,1,systemd-udevd,/usr/lib/systemd/systemd-udevd,0.0,0.0726,5.62,0.0,0.0,0.0,0.0,0.0,1,sleeping,memory
2026-09-22T13:42:41,177,1,systemd-resolved,/usr/lib/systemd/systemd-resolved,0.5,0.1656,12.83,0.0,0.0,1.03,0.0,0.0,1,sleeping,memory
2026-09-22T13:42:41,178,1,systemd-timesyncd,/usr/lib/systemd/systemd-timesyncd,0.0,0.1002,7.77,0.0,0.0,1.03,0.0,0.0,2,sleeping,memory
2026-09-22T13:42:41,188,1,cron,/usr/sbin/cron -f -P,0.0,0.0338,2.62,0.0,0.0,0.0,0.0,0.0,1,sleeping,memory
2026-09-22T13:42:41,189,1,dbus-daemon,@dbus-daemon --system --address=systemd: --nofork --nopidfile --systemd-activation --syslog-only,0.0,0.0669,5.18,0.0,0.0,1.54,0.0,0.0,1,sleeping,memory
2026-09-22T13:42:41,203,1,systemd-logind,/usr/lib/systemd/systemd-logind,0.0,0.1112,8.62,0.0,0.0,5.14,0.0,0.0,1,sleeping,memory
2026-09-22T13:42:41,217,1,agetty,/sbin/agetty -o -p -- \u --noclear - linux,0.0,0.0249,1.93,0.0,0.0,0.0,0.0,0.0,1,sleeping,memory
2026-09-22T13:42:41,223,1,rsyslogd,/usr/sbin/rsyslogd -n -iNONE,0.0,0.0758,5.87,0.0,0.0,0.0,0.0,0.0,4,sleeping,memory
2026-09-22T13:42:41,236,1,unattended-upgr,/usr/bin/python3 /usr/share/unattended-upgrades/unattended-upgrade-shutdown --wait-for-signal,0.0,0.2778,21.53,0.0,0.0,0.0,0.0,0.0,2,sleeping,memory
2026-09-22T13:42:41,256,1,apache2,/usr/sbin/apache2 -k start,0.0,0.0634,4.91,0.0,0.0,1.03,0.0,0.0,1,sleeping,memory
2026-09-22T13:42:41,257,256,apache2,/usr/sbin/apache2 -k start,0.0,0.0734,5.69,0.0,0.0,0.0,0.0,0.0,27,sleeping,memory
2026-09-22T13:42:41,259,256,apache2,/usr/sbin/apache2 -k start,0.0,0.0734,5.69,0.0,0.0,0.0,0.0,0.0,27,sleeping,memory
2026-09-22T13:42:41,386,2,login,/bin/login -f      ,0.0,0.0584,4.53,0.0,0.0,0.0,0.0,0.0,1,sleeping,memory
2026-09-22T13:42:41,429,1,systemd,/usr/lib/systemd/systemd --user,0.0,0.145,11.24,0.0,0.0,1.03,0.0,0.0,1,sleeping,memory
2026-09-22T13:42:41,430,429,(sd-pam),(sd-pam),0.0,0.0451,3.49,0.0,0.0,0.0,0.0,0.0,1,sleeping,memory
2026-09-22T13:42:41,452,386,bash,-bash,0.0,0.0634,4.91,0.0,0.0,0.0,0.0,0.0,1,sleeping,memory
2026-09-22T13:42:41,486,2,SessionLeader,/init,0.0,0.0142,1.1,0.0,0.0,0.0,0.0,0.0,1,sleeping,memory
2026-09-22T13:42:41,487,486,Relay(488),/init,0.0,0.0159,1.23,0.0,0.0,0.0,0.0,0.0,1,sleeping,memory
2026-09-22T13:42:41,488,487,bash,-bash,0.0,0.0657,5.09,0.0,0.0,0.0,0.0,0.0,1,sleeping,memory
2026-09-22T13:42:41,696,2,SessionLeader,/init,0.0,0.0143,1.11,0.0,0.0,0.0,0.0,0.0,1,sleeping,memory
2026-09-22T13:42:41,697,696,Relay(698),/init,0.0,0.0152,1.18,0.0,0.0,0.0,0.0,0.0,1,sleeping,memory
2026-09-22T13:42:41,698,697,sh,"sh -c ""$VSCODE_WSL_EXT_LOCATION/scripts/wslServer.sh"" 7debcd0e2acdea1c52de81bf9ee1620444407dda stable code-server .vscode-server --host=127.0.0.1 --port=0 --connection-token=826864117-4248089396-2109865724-2149592531 --use-host-proxy --without-browser-env-var --disable-websocket-compression --accept-server-license-terms --telemetry-level=all",0.0,0.024,1.86,0.0,0.0,0.0,0.0,0.0,1,sleeping,memory
2026-09-22T13:42:41,699,698,sh,sh /mnt/c/Users/Rohan/.vscode/extensions/ms-vscode-remote.remote-wsl-0.104.3/scripts/wslServer.sh 7debcd0e2acdea1c52de81bf9ee1620444407dda stable code-server .vscode-server --host=127.0.0.1 --port=0 --connection-token=826864117-4248089396-2109865724-2149592531 --use-host-proxy --without-browser-env-var --disable-websocket-compression --accept-server-license-terms --telemetry-level=all,0.0,0.0251,1.95,0.0,0.0,0.0,0.0,0.0,1,sleeping,memory
2026-09-22T13:42:41,705,699,sh,sh /home/rohan/.vscode-server/bin/7debcd0e2acdea1c52de81bf9ee1620444407dda/bin/code-server --host=127.0.0.1 --port=0 --connection-token=826864117-4248089396-2109865724-2149592531 --use-host-proxy --without-browser-env-var --disable-websocket-compression --accept-server-license-terms --telemetry-level=all,0.0,0.025,1.93,0.0,0.0,0.0,0.0,0.0,1,sleeping,memory
2026-09-22T13:42:41,709,705,MainThread,/home/rohan/.vscode-server/bin/7debcd0e2acdea1c52de81bf9ee1620444407dda/node /home/rohan/.vscode-server/bin/7debcd0e2acdea1c52de81bf9ee1620444407dda/out/server-main.js --host=127.0.0.1 --port=0 --connection-token=826864117-4248089396-2109865724-2149592531 --use-host-proxy --without-browser-env-var --disable-websocket-compression --accept-server-license-terms --telemetry-level=all,0.5,2.2857,177.11,0.0,0.0,4.11,0.0,0.0,11,sleeping,memory
2026-09-22T13:42:41,721,2,SessionLeader,/init,0.0,0.0143,1.11,0.0,0.0,0.0,0.0,0.0,1,sleeping,memory
2026-09-22T13:42:41,722,721,Relay(723),/init,0.0,0.0152,1.18,0.0,0.0,0.51,0.0,0.0,1,sleeping,memory
2026-09-22T13:42:41,723,722,MainThread,"/home/rohan/.vscode-server/bin/7debcd0e2acdea1c52de81bf9ee1620444407dda/node -e const net = require('net'); process.stdin.pause(); const client = net.createConnection({ host: '127.0.0.1', port: 44115 }, () => { client.pipe(process.stdout); process.stdin.pipe(client); }); client.on('close', function (hadError) { console.error(hadError ? 'Remote close with error' : 'Remote close'); process.exit(hadError ? 1 : 0); }); client.on('error', function (err) { process.stderr.write(err && (err.stack || err.message) || String(err)); });",0.0,0.8701,67.42,0.0,0.0,0.51,0.0,0.0,7,sleeping,memory
2026-09-22T13:42:41,730,2,SessionLeader,/init,0.0,0.0143,1.11,0.0,0.0,0.0,0.0,0.0,1,sleeping,memory
2026-09-22T13:42:41,731,730,Relay(732),/init,0.0,0.0152,1.18,0.0,0.0,1.03,0.0,0.0,1,sleeping,memory
2026-09-22T13:42:41,732,731,MainThread,"/home/rohan/.vscode-server/bin/7debcd0e2acdea1c52de81bf9ee1620444407dda/node -e const net = require('net'); process.stdin.pause(); const client = net.createConnection({ host: '127.0.0.1', port: 44115 }, () => { client.pipe(process.stdout); process.stdin.pipe(client); }); client.on('close', function (hadError) { console.error(hadError ? 'Remote close with error' : 'Remote close'); process.exit(hadError ? 1 : 0); }); client.on('error', function (err) { process.stderr.write(err && (err.stack || err.message) || String(err)); });",0.0,0.7845,60.79,0.0,0.0,1.03,0.0,0.0,7,sleeping,memory
2026-09-22T13:42:41,743,709,MainThread,/home/rohan/.vscode-server/bin/7debcd0e2acdea1c52de81bf9ee1620444407dda/node /home/rohan/.vscode-server/bin/7debcd0e2acdea1c52de81bf9ee1620444407dda/out/bootstrap-fork --type=fileWatcher,0.5,0.8807,68.24,0.0,0.0,1.54,0.0,0.0,13,sleeping,memory
2026-09-22T13:42:41,769,709,MainThread,/home/rohan/.vscode-server/bin/7debcd0e2acdea1c52de81bf9ee1620444407dda/node /home/rohan/.vscode-server/bin/7debcd0e2acdea1c52de81bf9ee1620444407dda/out/bootstrap-fork --type=agentHost --logsPath /home/rohan/.vscode-server/data/logs/20260922T120228 --user-data-dir /home/rohan/.vscode-server/data --telemetry-level all,0.0,1.7758,137.6,0.0,0.0,0.0,0.0,0.0,11,sleeping,memory
2026-09-22T13:42:41,770,709,MainThread,/home/rohan/.vscode-server/bin/7debcd0e2acdea1c52de81bf9ee1620444407dda/node --dns-result-order=ipv4first /home/rohan/.vscode-server/bin/7debcd0e2acdea1c52de81bf9ee1620444407dda/out/bootstrap-fork --type=extensionHost --transformURIs --useHostProxy=true,1.5,6.7074,519.73,0.0,0.0,193.67,850.2,0.0,32,sleeping,memory
2026-09-22T13:42:41,811,769,MainThread,/home/rohan/.vscode-server/bin/7debcd0e2acdea1c52de81bf9ee1620444407dda/node /home/rohan/.vscode-server/bin/7debcd0e2acdea1c52de81bf9ee1620444407dda/node_modules/@github/copilot-linux-x64/index.js --headless --no-auto-update --log-level info --stdio --no-auto-login,0.0,3.2137,249.02,0.0,0.0,0.0,0.0,0.0,44,sleeping,memory
2026-09-22T13:42:41,812,770,MainThread,/home/rohan/.vscode-server/bin/7debcd0e2acdea1c52de81bf9ee1620444407dda/node /home/rohan/.vscode-server/bin/7debcd0e2acdea1c52de81bf9ee1620444407dda/extensions/markdown-language-features/dist/serverWorkerMain --node-ipc --clientProcessId=770,0.0,0.9939,77.02,0.0,0.0,0.0,0.0,0.0,7,sleeping,memory
2026-09-22T13:42:41,833,709,MainThread,/home/rohan/.vscode-server/bin/7debcd0e2acdea1c52de81bf9ee1620444407dda/node /home/rohan/.vscode-server/bin/7debcd0e2acdea1c52de81bf9ee1620444407dda/out/bootstrap-fork --type=ptyHost --logsPath /home/rohan/.vscode-server/data/logs/20260922T120228,0.0,0.976,75.62,0.0,0.0,7.71,0.0,0.0,13,sleeping,memory
2026-09-22T13:42:41,964,833,bash,/bin/bash --init-file /home/rohan/.vscode-server/bin/7debcd0e2acdea1c52de81bf9ee1620444407dda/out/vs/workbench/contrib/terminal/common/scripts/shellIntegration-bash.sh,0.0,0.0664,5.15,0.0,0.0,0.0,0.0,0.0,1,sleeping,memory
2026-09-22T13:42:41,1424,2,SessionLeader,/init,0.0,0.0142,1.1,0.0,0.0,0.0,0.0,0.0,1,sleeping,memory
2026-09-22T13:42:41,1425,1424,Relay(1426),/init,0.0,0.0143,1.11,0.0,0.0,0.0,0.0,0.0,1,sleeping,memory
2026-09-22T13:42:41,1426,1425,bash,-bash,0.0,0.0655,5.08,0.0,0.0,0.0,0.0,0.0,1,sleeping,memory
2026-09-22T13:42:41,4147,770,pet,/home/rohan/.vscode-server/extensions/ms-python.vscode-python-envs-1.37.2026092101-linux-x64/python-env-tools/bin/pet server,0.0,0.0749,5.8,0.0,0.0,0.0,0.0,0.0,21,sleeping,memory
2026-09-22T13:42:41,4156,833,bash,/bin/bash --init-file /home/rohan/.vscode-server/bin/7debcd0e2acdea1c52de81bf9ee1620444407dda/out/vs/workbench/contrib/terminal/common/scripts/shellIntegration-bash.sh,0.0,0.0655,5.07,0.0,0.0,0.0,0.0,0.0,1,sleeping,memory
2026-09-22T13:42:41,4295,770,MainThread,/home/rohan/.vscode-server/bin/7debcd0e2acdea1c52de81bf9ee1620444407dda/node /home/rohan/.vscode-server/extensions/ms-python.vscode-pylance-2026.3.105/dist/server.bundle.js --cancellationReceive=file:2bc56d7a41ee8749874d0000b75c5745f8ddf88b1a --node-ipc --clientProcessId=770,0.0,8.452,654.91,0.0,0.0,0.51,0.0,0.0,9,sleeping,memory
2026-09-22T13:42:41,5890,2,SessionLeader,/init,0.0,0.0142,1.1,0.0,0.0,0.0,0.0,0.0,1,sleeping,memory
2026-09-22T13:42:41,5891,5890,Relay(5896),/init,0.0,0.0143,1.11,0.0,0.0,0.51,0.0,0.0,1,sleeping,memory
2026-09-22T13:42:41,5896,5891,bash,-bash,0.0,0.0659,5.11,0.0,0.0,0.0,0.0,0.0,1,sleeping,memory
2026-09-22T13:42:41,6172,2,SessionLeader,/init,0.0,0.0142,1.1,0.0,0.0,0.0,0.0,0.0,1,sleeping,memory
2026-09-22T13:42:41,6173,6172,Relay(6174),/init,0.0,0.0143,1.11,0.0,0.0,0.0,0.0,0.0,1,sleeping,memory
2026-09-22T13:42:41,6174,6173,bash,-bash,0.0,0.0657,5.09,0.0,0.0,0.0,0.0,0.0,1,sleeping,memory
2026-09-22T13:42:41,6941,2,SessionLeader,/init,0.0,0.0142,1.1,0.0,0.0,0.0,0.0,0.0,1,sleeping,memory
2026-09-22T13:42:41,6943,6941,Relay(6945),/init,0.0,0.0143,1.11,0.0,0.0,0.0,0.0,0.0,1,sleeping,memory
2026-09-22T13:42:41,6945,6943,bash,-bash,0.0,0.0658,5.1,0.0,0.0,0.0,0.0,0.0,1,sleeping,memory
2026-09-22T13:42:41,8650,2,SessionLeader,/init,0.0,0.0142,1.1,0.0,0.0,0.0,0.0,0.0,1,sleeping,memory
2026-09-22T13:42:41,8652,8650,Relay(8654),/init,0.0,0.0143,1.11,0.0,0.0,0.0,0.0,0.0,1,sleeping,memory
2026-09-22T13:42:41,8654,8652,bash,-bash,0.0,0.0668,5.18,0.0,0.0,0.0,0.0,0.0,1,sleeping,memory
2026-09-22T13:42:41,8853,2,SessionLeader,/init,0.0,0.0142,1.1,0.0,0.0,0.0,0.0,0.0,1,sleeping,memory
2026-09-22T13:42:41,8854,8853,Relay(8858),/init,0.0,0.0143,1.11,0.0,0.0,0.0,0.0,0.0,1,sleeping,memory
2026-09-22T13:42:41,8858,8854,bash,-bash,0.0,0.067,5.19,0.0,0.0,0.0,0.0,0.0,1,sleeping,memory
2026-09-22T13:42:41,15760,2,SessionLeader,/init,0.0,0.0142,1.1,0.0,0.0,0.0,0.0,0.0,1,sleeping,memory
2026-09-22T13:42:41,15762,15760,Relay(15767),/init,0.0,0.0143,1.11,0.0,0.0,0.0,0.0,0.0,1,sleeping,memory
2026-09-22T13:42:41,15767,15762,bash,-bash,0.0,0.0679,5.26,0.0,0.0,0.0,0.0,0.0,1,sleeping,memory
2026-09-22T13:42:41,15903,2,SessionLeader,/init,0.0,0.0142,1.1,0.0,0.0,0.0,0.0,0.0,1,sleeping,memory
2026-09-22T13:42:41,15904,15903,Relay(15909),/init,0.0,0.0143,1.11,0.0,0.0,0.0,0.0,0.0,1,sleeping,memory
2026-09-22T13:42:41,15909,15904,bash,-bash,0.0,0.0681,5.28,0.0,0.0,0.0,0.0,0.0,1,sleeping,memory
2026-09-22T13:42:41,20518,1,wsl-pro-service,/usr/libexec/wsl-pro-service,0.0,0.1492,11.56,0.0,0.0,0.0,0.0,0.0,8,sleeping,memory
2026-09-22T13:42:41,22465,15909,python,python workloads/memory/memory_workload.py,99.6,13.2388,1025.83,0.0,0.0,2.57,0.0,0.0,20,running,memory
2026-09-22T13:42:43,1,0,systemd,/sbin/init,0.0,0.1643,12.73,0.0,0.0,0.0,0.0,0.0,1,sleeping,memory
2026-09-22T13:42:43,2,1,init-systemd(Ub,/init,0.0,0.0279,2.16,0.0,0.0,0.0,0.0,0.0,2,sleeping,memory
2026-09-22T13:42:43,7,2,init,plan9 --control-socket 7 --log-level 4 --server-fd 8 --pipe-fd 10 --log-truncate,0.0,0.0268,2.08,0.0,0.0,0.0,0.0,0.0,2,sleeping,memory
2026-09-22T13:42:43,43,1,systemd-journald,/usr/lib/systemd/systemd-journald,0.0,0.2002,15.51,0.0,0.0,0.5,0.0,0.0,1,sleeping,memory
2026-09-22T13:42:43,98,1,systemd-udevd,/usr/lib/systemd/systemd-udevd,0.0,0.0726,5.62,0.0,0.0,0.0,0.0,0.0,1,sleeping,memory
2026-09-22T13:42:43,177,1,systemd-resolved,/usr/lib/systemd/systemd-resolved,0.0,0.1656,12.83,0.0,0.0,0.0,0.0,0.0,1,sleeping,memory
2026-09-22T13:42:43,178,1,systemd-timesyncd,/usr/lib/systemd/systemd-timesyncd,0.0,0.1002,7.77,0.0,0.0,0.0,0.0,0.0,2,sleeping,memory
2026-09-22T13:42:43,188,1,cron,/usr/sbin/cron -f -P,0.0,0.0338,2.62,0.0,0.0,0.0,0.0,0.0,1,sleeping,memory
2026-09-22T13:42:43,189,1,dbus-daemon,@dbus-daemon --system --address=systemd: --nofork --nopidfile --systemd-activation --syslog-only,0.0,0.0669,5.18,0.0,0.0,0.0,0.0,0.0,1,sleeping,memory
2026-09-22T13:42:43,203,1,systemd-logind,/usr/lib/systemd/systemd-logind,0.0,0.1112,8.62,0.0,0.0,0.0,0.0,0.0,1,sleeping,memory
2026-09-22T13:42:43,217,1,agetty,/sbin/agetty -o -p -- \u --noclear - linux,0.0,0.0249,1.93,0.0,0.0,0.0,0.0,0.0,1,sleeping,memory
2026-09-22T13:42:43,223,1,rsyslogd,/usr/sbin/rsyslogd -n -iNONE,0.0,0.0758,5.87,0.0,0.0,0.0,0.0,0.0,4,sleeping,memory
2026-09-22T13:42:43,236,1,unattended-upgr,/usr/bin/python3 /usr/share/unattended-upgrades/unattended-upgrade-shutdown --wait-for-signal,0.0,0.2778,21.53,0.0,0.0,0.0,0.0,0.0,2,sleeping,memory
2026-09-22T13:42:43,256,1,apache2,/usr/sbin/apache2 -k start,0.0,0.0634,4.91,0.0,0.0,1.0,0.0,0.0,1,sleeping,memory
2026-09-22T13:42:43,257,256,apache2,/usr/sbin/apache2 -k start,0.0,0.0734,5.69,0.0,0.0,0.0,0.0,0.0,27,sleeping,memory
2026-09-22T13:42:43,259,256,apache2,/usr/sbin/apache2 -k start,0.0,0.0734,5.69,0.0,0.0,0.0,0.0,0.0,27,sleeping,memory
2026-09-22T13:42:43,386,2,login,/bin/login -f      ,0.0,0.0584,4.53,0.0,0.0,0.0,0.0,0.0,1,sleeping,memory
2026-09-22T13:42:43,429,1,systemd,/usr/lib/systemd/systemd --user,0.0,0.145,11.24,0.0,0.0,0.0,0.0,0.0,1,sleeping,memory
2026-09-22T13:42:43,430,429,(sd-pam),(sd-pam),0.0,0.0451,3.49,0.0,0.0,0.0,0.0,0.0,1,sleeping,memory
2026-09-22T13:42:43,452,386,bash,-bash,0.0,0.0634,4.91,0.0,0.0,0.0,0.0,0.0,1,sleeping,memory
2026-09-22T13:42:43,486,2,SessionLeader,/init,0.0,0.0142,1.1,0.0,0.0,0.0,0.0,0.0,1,sleeping,memory
2026-09-22T13:42:43,487,486,Relay(488),/init,0.0,0.0159,1.23,0.0,0.0,0.0,0.0,0.0,1,sleeping,memory
2026-09-22T13:42:43,488,487,bash,-bash,0.0,0.0657,5.09,0.0,0.0,0.0,0.0,0.0,1,sleeping,memory
2026-09-22T13:42:43,696,2,SessionLeader,/init,0.0,0.0143,1.11,0.0,0.0,0.0,0.0,0.0,1,sleeping,memory
2026-09-22T13:42:43,697,696,Relay(698),/init,0.0,0.0152,1.18,0.0,0.0,0.0,0.0,0.0,1,sleeping,memory
2026-09-22T13:42:43,698,697,sh,"sh -c ""$VSCODE_WSL_EXT_LOCATION/scripts/wslServer.sh"" 7debcd0e2acdea1c52de81bf9ee1620444407dda stable code-server .vscode-server --host=127.0.0.1 --port=0 --connection-token=826864117-4248089396-2109865724-2149592531 --use-host-proxy --without-browser-env-var --disable-websocket-compression --accept-server-license-terms --telemetry-level=all",0.0,0.024,1.86,0.0,0.0,0.0,0.0,0.0,1,sleeping,memory
2026-09-22T13:42:43,699,698,sh,sh /mnt/c/Users/Rohan/.vscode/extensions/ms-vscode-remote.remote-wsl-0.104.3/scripts/wslServer.sh 7debcd0e2acdea1c52de81bf9ee1620444407dda stable code-server .vscode-server --host=127.0.0.1 --port=0 --connection-token=826864117-4248089396-2109865724-2149592531 --use-host-proxy --without-browser-env-var --disable-websocket-compression --accept-server-license-terms --telemetry-level=all,0.0,0.0251,1.95,0.0,0.0,0.0,0.0,0.0,1,sleeping,memory
2026-09-22T13:42:43,705,699,sh,sh /home/rohan/.vscode-server/bin/7debcd0e2acdea1c52de81bf9ee1620444407dda/bin/code-server --host=127.0.0.1 --port=0 --connection-token=826864117-4248089396-2109865724-2149592531 --use-host-proxy --without-browser-env-var --disable-websocket-compression --accept-server-license-terms --telemetry-level=all,0.0,0.025,1.93,0.0,0.0,0.0,0.0,0.0,1,sleeping,memory
2026-09-22T13:42:43,709,705,MainThread,/home/rohan/.vscode-server/bin/7debcd0e2acdea1c52de81bf9ee1620444407dda/node /home/rohan/.vscode-server/bin/7debcd0e2acdea1c52de81bf9ee1620444407dda/out/server-main.js --host=127.0.0.1 --port=0 --connection-token=826864117-4248089396-2109865724-2149592531 --use-host-proxy --without-browser-env-var --disable-websocket-compression --accept-server-license-terms --telemetry-level=all,0.0,2.2857,177.11,0.0,0.0,6.97,0.0,0.0,11,sleeping,memory
2026-09-22T13:42:43,721,2,SessionLeader,/init,0.0,0.0143,1.11,0.0,0.0,0.0,0.0,0.0,1,sleeping,memory
2026-09-22T13:42:43,722,721,Relay(723),/init,0.0,0.0152,1.18,0.0,0.0,1.99,0.0,0.0,1,sleeping,memory
2026-09-22T13:42:43,723,722,MainThread,"/home/rohan/.vscode-server/bin/7debcd0e2acdea1c52de81bf9ee1620444407dda/node -e const net = require('net'); process.stdin.pause(); const client = net.createConnection({ host: '127.0.0.1', port: 44115 }, () => { client.pipe(process.stdout); process.stdin.pipe(client); }); client.on('close', function (hadError) { console.error(hadError ? 'Remote close with error' : 'Remote close'); process.exit(hadError ? 1 : 0); }); client.on('error', function (err) { process.stderr.write(err && (err.stack || err.message) || String(err)); });",0.0,0.8701,67.42,0.0,0.0,1.99,0.0,0.0,7,sleeping,memory
2026-09-22T13:42:43,730,2,SessionLeader,/init,0.0,0.0143,1.11,0.0,0.0,0.0,0.0,0.0,1,sleeping,memory
2026-09-22T13:42:43,731,730,Relay(732),/init,0.0,0.0152,1.18,0.0,0.0,1.0,0.0,0.0,1,sleeping,memory
2026-09-22T13:42:43,732,731,MainThread,"/home/rohan/.vscode-server/bin/7debcd0e2acdea1c52de81bf9ee1620444407dda/node -e const net = require('net'); process.stdin.pause(); const client = net.createConnection({ host: '127.0.0.1', port: 44115 }, () => { client.pipe(process.stdout); process.stdin.pipe(client); }); client.on('close', function (hadError) { console.error(hadError ? 'Remote close with error' : 'Remote close'); process.exit(hadError ? 1 : 0); }); client.on('error', function (err) { process.stderr.write(err && (err.stack || err.message) || String(err)); });",0.5,0.7845,60.79,0.0,0.0,1.0,0.0,0.0,7,sleeping,memory
2026-09-22T13:42:43,743,709,MainThread,/home/rohan/.vscode-server/bin/7debcd0e2acdea1c52de81bf9ee1620444407dda/node /home/rohan/.vscode-server/bin/7debcd0e2acdea1c52de81bf9ee1620444407dda/out/bootstrap-fork --type=fileWatcher,0.0,0.8807,68.24,0.0,0.0,1.49,0.0,0.0,13,sleeping,memory
2026-09-22T13:42:43,769,709,MainThread,/home/rohan/.vscode-server/bin/7debcd0e2acdea1c52de81bf9ee1620444407dda/node /home/rohan/.vscode-server/bin/7debcd0e2acdea1c52de81bf9ee1620444407dda/out/bootstrap-fork --type=agentHost --logsPath /home/rohan/.vscode-server/data/logs/20260922T120228 --user-data-dir /home/rohan/.vscode-server/data --telemetry-level all,0.0,1.7764,137.64,0.0,2040.09,3.98,5.48,0.0,11,sleeping,memory
2026-09-22T13:42:43,770,709,MainThread,/home/rohan/.vscode-server/bin/7debcd0e2acdea1c52de81bf9ee1620444407dda/node --dns-result-order=ipv4first /home/rohan/.vscode-server/bin/7debcd0e2acdea1c52de81bf9ee1620444407dda/out/bootstrap-fork --type=extensionHost --transformURIs --useHostProxy=true,1.0,6.7074,519.73,0.0,0.0,190.26,888.56,0.0,32,sleeping,memory
2026-09-22T13:42:43,811,769,MainThread,/home/rohan/.vscode-server/bin/7debcd0e2acdea1c52de81bf9ee1620444407dda/node /home/rohan/.vscode-server/bin/7debcd0e2acdea1c52de81bf9ee1620444407dda/node_modules/@github/copilot-linux-x64/index.js --headless --no-auto-update --log-level info --stdio --no-auto-login,0.0,3.2137,249.02,0.0,0.0,0.0,0.0,0.0,44,sleeping,memory
2026-09-22T13:42:43,812,770,MainThread,/home/rohan/.vscode-server/bin/7debcd0e2acdea1c52de81bf9ee1620444407dda/node /home/rohan/.vscode-server/bin/7debcd0e2acdea1c52de81bf9ee1620444407dda/extensions/markdown-language-features/dist/serverWorkerMain --node-ipc --clientProcessId=770,0.0,0.9939,77.02,0.0,0.0,1.0,0.0,0.0,7,sleeping,memory
2026-09-22T13:42:43,833,709,MainThread,/home/rohan/.vscode-server/bin/7debcd0e2acdea1c52de81bf9ee1620444407dda/node /home/rohan/.vscode-server/bin/7debcd0e2acdea1c52de81bf9ee1620444407dda/out/bootstrap-fork --type=ptyHost --logsPath /home/rohan/.vscode-server/data/logs/20260922T120228,0.0,0.976,75.62,0.0,0.0,9.96,0.0,0.0,13,sleeping,memory
2026-09-22T13:42:43,964,833,bash,/bin/bash --init-file /home/rohan/.vscode-server/bin/7debcd0e2acdea1c52de81bf9ee1620444407dda/out/vs/workbench/contrib/terminal/common/scripts/shellIntegration-bash.sh,0.0,0.0664,5.15,0.0,0.0,0.0,0.0,0.0,1,sleeping,memory
2026-09-22T13:42:43,1424,2,SessionLeader,/init,0.0,0.0142,1.1,0.0,0.0,0.0,0.0,0.0,1,sleeping,memory
2026-09-22T13:42:43,1425,1424,Relay(1426),/init,0.0,0.0143,1.11,0.0,0.0,0.0,0.0,0.0,1,sleeping,memory
2026-09-22T13:42:43,1426,1425,bash,-bash,0.0,0.0655,5.08,0.0,0.0,0.0,0.0,0.0,1,sleeping,memory
2026-09-22T13:42:43,4147,770,pet,/home/rohan/.vscode-server/extensions/ms-python.vscode-python-envs-1.37.2026092101-linux-x64/python-env-tools/bin/pet server,0.0,0.0749,5.8,0.0,0.0,0.0,0.0,0.0,21,sleeping,memory
2026-09-22T13:42:43,4156,833,bash,/bin/bash --init-file /home/rohan/.vscode-server/bin/7debcd0e2acdea1c52de81bf9ee1620444407dda/out/vs/workbench/contrib/terminal/common/scripts/shellIntegration-bash.sh,0.0,0.0655,5.07,0.0,0.0,0.0,0.0,0.0,1,sleeping,memory
2026-09-22T13:42:43,4295,770,MainThread,/home/rohan/.vscode-server/bin/7debcd0e2acdea1c52de81bf9ee1620444407dda/node /home/rohan/.vscode-server/extensions/ms-python.vscode-pylance-2026.3.105/dist/server.bundle.js --cancellationReceive=file:2bc56d7a41ee8749874d0000b75c5745f8ddf88b1a --node-ipc --clientProcessId=770,0.5,8.452,654.91,0.0,0.0,1.0,0.0,0.0,9,sleeping,memory
2026-09-22T13:42:43,5890,2,SessionLeader,/init,0.0,0.0142,1.1,0.0,0.0,0.0,0.0,0.0,1,sleeping,memory
2026-09-22T13:42:43,5891,5890,Relay(5896),/init,0.0,0.0143,1.11,0.0,0.0,0.5,0.0,0.0,1,sleeping,memory
2026-09-22T13:42:43,5896,5891,bash,-bash,0.0,0.0659,5.11,0.0,0.0,0.0,0.0,0.0,1,sleeping,memory
2026-09-22T13:42:43,6172,2,SessionLeader,/init,0.0,0.0142,1.1,0.0,0.0,0.0,0.0,0.0,1,sleeping,memory
2026-09-22T13:42:43,6173,6172,Relay(6174),/init,0.0,0.0143,1.11,0.0,0.0,0.0,0.0,0.0,1,sleeping,memory
2026-09-22T13:42:43,6174,6173,bash,-bash,0.0,0.0657,5.09,0.0,0.0,0.0,0.0,0.0,1,sleeping,memory
2026-09-22T13:42:43,6941,2,SessionLeader,/init,0.0,0.0142,1.1,0.0,0.0,0.0,0.0,0.0,1,sleeping,memory
2026-09-22T13:42:43,6943,6941,Relay(6945),/init,0.0,0.0143,1.11,0.0,0.0,0.0,0.0,0.0,1,sleeping,memory
2026-09-22T13:42:43,6945,6943,bash,-bash,0.0,0.0658,5.1,0.0,0.0,0.0,0.0,0.0,1,sleeping,memory
2026-09-22T13:42:43,8650,2,SessionLeader,/init,0.0,0.0142,1.1,0.0,0.0,0.0,0.0,0.0,1,sleeping,memory
2026-09-22T13:42:43,8652,8650,Relay(8654),/init,0.0,0.0143,1.11,0.0,0.0,0.0,0.0,0.0,1,sleeping,memory
2026-09-22T13:42:43,8654,8652,bash,-bash,0.0,0.0668,5.18,0.0,0.0,0.0,0.0,0.0,1,sleeping,memory
2026-09-22T13:42:43,8853,2,SessionLeader,/init,0.0,0.0142,1.1,0.0,0.0,0.0,0.0,0.0,1,sleeping,memory
2026-09-22T13:42:43,8854,8853,Relay(8858),/init,0.0,0.0143,1.11,0.0,0.0,0.0,0.0,0.0,1,sleeping,memory
2026-09-22T13:42:43,8858,8854,bash,-bash,0.0,0.067,5.19,0.0,0.0,0.0,0.0,0.0,1,sleeping,memory
2026-09-22T13:42:43,15760,2,SessionLeader,/init,0.0,0.0142,1.1,0.0,0.0,0.0,0.0,0.0,1,sleeping,memory
2026-09-22T13:42:43,15762,15760,Relay(15767),/init,0.0,0.0143,1.11,0.0,0.0,0.0,0.0,0.0,1,sleeping,memory
2026-09-22T13:42:43,15767,15762,bash,-bash,0.0,0.0679,5.26,0.0,0.0,0.0,0.0,0.0,1,sleeping,memory
2026-09-22T13:42:43,15903,2,SessionLeader,/init,0.0,0.0142,1.1,0.0,0.0,0.0,0.0,0.0,1,sleeping,memory
2026-09-22T13:42:43,15904,15903,Relay(15909),/init,0.0,0.0143,1.11,0.0,0.0,0.0,0.0,0.0,1,sleeping,memory
2026-09-22T13:42:43,15909,15904,bash,-bash,0.0,0.0681,5.28,0.0,0.0,0.0,0.0,0.0,1,sleeping,memory
2026-09-22T13:42:43,20518,1,wsl-pro-service,/usr/libexec/wsl-pro-service,0.0,0.1492,11.56,0.0,0.0,0.0,0.0,0.0,8,sleeping,memory
2026-09-22T13:42:43,22465,15909,python,python workloads/memory/memory_workload.py,100.1,13.2388,1025.83,0.0,0.0,5.48,0.0,0.0,20,running,memory
2026-09-22T13:42:45,1,0,systemd,/sbin/init,0.0,0.1643,12.73,0.0,0.0,0.0,0.0,0.0,1,sleeping,memory
2026-09-22T13:42:45,2,1,init-systemd(Ub,/init,0.0,0.0279,2.16,0.0,0.0,0.0,0.0,0.0,2,sleeping,memory
2026-09-22T13:42:45,7,2,init,plan9 --control-socket 7 --log-level 4 --server-fd 8 --pipe-fd 10 --log-truncate,0.0,0.0268,2.08,0.0,0.0,0.0,0.0,0.0,2,sleeping,memory
2026-09-22T13:42:45,43,1,systemd-journald,/usr/lib/systemd/systemd-journald,0.0,0.2002,15.51,0.0,0.0,0.0,0.0,0.0,1,sleeping,memory
2026-09-22T13:42:45,98,1,systemd-udevd,/usr/lib/systemd/systemd-udevd,0.0,0.0726,5.62,0.0,0.0,0.0,0.0,0.0,1,sleeping,memory
2026-09-22T13:42:45,177,1,systemd-resolved,/usr/lib/systemd/systemd-resolved,0.0,0.1656,12.83,0.0,0.0,0.0,0.0,0.0,1,sleeping,memory
2026-09-22T13:42:45,178,1,systemd-timesyncd,/usr/lib/systemd/systemd-timesyncd,0.0,0.1002,7.77,0.0,0.0,0.0,0.0,0.0,2,sleeping,memory
2026-09-22T13:42:45,188,1,cron,/usr/sbin/cron -f -P,0.0,0.0338,2.62,0.0,0.0,0.0,0.0,0.0,1,sleeping,memory
2026-09-22T13:42:45,189,1,dbus-daemon,@dbus-daemon --system --address=systemd: --nofork --nopidfile --systemd-activation --syslog-only,0.0,0.0669,5.18,0.0,0.0,0.0,0.0,0.0,1,sleeping,memory
2026-09-22T13:42:45,203,1,systemd-logind,/usr/lib/systemd/systemd-logind,0.0,0.1112,8.62,0.0,0.0,0.0,0.0,0.0,1,sleeping,memory
2026-09-22T13:42:45,217,1,agetty,/sbin/agetty -o -p -- \u --noclear - linux,0.0,0.0249,1.93,0.0,0.0,0.0,0.0,0.0,1,sleeping,memory
2026-09-22T13:42:45,223,1,rsyslogd,/usr/sbin/rsyslogd -n -iNONE,0.0,0.0758,5.87,0.0,0.0,0.0,0.0,0.0,4,sleeping,memory
2026-09-22T13:42:45,236,1,unattended-upgr,/usr/bin/python3 /usr/share/unattended-upgrades/unattended-upgrade-shutdown --wait-for-signal,0.0,0.2778,21.53,0.0,0.0,0.0,0.0,0.0,2,sleeping,memory
2026-09-22T13:42:45,256,1,apache2,/usr/sbin/apache2 -k start,0.0,0.0634,4.91,0.0,0.0,1.0,0.0,0.0,1,sleeping,memory
2026-09-22T13:42:45,257,256,apache2,/usr/sbin/apache2 -k start,0.0,0.0734,5.69,0.0,0.0,0.0,0.0,0.0,27,sleeping,memory
2026-09-22T13:42:45,259,256,apache2,/usr/sbin/apache2 -k start,0.0,0.0734,5.69,0.0,0.0,0.0,0.0,0.0,27,sleeping,memory
2026-09-22T13:42:45,386,2,login,/bin/login -f      ,0.0,0.0584,4.53,0.0,0.0,0.0,0.0,0.0,1,sleeping,memory
2026-09-22T13:42:45,429,1,systemd,/usr/lib/systemd/systemd --user,0.0,0.145,11.24,0.0,0.0,0.0,0.0,0.0,1,sleeping,memory
2026-09-22T13:42:45,430,429,(sd-pam),(sd-pam),0.0,0.0451,3.49,0.0,0.0,0.0,0.0,0.0,1,sleeping,memory
2026-09-22T13:42:45,452,386,bash,-bash,0.0,0.0634,4.91,0.0,0.0,0.0,0.0,0.0,1,sleeping,memory
2026-09-22T13:42:45,486,2,SessionLeader,/init,0.0,0.0142,1.1,0.0,0.0,0.0,0.0,0.0,1,sleeping,memory
2026-09-22T13:42:45,487,486,Relay(488),/init,0.0,0.0159,1.23,0.0,0.0,0.0,0.0,0.0,1,sleeping,memory
2026-09-22T13:42:45,488,487,bash,-bash,0.0,0.0657,5.09,0.0,0.0,0.0,0.0,0.0,1,sleeping,memory
2026-09-22T13:42:45,696,2,SessionLeader,/init,0.0,0.0143,1.11,0.0,0.0,0.0,0.0,0.0,1,sleeping,memory
2026-09-22T13:42:45,697,696,Relay(698),/init,0.0,0.0152,1.18,0.0,0.0,0.0,0.0,0.0,1,sleeping,memory
2026-09-22T13:42:45,698,697,sh,"sh -c ""$VSCODE_WSL_EXT_LOCATION/scripts/wslServer.sh"" 7debcd0e2acdea1c52de81bf9ee1620444407dda stable code-server .vscode-server --host=127.0.0.1 --port=0 --connection-token=826864117-4248089396-2109865724-2149592531 --use-host-proxy --without-browser-env-var --disable-websocket-compression --accept-server-license-terms --telemetry-level=all",0.0,0.024,1.86,0.0,0.0,0.0,0.0,0.0,1,sleeping,memory
2026-09-22T13:42:45,699,698,sh,sh /mnt/c/Users/Rohan/.vscode/extensions/ms-vscode-remote.remote-wsl-0.104.3/scripts/wslServer.sh 7debcd0e2acdea1c52de81bf9ee1620444407dda stable code-server .vscode-server --host=127.0.0.1 --port=0 --connection-token=826864117-4248089396-2109865724-2149592531 --use-host-proxy --without-browser-env-var --disable-websocket-compression --accept-server-license-terms --telemetry-level=all,0.0,0.0251,1.95,0.0,0.0,0.0,0.0,0.0,1,sleeping,memory
2026-09-22T13:42:45,705,699,sh,sh /home/rohan/.vscode-server/bin/7debcd0e2acdea1c52de81bf9ee1620444407dda/bin/code-server --host=127.0.0.1 --port=0 --connection-token=826864117-4248089396-2109865724-2149592531 --use-host-proxy --without-browser-env-var --disable-websocket-compression --accept-server-license-terms --telemetry-level=all,0.0,0.025,1.93,0.0,0.0,0.0,0.0,0.0,1,sleeping,memory
2026-09-22T13:42:45,709,705,MainThread,/home/rohan/.vscode-server/bin/7debcd0e2acdea1c52de81bf9ee1620444407dda/node /home/rohan/.vscode-server/bin/7debcd0e2acdea1c52de81bf9ee1620444407dda/out/server-main.js --host=127.0.0.1 --port=0 --connection-token=826864117-4248089396-2109865724-2149592531 --use-host-proxy --without-browser-env-var --disable-websocket-compression --accept-server-license-terms --telemetry-level=all,0.5,2.2857,177.11,0.0,0.0,6.48,0.0,0.0,11,sleeping,memory
2026-09-22T13:42:45,721,2,SessionLeader,/init,0.0,0.0143,1.11,0.0,0.0,0.0,0.0,0.0,1,sleeping,memory
2026-09-22T13:42:45,722,721,Relay(723),/init,0.0,0.0152,1.18,0.0,0.0,1.49,0.0,0.0,1,sleeping,memory
2026-09-22T13:42:45,723,722,MainThread,"/home/rohan/.vscode-server/bin/7debcd0e2acdea1c52de81bf9ee1620444407dda/node -e const net = require('net'); process.stdin.pause(); const client = net.createConnection({ host: '127.0.0.1', port: 44115 }, () => { client.pipe(process.stdout); process.stdin.pipe(client); }); client.on('close', function (hadError) { console.error(hadError ? 'Remote close with error' : 'Remote close'); process.exit(hadError ? 1 : 0); }); client.on('error', function (err) { process.stderr.write(err && (err.stack || err.message) || String(err)); });",0.0,0.8701,67.42,0.0,0.0,1.49,0.0,0.0,7,sleeping,memory
2026-09-22T13:42:45,730,2,SessionLeader,/init,0.0,0.0143,1.11,0.0,0.0,0.0,0.0,0.0,1,sleeping,memory
2026-09-22T13:42:45,731,730,Relay(732),/init,0.0,0.0152,1.18,0.0,0.0,1.99,0.0,0.0,1,sleeping,memory
2026-09-22T13:42:45,732,731,MainThread,"/home/rohan/.vscode-server/bin/7debcd0e2acdea1c52de81bf9ee1620444407dda/node -e const net = require('net'); process.stdin.pause(); const client = net.createConnection({ host: '127.0.0.1', port: 44115 }, () => { client.pipe(process.stdout); process.stdin.pipe(client); }); client.on('close', function (hadError) { console.error(hadError ? 'Remote close with error' : 'Remote close'); process.exit(hadError ? 1 : 0); }); client.on('error', function (err) { process.stderr.write(err && (err.stack || err.message) || String(err)); });",0.0,0.7845,60.79,0.0,0.0,1.99,0.0,0.0,7,sleeping,memory
2026-09-22T13:42:45,743,709,MainThread,/home/rohan/.vscode-server/bin/7debcd0e2acdea1c52de81bf9ee1620444407dda/node /home/rohan/.vscode-server/bin/7debcd0e2acdea1c52de81bf9ee1620444407dda/out/bootstrap-fork --type=fileWatcher,0.0,0.8807,68.24,0.0,0.0,3.49,0.0,0.0,13,sleeping,memory
2026-09-22T13:42:45,769,709,MainThread,/home/rohan/.vscode-server/bin/7debcd0e2acdea1c52de81bf9ee1620444407dda/node /home/rohan/.vscode-server/bin/7debcd0e2acdea1c52de81bf9ee1620444407dda/out/bootstrap-fork --type=agentHost --logsPath /home/rohan/.vscode-server/data/logs/20260922T120228 --user-data-dir /home/rohan/.vscode-server/data --telemetry-level all,0.0,1.7764,137.64,0.0,0.0,0.0,0.0,0.0,11,sleeping,memory
2026-09-22T13:42:45,770,709,MainThread,/home/rohan/.vscode-server/bin/7debcd0e2acdea1c52de81bf9ee1620444407dda/node --dns-result-order=ipv4first /home/rohan/.vscode-server/bin/7debcd0e2acdea1c52de81bf9ee1620444407dda/out/bootstrap-fork --type=extensionHost --transformURIs --useHostProxy=true,1.5,6.7074,519.73,0.0,0.0,192.31,848.45,0.0,32,sleeping,memory
2026-09-22T13:42:45,811,769,MainThread,/home/rohan/.vscode-server/bin/7debcd0e2acdea1c52de81bf9ee1620444407dda/node /home/rohan/.vscode-server/bin/7debcd0e2acdea1c52de81bf9ee1620444407dda/node_modules/@github/copilot-linux-x64/index.js --headless --no-auto-update --log-level info --stdio --no-auto-login,0.0,3.2137,249.02,0.0,0.0,0.0,0.0,0.0,44,sleeping,memory
2026-09-22T13:42:45,812,770,MainThread,/home/rohan/.vscode-server/bin/7debcd0e2acdea1c52de81bf9ee1620444407dda/node /home/rohan/.vscode-server/bin/7debcd0e2acdea1c52de81bf9ee1620444407dda/extensions/markdown-language-features/dist/serverWorkerMain --node-ipc --clientProcessId=770,0.0,0.9939,77.02,0.0,0.0,0.5,0.0,0.0,7,sleeping,memory
2026-09-22T13:42:45,833,709,MainThread,/home/rohan/.vscode-server/bin/7debcd0e2acdea1c52de81bf9ee1620444407dda/node /home/rohan/.vscode-server/bin/7debcd0e2acdea1c52de81bf9ee1620444407dda/out/bootstrap-fork --type=ptyHost --logsPath /home/rohan/.vscode-server/data/logs/20260922T120228,0.0,0.976,75.62,0.0,0.0,6.48,0.0,0.0,13,sleeping,memory
2026-09-22T13:42:45,964,833,bash,/bin/bash --init-file /home/rohan/.vscode-server/bin/7debcd0e2acdea1c52de81bf9ee1620444407dda/out/vs/workbench/contrib/terminal/common/scripts/shellIntegration-bash.sh,0.0,0.0664,5.15,0.0,0.0,0.0,0.0,0.0,1,sleeping,memory
2026-09-22T13:42:45,1424,2,SessionLeader,/init,0.0,0.0142,1.1,0.0,0.0,0.0,0.0,0.0,1,sleeping,memory
2026-09-22T13:42:45,1425,1424,Relay(1426),/init,0.0,0.0143,1.11,0.0,0.0,0.0,0.0,0.0,1,sleeping,memory
2026-09-22T13:42:45,1426,1425,bash,-bash,0.0,0.0655,5.08,0.0,0.0,0.0,0.0,0.0,1,sleeping,memory
2026-09-22T13:42:45,4147,770,pet,/home/rohan/.vscode-server/extensions/ms-python.vscode-python-envs-1.37.2026092101-linux-x64/python-env-tools/bin/pet server,0.0,0.0749,5.8,0.0,0.0,0.0,0.0,0.0,21,sleeping,memory
2026-09-22T13:42:45,4156,833,bash,/bin/bash --init-file /home/rohan/.vscode-server/bin/7debcd0e2acdea1c52de81bf9ee1620444407dda/out/vs/workbench/contrib/terminal/common/scripts/shellIntegration-bash.sh,0.0,0.0655,5.07,0.0,0.0,0.0,0.0,0.0,1,sleeping,memory
2026-09-22T13:42:45,4295,770,MainThread,/home/rohan/.vscode-server/bin/7debcd0e2acdea1c52de81bf9ee1620444407dda/node /home/rohan/.vscode-server/extensions/ms-python.vscode-pylance-2026.3.105/dist/server.bundle.js --cancellationReceive=file:2bc56d7a41ee8749874d0000b75c5745f8ddf88b1a --node-ipc --clientProcessId=770,0.0,8.452,654.91,0.0,0.0,1.0,0.0,0.0,9,sleeping,memory
2026-09-22T13:42:45,5890,2,SessionLeader,/init,0.0,0.0142,1.1,0.0,0.0,0.0,0.0,0.0,1,sleeping,memory
2026-09-22T13:42:45,5891,5890,Relay(5896),/init,0.0,0.0143,1.11,0.0,0.0,0.5,0.0,0.0,1,sleeping,memory
2026-09-22T13:42:45,5896,5891,bash,-bash,0.0,0.0659,5.11,0.0,0.0,0.0,0.0,0.0,1,sleeping,memory
2026-09-22T13:42:45,6172,2,SessionLeader,/init,0.0,0.0142,1.1,0.0,0.0,0.0,0.0,0.0,1,sleeping,memory
2026-09-22T13:42:45,6173,6172,Relay(6174),/init,0.0,0.0143,1.11,0.0,0.0,0.0,0.0,0.0,1,sleeping,memory
2026-09-22T13:42:45,6174,6173,bash,-bash,0.0,0.0657,5.09,0.0,0.0,0.0,0.0,0.0,1,sleeping,memory
2026-09-22T13:42:45,6941,2,SessionLeader,/init,0.0,0.0142,1.1,0.0,0.0,0.0,0.0,0.0,1,sleeping,memory
2026-09-22T13:42:45,6943,6941,Relay(6945),/init,0.0,0.0143,1.11,0.0,0.0,0.0,0.0,0.0,1,sleeping,memory
2026-09-22T13:42:45,6945,6943,bash,-bash,0.0,0.0658,5.1,0.0,0.0,0.0,0.0,0.0,1,sleeping,memory
2026-09-22T13:42:45,8650,2,SessionLeader,/init,0.0,0.0142,1.1,0.0,0.0,0.0,0.0,0.0,1,sleeping,memory
2026-09-22T13:42:45,8652,8650,Relay(8654),/init,0.0,0.0143,1.11,0.0,0.0,0.0,0.0,0.0,1,sleeping,memory
2026-09-22T13:42:45,8654,8652,bash,-bash,0.0,0.0668,5.18,0.0,0.0,0.0,0.0,0.0,1,sleeping,memory
2026-09-22T13:42:45,8853,2,SessionLeader,/init,0.0,0.0142,1.1,0.0,0.0,0.0,0.0,0.0,1,sleeping,memory
2026-09-22T13:42:45,8854,8853,Relay(8858),/init,0.0,0.0143,1.11,0.0,0.0,0.0,0.0,0.0,1,sleeping,memory
2026-09-22T13:42:45,8858,8854,bash,-bash,0.0,0.067,5.19,0.0,0.0,0.0,0.0,0.0,1,sleeping,memory
2026-09-22T13:42:45,15760,2,SessionLeader,/init,0.0,0.0142,1.1,0.0,0.0,0.0,0.0,0.0,1,sleeping,memory
2026-09-22T13:42:45,15762,15760,Relay(15767),/init,0.0,0.0143,1.11,0.0,0.0,0.0,0.0,0.0,1,sleeping,memory
2026-09-22T13:42:45,15767,15762,bash,-bash,0.0,0.0679,5.26,0.0,0.0,0.0,0.0,0.0,1,sleeping,memory
2026-09-22T13:42:45,15903,2,SessionLeader,/init,0.0,0.0142,1.1,0.0,0.0,0.0,0.0,0.0,1,sleeping,memory
2026-09-22T13:42:45,15904,15903,Relay(15909),/init,0.0,0.0143,1.11,0.0,0.0,0.0,0.0,0.0,1,sleeping,memory
2026-09-22T13:42:45,15909,15904,bash,-bash,0.0,0.0681,5.28,0.0,0.0,0.0,0.0,0.0,1,sleeping,memory
2026-09-22T13:42:45,20518,1,wsl-pro-service,/usr/libexec/wsl-pro-service,0.0,0.1492,11.56,0.0,0.0,0.0,0.0,0.0,8,sleeping,memory
2026-09-22T13:42:45,22465,15909,python,python workloads/memory/memory_workload.py,100.1,13.2388,1025.83,0.0,0.0,4.48,0.0,0.0,20,running,memory
2026-09-22T13:42:59,1,0,systemd,/sbin/init,0.0,0.1643,12.73,0.0,0.0,0.07,0.0,0.0,1,sleeping,memory
2026-09-22T13:42:59,2,1,init-systemd(Ub,/init,0.0,0.0279,2.16,0.0,0.0,0.0,0.0,0.0,2,sleeping,memory
2026-09-22T13:42:59,7,2,init,plan9 --control-socket 7 --log-level 4 --server-fd 8 --pipe-fd 10 --log-truncate,0.0,0.0268,2.08,0.0,0.0,0.0,0.0,0.0,2,sleeping,memory
2026-09-22T13:42:59,43,1,systemd-journald,/usr/lib/systemd/systemd-journald,0.0,0.2002,15.51,0.0,0.0,0.15,0.0,0.0,1,sleeping,memory
2026-09-22T13:42:59,98,1,systemd-udevd,/usr/lib/systemd/systemd-udevd,0.0,0.0726,5.62,0.0,0.0,0.0,0.0,0.0,1,sleeping,memory
2026-09-22T13:42:59,177,1,systemd-resolved,/usr/lib/systemd/systemd-resolved,0.0,0.1656,12.83,0.0,0.0,0.07,0.0,0.0,1,sleeping,memory
2026-09-22T13:42:59,178,1,systemd-timesyncd,/usr/lib/systemd/systemd-timesyncd,0.0,0.1002,7.77,0.0,0.0,0.07,0.0,0.0,2,sleeping,memory
2026-09-22T13:42:59,188,1,cron,/usr/sbin/cron -f -P,0.0,0.0338,2.62,0.0,0.0,0.0,0.0,0.0,1,sleeping,memory
2026-09-22T13:42:59,189,1,dbus-daemon,@dbus-daemon --system --address=systemd: --nofork --nopidfile --systemd-activation --syslog-only,0.0,0.0669,5.18,0.0,0.0,0.07,0.0,0.0,1,sleeping,memory
2026-09-22T13:42:59,203,1,systemd-logind,/usr/lib/systemd/systemd-logind,0.0,0.1112,8.62,0.0,0.0,0.07,0.0,0.0,1,sleeping,memory
2026-09-22T13:42:59,217,1,agetty,/sbin/agetty -o -p -- \u --noclear - linux,0.0,0.0249,1.93,0.0,0.0,0.0,0.0,0.0,1,sleeping,memory
2026-09-22T13:42:59,223,1,rsyslogd,/usr/sbin/rsyslogd -n -iNONE,0.0,0.0758,5.87,0.0,0.0,0.0,0.0,0.0,4,sleeping,memory
2026-09-22T13:42:59,236,1,unattended-upgr,/usr/bin/python3 /usr/share/unattended-upgrades/unattended-upgrade-shutdown --wait-for-signal,0.0,0.2778,21.53,0.0,0.0,0.0,0.0,0.0,2,sleeping,memory
2026-09-22T13:42:59,256,1,apache2,/usr/sbin/apache2 -k start,0.0,0.0634,4.91,0.0,0.0,0.15,0.0,0.0,1,sleeping,memory
2026-09-22T13:42:59,257,256,apache2,/usr/sbin/apache2 -k start,0.0,0.0734,5.69,0.0,0.0,0.0,0.0,0.0,27,sleeping,memory
2026-09-22T13:42:59,259,256,apache2,/usr/sbin/apache2 -k start,0.0,0.0734,5.69,0.0,0.0,0.0,0.0,0.0,27,sleeping,memory
2026-09-22T13:42:59,386,2,login,/bin/login -f      ,0.0,0.0584,4.53,0.0,0.0,0.0,0.0,0.0,1,sleeping,memory
2026-09-22T13:42:59,429,1,systemd,/usr/lib/systemd/systemd --user,0.0,0.145,11.24,0.0,0.0,0.07,0.0,0.0,1,sleeping,memory
2026-09-22T13:42:59,430,429,(sd-pam),(sd-pam),0.0,0.0451,3.49,0.0,0.0,0.0,0.0,0.0,1,sleeping,memory
2026-09-22T13:42:59,452,386,bash,-bash,0.0,0.0634,4.91,0.0,0.0,0.0,0.0,0.0,1,sleeping,memory
2026-09-22T13:42:59,486,2,SessionLeader,/init,0.0,0.0142,1.1,0.0,0.0,0.0,0.0,0.0,1,sleeping,memory
2026-09-22T13:42:59,487,486,Relay(488),/init,0.0,0.0159,1.23,0.0,0.0,0.0,0.0,0.0,1,sleeping,memory
2026-09-22T13:42:59,488,487,bash,-bash,0.0,0.0657,5.09,0.0,0.0,0.0,0.0,0.0,1,sleeping,memory
2026-09-22T13:42:59,696,2,SessionLeader,/init,0.0,0.0143,1.11,0.0,0.0,0.0,0.0,0.0,1,sleeping,memory
2026-09-22T13:42:59,697,696,Relay(698),/init,0.0,0.0152,1.18,0.0,0.0,0.0,0.0,0.0,1,sleeping,memory
2026-09-22T13:42:59,698,697,sh,"sh -c ""$VSCODE_WSL_EXT_LOCATION/scripts/wslServer.sh"" 7debcd0e2acdea1c52de81bf9ee1620444407dda stable code-server .vscode-server --host=127.0.0.1 --port=0 --connection-token=826864117-4248089396-2109865724-2149592531 --use-host-proxy --without-browser-env-var --disable-websocket-compression --accept-server-license-terms --telemetry-level=all",0.0,0.024,1.86,0.0,0.0,0.0,0.0,0.0,1,sleeping,memory
2026-09-22T13:42:59,699,698,sh,sh /mnt/c/Users/Rohan/.vscode/extensions/ms-vscode-remote.remote-wsl-0.104.3/scripts/wslServer.sh 7debcd0e2acdea1c52de81bf9ee1620444407dda stable code-server .vscode-server --host=127.0.0.1 --port=0 --connection-token=826864117-4248089396-2109865724-2149592531 --use-host-proxy --without-browser-env-var --disable-websocket-compression --accept-server-license-terms --telemetry-level=all,0.0,0.0251,1.95,0.0,0.0,0.0,0.0,0.0,1,sleeping,memory
2026-09-22T13:42:59,705,699,sh,sh /home/rohan/.vscode-server/bin/7debcd0e2acdea1c52de81bf9ee1620444407dda/bin/code-server --host=127.0.0.1 --port=0 --connection-token=826864117-4248089396-2109865724-2149592531 --use-host-proxy --without-browser-env-var --disable-websocket-compression --accept-server-license-terms --telemetry-level=all,0.0,0.025,1.93,0.0,0.0,0.0,0.0,0.0,1,sleeping,memory
2026-09-22T13:42:59,709,705,MainThread,/home/rohan/.vscode-server/bin/7debcd0e2acdea1c52de81bf9ee1620444407dda/node /home/rohan/.vscode-server/bin/7debcd0e2acdea1c52de81bf9ee1620444407dda/out/server-main.js --host=127.0.0.1 --port=0 --connection-token=826864117-4248089396-2109865724-2149592531 --use-host-proxy --without-browser-env-var --disable-websocket-compression --accept-server-license-terms --telemetry-level=all,0.0,2.2857,177.11,0.0,0.0,0.87,0.0,0.0,11,sleeping,memory
2026-09-22T13:42:59,721,2,SessionLeader,/init,0.0,0.0143,1.11,0.0,0.0,0.0,0.0,0.0,1,sleeping,memory
2026-09-22T13:42:59,722,721,Relay(723),/init,0.0,0.0152,1.18,0.0,0.0,0.22,0.0,0.0,1,sleeping,memory
2026-09-22T13:42:59,723,722,MainThread,"/home/rohan/.vscode-server/bin/7debcd0e2acdea1c52de81bf9ee1620444407dda/node -e const net = require('net'); process.stdin.pause(); const client = net.createConnection({ host: '127.0.0.1', port: 44115 }, () => { client.pipe(process.stdout); process.stdin.pipe(client); }); client.on('close', function (hadError) { console.error(hadError ? 'Remote close with error' : 'Remote close'); process.exit(hadError ? 1 : 0); }); client.on('error', function (err) { process.stderr.write(err && (err.stack || err.message) || String(err)); });",0.0,0.8701,67.42,0.0,0.0,0.22,0.0,0.0,7,sleeping,memory
2026-09-22T13:42:59,730,2,SessionLeader,/init,0.0,0.0143,1.11,0.0,0.0,0.0,0.0,0.0,1,sleeping,memory
2026-09-22T13:42:59,731,730,Relay(732),/init,0.0,0.0152,1.18,0.0,0.0,0.15,0.0,0.0,1,sleeping,memory
2026-09-22T13:42:59,732,731,MainThread,"/home/rohan/.vscode-server/bin/7debcd0e2acdea1c52de81bf9ee1620444407dda/node -e const net = require('net'); process.stdin.pause(); const client = net.createConnection({ host: '127.0.0.1', port: 44115 }, () => { client.pipe(process.stdout); process.stdin.pipe(client); }); client.on('close', function (hadError) { console.error(hadError ? 'Remote close with error' : 'Remote close'); process.exit(hadError ? 1 : 0); }); client.on('error', function (err) { process.stderr.write(err && (err.stack || err.message) || String(err)); });",0.0,0.7845,60.79,0.0,0.0,0.15,0.0,0.0,7,sleeping,memory
2026-09-22T13:42:59,743,709,MainThread,/home/rohan/.vscode-server/bin/7debcd0e2acdea1c52de81bf9ee1620444407dda/node /home/rohan/.vscode-server/bin/7debcd0e2acdea1c52de81bf9ee1620444407dda/out/bootstrap-fork --type=fileWatcher,0.0,0.8807,68.24,0.0,0.0,0.22,0.0,0.0,13,sleeping,memory
2026-09-22T13:42:59,769,709,MainThread,/home/rohan/.vscode-server/bin/7debcd0e2acdea1c52de81bf9ee1620444407dda/node /home/rohan/.vscode-server/bin/7debcd0e2acdea1c52de81bf9ee1620444407dda/out/bootstrap-fork --type=agentHost --logsPath /home/rohan/.vscode-server/data/logs/20260922T120228 --user-data-dir /home/rohan/.vscode-server/data --telemetry-level all,0.5,1.7769,137.69,0.0,298.21,0.58,0.8,0.0,11,sleeping,memory
2026-09-22T13:42:59,770,709,MainThread,/home/rohan/.vscode-server/bin/7debcd0e2acdea1c52de81bf9ee1620444407dda/node --dns-result-order=ipv4first /home/rohan/.vscode-server/bin/7debcd0e2acdea1c52de81bf9ee1620444407dda/out/bootstrap-fork --type=extensionHost --transformURIs --useHostProxy=true,1.5,6.7074,519.73,0.0,0.0,26.79,128.79,0.0,32,sleeping,memory
2026-09-22T13:42:59,811,769,MainThread,/home/rohan/.vscode-server/bin/7debcd0e2acdea1c52de81bf9ee1620444407dda/node /home/rohan/.vscode-server/bin/7debcd0e2acdea1c52de81bf9ee1620444407dda/node_modules/@github/copilot-linux-x64/index.js --headless --no-auto-update --log-level info --stdio --no-auto-login,0.0,3.2137,249.02,0.0,0.0,0.0,0.0,0.0,44,sleeping,memory
2026-09-22T13:42:59,812,770,MainThread,/home/rohan/.vscode-server/bin/7debcd0e2acdea1c52de81bf9ee1620444407dda/node /home/rohan/.vscode-server/bin/7debcd0e2acdea1c52de81bf9ee1620444407dda/extensions/markdown-language-features/dist/serverWorkerMain --node-ipc --clientProcessId=770,0.0,0.9939,77.02,0.0,0.0,0.0,0.0,0.0,7,sleeping,memory
2026-09-22T13:42:59,833,709,MainThread,/home/rohan/.vscode-server/bin/7debcd0e2acdea1c52de81bf9ee1620444407dda/node /home/rohan/.vscode-server/bin/7debcd0e2acdea1c52de81bf9ee1620444407dda/out/bootstrap-fork --type=ptyHost --logsPath /home/rohan/.vscode-server/data/logs/20260922T120228,0.5,0.976,75.62,0.0,0.0,0.87,0.0,0.0,13,sleeping,memory
2026-09-22T13:42:59,964,833,bash,/bin/bash --init-file /home/rohan/.vscode-server/bin/7debcd0e2acdea1c52de81bf9ee1620444407dda/out/vs/workbench/contrib/terminal/common/scripts/shellIntegration-bash.sh,0.0,0.0664,5.15,0.0,0.0,0.0,0.0,0.0,1,sleeping,memory
2026-09-22T13:42:59,1424,2,SessionLeader,/init,0.0,0.0142,1.1,0.0,0.0,0.0,0.0,0.0,1,sleeping,memory
2026-09-22T13:42:59,1425,1424,Relay(1426),/init,0.0,0.0143,1.11,0.0,0.0,0.0,0.0,0.0,1,sleeping,memory
2026-09-22T13:42:59,1426,1425,bash,-bash,0.0,0.0655,5.08,0.0,0.0,0.0,0.0,0.0,1,sleeping,memory
2026-09-22T13:42:59,4147,770,pet,/home/rohan/.vscode-server/extensions/ms-python.vscode-python-envs-1.37.2026092101-linux-x64/python-env-tools/bin/pet server,0.0,0.0749,5.8,0.0,0.0,0.0,0.0,0.0,21,sleeping,memory
2026-09-22T13:42:59,4156,833,bash,/bin/bash --init-file /home/rohan/.vscode-server/bin/7debcd0e2acdea1c52de81bf9ee1620444407dda/out/vs/workbench/contrib/terminal/common/scripts/shellIntegration-bash.sh,0.0,0.0655,5.07,0.0,0.0,0.0,0.0,0.0,1,sleeping,memory
2026-09-22T13:42:59,4295,770,MainThread,/home/rohan/.vscode-server/bin/7debcd0e2acdea1c52de81bf9ee1620444407dda/node /home/rohan/.vscode-server/extensions/ms-python.vscode-pylance-2026.3.105/dist/server.bundle.js --cancellationReceive=file:2bc56d7a41ee8749874d0000b75c5745f8ddf88b1a --node-ipc --clientProcessId=770,0.0,8.452,654.91,0.0,0.0,0.07,0.0,0.0,9,sleeping,memory
2026-09-22T13:42:59,5890,2,SessionLeader,/init,0.0,0.0142,1.1,0.0,0.0,0.0,0.0,0.0,1,sleeping,memory
2026-09-22T13:42:59,5891,5890,Relay(5896),/init,0.0,0.0143,1.11,0.0,0.0,0.07,0.0,0.0,1,sleeping,memory
2026-09-22T13:42:59,5896,5891,bash,-bash,0.0,0.0659,5.11,0.0,0.0,0.0,0.0,0.0,1,sleeping,memory
2026-09-22T13:42:59,6172,2,SessionLeader,/init,0.0,0.0142,1.1,0.0,0.0,0.0,0.0,0.0,1,sleeping,memory
2026-09-22T13:42:59,6173,6172,Relay(6174),/init,0.0,0.0143,1.11,0.0,0.0,0.0,0.0,0.0,1,sleeping,memory
2026-09-22T13:42:59,6174,6173,bash,-bash,0.0,0.0657,5.09,0.0,0.0,0.0,0.0,0.0,1,sleeping,memory
2026-09-22T13:42:59,6941,2,SessionLeader,/init,0.0,0.0142,1.1,0.0,0.0,0.0,0.0,0.0,1,sleeping,memory
2026-09-22T13:42:59,6943,6941,Relay(6945),/init,0.0,0.0143,1.11,0.0,0.0,0.0,0.0,0.0,1,sleeping,memory
2026-09-22T13:42:59,6945,6943,bash,-bash,0.0,0.0658,5.1,0.0,0.0,0.0,0.0,0.0,1,sleeping,memory
2026-09-22T13:42:59,8650,2,SessionLeader,/init,0.0,0.0142,1.1,0.0,0.0,0.0,0.0,0.0,1,sleeping,memory
2026-09-22T13:42:59,8652,8650,Relay(8654),/init,0.0,0.0143,1.11,0.0,0.0,0.0,0.0,0.0,1,sleeping,memory
2026-09-22T13:42:59,8654,8652,bash,-bash,0.0,0.0668,5.18,0.0,0.0,0.0,0.0,0.0,1,sleeping,memory
2026-09-22T13:42:59,8853,2,SessionLeader,/init,0.0,0.0142,1.1,0.0,0.0,0.0,0.0,0.0,1,sleeping,memory
2026-09-22T13:42:59,8854,8853,Relay(8858),/init,0.0,0.0143,1.11,0.0,0.0,0.0,0.0,0.0,1,sleeping,memory
2026-09-22T13:42:59,8858,8854,bash,-bash,0.0,0.067,5.19,0.0,0.0,0.0,0.0,0.0,1,sleeping,memory
2026-09-22T13:42:59,15760,2,SessionLeader,/init,0.0,0.0142,1.1,0.0,0.0,0.0,0.0,0.0,1,sleeping,memory
2026-09-22T13:42:59,15762,15760,Relay(15767),/init,0.0,0.0143,1.11,0.0,0.0,0.0,0.0,0.0,1,sleeping,memory
2026-09-22T13:42:59,15767,15762,bash,-bash,0.0,0.0679,5.26,0.0,0.0,0.0,0.0,0.0,1,sleeping,memory
2026-09-22T13:42:59,15903,2,SessionLeader,/init,0.0,0.0142,1.1,0.0,0.0,0.0,0.0,0.0,1,sleeping,memory
2026-09-22T13:42:59,15904,15903,Relay(15909),/init,0.0,0.0143,1.11,0.0,0.0,0.15,0.0,0.0,1,sleeping,memory
2026-09-22T13:42:59,15909,15904,bash,-bash,0.0,0.0683,5.29,3047976.27,0.0,0.15,2.77,0.07,1,sleeping,memory
2026-09-22T13:42:59,20518,1,wsl-pro-service,/usr/libexec/wsl-pro-service,0.0,0.1492,11.56,0.0,0.0,0.0,0.0,0.0,8,sleeping,memory
